<?xml version='1.0' encoding='utf-8' ?>
<MasterContents xmlns='http://schemas.microsoft.com/office/visio/2012/main' xmlns:r='http://schemas.openxmlformats.org/officeDocument/2006/relationships' xml:space='preserve'><Shapes><Shape ID='5' Type='Group' LineStyle='3' FillStyle='3' TextStyle='3'><Cell N='PinX' V='1' U='IN'/><Cell N='PinY' V='1' U='IN'/><Cell N='Width' V='0.85' U='IN'/><Cell N='Height' V='1' U='IN'/><Cell N='LocPinX' V='0.425' U='IN' F='Width*0.5'/><Cell N='LocPinY' V='0.5' U='IN' F='Height*0.5'/><Cell N='Angle' V='0'/><Cell N='FlipX' V='0'/><Cell N='FlipY' V='0'/><Cell N='ResizeMode' V='0'/><Cell N='ObjType' V='8'/><Cell N='Comment' V='&lt;no master&gt;' F='INDEX(0,INDEX(0,MASTERNAME(),":"),".")'/><Cell N='EventDblClick' V='0' F='OPENTEXTWIN()'/><Cell N='TxtPinX' V='0.425' U='IN' F='Controls.Row_1'/><Cell N='TxtPinY' V='-0.1555555555555556' F='Controls.Row_1.Y'/><Cell N='TxtWidth' V='0.1111111111111111' F='TEXTWIDTH(TheText)'/><Cell N='TxtHeight' V='0.3111111111111111' F='TEXTHEIGHT(TheText,TxtWidth)'/><Cell N='TxtLocPinX' V='0.05555555555555555' F='TxtWidth*0.5'/><Cell N='TxtLocPinY' V='0.1555555555555556' F='TxtHeight*0.5'/><Cell N='TxtAngle' V='0' F='IF(BITXOR(FlipX,FlipY),1,-1)*Angle'/><Cell N='SelectMode' V='0'/><Cell N='HelpTopic' V='Vis_PRXY.chm!#55485'/><Cell N='Copyright' V='Copyright (c) 2006 Microsoft Corporation.  All rights reserved.'/><Cell N='LayerMember' V='' F='No Formula'/><Cell N='LockAspect' V='1'/><Cell N='QuickStyleVariation' V='6'/><Section N='User'><Row N='HasText'><Cell N='Value' V='0' U='BOOL' F='NOT(OR(HideText,STRSAME(SHAPETEXT(TheText),"")))'/><Cell N='Prompt' V='' F='No Formula'/></Row><Row N='ShapeClass'><Cell N='Value' V='5'/><Cell N='Prompt' V='' F='No Formula'/></Row><Row N='ShapeType'><Cell N='Value' V='8'/><Cell N='Prompt' V='' F='No Formula'/></Row><Row N='SubShapeType'><Cell N='Value' V='47'/><Cell N='Prompt' V='' F='No Formula'/></Row><Row N='SolSH'><Cell N='Value' V='{BF0433D9-CD73-4EB5-8390-8653BE590246}' U='GUID'/><Cell N='Prompt' V='' F='No Formula'/></Row><Row N='visLegendShape'><Cell N='Value' V='2'/><Cell N='Prompt' V='' F='No Formula'/></Row><Row N='visVersion'><Cell N='Value' V='12'/><Cell N='Prompt' V=''/></Row></Section><Section N='Control'><Row N='Row_1'><Cell N='X' V='0.425' U='IN' F='Width*0.5'/><Cell N='Y' V='-0.1555555555555556' F='-TxtHeight*0.5'/><Cell N='XDyn' V='0.425' U='IN' F='Controls.Row_1'/><Cell N='YDyn' V='-0.1555555555555556' F='Controls.Row_1.Y'/><Cell N='XCon' V='2' F='(Controls.Row_1&gt;Width/2)*2+2'/><Cell N='YCon' V='7' F='(Controls.Row_1.Y&gt;Height/2)*2+2+5*NOT(User.HasText)'/><Cell N='CanGlue' V='1'/><Cell N='Prompt' V='Reposition Text'/></Row></Section><Section N='Connection'><Row T='Connection' N='Row_1'><Cell N='X' V='0.425' U='IN' F='Width*0.5'/><Cell N='Y' V='0.5' U='IN' F='Height*0.5'/><Cell N='DirX' V='0'/><Cell N='DirY' V='0'/><Cell N='Type' V='0'/><Cell N='AutoGen' V='0'/><Cell N='Prompt' V='' F='No Formula'/></Row></Section><Section N='Property'><Row N='ShapeClass'><Cell N='Value' V='Equipment' U='STR'/><Cell N='Prompt' V='' F='No Formula'/><Cell N='Label' V='ShapeClass'/><Cell N='Format' V='' F='No Formula'/><Cell N='SortKey' V='' F='No Formula'/><Cell N='Type' V='0'/><Cell N='Invisible' V='1'/><Cell N='Verify' V='0'/><Cell N='DataLinked' V='0' F='No Formula'/><Cell N='LangID' V='en-US'/><Cell N='Calendar' V='0' F='No Formula'/></Row><Row N='ShapeType'><Cell N='Value' V='Device' U='STR'/><Cell N='Prompt' V='' F='No Formula'/><Cell N='Label' V='ShapeType'/><Cell N='Format' V='' F='No Formula'/><Cell N='SortKey' V='' F='No Formula'/><Cell N='Type' V='0'/><Cell N='Invisible' V='1'/><Cell N='Verify' V='0'/><Cell N='DataLinked' V='0' F='No Formula'/><Cell N='LangID' V='en-US'/><Cell N='Calendar' V='0' F='No Formula'/></Row><Row N='SubShapeType'><Cell N='Value' V='MultiDevice' U='STR'/><Cell N='Prompt' V='' F='No Formula'/><Cell N='Label' V='SubShapeType'/><Cell N='Format' V='' F='No Formula'/><Cell N='SortKey' V='' F='No Formula'/><Cell N='Type' V='0'/><Cell N='Invisible' V='1'/><Cell N='Verify' V='0'/><Cell N='DataLinked' V='0' F='No Formula'/><Cell N='LangID' V='en-US'/><Cell N='Calendar' V='0' F='No Formula'/></Row><Row N='Manufacturer'><Cell N='Value' V='0' F='No Formula'/><Cell N='Prompt' V='' F='No Formula'/><Cell N='Label' V='Manufacturer'/><Cell N='Format' V='' F='No Formula'/><Cell N='SortKey' V='Equipment'/><Cell N='Type' V='0'/><Cell N='Invisible' V='0'/><Cell N='Verify' V='0'/><Cell N='DataLinked' V='0' F='No Formula'/><Cell N='LangID' V='en-US'/><Cell N='Calendar' V='0' F='No Formula'/></Row><Row N='ProductNumber'><Cell N='Value' V='0' F='No Formula'/><Cell N='Prompt' V='' F='No Formula'/><Cell N='Label' V='Product Number'/><Cell N='Format' V='' F='No Formula'/><Cell N='SortKey' V='Equipment'/><Cell N='Type' V='0'/><Cell N='Invisible' V='0'/><Cell N='Verify' V='0'/><Cell N='DataLinked' V='0' F='No Formula'/><Cell N='LangID' V='en-US'/><Cell N='Calendar' V='0' F='No Formula'/></Row><Row N='PartNumber'><Cell N='Value' V='0' F='No Formula'/><Cell N='Prompt' V='' F='No Formula'/><Cell N='Label' V='Part Number'/><Cell N='Format' V='' F='No Formula'/><Cell N='SortKey' V='Equipment'/><Cell N='Type' V='0'/><Cell N='Invisible' V='0'/><Cell N='Verify' V='0'/><Cell N='DataLinked' V='0' F='No Formula'/><Cell N='LangID' V='en-US'/><Cell N='Calendar' V='0' F='No Formula'/></Row><Row N='ProductDescription'><Cell N='Value' V='0' F='No Formula'/><Cell N='Prompt' V='' F='No Formula'/><Cell N='Label' V='Product Description'/><Cell N='Format' V='' F='No Formula'/><Cell N='SortKey' V='Equipment'/><Cell N='Type' V='0'/><Cell N='Invisible' V='0'/><Cell N='Verify' V='0'/><Cell N='DataLinked' V='0' F='No Formula'/><Cell N='LangID' V='en-US'/><Cell N='Calendar' V='0' F='No Formula'/></Row><Row N='AssetNumber'><Cell N='Value' V='0' F='No Formula'/><Cell N='Prompt' V='' F='No Formula'/><Cell N='Label' V='Asset Number'/><Cell N='Format' V='' F='No Formula'/><Cell N='SortKey' V='Asset'/><Cell N='Type' V='0'/><Cell N='Invisible' V='0'/><Cell N='Verify' V='0'/><Cell N='DataLinked' V='0' F='No Formula'/><Cell N='LangID' V='en-US'/><Cell N='Calendar' V='0' F='No Formula'/></Row><Row N='SerialNumber'><Cell N='Value' V='0' F='No Formula'/><Cell N='Prompt' V='' F='No Formula'/><Cell N='Label' V='Serial Number'/><Cell N='Format' V='' F='No Formula'/><Cell N='SortKey' V='Asset'/><Cell N='Type' V='0'/><Cell N='Invisible' V='0'/><Cell N='Verify' V='0'/><Cell N='DataLinked' V='0' F='No Formula'/><Cell N='LangID' V='en-US'/><Cell N='Calendar' V='0' F='No Formula'/></Row><Row N='Location'><Cell N='Value' V='0' F='No Formula'/><Cell N='Prompt' V='' F='No Formula'/><Cell N='Label' V='Location'/><Cell N='Format' V='' F='No Formula'/><Cell N='SortKey' V='Asset'/><Cell N='Type' V='0'/><Cell N='Invisible' V='0'/><Cell N='Verify' V='0'/><Cell N='DataLinked' V='0' F='No Formula'/><Cell N='LangID' V='en-US'/><Cell N='Calendar' V='0' F='No Formula'/></Row><Row N='Building'><Cell N='Value' V='0' F='No Formula'/><Cell N='Prompt' V='' F='No Formula'/><Cell N='Label' V='Building'/><Cell N='Format' V='' F='No Formula'/><Cell N='SortKey' V='Asset'/><Cell N='Type' V='0'/><Cell N='Invisible' V='0'/><Cell N='Verify' V='0'/><Cell N='DataLinked' V='0' F='No Formula'/><Cell N='LangID' V='en-US'/><Cell N='Calendar' V='0' F='No Formula'/></Row><Row N='Room'><Cell N='Value' V='0' F='No Formula'/><Cell N='Prompt' V='' F='No Formula'/><Cell N='Label' V='Room'/><Cell N='Format' V='' F='No Formula'/><Cell N='SortKey' V='Asset'/><Cell N='Type' V='0'/><Cell N='Invisible' V='0'/><Cell N='Verify' V='0'/><Cell N='DataLinked' V='0' F='No Formula'/><Cell N='LangID' V='en-US'/><Cell N='Calendar' V='0' F='No Formula'/></Row><Row N='NetworkName'><Cell N='Value' V='0' F='No Formula'/><Cell N='Prompt' V='' F='No Formula'/><Cell N='Label' V='Network Name'/><Cell N='Format' V='' F='No Formula'/><Cell N='SortKey' V='Network'/><Cell N='Type' V='0'/><Cell N='Invisible' V='0'/><Cell N='Verify' V='0'/><Cell N='DataLinked' V='0' F='No Formula'/><Cell N='LangID' V='en-US'/><Cell N='Calendar' V='0' F='No Formula'/></Row><Row N='IPAddress'><Cell N='Value' V='0' F='No Formula'/><Cell N='Prompt' V='' F='No Formula'/><Cell N='Label' V='IP Address'/><Cell N='Format' V='' F='No Formula'/><Cell N='SortKey' V='Network'/><Cell N='Type' V='0'/><Cell N='Invisible' V='0'/><Cell N='Verify' V='0'/><Cell N='DataLinked' V='0' F='No Formula'/><Cell N='LangID' V='en-US'/><Cell N='Calendar' V='0' F='No Formula'/></Row><Row N='SubnetMask'><Cell N='Value' V='0' F='No Formula'/><Cell N='Prompt' V='' F='No Formula'/><Cell N='Label' V='Subnet Mask'/><Cell N='Format' V='' F='No Formula'/><Cell N='SortKey' V='Network'/><Cell N='Type' V='0'/><Cell N='Invisible' V='0'/><Cell N='Verify' V='0'/><Cell N='DataLinked' V='0' F='No Formula'/><Cell N='LangID' V='en-US'/><Cell N='Calendar' V='0' F='No Formula'/></Row><Row N='AdminInterface'><Cell N='Value' V='0' F='No Formula'/><Cell N='Prompt' V='' F='No Formula'/><Cell N='Label' V='Administrative Interface'/><Cell N='Format' V='' F='No Formula'/><Cell N='SortKey' V='Network'/><Cell N='Type' V='0'/><Cell N='Invisible' V='0'/><Cell N='Verify' V='0'/><Cell N='DataLinked' V='0' F='No Formula'/><Cell N='LangID' V='en-US'/><Cell N='Calendar' V='0' F='No Formula'/></Row><Row N='NumberOfPorts'><Cell N='Value' V='0' F='No Formula'/><Cell N='Prompt' V='' F='No Formula'/><Cell N='Label' V='Number of Ports'/><Cell N='Format' V='' F='No Formula'/><Cell N='SortKey' V='Network'/><Cell N='Type' V='0'/><Cell N='Invisible' V='0'/><Cell N='Verify' V='0'/><Cell N='DataLinked' V='0' F='No Formula'/><Cell N='LangID' V='en-US'/><Cell N='Calendar' V='0' F='No Formula'/></Row><Row N='MACAddress'><Cell N='Value' V='0' F='No Formula'/><Cell N='Prompt' V='' F='No Formula'/><Cell N='Label' V='MAC Address'/><Cell N='Format' V='' F='No Formula'/><Cell N='SortKey' V='Network'/><Cell N='Type' V='0'/><Cell N='Invisible' V='0'/><Cell N='Verify' V='0'/><Cell N='DataLinked' V='0' F='No Formula'/><Cell N='LangID' V='en-US'/><Cell N='Calendar' V='0' F='No Formula'/></Row><Row N='CommunityString'><Cell N='Value' V='0' F='No Formula'/><Cell N='Prompt' V='' F='No Formula'/><Cell N='Label' V='Community String'/><Cell N='Format' V='' F='No Formula'/><Cell N='SortKey' V='Network'/><Cell N='Type' V='0'/><Cell N='Invisible' V='0'/><Cell N='Verify' V='0'/><Cell N='DataLinked' V='0' F='No Formula'/><Cell N='LangID' V='en-US'/><Cell N='Calendar' V='0' F='No Formula'/></Row><Row N='NetworkDescription'><Cell N='Value' V='0' F='No Formula'/><Cell N='Prompt' V='' F='No Formula'/><Cell N='Label' V='Network Description'/><Cell N='Format' V='' F='No Formula'/><Cell N='SortKey' V='Network'/><Cell N='Type' V='0'/><Cell N='Invisible' V='0'/><Cell N='Verify' V='0'/><Cell N='DataLinked' V='0' F='No Formula'/><Cell N='LangID' V='en-US'/><Cell N='Calendar' V='0' F='No Formula'/></Row></Section><Section N='Actions'><Row N='Properties'><Cell N='Menu' V='%_P&amp;roperties'/><Cell N='Action' V='0' F='RUNADDON("NETWORK SHAPE PROPERTIES")'/><Cell N='Checked' V='0'/><Cell N='Disabled' V='0'/><Cell N='ReadOnly' V='0'/><Cell N='Invisible' V='0'/><Cell N='BeginGroup' V='0'/><Cell N='FlyoutChild' V='0' F='No Formula'/><Cell N='TagName' V=''/><Cell N='ButtonFace' V=''/><Cell N='SortKey' V=''/></Row></Section><Shapes><Shape ID='10' Type='Shape' LineStyle='3' FillStyle='3' TextStyle='3'><Cell N='PinX' V='0.425' U='IN' F='Width/2'/><Cell N='PinY' V='0.5' U='IN' F='Height/2'/><Cell N='Width' V='0.85' U='IN' F='Sheet.5!Width*1'/><Cell N='Height' V='1' U='IN' F='Sheet.5!Height*1'/><Cell N='LocPinX' V='0.425' U='IN' F='Width*0.5'/><Cell N='LocPinY' V='0.5' U='IN' F='Height*0.5'/><Cell N='Angle' V='0'/><Cell N='FlipX' V='0'/><Cell N='FlipY' V='0'/><Cell N='ResizeMode' V='0'/><Cell N='LineWeight' V='0.01' U='PT' F='GUARD(0.72PT)'/><Cell N='LineColor' V='0' F='GUARD(0)'/><Cell N='LinePattern' V='1' F='GUARD(1)'/><Cell N='Rounding' V='0' F='GUARD(0)'/><Cell N='BeginArrow' V='0' F='GUARD(0)'/><Cell N='EndArrow' V='0' F='GUARD(0)'/><Cell N='LineColorTrans' V='1' F='GUARD(100%)'/><Cell N='FillForegnd' V='6' F='GUARD(6)'/><Cell N='FillBkgnd' V='6' F='GUARD(6)'/><Cell N='FillPattern' V='1' F='GUARD(1)'/><Cell N='FillForegndTrans' V='1' F='GUARD(100%)'/><Cell N='FillBkgndTrans' V='1' F='GUARD(100%)'/><Cell N='Copyright' V='Copyright (c) 2006 Microsoft Corporation.  All rights reserved.'/><Cell N='FillGradientEnabled' V='0' F='GUARD(FALSE)'/><Section N='Geometry' IX='0'><Cell N='NoFill' V='0'/><Cell N='NoLine' V='0'/><Cell N='NoShow' V='0'/><Cell N='NoSnap' V='0'/><Cell N='NoQuickDrag' V='0' F='No Formula'/><Row T='MoveTo' IX='1'><Cell N='X' V='0.562307692307691' U='IN' F='Width*0.66153846153846'/><Cell N='Y' V='0.89811188811189' U='IN' F='Height*0.89811188811189'/></Row><Row T='LineTo' IX='2'><Cell N='X' V='0.5225277754612701' U='IN' F='Width*0.6147385593662'/><Cell N='Y' V='0.92236274651024' U='IN' F='Height*0.92236274651024'/></Row><Row T='LineTo' IX='3'><Cell N='X' V='0.562307692307691' U='IN' F='Width*0.66153846153846'/><Cell N='Y' V='0.89811188811189' U='IN' F='Height*0.89811188811189'/></Row></Section><Section N='Geometry' IX='1'><Cell N='NoFill' V='0'/><Cell N='NoLine' V='0'/><Cell N='NoShow' V='0'/><Cell N='NoSnap' V='0'/><Cell N='NoQuickDrag' V='0' F='No Formula'/><Row T='MoveTo' IX='1'><Cell N='X' V='0.07225' U='IN' F='Width*0.085'/><Cell N='Y' V='0.55909090909091' U='IN' F='Height*0.55909090909091'/></Row><Row T='EllipticalArcTo' IX='2'><Cell N='X' V='0.1827499999998385' U='IN' F='Width*0.21499999999981'/><Cell N='Y' V='0.47621606661915' U='IN' F='Height*0.47621606661915'/><Cell N='A' V='0.1259919461579985' U='IN' F='Width*0.14822581900941'/><Cell N='B' V='0.51570247334273' U='IN' F='Height*0.51570247334273'/><Cell N='C' V='-0.1183752395317333' U='DA' F='_ELLIPSE_THETA(-0.11837523953173,1.0167553239924,0.85,1,Width,Height)'/><Cell N='D' V='1.0167553239924' F='_ELLIPSE_ECC(-0.11837523953173,1.0167553239924,0.85,1,Width,Height,Geometry2.C2)'/></Row><Row T='EllipticalArcTo' IX='3'><Cell N='X' V='0.07195217782766285' U='IN' F='Width*0.084649620973721'/><Cell N='Y' V='0.55874468608524' U='IN' F='Height*0.55874468608524'/><Cell N='A' V='0.1258770673168855' U='IN' F='Width*0.14809066743163'/><Cell N='B' V='0.51555733784043' U='IN' F='Height*0.51555733784043'/><Cell N='C' V='-0.1790327339352736' U='DA' F='_ELLIPSE_THETA(-0.17903273393527,1.0172607232892,0.85,1,Width,Height)'/><Cell N='D' V='1.0172607232892' F='_ELLIPSE_ECC(-0.17903273393527,1.0172607232892,0.85,1,Width,Height,Geometry2.C3)'/></Row></Section><Section N='Geometry' IX='2'><Cell N='NoFill' V='0'/><Cell N='NoLine' V='0'/><Cell N='NoShow' V='0'/><Cell N='NoSnap' V='0'/><Cell N='NoQuickDrag' V='0' F='No Formula'/><Row T='MoveTo' IX='1'><Cell N='X' V='0.5225277754612701' U='IN' F='Width*0.6147385593662'/><Cell N='Y' V='0.92236274651024' U='IN' F='Height*0.92236274651024'/></Row><Row T='LineTo' IX='2'><Cell N='X' V='0.425' U='IN' F='Width*0.5'/><Cell N='Y' V='0.98181818181818' U='IN' F='Height*0.98181818181818'/></Row><Row T='EllipticalArcTo' IX='3'><Cell N='X' V='0.322327464595025' U='IN' F='Width*0.3792087818765'/><Cell N='Y' V='0.91456217246522' U='IN' F='Height*0.91456217246522'/><Cell N='A' V='0.373102802231407' U='IN' F='Width*0.43894447321342'/><Cell N='B' V='0.9490180998407301' U='IN' F='Height*0.94901809984073'/><Cell N='C' V='-0.04611689267318633' U='DA' F='_ELLIPSE_THETA(-0.046116892673183,1.0164335067742,0.85,1,Width,Height)'/><Cell N='D' V='1.0164335067742' F='_ELLIPSE_ECC(-0.046116892673183,1.0164335067742,0.85,1,Width,Height,Geometry3.C3)'/></Row><Row T='LineTo' IX='4'><Cell N='X' V='0.314328997660246' U='IN' F='Width*0.36979882077676'/><Cell N='Y' V='0.9255728214975' U='IN' F='Height*0.9255728214975'/></Row><Row T='EllipticalArcTo' IX='5'><Cell N='X' V='0.07994331263015206' U='IN' F='Width*0.094050956035473'/><Cell N='Y' V='0.7334081458391' U='IN' F='Height*0.7334081458391'/><Cell N='A' V='0.1933194997380615' U='IN' F='Width*0.22743470557419'/><Cell N='B' V='0.83399689636748' U='IN' F='Height*0.83399689636748'/><Cell N='C' V='0' U='DA'/><Cell N='D' V='1.01637683380458' F='Width/Height*1.1957374515348'/></Row><Row T='EllipticalArcTo' IX='6'><Cell N='X' V='0.3141679778772745' U='IN' F='Width*0.36960938573797'/><Cell N='Y' V='0.92552399942415' U='IN' F='Height*0.92552399942415'/><Cell N='A' V='0.1930998681344635' U='IN' F='Width*0.22717631545231'/><Cell N='B' V='0.83413472697571' U='IN' F='Height*0.83413472697571'/><Cell N='C' V='0' U='DA'/><Cell N='D' V='1.01637683380458' F='Width/Height*1.1957374515348'/></Row><Row T='LineTo' IX='7'><Cell N='X' V='0.2484941293071245' U='IN' F='Width*0.29234603447897'/><Cell N='Y' V='0.96282986166893' U='IN' F='Height*0.96282986166893'/></Row><Row T='EllipticalArcTo' IX='8'><Cell N='X' V='0.01233803992657055' U='IN' F='Width*0.014515341090083'/><Cell N='Y' V='0.77181114863871' U='IN' F='Height*0.77181114863871'/><Cell N='A' V='0.126363401758538' U='IN' F='Width*0.14866282559828'/><Cell N='B' V='0.87217066819538' U='IN' F='Height*0.87217066819538'/><Cell N='C' V='0' U='DA'/><Cell N='D' V='1.01637683380458' F='Width/Height*1.1957374515348'/></Row><Row T='LineTo' IX='9'><Cell N='X' V='0.01023990988086785' U='IN' F='Width*0.012046952801021'/><Cell N='Y' V='0.71647887796884' U='IN' F='Height*0.71647887796884'/></Row><Row T='LineTo' IX='10'><Cell N='X' V='0.05949999999999914' U='IN' F='Width*0.069999999999999'/><Cell N='Y' V='0.69090909090909' U='IN' F='Height*0.69090909090909'/></Row><Row T='EllipticalArcTo' IX='11'><Cell N='X' V='0' U='IN' F='Width*0'/><Cell N='Y' V='0.62727272727273' U='IN' F='Height*0.62727272727273'/><Cell N='A' V='0.0293112585651306' U='IN' F='Width*0.034483833606036'/><Cell N='B' V='0.6594636370367401' U='IN' F='Height*0.65946363703674'/><Cell N='C' V='-0.04611689267318633' U='DA' F='_ELLIPSE_THETA(-0.046116892673183,1.0164335067742,0.85,1,Width,Height)'/><Cell N='D' V='1.0164335067742' F='_ELLIPSE_ECC(-0.046116892673183,1.0164335067742,0.85,1,Width,Height,Geometry3.C11)'/></Row><Row T='LineTo' IX='12'><Cell N='X' V='0.07225' U='IN' F='Width*0.085'/><Cell N='Y' V='0.55909090909091' U='IN' F='Height*0.55909090909091'/></Row><Row T='EllipticalArcTo' IX='13'><Cell N='X' V='0' U='IN' F='Width*0'/><Cell N='Y' V='0.62727272727273' U='IN' F='Height*0.62727272727273'/><Cell N='A' V='0.03509321226258805' U='IN' F='Width*0.041286132073633'/><Cell N='B' V='0.59211060479453' U='IN' F='Height*0.59211060479453'/><Cell N='C' V='-0.1790327339352736' U='DA' F='_ELLIPSE_THETA(-0.17903273393527,1.0172607232892,0.85,1,Width,Height)'/><Cell N='D' V='1.0172607232892' F='_ELLIPSE_ECC(-0.17903273393527,1.0172607232892,0.85,1,Width,Height,Geometry3.C13)'/></Row><Row T='LineTo' IX='14'><Cell N='X' V='0' U='IN' F='Width*0'/><Cell N='Y' V='0.36818181818182' U='IN' F='Height*0.36818181818182'/></Row><Row T='LineTo' IX='15'><Cell N='X' V='0' U='IN' F='Width*0'/><Cell N='Y' V='0.26136363636364' U='IN' F='Height*0.26136363636364'/></Row><Row T='EllipticalArcTo' IX='16'><Cell N='X' V='0.425' U='IN' F='Width*0.5'/><Cell N='Y' V='0' U='IN' F='Height*0'/><Cell N='A' V='0.195884674534481' U='IN' F='Width*0.23045255827586'/><Cell N='B' V='0.10436350329715' U='IN' F='Height*0.10436350329715'/><Cell N='C' V='-0.1773410211712337' U='DA' F='_ELLIPSE_THETA(-0.17734102117123,1.0172449051908,0.85,1,Width,Height)'/><Cell N='D' V='1.0172449051908' F='_ELLIPSE_ECC(-0.17734102117123,1.0172449051908,0.85,1,Width,Height,Geometry3.C16)'/></Row><Row T='LineTo' IX='17'><Cell N='X' V='0.476' U='IN' F='Width*0.56'/><Cell N='Y' V='0.031818181818181' U='IN' F='Height*0.031818181818181'/></Row><Row T='LineTo' IX='18'><Cell N='X' V='0.85' U='IN' F='Width*1'/><Cell N='Y' V='0.26363636363636' U='IN' F='Height*0.26363636363636'/></Row><Row T='LineTo' IX='19'><Cell N='X' V='0.85' U='IN' F='Width*1'/><Cell N='Y' V='0.72272727272727' U='IN' F='Height*0.72272727272727'/></Row><Row T='LineTo' IX='20'><Cell N='X' V='0.7567677946324375' U='IN' F='Width*0.89031505250875'/><Cell N='Y' V='0.77956401824547' U='IN' F='Height*0.77956401824547'/></Row><Row T='LineTo' IX='21'><Cell N='X' V='0.7735' U='IN' F='Width*0.91'/><Cell N='Y' V='0.92272727272727' U='IN' F='Height*0.92272727272727'/></Row><Row T='LineTo' IX='22'><Cell N='X' V='0.646' U='IN' F='Width*0.76'/><Cell N='Y' V='1' U='IN' F='Height*1'/></Row><Row T='LineTo' IX='23'><Cell N='X' V='0.52275' U='IN' F='Width*0.615'/><Cell N='Y' V='0.92272727272727' U='IN' F='Height*0.92272727272727'/></Row></Section><Section N='Geometry' IX='3'><Cell N='NoFill' V='0'/><Cell N='NoLine' V='0'/><Cell N='NoShow' V='0'/><Cell N='NoSnap' V='0'/><Cell N='NoQuickDrag' V='0' F='No Formula'/><Row T='MoveTo' IX='1'><Cell N='X' V='0.3668529003497805' U='IN' F='Width*0.43159164747033'/><Cell N='Y' V='0.38362581729763' U='IN' F='Height*0.38362581729763'/></Row><Row T='LineTo' IX='2'><Cell N='X' V='0.425' U='IN' F='Width*0.5'/><Cell N='Y' V='0.36363636363636' U='IN' F='Height*0.36363636363636'/></Row><Row T='EllipticalArcTo' IX='3'><Cell N='X' V='0.3668529003497805' U='IN' F='Width*0.43159164747033'/><Cell N='Y' V='0.38362581729763' U='IN' F='Height*0.38362581729763'/><Cell N='A' V='0.395769669973609' U='IN' F='Width*0.46561137643954'/><Cell N='B' V='0.37318264747552' U='IN' F='Height*0.37318264747552'/><Cell N='C' V='-0.1790327339352736' U='DA' F='_ELLIPSE_THETA(-0.17903273393527,1.0172607232892,0.85,1,Width,Height)'/><Cell N='D' V='1.0172607232892' F='_ELLIPSE_ECC(-0.17903273393527,1.0172607232892,0.85,1,Width,Height,Geometry4.C3)'/></Row></Section><Section N='Geometry' IX='4'><Cell N='NoFill' V='0'/><Cell N='NoLine' V='0'/><Cell N='NoShow' V='0'/><Cell N='NoSnap' V='0'/><Cell N='NoQuickDrag' V='0' F='No Formula'/><Row T='MoveTo' IX='1'><Cell N='X' V='0.07690931317725869' U='IN' F='Width*0.090481544914422'/><Cell N='Y' V='0.70868024421114' U='IN' F='Height*0.70868024421114'/></Row><Row T='EllipticalArcTo' IX='2'><Cell N='X' V='0.06151343849523695' U='IN' F='Width*0.072368751170867'/><Cell N='Y' V='0.69315407042891' U='IN' F='Height*0.69315407042891'/><Cell N='A' V='0.06918825379046485' U='IN' F='Width*0.081397945635841'/><Cell N='B' V='0.70093935463961' U='IN' F='Height*0.70093935463961'/><Cell N='C' V='-0.04611689267318633' U='DA' F='_ELLIPSE_THETA(-0.046116892673183,1.0164335067742,0.85,1,Width,Height)'/><Cell N='D' V='1.0164335067742' F='_ELLIPSE_ECC(-0.046116892673183,1.0164335067742,0.85,1,Width,Height,Geometry5.C2)'/></Row><Row T='EllipticalArcTo' IX='3'><Cell N='X' V='0.07649999999999915' U='IN' F='Width*0.089999999999999'/><Cell N='Y' V='0.70909090909091' U='IN' F='Height*0.70909090909091'/><Cell N='A' V='0.06892284374166084' U='IN' F='Width*0.081085698519601'/><Cell N='B' V='0.70119880647047' U='IN' F='Height*0.70119880647047'/><Cell N='C' V='-2.905090094812904' U='DA' F='_ELLIPSE_THETA(-2.9050900948129,1.017962694834,0.85,1,Width,Height)'/><Cell N='D' V='1.017962694834' F='_ELLIPSE_ECC(-2.9050900948129,1.017962694834,0.85,1,Width,Height,Geometry5.C3)'/></Row></Section><Section N='Geometry' IX='5'><Cell N='NoFill' V='0'/><Cell N='NoLine' V='0'/><Cell N='NoShow' V='0'/><Cell N='NoSnap' V='0'/><Cell N='NoQuickDrag' V='0' F='No Formula'/><Row T='MoveTo' IX='1'><Cell N='X' V='0.07649999999999915' U='IN' F='Width*0.089999999999999'/><Cell N='Y' V='0.70909090909091' U='IN' F='Height*0.70909090909091'/></Row><Row T='EllipticalArcTo' IX='2'><Cell N='X' V='0.08343055529588155' U='IN' F='Width*0.098153594465743'/><Cell N='Y' V='0.71514809737872' U='IN' F='Height*0.71514809737872'/><Cell N='A' V='0.0799641101113434' U='IN' F='Width*0.094075423660404'/><Cell N='B' V='0.71212079946607' U='IN' F='Height*0.71212079946607'/><Cell N='C' V='-2.928821650702103' U='DA' F='_ELLIPSE_THETA(-2.9288216507021,1.0176445248975,0.85,1,Width,Height)'/><Cell N='D' V='1.0176445248975' F='_ELLIPSE_ECC(-2.9288216507021,1.0176445248975,0.85,1,Width,Height,Geometry6.C2)'/></Row><Row T='EllipticalArcTo' IX='3'><Cell N='X' V='0.07690931317725869' U='IN' F='Width*0.090481544914422'/><Cell N='Y' V='0.70868024421114' U='IN' F='Height*0.70868024421114'/><Cell N='A' V='0.08016588865050101' U='IN' F='Width*0.09431281017706'/><Cell N='B' V='0.71191811958722' U='IN' F='Height*0.71191811958722'/><Cell N='C' V='-0.04611689267318633' U='DA' F='_ELLIPSE_THETA(-0.046116892673183,1.0164335067742,0.85,1,Width,Height)'/><Cell N='D' V='1.0164335067742' F='_ELLIPSE_ECC(-0.046116892673183,1.0164335067742,0.85,1,Width,Height,Geometry6.C3)'/></Row></Section></Shape><Shape ID='15' Type='Shape' LineStyle='28' FillStyle='28' TextStyle='28'><Cell N='PinX' V='0.1632530089019255' U='IN' F='Sheet.5!Width*0.19206236341403'/><Cell N='PinY' V='0.84811900375401' U='IN' F='Sheet.5!Height*0.84811900375401'/><Cell N='Width' V='0.3018299379507065' U='IN' F='Sheet.5!Width*0.35509404464789'/><Cell N='Height' V='0.22942171582983' U='IN' F='Sheet.5!Height*0.22942171582983'/><Cell N='LocPinX' V='0.1509149689753533' U='IN' F='Width*0.5'/><Cell N='LocPinY' V='0.114710857914915' U='IN' F='Height*0.5'/><Cell N='Angle' V='0'/><Cell N='FlipX' V='0'/><Cell N='FlipY' V='0'/><Cell N='ResizeMode' V='0'/><Cell N='LineWeight' V='0.01' U='PT' F='GUARD(0.72PT)'/><Cell N='LineColor' V='#ffffff' F='GUARD(RGB(255,255,255))'/><Cell N='LinePattern' V='1' F='GUARD(1)'/><Cell N='Rounding' V='0' F='GUARD(0)'/><Cell N='BeginArrow' V='0' F='GUARD(0)'/><Cell N='EndArrow' V='0' F='GUARD(0)'/><Cell N='FillForegnd' V='1' F='THEMEVAL("FillColor",1)'/><Cell N='FillPattern' V='30' F='GUARD(30)'/><Cell N='ShdwPattern' V='0' F='GUARD(0)'/><Cell N='FillForegndTrans' V='0' F='THEMEVAL("FillTransparency",0%)'/><Cell N='Copyright' V='Copyright (c) 2006 Microsoft Corporation.  All rights reserved.'/><Cell N='LayerMember' V='' F='No Formula'/><Cell N='FillGradientDir' V='0' F='GUARD(0)'/><Cell N='FillGradientAngle' V='4.7123889803847' U='DEG' F='GUARD(270DEG)'/><Cell N='FillGradientEnabled' V='1' F='GUARD(TRUE)'/><Cell N='UseGroupGradient' V='0' F='GUARD(FALSE)'/><Section N='FillGradient'><Row IX='0'><Cell N='GradientStopColor' V='1' F='THEMEVAL("FillColor",1)'/><Cell N='GradientStopColorTrans' V='0' F='THEMEVAL("FillTransparency",0%)'/><Cell N='GradientStopPosition' V='0' F='GUARD(0%)'/></Row><Row IX='1'><Cell N='GradientStopPosition' V='1' F='GUARD(100%)'/></Row></Section><Section N='Geometry' IX='0'><Cell N='NoFill' V='0'/><Cell N='NoLine' V='0'/><Cell N='NoShow' V='0'/><Cell N='NoSnap' V='0'/><Cell N='NoQuickDrag' V='0' F='No Formula'/><Row T='MoveTo' IX='1'><Cell N='X' V='0' U='IN' F='Width*0'/><Cell N='Y' V='0.03840300279960652' U='IN' F='Height*0.16739044366703'/></Row><Row T='LineTo' IX='2'><Cell N='X' V='0.06760527270358342' U='IN' F='Width*0.22398464898013'/><Cell N='Y' V='0' U='IN' F='Height*0'/></Row><Row T='EllipticalArcTo' IX='3'><Cell N='X' V='0.3018299379507065' U='IN' F='Width*1'/><Cell N='Y' V='0.1921158535850527' U='IN' F='Height*0.83739175644363'/><Cell N='A' V='0.1786788429209971' U='IN' F='Width*0.5919851560589'/><Cell N='B' V='0.09901557180942971' U='IN' F='Height*0.4315876178124'/><Cell N='C' V='0' U='DA'/><Cell N='D' V='1.016376833804538' F='Width/Height*0.77255065791124'/></Row><Row T='LineTo' IX='4'><Cell N='X' V='0.2361560893805556' U='IN' F='Width*0.78241439859794'/><Cell N='Y' V='0.22942171582983' U='IN' F='Height*1'/></Row><Row T='EllipticalArcTo' IX='5'><Cell N='X' V='0' U='IN' F='Geometry1.X1'/><Cell N='Y' V='0.03840300279960652' U='IN' F='Geometry1.Y1'/><Cell N='A' V='0.1152321472047563' U='IN' F='Width*0.3817783881451'/><Cell N='B' V='0.1397378034800124' U='IN' F='Height*0.60908708216471'/><Cell N='C' V='0' U='DA'/><Cell N='D' V='1.016376833804538' F='Width/Height*0.77255065791124'/></Row></Section></Shape><Shape ID='16' Type='Shape' LineStyle='29' FillStyle='29' TextStyle='29'><Cell N='PinX' V='0.19975' U='IN' F='Sheet.5!Width*0.235'/><Cell N='PinY' V='0.81733186529421' U='IN' F='Sheet.5!Height*0.81733186529421'/><Cell N='Width' V='0.2465' U='IN' F='Sheet.5!Width*0.29'/><Cell N='Height' V='0.2164819124066' U='IN' F='Sheet.5!Height*0.2164819124066'/><Cell N='LocPinX' V='0.12325' U='IN' F='Width*0.5'/><Cell N='LocPinY' V='0.1082409562033' U='IN' F='Height*0.5'/><Cell N='Angle' V='0'/><Cell N='FlipX' V='0'/><Cell N='FlipY' V='0'/><Cell N='ResizeMode' V='0'/><Cell N='LineWeight' V='0.01' U='PT' F='GUARD(0.72PT)'/><Cell N='LineColor' V='#ffffff' F='GUARD(RGB(255,255,255))'/><Cell N='LinePattern' V='1' F='GUARD(1)'/><Cell N='Rounding' V='0' F='GUARD(0)'/><Cell N='BeginArrow' V='0' F='GUARD(0)'/><Cell N='EndArrow' V='0' F='GUARD(0)'/><Cell N='FillForegnd' V='1' F='THEMEVAL("FillColor",1)'/><Cell N='FillPattern' V='31' F='GUARD(31)'/><Cell N='ShdwPattern' V='0' F='GUARD(0)'/><Cell N='FillForegndTrans' V='0' F='THEMEVAL("FillTransparency",0%)'/><Cell N='Copyright' V='Copyright (c) 2006 Microsoft Corporation.  All rights reserved.'/><Cell N='LayerMember' V='' F='No Formula'/><Cell N='FillGradientDir' V='12' F='GUARD(12)'/><Cell N='FillGradientEnabled' V='1' F='GUARD(TRUE)'/><Cell N='UseGroupGradient' V='0' F='GUARD(FALSE)'/><Section N='FillGradient'><Row IX='0'><Cell N='GradientStopColor' V='1' F='THEMEVAL("FillColor",1)'/><Cell N='GradientStopColorTrans' V='0' F='THEMEVAL("FillTransparency",0%)'/><Cell N='GradientStopPosition' V='0' F='GUARD(0%)'/></Row><Row IX='1'><Cell N='GradientStopPosition' V='1' F='GUARD(100%)'/></Row></Section><Section N='Geometry' IX='0'><Cell N='NoFill' V='0'/><Cell N='NoLine' V='0'/><Cell N='NoShow' V='0'/><Cell N='NoSnap' V='0'/><Cell N='NoQuickDrag' V='0' F='No Formula'/><Row T='MoveTo' IX='1'><Cell N='X' V='0.003443312630152016' U='IN' F='Width*0.013968813915424'/><Cell N='Y' V='0.02431723674819363' U='IN' F='Height*0.1123291848167'/></Row><Row T='LineTo' IX='2'><Cell N='X' V='0' U='IN' F='Width*0'/><Cell N='Y' V='0' U='IN' F='Height*0'/></Row><Row T='EllipticalArcTo' IX='3'><Cell N='X' V='0.2465' U='IN' F='Width*1'/><Cell N='Y' V='0.2045454545454591' U='IN' F='Height*0.944861638885'/><Cell N='A' V='0.2289718470872657' U='IN' F='Width*0.92889187459337'/><Cell N='B' V='0.1907116667583831' U='IN' F='Height*0.88095889692708'/><Cell N='C' V='-2.928821650702159' U='DA' F='_ELLIPSE_THETA(-3.0983263251926,1.0870340468498,0.22834645669291,0.18750401861989,Width,Height)'/><Cell N='D' V='1.017644524897489' F='_ELLIPSE_ECC(-3.0983263251926,1.0870340468498,0.22834645669291,0.18750401861989,Width,Height,Geometry1.C3)'/></Row><Row T='LineTo' IX='4'><Cell N='X' V='0.237828997660243' U='IN' F='Width*0.96482351991985'/><Cell N='Y' V='0.2164819124066' U='IN' F='Height*1'/></Row><Row T='EllipticalArcTo' IX='5'><Cell N='X' V='0.003443312630152016' U='IN' F='Geometry1.X1'/><Cell N='Y' V='0.02431723674819363' U='IN' F='Geometry1.Y1'/><Cell N='A' V='0.1146613454397223' U='IN' F='Width*0.46515758799076'/><Cell N='B' V='0.1231340030080969' U='IN' F='Height*0.56879580210297'/><Cell N='C' V='0' U='DA'/><Cell N='D' V='1.016376833804532' F='Width/Height*0.89260527670495'/></Row></Section></Shape><Shape ID='8' Type='Shape' LineStyle='30' FillStyle='30' TextStyle='30'><Cell N='PinX' V='0.0450916112555091' U='IN' F='Sheet.5!Width*0.053048954418246'/><Cell N='PinY' V='0.7313601197739' U='IN' F='Sheet.5!Height*0.7313601197739'/><Cell N='Width' V='0.0697034027492825' U='IN' F='Sheet.5!Width*0.08200400323445'/><Cell N='Height' V='0.08090205772961601' U='IN' F='Sheet.5!Height*0.080902057729616'/><Cell N='LocPinX' V='0.03485170137464125' U='IN' F='Width*0.5'/><Cell N='LocPinY' V='0.040451028864808' U='IN' F='Height*0.5'/><Cell N='Angle' V='0'/><Cell N='FlipX' V='0'/><Cell N='FlipY' V='0'/><Cell N='ResizeMode' V='0'/><Cell N='LineWeight' V='0.01' U='PT' F='GUARD(0.72PT)'/><Cell N='LineColor' V='#000000' F='GUARD(RGB(0,0,0))'/><Cell N='LinePattern' V='1' F='GUARD(1)'/><Cell N='Rounding' V='0' F='GUARD(0)'/><Cell N='BeginArrow' V='0' F='GUARD(0)'/><Cell N='EndArrow' V='0' F='GUARD(0)'/><Cell N='FillForegnd' V='1' F='THEMEVAL("FillColor",1)'/><Cell N='FillPattern' V='32' F='GUARD(32)'/><Cell N='ShdwPattern' V='0' F='GUARD(0)'/><Cell N='FillForegndTrans' V='0' F='THEMEVAL("FillTransparency",0%)'/><Cell N='Copyright' V='Copyright (c) 2006 Microsoft Corporation.  All rights reserved.'/><Cell N='LayerMember' V='' F='No Formula'/><Cell N='FillGradientDir' V='11' F='GUARD(11)'/><Cell N='FillGradientEnabled' V='1' F='GUARD(TRUE)'/><Cell N='UseGroupGradient' V='0' F='GUARD(FALSE)'/><Section N='FillGradient'><Row IX='0'><Cell N='GradientStopColor' V='1' F='THEMEVAL("FillColor",1)'/><Cell N='GradientStopColorTrans' V='0' F='THEMEVAL("FillTransparency",0%)'/><Cell N='GradientStopPosition' V='0' F='GUARD(0%)'/></Row><Row IX='1'><Cell N='GradientStopPosition' V='1' F='GUARD(100%)'/></Row></Section><Section N='Geometry' IX='0'><Cell N='NoFill' V='0'/><Cell N='NoLine' V='0'/><Cell N='NoShow' V='0'/><Cell N='NoSnap' V='0'/><Cell N='NoQuickDrag' V='0' F='No Formula'/><Row T='MoveTo' IX='1'><Cell N='X' V='0' U='IN' F='Width*0'/><Cell N='Y' V='0.02556978705974576' U='IN' F='Height*0.3160585500211'/></Row><Row T='LineTo' IX='2'><Cell N='X' V='0.04926009011913085' U='IN' F='Width*0.70670997650309'/><Cell N='Y' V='0' U='IN' F='Height*0'/></Row><Row T='EllipticalArcTo' IX='3'><Cell N='X' V='0.06626009011913082' U='IN' F='Width*0.9506005088082'/><Cell N='Y' V='0.01818181818181846' U='IN' F='Height*0.22473863696501'/><Cell N='A' V='0.05765119851465322' U='IN' F='Width*0.82709302904508'/><Cell N='B' V='0.009189412179260906' U='IN' F='Height*0.11358687822222'/><Cell N='C' V='-2.905090094813184' U='DA' F='_ELLIPSE_THETA(-3.0929764933562,1.0870340468498,0.064570081286969,0.070072648427227,Width,Height)'/><Cell N='D' V='1.017962694834019' F='_ELLIPSE_ECC(-3.0929764933562,1.0870340468498,0.064570081286969,0.070072648427227,Width,Height,Geometry1.C3)'/></Row><Row T='LineTo' IX='4'><Cell N='X' V='0.0697034027492825' U='IN' F='Width*1'/><Cell N='Y' V='0.04249905493001027' U='IN' F='Height*0.52531488224993'/></Row><Row T='LineTo' IX='5'><Cell N='X' V='0.002098130045701893' U='IN' F='Width*0.03010082668774'/><Cell N='Y' V='0.08090205772961601' U='IN' F='Height*1'/></Row><Row T='LineTo' IX='6'><Cell N='X' V='0' U='IN' F='Geometry1.X1'/><Cell N='Y' V='0.02556978705974576' U='IN' F='Geometry1.Y1'/></Row></Section></Shape><Shape ID='17' Type='Shape' LineStyle='28' FillStyle='28' TextStyle='28'><Cell N='PinX' V='0.26775' U='IN' F='Sheet.5!Width*0.315'/><Cell N='PinY' V='0.51489217928013' U='IN' F='Sheet.5!Height*0.51489217928013'/><Cell N='Width' V='0.391' U='IN' F='Sheet.5!Width*0.46'/><Cell N='Height' V='0.26160254037844' U='IN' F='Sheet.5!Height*0.26160254037844'/><Cell N='LocPinX' V='0.1955' U='IN' F='Width*0.5'/><Cell N='LocPinY' V='0.13080127018922' U='IN' F='Height*0.5'/><Cell N='Angle' V='0'/><Cell N='FlipX' V='0'/><Cell N='FlipY' V='0'/><Cell N='ResizeMode' V='0'/><Cell N='FillForegnd' V='1' F='THEMEVAL("FillColor",1)'/><Cell N='FillPattern' V='30' F='GUARD(30)'/><Cell N='ShdwPattern' V='0' F='GUARD(0)'/><Cell N='FillForegndTrans' V='0' F='THEMEVAL("FillTransparency",0%)'/><Cell N='Copyright' V='Copyright (c) 2006 Microsoft Corporation.  All rights reserved.'/><Cell N='LayerMember' V='' F='No Formula'/><Cell N='LineWeight' V='0.01' U='PT' F='GUARD(0.72PT)'/><Cell N='LineColor' V='#ffffff' F='GUARD(RGB(255,255,255))'/><Cell N='LinePattern' V='1' F='GUARD(1)'/><Cell N='Rounding' V='0' F='GUARD(0)'/><Cell N='BeginArrow' V='0' F='GUARD(0)'/><Cell N='EndArrow' V='0' F='GUARD(0)'/><Cell N='FillGradientDir' V='0' F='GUARD(0)'/><Cell N='FillGradientAngle' V='4.7123889803847' U='DEG' F='GUARD(270DEG)'/><Cell N='FillGradientEnabled' V='1' F='GUARD(TRUE)'/><Cell N='UseGroupGradient' V='0' F='GUARD(FALSE)'/><Section N='FillGradient'><Row IX='0'><Cell N='GradientStopColor' V='1' F='THEMEVAL("FillColor",1)'/><Cell N='GradientStopColorTrans' V='0' F='THEMEVAL("FillTransparency",0%)'/><Cell N='GradientStopPosition' V='0' F='GUARD(0%)'/></Row><Row IX='1'><Cell N='GradientStopPosition' V='1' F='GUARD(100%)'/></Row></Section><Section N='Geometry' IX='0'><Cell N='NoFill' V='0'/><Cell N='NoLine' V='0'/><Cell N='NoShow' V='0'/><Cell N='NoSnap' V='0'/><Cell N='NoQuickDrag' V='0' F='No Formula'/><Row T='MoveTo' IX='1'><Cell N='X' V='0' U='IN' F='Width*0'/><Cell N='Y' V='0.1749999999999969' U='IN' F='Height*0.66895374848745'/></Row><Row T='EllipticalArcTo' IX='2'><Cell N='X' V='0.29325' U='IN' F='Width*0.75'/><Cell N='Y' V='0' U='IN' F='Height*0'/><Cell N='A' V='0.1104999999999985' U='IN' F='Width*0.28260869565217'/><Cell N='B' V='0.09212515752814164' U='IN' F='Height*0.35215696833399'/><Cell N='C' V='-0.1183752395315961' U='DA' F='_ELLIPSE_THETA(-0.023332852316817,1.0870340468498,0.36220472440945,0.22658487749314,Width,Height)'/><Cell N='D' V='1.016755323992431' F='_ELLIPSE_ECC(-0.023332852316817,1.0870340468498,0.36220472440945,0.22658487749314,Width,Height,Geometry1.C2)'/></Row><Row T='LineTo' IX='3'><Cell N='X' V='0.391' U='IN' F='Width*1'/><Cell N='Y' V='0.1068181818181815' U='IN' F='Height*0.40832241790793'/></Row><Row T='LineTo' IX='4'><Cell N='X' V='0.1402499999999988' U='IN' F='Width*0.35869565217391'/><Cell N='Y' V='0.26160254037844' U='IN' F='Height*1'/></Row><Row T='LineTo' IX='5'><Cell N='X' V='0' U='IN' F='Geometry1.X1'/><Cell N='Y' V='0.1749999999999969' U='IN' F='Geometry1.Y1'/></Row></Section></Shape><Shape ID='18' Type='Shape' LineStyle='30' FillStyle='30' TextStyle='30'><Cell N='PinX' V='0.35275' U='IN' F='Sheet.5!Width*0.415'/><Cell N='PinY' V='0.59422735493493' U='IN' F='Sheet.5!Height*0.59422735493493'/><Cell N='Width' V='0.2805' U='IN' F='Sheet.5!Width*0.33'/><Cell N='Height' V='0.20663652805168' U='IN' F='Sheet.5!Height*0.20663652805168'/><Cell N='LocPinX' V='0.14025' U='IN' F='Width*0.5'/><Cell N='LocPinY' V='0.10331826402584' U='IN' F='Height*0.5'/><Cell N='Angle' V='0'/><Cell N='FlipX' V='0'/><Cell N='FlipY' V='0'/><Cell N='ResizeMode' V='0'/><Cell N='FillForegnd' V='1' F='THEMEVAL("FillColor",1)'/><Cell N='FillPattern' V='32' F='GUARD(32)'/><Cell N='ShdwPattern' V='0' F='GUARD(0)'/><Cell N='FillForegndTrans' V='0' F='THEMEVAL("FillTransparency",0%)'/><Cell N='Copyright' V='Copyright (c) 2006 Microsoft Corporation.  All rights reserved.'/><Cell N='LayerMember' V='' F='No Formula'/><Cell N='LineWeight' V='0.01' U='PT' F='GUARD(0.72PT)'/><Cell N='LineColor' V='#000000' F='GUARD(RGB(0,0,0))'/><Cell N='LinePattern' V='1' F='GUARD(1)'/><Cell N='Rounding' V='0' F='GUARD(0)'/><Cell N='BeginArrow' V='0' F='GUARD(0)'/><Cell N='EndArrow' V='0' F='GUARD(0)'/><Cell N='FillGradientDir' V='11' F='GUARD(11)'/><Cell N='FillGradientEnabled' V='1' F='GUARD(TRUE)'/><Cell N='UseGroupGradient' V='0' F='GUARD(FALSE)'/><Section N='FillGradient'><Row IX='0'><Cell N='GradientStopColor' V='1' F='THEMEVAL("FillColor",1)'/><Cell N='GradientStopColorTrans' V='0' F='THEMEVAL("FillTransparency",0%)'/><Cell N='GradientStopPosition' V='0' F='GUARD(0%)'/></Row><Row IX='1'><Cell N='GradientStopPosition' V='1' F='GUARD(100%)'/></Row></Section><Section N='Geometry' IX='0'><Cell N='NoFill' V='0'/><Cell N='NoLine' V='0'/><Cell N='NoShow' V='0'/><Cell N='NoSnap' V='0'/><Cell N='NoQuickDrag' V='0' F='No Formula'/><Row T='MoveTo' IX='1'><Cell N='X' V='0' U='IN' F='Width*0'/><Cell N='Y' V='0.154784358560263' U='IN' F='Height*0.7490658114501'/></Row><Row T='LineTo' IX='2'><Cell N='X' V='0.2507499999999989' U='IN' F='Width*0.89393939393939'/><Cell N='Y' V='0' U='IN' F='Height*0'/></Row><Row T='LineTo' IX='3'><Cell N='X' V='0.2805' U='IN' F='Width*1'/><Cell N='Y' V='0.03181818181818232' U='IN' F='Height*0.15398139969824'/></Row><Row T='LineTo' IX='4'><Cell N='X' V='0' U='IN' F='Width*0'/><Cell N='Y' V='0.20663652805168' U='IN' F='Height*1'/></Row><Row T='LineTo' IX='5'><Cell N='X' V='0' U='IN' F='Geometry1.X1'/><Cell N='Y' V='0.154784358560263' U='IN' F='Geometry1.Y1'/></Row></Section></Shape><Shape ID='7' Type='Shape' LineStyle='28' FillStyle='28' TextStyle='28'><Cell N='PinX' V='0.425' U='IN' F='Sheet.5!Width*0.5'/><Cell N='PinY' V='0.67272727272727' U='IN' F='Sheet.5!Height*0.67272727272727'/><Cell N='Width' V='0.85' U='IN' F='Sheet.5!Width*1'/><Cell N='Height' V='0.6181818181818201' U='IN' F='Sheet.5!Height*0.61818181818182'/><Cell N='LocPinX' V='0.425' U='IN' F='Width*0.5'/><Cell N='LocPinY' V='0.30909090909091' U='IN' F='Height*0.5'/><Cell N='Angle' V='0'/><Cell N='FlipX' V='0'/><Cell N='FlipY' V='0'/><Cell N='ResizeMode' V='0'/><Cell N='FillForegnd' V='1' F='THEMEVAL("FillColor",1)'/><Cell N='FillPattern' V='30' F='GUARD(30)'/><Cell N='ShdwPattern' V='0' F='GUARD(0)'/><Cell N='FillForegndTrans' V='0' F='THEMEVAL("FillTransparency",0%)'/><Cell N='Copyright' V='Copyright (c) 2006 Microsoft Corporation.  All rights reserved.'/><Cell N='LayerMember' V='' F='No Formula'/><Cell N='LineWeight' V='0.01' U='PT' F='GUARD(0.72PT)'/><Cell N='LineColor' V='#ffffff' F='GUARD(RGB(255,255,255))'/><Cell N='LinePattern' V='1' F='GUARD(1)'/><Cell N='Rounding' V='0' F='GUARD(0)'/><Cell N='BeginArrow' V='0' F='GUARD(0)'/><Cell N='EndArrow' V='0' F='GUARD(0)'/><Cell N='FillGradientDir' V='0' F='GUARD(0)'/><Cell N='FillGradientAngle' V='4.7123889803847' U='DEG' F='GUARD(270DEG)'/><Cell N='FillGradientEnabled' V='1' F='GUARD(TRUE)'/><Cell N='UseGroupGradient' V='0' F='GUARD(FALSE)'/><Section N='FillGradient'><Row IX='0'><Cell N='GradientStopColor' V='1' F='THEMEVAL("FillColor",1)'/><Cell N='GradientStopColorTrans' V='0' F='THEMEVAL("FillTransparency",0%)'/><Cell N='GradientStopPosition' V='0' F='GUARD(0%)'/></Row><Row IX='1'><Cell N='GradientStopPosition' V='1' F='GUARD(100%)'/></Row></Section><Section N='Geometry' IX='0'><Cell N='NoFill' V='0'/><Cell N='NoLine' V='0'/><Cell N='NoShow' V='0'/><Cell N='NoSnap' V='0'/><Cell N='NoQuickDrag' V='0' F='No Formula'/><Row T='MoveTo' IX='1'><Cell N='X' V='0' U='IN' F='Width*0'/><Cell N='Y' V='0.2636363636363619' U='IN' F='Height*0.42647058823529'/></Row><Row T='LineTo' IX='2'><Cell N='X' V='0.07224999999999915' U='IN' F='Width*0.084999999999999'/><Cell N='Y' V='0.195454545454549' U='IN' F='Height*0.31617647058824'/></Row><Row T='LineTo' IX='3'><Cell N='X' V='0.2125' U='IN' F='Width*0.25'/><Cell N='Y' V='0.3339092553244069' U='IN' F='Height*0.54014732478948'/></Row><Row T='LineTo' IX='4'><Cell N='X' V='0.493' U='IN' F='Width*0.58'/><Cell N='Y' V='0.1590909090909092' U='IN' F='Height*0.25735294117647'/></Row><Row T='EllipticalArcTo' IX='5'><Cell N='X' V='0.3655' U='IN' F='Width*0.43'/><Cell N='Y' V='0.02045454545454574' U='IN' F='Height*0.033088235294118'/><Cell N='A' V='0.4313532282672885' U='IN' F='Width*0.50747438619681'/><Cell N='B' V='0.09834190353566794' U='IN' F='Height*0.15908249101358'/><Cell N='C' V='-3.034433756340572' U='DA' F='_ELLIPSE_THETA(0.0210696700794,1.0870340468498,0.78740157480315,0.53543307086614,Width,Height)'/><Cell N='D' V='1.016686101829049' F='_ELLIPSE_ECC(0.0210696700794,1.0870340468498,0.78740157480315,0.53543307086614,Width,Height,Geometry1.C5)'/></Row><Row T='LineTo' IX='6'><Cell N='X' V='0.425' U='IN' F='Width*0.5'/><Cell N='Y' V='0' U='IN' F='Height*0'/></Row><Row T='EllipticalArcTo' IX='7'><Cell N='X' V='0.85' U='IN' F='Width*1'/><Cell N='Y' V='0.3590909090909124' U='IN' F='Height*0.58088235294118'/><Cell N='A' V='0.623301325723479' U='IN' F='Width*0.73329567732174'/><Cell N='B' V='0.1941408313443366' U='IN' F='Height*0.31405134482172'/><Cell N='C' V='-0.02109686772335522' U='DA' F='_ELLIPSE_THETA(-0.0041037094164321,1.0870340468498,0.78740157480315,0.53543307086614,Width,Height)'/><Cell N='D' V='1.016388671407544' F='_ELLIPSE_ECC(-0.0041037094164321,1.0870340468498,0.78740157480315,0.53543307086614,Width,Height,Geometry1.C7)'/></Row><Row T='LineTo' IX='8'><Cell N='X' V='0.425' U='IN' F='Width*0.5'/><Cell N='Y' V='0.6181818181818201' U='IN' F='Height*1'/></Row><Row T='EllipticalArcTo' IX='9'><Cell N='X' V='0' U='IN' F='Geometry1.X1'/><Cell N='Y' V='0.2636363636363619' U='IN' F='Geometry1.Y1'/><Cell N='A' V='0.1987036075751825' U='IN' F='Width*0.23376895008845'/><Cell N='B' V='0.4561648375947759' U='IN' F='Height*0.7379137078739'/><Cell N='C' V='-0.04611689267314413' U='DA' F='_ELLIPSE_THETA(-3.150577839984,1.0870340468498,0.78740157480315,0.53543307086614,Width,Height)'/><Cell N='D' V='1.016433506774216' F='_ELLIPSE_ECC(-3.150577839984,1.0870340468498,0.78740157480315,0.53543307086614,Width,Height,Geometry1.C9)'/></Row></Section></Shape><Shape ID='19' Type='Shape' LineStyle='29' FillStyle='29' TextStyle='29'><Cell N='PinX' V='0.142375' U='IN' F='Sheet.5!Width*0.1675'/><Cell N='PinY' V='0.62831826402584' U='IN' F='Sheet.5!Height*0.62831826402584'/><Cell N='Width' V='0.14025' U='IN' F='Sheet.5!Width*0.165'/><Cell N='Height' V='0.13845470986986' U='IN' F='Sheet.5!Height*0.13845470986986'/><Cell N='LocPinX' V='0.070125' U='IN' F='Width*0.5'/><Cell N='LocPinY' V='0.06922735493493' U='IN' F='Height*0.5'/><Cell N='Angle' V='0'/><Cell N='FlipX' V='0'/><Cell N='FlipY' V='0'/><Cell N='ResizeMode' V='0'/><Cell N='FillForegnd' V='1' F='THEMEVAL("FillColor",1)'/><Cell N='FillPattern' V='31' F='GUARD(31)'/><Cell N='ShdwPattern' V='0' F='GUARD(0)'/><Cell N='FillForegndTrans' V='0' F='THEMEVAL("FillTransparency",0%)'/><Cell N='Copyright' V='Copyright (c) 2006 Microsoft Corporation.  All rights reserved.'/><Cell N='LayerMember' V='' F='No Formula'/><Cell N='LineWeight' V='0.01' U='PT' F='GUARD(0.72PT)'/><Cell N='LineColor' V='#ffffff' F='GUARD(RGB(255,255,255))'/><Cell N='LinePattern' V='1' F='GUARD(1)'/><Cell N='Rounding' V='0' F='GUARD(0)'/><Cell N='BeginArrow' V='0' F='GUARD(0)'/><Cell N='EndArrow' V='0' F='GUARD(0)'/><Cell N='FillGradientDir' V='12' F='GUARD(12)'/><Cell N='FillGradientEnabled' V='1' F='GUARD(TRUE)'/><Cell N='UseGroupGradient' V='0' F='GUARD(FALSE)'/><Section N='FillGradient'><Row IX='0'><Cell N='GradientStopColor' V='1' F='THEMEVAL("FillColor",1)'/><Cell N='GradientStopColorTrans' V='0' F='THEMEVAL("FillTransparency",0%)'/><Cell N='GradientStopPosition' V='0' F='GUARD(0%)'/></Row><Row IX='1'><Cell N='GradientStopPosition' V='1' F='GUARD(100%)'/></Row></Section><Section N='Geometry' IX='0'><Cell N='NoFill' V='0'/><Cell N='NoLine' V='0'/><Cell N='NoShow' V='0'/><Cell N='NoSnap' V='0'/><Cell N='NoQuickDrag' V='0' F='No Formula'/><Row T='MoveTo' IX='1'><Cell N='X' V='0' U='IN' F='Width*0'/><Cell N='Y' V='0' U='IN' F='Height*0'/></Row><Row T='LineTo' IX='2'><Cell N='X' V='0.14025' U='IN' F='Width*1'/><Cell N='Y' V='0.08660254037844303' U='IN' F='Height*0.62549363947131'/></Row><Row T='LineTo' IX='3'><Cell N='X' V='0.14025' U='IN' F='Width*1'/><Cell N='Y' V='0.13845470986986' U='IN' F='Height*1'/></Row><Row T='EllipticalArcTo' IX='4'><Cell N='X' V='0' U='IN' F='Geometry1.X1'/><Cell N='Y' V='0' U='IN' F='Geometry1.Y1'/><Cell N='A' V='0.07134859820094006' U='IN' F='Width*0.50872440784984'/><Cell N='B' V='0.07608974800840966' U='IN' F='Height*0.54956417213925'/><Cell N='C' V='-0.1462282013119006' U='DA' F='_ELLIPSE_THETA(-0.029033013449727,1.0870340468498,0.12992125984252,0.11992140224948,Width,Height)'/><Cell N='D' V='1.016959286188554' F='_ELLIPSE_ECC(-0.029033013449727,1.0870340468498,0.12992125984252,0.11992140224948,Width,Height,Geometry1.C4)'/></Row></Section></Shape><Shape ID='22' Type='Shape' LineStyle='29' FillStyle='29' TextStyle='29'><Cell N='PinX' V='0.4505' U='IN' F='Sheet.5!Width*0.53'/><Cell N='PinY' V='0.07045454545454501' U='IN' F='Sheet.5!Height*0.070454545454545'/><Cell N='Width' V='0.051' U='IN' F='Sheet.5!Width*0.06'/><Cell N='Height' V='0.14090909090909' U='IN' F='Sheet.5!Height*0.14090909090909'/><Cell N='LocPinX' V='0.0255' U='IN' F='Width*0.5'/><Cell N='LocPinY' V='0.07045454545454501' U='IN' F='Height*0.5'/><Cell N='Angle' V='0'/><Cell N='FlipX' V='0'/><Cell N='FlipY' V='0'/><Cell N='ResizeMode' V='0'/><Cell N='FillForegnd' V='1' F='THEMEVAL("FillColor",1)'/><Cell N='FillPattern' V='31' F='GUARD(31)'/><Cell N='ShdwPattern' V='0' F='GUARD(0)'/><Cell N='FillForegndTrans' V='0' F='THEMEVAL("FillTransparency",0%)'/><Cell N='Copyright' V='Copyright (c) 2006 Microsoft Corporation.  All rights reserved.'/><Cell N='LayerMember' V='' F='No Formula'/><Cell N='LineWeight' V='0.01' U='PT' F='GUARD(0.72PT)'/><Cell N='LineColor' V='#ffffff' F='GUARD(RGB(255,255,255))'/><Cell N='LinePattern' V='1' F='GUARD(1)'/><Cell N='Rounding' V='0' F='GUARD(0)'/><Cell N='BeginArrow' V='0' F='GUARD(0)'/><Cell N='EndArrow' V='0' F='GUARD(0)'/><Cell N='FillGradientDir' V='12' F='GUARD(12)'/><Cell N='FillGradientEnabled' V='1' F='GUARD(TRUE)'/><Cell N='UseGroupGradient' V='0' F='GUARD(FALSE)'/><Section N='FillGradient'><Row IX='0'><Cell N='GradientStopColor' V='1' F='THEMEVAL("FillColor",1)'/><Cell N='GradientStopColorTrans' V='0' F='THEMEVAL("FillTransparency",0%)'/><Cell N='GradientStopPosition' V='0' F='GUARD(0%)'/></Row><Row IX='1'><Cell N='GradientStopPosition' V='1' F='GUARD(100%)'/></Row></Section><Section N='Geometry' IX='0'><Cell N='NoFill' V='0'/><Cell N='NoLine' V='0'/><Cell N='NoShow' V='0'/><Cell N='NoSnap' V='0'/><Cell N='NoQuickDrag' V='0' F='No Formula'/><Row T='MoveTo' IX='1'><Cell N='X' V='0' U='IN' F='Width*0'/><Cell N='Y' V='0' U='IN' F='Height*0'/></Row><Row T='LineTo' IX='2'><Cell N='X' V='0.051' U='IN' F='Width*1'/><Cell N='Y' V='0.03181818181818116' U='IN' F='Height*0.2258064516129'/></Row><Row T='LineTo' IX='3'><Cell N='X' V='0.051' U='IN' F='Width*1'/><Cell N='Y' V='0.14090909090909' U='IN' F='Height*1'/></Row><Row T='LineTo' IX='4'><Cell N='X' V='0' U='IN' F='Width*0'/><Cell N='Y' V='0.1090909090909089' U='IN' F='Height*0.7741935483871'/></Row><Row T='LineTo' IX='5'><Cell N='X' V='0' U='IN' F='Geometry1.X1'/><Cell N='Y' V='0' U='IN' F='Geometry1.Y1'/></Row></Section></Shape><Shape ID='23' Type='Shape' LineStyle='29' FillStyle='29' TextStyle='29'><Cell N='PinX' V='0.6375' U='IN' F='Sheet.5!Width*0.75'/><Cell N='PinY' V='0.37727272727273' U='IN' F='Sheet.5!Height*0.37727272727273'/><Cell N='Width' V='0.425' U='IN' F='Sheet.5!Width*0.5'/><Cell N='Height' V='0.69090909090909' U='IN' F='Sheet.5!Height*0.69090909090909'/><Cell N='LocPinX' V='0.2125' U='IN' F='Width*0.5'/><Cell N='LocPinY' V='0.345454545454545' U='IN' F='Height*0.5'/><Cell N='Angle' V='0'/><Cell N='FlipX' V='0'/><Cell N='FlipY' V='0'/><Cell N='ResizeMode' V='0'/><Cell N='FillForegnd' V='1' F='THEMEVAL("FillColor",1)'/><Cell N='FillPattern' V='31' F='GUARD(31)'/><Cell N='ShdwPattern' V='0' F='GUARD(0)'/><Cell N='FillForegndTrans' V='0' F='THEMEVAL("FillTransparency",0%)'/><Cell N='Copyright' V='Copyright (c) 2006 Microsoft Corporation.  All rights reserved.'/><Cell N='LayerMember' V='' F='No Formula'/><Cell N='LineWeight' V='0.01' U='PT' F='GUARD(0.72PT)'/><Cell N='LineColor' V='#ffffff' F='GUARD(RGB(255,255,255))'/><Cell N='LinePattern' V='1' F='GUARD(1)'/><Cell N='Rounding' V='0' F='GUARD(0)'/><Cell N='BeginArrow' V='0' F='GUARD(0)'/><Cell N='EndArrow' V='0' F='GUARD(0)'/><Cell N='FillGradientDir' V='12' F='GUARD(12)'/><Cell N='FillGradientEnabled' V='1' F='GUARD(TRUE)'/><Cell N='UseGroupGradient' V='0' F='GUARD(FALSE)'/><Section N='FillGradient'><Row IX='0'><Cell N='GradientStopColor' V='1' F='THEMEVAL("FillColor",1)'/><Cell N='GradientStopColorTrans' V='0' F='THEMEVAL("FillTransparency",0%)'/><Cell N='GradientStopPosition' V='0' F='GUARD(0%)'/></Row><Row IX='1'><Cell N='GradientStopPosition' V='1' F='GUARD(100%)'/></Row></Section><Section N='Geometry' IX='0'><Cell N='NoFill' V='0'/><Cell N='NoLine' V='0'/><Cell N='NoShow' V='0'/><Cell N='NoSnap' V='0'/><Cell N='NoQuickDrag' V='0' F='No Formula'/><Row T='MoveTo' IX='1'><Cell N='X' V='0.051' U='IN' F='Width*0.12'/><Cell N='Y' V='0' U='IN' F='Height*0'/></Row><Row T='LineTo' IX='2'><Cell N='X' V='0.425' U='IN' F='Width*1'/><Cell N='Y' V='0.231818181818179' U='IN' F='Height*0.33552631578947'/></Row><Row T='LineTo' IX='3'><Cell N='X' V='0.425' U='IN' F='Width*1'/><Cell N='Y' V='0.69090909090909' U='IN' F='Height*1'/></Row><Row T='EllipticalArcTo' IX='4'><Cell N='X' V='0' U='IN' F='Width*0'/><Cell N='Y' V='0.3318181818181836' U='IN' F='Height*0.48026315789474'/><Cell N='A' V='0.198305492653506' U='IN' F='Width*0.46660115918472'/><Cell N='B' V='0.5267799415994608' U='IN' F='Height*0.76244465231501'/><Cell N='C' V='-3.138852362307607' U='DA' F='_ELLIPSE_THETA(-3.1410598450132,1.0870340468498,0.39370078740158,0.59842519685039,Width,Height)'/><Cell N='D' V='1.016377033425415' F='_ELLIPSE_ECC(-3.1410598450132,1.0870340468498,0.39370078740158,0.59842519685039,Width,Height,Geometry1.C4)'/></Row><Row T='LineTo' IX='5'><Cell N='X' V='0' U='IN' F='Width*0'/><Cell N='Y' V='0.07727272727272863' U='IN' F='Height*0.11184210526316'/></Row><Row T='LineTo' IX='6'><Cell N='X' V='0.051' U='IN' F='Width*0.12'/><Cell N='Y' V='0.1090909090909122' U='IN' F='Height*0.15789473684211'/></Row><Row T='LineTo' IX='7'><Cell N='X' V='0.051' U='IN' F='Geometry1.X1'/><Cell N='Y' V='0' U='IN' F='Geometry1.Y1'/></Row></Section></Shape><Shape ID='6' Type='Shape' LineStyle='30' FillStyle='30' TextStyle='30'><Cell N='PinX' V='0.2125' U='IN' F='Sheet.5!Width*0.25'/><Cell N='PinY' V='0.36818181818182' U='IN' F='Sheet.5!Height*0.36818181818182'/><Cell N='Width' V='0.425' U='IN' F='Sheet.5!Width*0.5'/><Cell N='Height' V='0.51818181818182' U='IN' F='Sheet.5!Height*0.51818181818182'/><Cell N='LocPinX' V='0.2125' U='IN' F='Width*0.5'/><Cell N='LocPinY' V='0.25909090909091' U='IN' F='Height*0.5'/><Cell N='Angle' V='0'/><Cell N='FlipX' V='0'/><Cell N='FlipY' V='0'/><Cell N='ResizeMode' V='0'/><Cell N='FillForegnd' V='1' F='THEMEVAL("FillColor",1)'/><Cell N='FillPattern' V='32' F='GUARD(32)'/><Cell N='ShdwPattern' V='0' F='GUARD(0)'/><Cell N='FillForegndTrans' V='0' F='THEMEVAL("FillTransparency",0%)'/><Cell N='Copyright' V='Copyright (c) 2006 Microsoft Corporation.  All rights reserved.'/><Cell N='LayerMember' V='' F='No Formula'/><Cell N='LineWeight' V='0.01' U='PT' F='GUARD(0.72PT)'/><Cell N='LineColor' V='#000000' F='GUARD(RGB(0,0,0))'/><Cell N='LinePattern' V='1' F='GUARD(1)'/><Cell N='Rounding' V='0' F='GUARD(0)'/><Cell N='BeginArrow' V='0' F='GUARD(0)'/><Cell N='EndArrow' V='0' F='GUARD(0)'/><Cell N='FillGradientDir' V='11' F='GUARD(11)'/><Cell N='FillGradientEnabled' V='1' F='GUARD(TRUE)'/><Cell N='UseGroupGradient' V='0' F='GUARD(FALSE)'/><Section N='FillGradient'><Row IX='0'><Cell N='GradientStopColor' V='1' F='THEMEVAL("FillColor",1)'/><Cell N='GradientStopColorTrans' V='0' F='THEMEVAL("FillTransparency",0%)'/><Cell N='GradientStopPosition' V='0' F='GUARD(0%)'/></Row><Row IX='1'><Cell N='GradientStopPosition' V='1' F='GUARD(100%)'/></Row></Section><Section N='Geometry' IX='0'><Cell N='NoFill' V='0'/><Cell N='NoLine' V='0'/><Cell N='NoShow' V='0'/><Cell N='NoSnap' V='0'/><Cell N='NoQuickDrag' V='0' F='No Formula'/><Row T='MoveTo' IX='1'><Cell N='X' V='0' U='IN' F='Width*0'/><Cell N='Y' V='0.25909090909091' U='IN' F='Height*0.5'/></Row><Row T='EllipticalArcTo' IX='2'><Cell N='X' V='0.425' U='IN' F='Width*1'/><Cell N='Y' V='0' U='IN' F='Height*0'/><Cell N='A' V='0.2188989984333712' U='IN' F='Width*0.51505646690205'/><Cell N='B' V='0.08698508112594766' U='IN' F='Height*0.16786594603253'/><Cell N='C' V='-0.1500854101735507' U='DA' F='_ELLIPSE_THETA(-3.171425217045,1.0870340468498,0.39370078740157,0.4488188976378,Width,Height)'/><Cell N='D' V='1.016991224967426' F='_ELLIPSE_ECC(-3.171425217045,1.0870340468498,0.39370078740157,0.4488188976378,Width,Height,Geometry1.C2)'/></Row><Row T='LineTo' IX='3'><Cell N='X' V='0.425' U='IN' F='Width*1'/><Cell N='Y' V='0.2545454545454561' U='IN' F='Height*0.49122807017544'/></Row><Row T='EllipticalArcTo' IX='4'><Cell N='X' V='0' U='IN' F='Width*0'/><Cell N='Y' V='0.51818181818182' U='IN' F='Height*1'/><Cell N='A' V='0.18275' U='IN' F='Width*0.43'/><Cell N='B' V='0.3671251575281429' U='IN' F='Height*0.70848714610694'/><Cell N='C' V='-0.1790327339349953' U='DA' F='_ELLIPSE_THETA(-0.035925197365817,1.0870340468498,0.39370078740157,0.4488188976378,Width,Height)'/><Cell N='D' V='1.017260723289186' F='_ELLIPSE_ECC(-0.035925197365817,1.0870340468498,0.39370078740157,0.4488188976378,Width,Height,Geometry1.C4)'/></Row><Row T='LineTo' IX='5'><Cell N='X' V='0' U='IN' F='Geometry1.X1'/><Cell N='Y' V='0.25909090909091' U='IN' F='Geometry1.Y1'/></Row></Section></Shape><Shape ID='13' Type='Shape' LineStyle='30' FillStyle='30' TextStyle='30'><Cell N='PinX' V='0.5581185476886805' U='IN' F='Sheet.5!Width*0.65661005610433'/><Cell N='PinY' V='0.81285493321431' U='IN' F='Sheet.5!Height*0.81285493321431'/><Cell N='Width' V='0.171056117253593' U='IN' F='Sheet.5!Width*0.20124249088658'/><Cell N='Height' V='0.10234843417802' U='IN' F='Sheet.5!Height*0.10234843417802'/><Cell N='LocPinX' V='0.08552805862679649' U='IN' F='Width*0.5'/><Cell N='LocPinY' V='0.05117421708901' U='IN' F='Height*0.5'/><Cell N='Angle' V='0'/><Cell N='FlipX' V='0'/><Cell N='FlipY' V='0'/><Cell N='ResizeMode' V='0'/><Cell N='LineWeight' V='0.003333333333333333' U='PT' F='GUARD(0.24PT)'/><Cell N='LineColor' V='#000000' F='GUARD(RGB(0,0,0))'/><Cell N='LinePattern' V='1' F='GUARD(1)'/><Cell N='Rounding' V='0' F='GUARD(0)'/><Cell N='BeginArrow' V='0' F='GUARD(0)'/><Cell N='EndArrow' V='0' F='GUARD(0)'/><Cell N='FillForegnd' V='1' F='THEMEVAL("FillColor",1)'/><Cell N='FillPattern' V='32' F='GUARD(32)'/><Cell N='ShdwPattern' V='0' F='GUARD(0)'/><Cell N='FillForegndTrans' V='0' F='THEMEVAL("FillTransparency",0%)'/><Cell N='Copyright' V='Copyright (c) 2006 Microsoft Corporation.  All rights reserved.'/><Cell N='LayerMember' V='' F='No Formula'/><Cell N='FillGradientDir' V='11' F='GUARD(11)'/><Cell N='FillGradientEnabled' V='1' F='GUARD(TRUE)'/><Cell N='UseGroupGradient' V='0' F='GUARD(FALSE)'/><Section N='FillGradient'><Row IX='0'><Cell N='GradientStopColor' V='1' F='THEMEVAL("FillColor",1)'/><Cell N='GradientStopColorTrans' V='0' F='THEMEVAL("FillTransparency",0%)'/><Cell N='GradientStopPosition' V='0' F='GUARD(0%)'/></Row><Row IX='1'><Cell N='GradientStopPosition' V='1' F='GUARD(100%)'/></Row></Section><Section N='Geometry' IX='0'><Cell N='NoFill' V='0'/><Cell N='NoLine' V='0'/><Cell N='NoShow' V='0'/><Cell N='NoSnap' V='0'/><Cell N='NoQuickDrag' V='0' F='No Formula'/><Row T='MoveTo' IX='1'><Cell N='X' V='0' U='IN' F='Width*0'/><Cell N='Y' V='0.06373545207944822' U='IN' F='Height*0.62273011396139'/></Row><Row T='LineTo' IX='2'><Cell N='X' V='0.1120922013899267' U='IN' F='Width*0.65529490081754'/><Cell N='Y' V='0' U='IN' F='Height*0'/></Row><Row T='LineTo' IX='3'><Cell N='X' V='0.171056117253593' U='IN' F='Width*1'/><Cell N='Y' V='0.03858023392041471' U='IN' F='Height*0.37694991848444'/></Row><Row T='LineTo' IX='4'><Cell N='X' V='0.05857589959067555' U='IN' F='Width*0.34243674257984'/><Cell N='Y' V='0.10234843417802' U='IN' F='Height*1'/></Row><Row T='LineTo' IX='5'><Cell N='X' V='0' U='IN' F='Geometry1.X1'/><Cell N='Y' V='0.06373545207944822' U='IN' F='Geometry1.Y1'/></Row></Section></Shape><Shape ID='14' Type='Shape' LineStyle='30' FillStyle='30' TextStyle='30'><Cell N='PinX' V='0.5539667659408285' U='IN' F='Sheet.5!Width*0.65172560698921'/><Cell N='PinY' V='0.81360255041799' U='IN' F='Sheet.5!Height*0.81360255041799'/><Cell N='Width' V='0.1233691642519515' U='IN' F='Sheet.5!Width*0.14514019323759'/><Cell N='Height' V='0.07381578039865801' U='IN' F='Sheet.5!Height*0.073815780398658'/><Cell N='LocPinX' V='0.06168458212597575' U='IN' F='Width*0.5'/><Cell N='LocPinY' V='0.036907890199329' U='IN' F='Height*0.5'/><Cell N='Angle' V='0'/><Cell N='FlipX' V='0'/><Cell N='FlipY' V='0'/><Cell N='ResizeMode' V='0'/><Cell N='LineWeight' V='0.003333333333333333' U='PT' F='GUARD(0.24PT)'/><Cell N='LineColor' V='#000000' F='GUARD(RGB(0,0,0))'/><Cell N='LinePattern' V='1' F='GUARD(1)'/><Cell N='Rounding' V='0' F='GUARD(0)'/><Cell N='BeginArrow' V='0' F='GUARD(0)'/><Cell N='EndArrow' V='0' F='GUARD(0)'/><Cell N='FillForegnd' V='1' F='THEMEVAL("FillColor",1)'/><Cell N='FillPattern' V='32' F='GUARD(32)'/><Cell N='ShdwPattern' V='0' F='GUARD(0)'/><Cell N='FillForegndTrans' V='0' F='THEMEVAL("FillTransparency",0%)'/><Cell N='Copyright' V='Copyright (c) 2006 Microsoft Corporation.  All rights reserved.'/><Cell N='LayerMember' V='' F='No Formula'/><Cell N='FillGradientDir' V='11' F='GUARD(11)'/><Cell N='FillGradientEnabled' V='1' F='GUARD(TRUE)'/><Cell N='UseGroupGradient' V='0' F='GUARD(FALSE)'/><Section N='FillGradient'><Row IX='0'><Cell N='GradientStopColor' V='1' F='THEMEVAL("FillColor",1)'/><Cell N='GradientStopColorTrans' V='0' F='THEMEVAL("FillTransparency",0%)'/><Cell N='GradientStopPosition' V='0' F='GUARD(0%)'/></Row><Row IX='1'><Cell N='GradientStopPosition' V='1' F='GUARD(100%)'/></Row></Section><Section N='Geometry' IX='0'><Cell N='NoFill' V='0'/><Cell N='NoLine' V='0'/><Cell N='NoShow' V='0'/><Cell N='NoSnap' V='0'/><Cell N='NoQuickDrag' V='0' F='No Formula'/><Row T='MoveTo' IX='1'><Cell N='X' V='0' U='IN' F='Width*0'/><Cell N='Y' V='0.04596730933980524' U='IN' F='Height*0.62273011396139'/></Row><Row T='LineTo' IX='2'><Cell N='X' V='0.08084318425242537' U='IN' F='Width*0.65529490081754'/><Cell N='Y' V='0' U='IN' F='Height*0'/></Row><Row T='LineTo' IX='3'><Cell N='X' V='0.1233691642519515' U='IN' F='Width*1'/><Cell N='Y' V='0.02782485240413946' U='IN' F='Height*0.37694991848444'/></Row><Row T='LineTo' IX='4'><Cell N='X' V='0.04224613474123552' U='IN' F='Width*0.34243674257984'/><Cell N='Y' V='0.07381578039865801' U='IN' F='Height*1'/></Row><Row T='LineTo' IX='5'><Cell N='X' V='0' U='IN' F='Geometry1.X1'/><Cell N='Y' V='0.04596730933980524' U='IN' F='Geometry1.Y1'/></Row></Section></Shape><Shape ID='21' Type='Shape' LineStyle='30' FillStyle='30' TextStyle='30'><Cell N='PinX' V='0.2125' U='IN' F='Sheet.5!Width*0.25'/><Cell N='PinY' V='0.18409090909091' U='IN' F='Sheet.5!Height*0.18409090909091'/><Cell N='Width' V='0.425' U='IN' F='Sheet.5!Width*0.5'/><Cell N='Height' V='0.36818181818182' U='IN' F='Sheet.5!Height*0.36818181818182'/><Cell N='LocPinX' V='0.2125' U='IN' F='Width*0.5'/><Cell N='LocPinY' V='0.18409090909091' U='IN' F='Height*0.5'/><Cell N='Angle' V='0'/><Cell N='FlipX' V='0'/><Cell N='FlipY' V='0'/><Cell N='ResizeMode' V='0'/><Cell N='FillForegnd' V='1' F='THEMEVAL("FillColor",1)'/><Cell N='FillPattern' V='32' F='GUARD(32)'/><Cell N='ShdwPattern' V='0' F='GUARD(0)'/><Cell N='FillForegndTrans' V='0' F='THEMEVAL("FillTransparency",0%)'/><Cell N='Copyright' V='Copyright (c) 2006 Microsoft Corporation.  All rights reserved.'/><Cell N='LayerMember' V='' F='No Formula'/><Cell N='LineWeight' V='0.01' U='PT' F='GUARD(0.72PT)'/><Cell N='LineColor' V='#000000' F='GUARD(RGB(0,0,0))'/><Cell N='LinePattern' V='1' F='GUARD(1)'/><Cell N='Rounding' V='0' F='GUARD(0)'/><Cell N='BeginArrow' V='0' F='GUARD(0)'/><Cell N='EndArrow' V='0' F='GUARD(0)'/><Cell N='FillGradientDir' V='11' F='GUARD(11)'/><Cell N='FillGradientEnabled' V='1' F='GUARD(TRUE)'/><Cell N='UseGroupGradient' V='0' F='GUARD(FALSE)'/><Section N='FillGradient'><Row IX='0'><Cell N='GradientStopColor' V='1' F='THEMEVAL("FillColor",1)'/><Cell N='GradientStopColorTrans' V='0' F='THEMEVAL("FillTransparency",0%)'/><Cell N='GradientStopPosition' V='0' F='GUARD(0%)'/></Row><Row IX='1'><Cell N='GradientStopPosition' V='1' F='GUARD(100%)'/></Row></Section><Section N='Geometry' IX='0'><Cell N='NoFill' V='0'/><Cell N='NoLine' V='0'/><Cell N='NoShow' V='0'/><Cell N='NoSnap' V='0'/><Cell N='NoQuickDrag' V='0' F='No Formula'/><Row T='MoveTo' IX='1'><Cell N='X' V='0' U='IN' F='Width*0'/><Cell N='Y' V='0.261363636363639' U='IN' F='Height*0.70987654320988'/></Row><Row T='EllipticalArcTo' IX='2'><Cell N='X' V='0.425' U='IN' F='Width*1'/><Cell N='Y' V='0' U='IN' F='Height*0'/><Cell N='A' V='0.18275' U='IN' F='Width*0.43'/><Cell N='B' V='0.1125797029826864' U='IN' F='Height*0.30577203279248'/><Cell N='C' V='-0.1773410211709054' U='DA' F='_ELLIPSE_THETA(-0.035566634485023,1.0870354940889,0.39370078740157,0.31889763779528,Width,Height)'/><Cell N='D' V='1.017244905190812' F='_ELLIPSE_ECC(-0.035566634485023,1.0870354940889,0.39370078740157,0.31889763779528,Width,Height,Geometry1.C2)'/></Row><Row T='LineTo' IX='3'><Cell N='X' V='0.425' U='IN' F='Width*1'/><Cell N='Y' V='0.109090909090911' U='IN' F='Height*0.2962962962963'/></Row><Row T='EllipticalArcTo' IX='4'><Cell N='X' V='0' U='IN' F='Width*0'/><Cell N='Y' V='0.36818181818182' U='IN' F='Height*1'/><Cell N='A' V='0.18275' U='IN' F='Width*0.43'/><Cell N='B' V='0.2216706120735974' U='IN' F='Height*0.60206832908878'/><Cell N='C' V='-0.150085410173328' U='DA' F='_ELLIPSE_THETA(-0.029832563455164,1.0870340468498,0.39370078740157,0.31889763779528,Width,Height)'/><Cell N='D' V='1.016991224967426' F='_ELLIPSE_ECC(-0.029832563455164,1.0870340468498,0.39370078740157,0.31889763779528,Width,Height,Geometry1.C4)'/></Row><Row T='LineTo' IX='5'><Cell N='X' V='0' U='IN' F='Geometry1.X1'/><Cell N='Y' V='0.261363636363639' U='IN' F='Geometry1.Y1'/></Row></Section></Shape><Shape ID='24' Type='Shape' LineStyle='3' FillStyle='3' TextStyle='3'><Cell N='PinX' V='0.210375' U='IN' F='Sheet.5!Width*0.2475'/><Cell N='PinY' V='0.30227272727273' U='IN' F='Sheet.5!Height*0.30227272727273'/><Cell N='Width' V='0.30175' U='IN' F='Sheet.5!Width*0.355'/><Cell N='Height' V='0.23181818181818' U='IN' F='Sheet.5!Height*0.23181818181818'/><Cell N='LocPinX' V='0.150875' U='IN' F='Width*0.5'/><Cell N='LocPinY' V='0.11590909090909' U='IN' F='Height*0.5'/><Cell N='Angle' V='0'/><Cell N='FlipX' V='0'/><Cell N='FlipY' V='0'/><Cell N='ResizeMode' V='0'/><Cell N='FillForegnd' V='0' F='THEMEVAL("FillColor",0)'/><Cell N='FillPattern' V='1' F='GUARD(1)'/><Cell N='ShdwPattern' V='0' F='GUARD(0)'/><Cell N='LineWeight' V='0.003333333333333333' U='PT' F='GUARD(0.24PT)'/><Cell N='LineColor' V='0' F='GUARD(0)'/><Cell N='LinePattern' V='1' F='GUARD(1)'/><Cell N='Rounding' V='0' F='GUARD(0)'/><Cell N='BeginArrow' V='0' F='GUARD(0)'/><Cell N='EndArrow' V='0' F='GUARD(0)'/><Cell N='Copyright' V='Copyright (c) 2006 Microsoft Corporation.  All rights reserved.'/><Cell N='LayerMember' V='' F='No Formula'/><Cell N='FillGradientEnabled' V='0' F='GUARD(FALSE)'/><Section N='Geometry' IX='0'><Cell N='NoFill' V='0'/><Cell N='NoLine' V='0'/><Cell N='NoShow' V='0'/><Cell N='NoSnap' V='0'/><Cell N='NoQuickDrag' V='0' F='No Formula'/><Row T='MoveTo' IX='1'><Cell N='X' V='0' U='IN' F='Width*0'/><Cell N='Y' V='0.1863636363636347' U='IN' F='Height*0.80392156862745'/></Row><Row T='EllipticalArcTo' IX='2'><Cell N='X' V='0.30175' U='IN' F='Width*1'/><Cell N='Y' V='0' U='IN' F='Height*0'/><Cell N='A' V='0.1417095217924849' U='IN' F='Width*0.46962559003309'/><Cell N='B' V='0.07824477580380648' U='IN' F='Height*0.33752648385956'/><Cell N='C' V='-0.1233043353566375' U='DA' F='_ELLIPSE_THETA(-0.024332885226706,1.0870340468498,0.27952755905512,0.2007874015748,Width,Height)'/><Cell N='D' V='1.016788060144494' F='_ELLIPSE_ECC(-0.024332885226706,1.0870340468498,0.27952755905512,0.2007874015748,Width,Height,Geometry1.C2)'/></Row><Row T='EllipticalArcTo' IX='3'><Cell N='X' V='0.30175' U='IN' F='Width*1'/><Cell N='Y' V='0.04545454545454532' U='IN' F='Height*0.19607843137255'/><Cell N='A' V='0.2992781003339287' U='IN' F='Width*0.9918081204107'/><Cell N='B' V='0.01979497259285035' U='IN' F='Height*0.085390077851512'/><Cell N='C' V='-1.841403750449296' U='DA' F='_ELLIPSE_THETA(-2.0563816365493,1.0870340468498,0.27952755905512,0.2007874015748,Width,Height)'/><Cell N='D' V='1.142807239344858' F='_ELLIPSE_ECC(-2.0563816365493,1.0870340468498,0.27952755905512,0.2007874015748,Width,Height,Geometry1.C3)'/></Row><Row T='EllipticalArcTo' IX='4'><Cell N='X' V='0' U='IN' F='Width*0'/><Cell N='Y' V='0.23181818181818' U='IN' F='Height*1'/><Cell N='A' V='0.1412325128439979' U='IN' F='Width*0.4680447815874'/><Cell N='B' V='0.1266455587497765' U='IN' F='Height*0.54631417499904'/><Cell N='C' V='-0.2065518992296791' U='DA' F='_ELLIPSE_THETA(-0.041891181014835,1.0870340468498,0.27952755905512,0.2007874015748,Width,Height)'/><Cell N='D' V='1.017567883629763' F='_ELLIPSE_ECC(-0.041891181014835,1.0870340468498,0.27952755905512,0.2007874015748,Width,Height,Geometry1.C4)'/></Row><Row T='LineTo' IX='5'><Cell N='X' V='0' U='IN' F='Geometry1.X1'/><Cell N='Y' V='0.1863636363636347' U='IN' F='Geometry1.Y1'/></Row></Section></Shape><Shape ID='25' Type='Shape' LineStyle='3' FillStyle='3' TextStyle='3'><Cell N='PinX' V='0.648125' U='IN' F='Sheet.5!Width*0.7625'/><Cell N='PinY' V='0.88863636363636' U='IN' F='Sheet.5!Height*0.88863636363636'/><Cell N='Width' V='0.25075' U='IN' F='Sheet.5!Width*0.295'/><Cell N='Height' V='0.22272727272727' U='IN' F='Sheet.5!Height*0.22272727272727'/><Cell N='LocPinX' V='0.125375' U='IN' F='Width*0.5'/><Cell N='LocPinY' V='0.111363636363635' U='IN' F='Height*0.5'/><Cell N='Angle' V='0'/><Cell N='FlipX' V='0'/><Cell N='FlipY' V='0'/><Cell N='ResizeMode' V='0'/><Cell N='FillForegnd' V='#969696' F='THEMEVAL("FillColor",RGB(150,150,150))'/><Cell N='FillPattern' V='1' F='GUARD(1)'/><Cell N='ShdwPattern' V='0' F='GUARD(0)'/><Cell N='Copyright' V='Copyright (c) 2006 Microsoft Corporation.  All rights reserved.'/><Cell N='LayerMember' V='' F='No Formula'/><Cell N='LineWeight' V='0.01' U='PT' F='GUARD(0.72PT)'/><Cell N='LineColor' V='0' F='GUARD(0)'/><Cell N='LinePattern' V='1' F='GUARD(1)'/><Cell N='Rounding' V='0' F='GUARD(0)'/><Cell N='BeginArrow' V='0' F='GUARD(0)'/><Cell N='EndArrow' V='0' F='GUARD(0)'/><Cell N='FillGradientEnabled' V='0' F='GUARD(FALSE)'/><Section N='Geometry' IX='0'><Cell N='NoFill' V='0'/><Cell N='NoLine' V='0'/><Cell N='NoShow' V='0'/><Cell N='NoSnap' V='0'/><Cell N='NoQuickDrag' V='0' F='No Formula'/><Row T='MoveTo' IX='1'><Cell N='X' V='0' U='IN' F='Width*0'/><Cell N='Y' V='0.1454545454545446' U='IN' F='Height*0.6530612244898'/></Row><Row T='LineTo' IX='2'><Cell N='X' V='0.23375' U='IN' F='Width*0.93220338983051'/><Cell N='Y' V='0' U='IN' F='Height*0'/></Row><Row T='LineTo' IX='3'><Cell N='X' V='0.25075' U='IN' F='Width*1'/><Cell N='Y' V='0.1454545454545446' U='IN' F='Height*0.6530612244898'/></Row><Row T='LineTo' IX='4'><Cell N='X' V='0.1232499999999991' U='IN' F='Width*0.49152542372881'/><Cell N='Y' V='0.22272727272727' U='IN' F='Height*1'/></Row><Row T='LineTo' IX='5'><Cell N='X' V='0' U='IN' F='Geometry1.X1'/><Cell N='Y' V='0.1454545454545446' U='IN' F='Geometry1.Y1'/></Row></Section></Shape><Shape ID='26' Type='Shape' LineStyle='21' FillStyle='21' TextStyle='21'><Cell N='PinX' V='0.425' U='IN' F='Sheet.5!Width*0.5'/><Cell N='PinY' V='0.5' U='IN' F='Sheet.5!Height*0.5'/><Cell N='Width' V='0.85' U='IN' F='Sheet.5!Width*1'/><Cell N='Height' V='1' U='IN' F='Sheet.5!Height*1'/><Cell N='LocPinX' V='0.425' U='IN' F='Width*0.5'/><Cell N='LocPinY' V='0.5' U='IN' F='Height*0.5'/><Cell N='Angle' V='0'/><Cell N='FlipX' V='0'/><Cell N='FlipY' V='0'/><Cell N='ResizeMode' V='0'/><Cell N='LineWeight' V='0.02083333333333333' U='PT' F='GUARD(1.5PT)'/><Cell N='LinePattern' V='1' F='GUARD(1)'/><Cell N='Rounding' V='0' F='GUARD(0)'/><Cell N='BeginArrow' V='0' F='GUARD(0)'/><Cell N='EndArrow' V='0' F='GUARD(0)'/><Cell N='FillPattern' V='1' F='GUARD(1)'/><Cell N='ShdwPattern' V='0' F='GUARD(0)'/><Cell N='Copyright' V='Copyright (c) 2006 Microsoft Corporation.  All rights reserved.'/><Cell N='LayerMember' V='' F='No Formula'/><Cell N='FillGradientEnabled' V='0' F='GUARD(FALSE)'/><Cell N='QuickStyleVariation' V='4'/><Section N='Geometry' IX='0'><Cell N='NoFill' V='1'/><Cell N='NoLine' V='0'/><Cell N='NoShow' V='0'/><Cell N='NoSnap' V='0'/><Cell N='NoQuickDrag' V='0' F='No Formula'/><Row T='MoveTo' IX='1'><Cell N='X' V='0.646' U='IN' F='Width*0.76'/><Cell N='Y' V='1' U='IN' F='Height*1'/></Row><Row T='LineTo' IX='2'><Cell N='X' V='0.52275' U='IN' F='Width*0.615'/><Cell N='Y' V='0.92272727272727' U='IN' F='Height*0.92272727272727'/></Row><Row T='LineTo' IX='3'><Cell N='X' V='0.425' U='IN' F='Width*0.5'/><Cell N='Y' V='0.98181818181818' U='IN' F='Height*0.98181818181818'/></Row><Row T='LineTo' IX='4'><Cell N='X' V='0.323' U='IN' F='Width*0.38'/><Cell N='Y' V='0.91363636363636' U='IN' F='Height*0.91363636363636'/></Row><Row T='LineTo' IX='5'><Cell N='X' V='0.3121509336687665' U='IN' F='Width*0.36723639255149'/><Cell N='Y' V='0.92522217303868' U='IN' F='Height*0.92522217303868'/></Row><Row T='LineTo' IX='6'><Cell N='X' V='0.246911574719132' U='IN' F='Width*0.29048420555192'/><Cell N='Y' V='0.96205996350074' U='IN' F='Height*0.96205996350074'/></Row><Row T='EllipticalArcTo' IX='7'><Cell N='X' V='0.01213687599139475' U='IN' F='Width*0.014278677636935'/><Cell N='Y' V='0.77148654626098' U='IN' F='Height*0.77148654626098'/><Cell N='A' V='0.1200820989643095' U='IN' F='Width*0.14127305760507'/><Cell N='B' V='0.86951215563551' U='IN' F='Height*0.86951215563551'/><Cell N='C' V='0' U='DA'/><Cell N='D' V='1.01637683380458' F='Width/Height*1.1957374515348'/></Row><Row T='LineTo' IX='8'><Cell N='X' V='0.01023990988086785' U='IN' F='Width*0.012046952801021'/><Cell N='Y' V='0.71647887796884' U='IN' F='Height*0.71647887796884'/></Row><Row T='LineTo' IX='9'><Cell N='X' V='0.0595' U='IN' F='Width*0.07'/><Cell N='Y' V='0.69090909090909' U='IN' F='Height*0.69090909090909'/></Row><Row T='LineTo' IX='10'><Cell N='X' V='0' U='IN' F='Width*0'/><Cell N='Y' V='0.62727272727273' U='IN' F='Height*0.62727272727273'/></Row><Row T='LineTo' IX='11'><Cell N='X' V='0' U='IN' F='Width*0'/><Cell N='Y' V='0.26136363636364' U='IN' F='Height*0.26136363636364'/></Row><Row T='EllipticalArcTo' IX='12'><Cell N='X' V='0.425' U='IN' F='Width*0.5'/><Cell N='Y' V='0' U='IN' F='Height*0'/><Cell N='A' V='0.18275' U='IN' F='Width*0.215'/><Cell N='B' V='0.11257970298269' U='IN' F='Height*0.11257970298269'/><Cell N='C' V='-0.2316618783490955' U='DA' F='_ELLIPSE_THETA(-0.04755675540394,1.0870555675949,0.78740157480315,0.86614173228346,Width,Height)'/><Cell N='D' V='1.017916009757949' F='_ELLIPSE_ECC(-0.04755675540394,1.0870555675949,0.78740157480315,0.86614173228346,Width,Height,Geometry1.C12)'/></Row><Row T='LineTo' IX='13'><Cell N='X' V='0.85' U='IN' F='Width*1'/><Cell N='Y' V='0.26363636363636' U='IN' F='Height*0.26363636363636'/></Row><Row T='LineTo' IX='14'><Cell N='X' V='0.85' U='IN' F='Width*1'/><Cell N='Y' V='0.72272727272727' U='IN' F='Height*0.72272727272727'/></Row><Row T='LineTo' IX='15'><Cell N='X' V='0.7565' U='IN' F='Width*0.89'/><Cell N='Y' V='0.77727272727273' U='IN' F='Height*0.77727272727273'/></Row><Row T='LineTo' IX='16'><Cell N='X' V='0.7735' U='IN' F='Width*0.91'/><Cell N='Y' V='0.92272727272727' U='IN' F='Height*0.92272727272727'/></Row><Row T='LineTo' IX='17'><Cell N='X' V='0.646' U='IN' F='Geometry1.X1'/><Cell N='Y' V='1' U='IN' F='Geometry1.Y1'/></Row></Section></Shape><Shape ID='27' Type='Shape' LineStyle='26' FillStyle='26' TextStyle='26'><Cell N='PinX' V='0.5212239347927915' U='IN' F='Sheet.5!Width*0.61320462916799'/><Cell N='PinY' V='0.62614399813541' U='IN' F='Sheet.5!Height*0.62614399813541'/><Cell N='Width' V='0.08367398530933271' U='IN' F='Sheet.5!Width*0.090617128818034+Sheet.5!Height*0.0066494258140038'/><Cell N='Height' V='0.04306888962136994' U='IN' F='Sheet.5!Width*0.0041486784619164+Sheet.5!Height*0.039542512928741'/><Cell N='LocPinX' V='0.04183699265466635' U='IN' F='Width*0.5'/><Cell N='LocPinY' V='0.02153444481068497' U='IN' F='Height*0.5'/><Cell N='Angle' V='2.705260340591217'/><Cell N='FlipX' V='0'/><Cell N='FlipY' V='0'/><Cell N='ResizeMode' V='0'/><Cell N='FillForegnd' V='1' F='GUARD(1)'/><Cell N='FillBkgnd' V='9' F='GUARD(9)'/><Cell N='FillPattern' V='40' F='GUARD(40)'/><Cell N='ShdwPattern' V='0' F='GUARD(0)'/><Cell N='FillForegndTrans' V='0' F='THEMEVAL("FillTransparency",0%)'/><Cell N='LineWeight' V='0.001666666666666667' U='PT' F='GUARD(0.12PT)'/><Cell N='LineColor' V='0' F='GUARD(0)'/><Cell N='LinePattern' V='1' F='GUARD(1)'/><Cell N='Rounding' V='0' F='GUARD(0)'/><Cell N='BeginArrow' V='0' F='GUARD(0)'/><Cell N='EndArrow' V='0' F='GUARD(0)'/><Cell N='Copyright' V='Copyright (c) 2006 Microsoft Corporation.  All rights reserved.'/><Cell N='LayerMember' V='' F='No Formula'/><Cell N='FillGradientDir' V='3' F='GUARD(3)'/><Cell N='FillGradientEnabled' V='1' F='GUARD(TRUE)'/><Cell N='UseGroupGradient' V='0' F='GUARD(FALSE)'/><Cell N='QuickStyleVariation' V='6'/><Section N='Character'><Row IX='0'><Cell N='ComplexScriptSize' V='-1'/></Row></Section><Section N='FillGradient'><Row IX='0'><Cell N='GradientStopColor' V='1' F='GUARD(1)'/><Cell N='GradientStopColorTrans' V='0' F='THEMEVAL("FillTransparency",0%)'/><Cell N='GradientStopPosition' V='0' F='GUARD(0%)'/></Row><Row IX='1'><Cell N='GradientStopColor' V='9' F='GUARD(9)'/><Cell N='GradientStopPosition' V='1' F='GUARD(100%)'/></Row></Section><Section N='Geometry' IX='0'><Cell N='NoFill' V='0'/><Cell N='NoLine' V='0'/><Cell N='NoShow' V='0'/><Cell N='NoSnap' V='0'/><Cell N='NoQuickDrag' V='0' F='No Formula'/><Row T='Ellipse' IX='1'><Cell N='X' V='0.04183699265466635' U='IN' F='Width*0.5'/><Cell N='Y' V='0.02153444481068497' U='IN' F='Height*0.5'/><Cell N='A' V='0.08365691141550052' U='IN' F='Width*0.99979594740505'/><Cell N='B' V='0.02380568263942862' U='IN' F='Height*0.55273499848059'/><Cell N='C' V='0.04303212830548286' U='IN' F='Width*0.51428324044084'/><Cell N='D' V='0.0001201086773905329' U='IN' F='Height*0.0027887572316454'/></Row></Section></Shape><Shape ID='20' Type='Shape' LineStyle='3' FillStyle='3' TextStyle='3'><Cell N='PinX' V='0.190953860082909' U='IN' F='Sheet.5!Width*0.22465160009754'/><Cell N='PinY' V='0.29545454545455' U='IN' F='Sheet.5!Height*0.29545454545455'/><Cell N='Width' V='0.340592279834182' U='IN' F='Sheet.5!Width*0.40069679980492'/><Cell N='Height' V='0.24545454545455' U='IN' F='Sheet.5!Height*0.24545454545455'/><Cell N='LocPinX' V='0.170296139917091' U='IN' F='Width*0.5'/><Cell N='LocPinY' V='0.122727272727275' U='IN' F='Height*0.5'/><Cell N='Angle' V='0'/><Cell N='FlipX' V='0'/><Cell N='FlipY' V='0'/><Cell N='ResizeMode' V='0'/><Cell N='FillForegnd' V='19' F='THEMEVAL("FillColor",19)'/><Cell N='FillPattern' V='1' F='GUARD(1)'/><Cell N='ShdwPattern' V='0' F='GUARD(0)'/><Cell N='Copyright' V='Copyright (c) 2006 Microsoft Corporation.  All rights reserved.'/><Cell N='LayerMember' V='' F='No Formula'/><Cell N='LineWeight' V='0.01' U='PT' F='GUARD(0.72PT)'/><Cell N='LineColor' V='0' F='GUARD(0)'/><Cell N='LinePattern' V='1' F='GUARD(1)'/><Cell N='Rounding' V='0' F='GUARD(0)'/><Cell N='BeginArrow' V='0' F='GUARD(0)'/><Cell N='EndArrow' V='0' F='GUARD(0)'/><Cell N='FillGradientEnabled' V='0' F='GUARD(FALSE)'/><Section N='Geometry' IX='0'><Cell N='NoFill' V='0'/><Cell N='NoLine' V='0'/><Cell N='NoShow' V='0'/><Cell N='NoSnap' V='0'/><Cell N='NoQuickDrag' V='0' F='No Formula'/><Row T='MoveTo' IX='1'><Cell N='X' V='0.3193422798341826' U='IN' F='Width*0.93760868563919'/><Cell N='Y' V='0' U='IN' F='Height*0'/></Row><Row T='EllipticalArcTo' IX='2'><Cell N='X' V='0.340592279834182' U='IN' F='Width*1'/><Cell N='Y' V='0.01363636363636375' U='IN' F='Height*0.055555555555555'/><Cell N='A' V='0.3303070963424491' U='IN' F='Width*0.96980206510629'/><Cell N='B' V='0.006826777071304136' U='IN' F='Height*0.027812795475683'/><Cell N='C' V='-2.944205453822375' U='DA' F='_ELLIPSE_THETA(-3.101709181848,1.0870340468498,0.31550929118497,0.21259842519685,Width,Height)'/><Cell N='D' V='1.017459870818235' F='_ELLIPSE_ECC(-3.101709181848,1.0870340468498,0.31550929118497,0.21259842519685,Width,Height,Geometry1.C2)'/></Row><Row T='EllipticalArcTo' IX='3'><Cell N='X' V='0.340592279834182' U='IN' F='Width*1'/><Cell N='Y' V='0.05909090909091001' U='IN' F='Height*0.24074074074074'/><Cell N='A' V='0.3401094498995257' U='IN' F='Width*0.99858238144772'/><Cell N='B' V='0.03502134093326956' U='IN' F='Height*0.14267953713554'/><Cell N='C' V='-3.044367261505015' U='DA' F='_ELLIPSE_THETA(-3.1225140604634,1.0870340468498,0.31550929118497,0.21259842519685,Width,Height)'/><Cell N='D' V='1.016630833173992' F='_ELLIPSE_ECC(-3.1225140604634,1.0870340468498,0.31550929118497,0.21259842519685,Width,Height,Geometry1.C3)'/></Row><Row T='EllipticalArcTo' IX='4'><Cell N='X' V='0.3102318036502434' U='IN' F='Width*0.91085976405948'/><Cell N='Y' V='0.03766891566608088' U='IN' F='Height*0.15346595271366'/><Cell N='A' V='0.3231609805970389' U='IN' F='Width*0.94882062727426'/><Cell N='B' V='0.0503288477260283' U='IN' F='Height*0.20504345369863'/><Cell N='C' V='-2.85739868309076' U='DA' F='_ELLIPSE_THETA(-3.081654190557,1.0870340468498,0.31550929118497,0.21259842519685,Width,Height)'/><Cell N='D' V='1.018734790340665' F='_ELLIPSE_ECC(-3.081654190557,1.0870340468498,0.31550929118497,0.21259842519685,Width,Height,Geometry1.C4)'/></Row><Row T='EllipticalArcTo' IX='5'><Cell N='X' V='0.3193422798341826' U='IN' F='Geometry1.X1'/><Cell N='Y' V='0' U='IN' F='Geometry1.Y1'/><Cell N='A' V='0.3079991404131273' U='IN' F='Width*0.90430452670001'/><Cell N='B' V='0.01016561246735784' U='IN' F='Height*0.041415458200346'/><Cell N='C' V='-0.4525561523189443' U='DA' F='_ELLIPSE_THETA(-0.10944703907674,1.0870340468498,0.31550929118497,0.21259842519685,Width,Height)'/><Cell N='D' V='1.023334042158515' F='_ELLIPSE_ECC(-0.10944703907674,1.0870340468498,0.31550929118497,0.21259842519685,Width,Height,Geometry1.C5)'/></Row></Section><Section N='Geometry' IX='1'><Cell N='NoFill' V='0'/><Cell N='NoLine' V='0'/><Cell N='NoShow' V='0'/><Cell N='NoSnap' V='0'/><Cell N='NoQuickDrag' V='0' F='No Formula'/><Row T='MoveTo' IX='1'><Cell N='X' V='0.03884227983417733' U='IN' F='Width*0.11404333607646'/><Cell N='Y' V='0.2000000000000025' U='IN' F='Height*0.81481481481481'/></Row><Row T='LineTo' IX='2'><Cell N='X' V='0.03884227983417733' U='IN' F='Width*0.11404333607646'/><Cell N='Y' V='0.24545454545455' U='IN' F='Height*1'/></Row><Row T='EllipticalArcTo' IX='3'><Cell N='X' V='0.00696727983417786' U='IN' F='Width*0.020456364535244'/><Cell N='Y' V='0.225000000000005' U='IN' F='Height*0.91666666666667'/><Cell N='A' V='0.02269227983417832' U='IN' F='Width*0.066625937162246'/><Cell N='B' V='0.2386363636363675' U='IN' F='Height*0.97222222222222'/><Cell N='C' V='0' U='DA'/><Cell N='D' V='0.9349999999999876' F='Width/Height*0.67382619509677'/></Row><Row T='EllipticalArcTo' IX='4'><Cell N='X' V='0.01759227983417791' U='IN' F='Width*0.05165202171565'/><Cell N='Y' V='0.18636363636364' U='IN' F='Height*0.75925925925926'/><Cell N='A' V='0.004842279834177919' U='IN' F='Width*0.014217233099163'/><Cell N='B' V='0.1940909090909125' U='IN' F='Height*0.79074074074074'/><Cell N='C' V='0' U='DA'/><Cell N='D' V='0.9350000000000014' F='Width/Height*0.67382619509678'/></Row><Row T='LineTo' IX='5'><Cell N='X' V='0.03884227983417733' U='IN' F='Geometry2.X1'/><Cell N='Y' V='0.2000000000000025' U='IN' F='Geometry2.Y1'/></Row></Section><Section N='Geometry' IX='2'><Cell N='NoFill' V='0'/><Cell N='NoLine' V='0'/><Cell N='NoShow' V='0'/><Cell N='NoSnap' V='0'/><Cell N='NoQuickDrag' V='0' F='No Formula'/><Row T='MoveTo' IX='1'><Cell N='X' V='0.01759227983417825' U='IN' F='Width*0.051652021715651'/><Cell N='Y' V='0.18636363636364' U='IN' F='Height*0.75925925925926'/></Row><Row T='LineTo' IX='2'><Cell N='X' V='0.3193422798341826' U='IN' F='Width*0.93760868563919'/><Cell N='Y' V='0' U='IN' F='Height*0'/></Row><Row T='EllipticalArcTo' IX='3'><Cell N='X' V='0.3057422798341825' U='IN' F='Width*0.89767824444827'/><Cell N='Y' V='0.03272727272727252' U='IN' F='Height*0.13333333333333'/><Cell N='A' V='0.307867279834182' U='IN' F='Width*0.90391737588435'/><Cell N='B' V='0.01000000000000025' U='IN' F='Height*0.040740740740741'/><Cell N='C' V='0' U='DA'/><Cell N='D' V='0.9349999999999876' F='Width/Height*0.67382619509677'/></Row><Row T='EllipticalArcTo' IX='4'><Cell N='X' V='0.03884227983417733' U='IN' F='Width*0.11404333607646'/><Cell N='Y' V='0.2000000000000025' U='IN' F='Height*0.81481481481481'/><Cell N='A' V='0.1663422798341807' U='IN' F='Width*0.48839122224134'/><Cell N='B' V='0.113636363636365' U='IN' F='Height*0.46296296296296'/><Cell N='C' V='0' U='DA'/><Cell N='D' V='0.9349999999999876' F='Width/Height*0.67382619509677'/></Row><Row T='LineTo' IX='5'><Cell N='X' V='0.01759227983417825' U='IN' F='Geometry3.X1'/><Cell N='Y' V='0.18636363636364' U='IN' F='Geometry3.Y1'/></Row></Section></Shape><Shape ID='9' Type='Shape' LineStyle='30' FillStyle='30' TextStyle='30'><Cell N='PinX' V='0.452677930170225' U='IN' F='Sheet.5!Width*0.5325622707885'/><Cell N='PinY' V='0.73395754240988' U='IN' F='Sheet.5!Height*0.73395754240988'/><Cell N='Width' V='0.1902491850873415' U='IN' F='Sheet.5!Width*0.22382257069099'/><Cell N='Height' V='0.14670336245335' U='IN' F='Sheet.5!Height*0.14670336245335'/><Cell N='LocPinX' V='0.09512459254367076' U='IN' F='Width*0.5'/><Cell N='LocPinY' V='0.073351681226675' U='IN' F='Height*0.5'/><Cell N='Angle' V='0'/><Cell N='FlipX' V='0'/><Cell N='FlipY' V='0'/><Cell N='ResizeMode' V='0'/><Cell N='LineWeight' V='0.003333333333333333' U='PT' F='GUARD(0.24PT)'/><Cell N='LineColor' V='#000000' F='GUARD(RGB(0,0,0))'/><Cell N='LinePattern' V='1' F='GUARD(1)'/><Cell N='Rounding' V='0' F='GUARD(0)'/><Cell N='BeginArrow' V='0' F='GUARD(0)'/><Cell N='EndArrow' V='0' F='GUARD(0)'/><Cell N='FillForegnd' V='1' F='THEMEVAL("FillColor",1)'/><Cell N='FillPattern' V='32' F='GUARD(32)'/><Cell N='ShdwPattern' V='0' F='GUARD(0)'/><Cell N='FillForegndTrans' V='0' F='THEMEVAL("FillTransparency",0%)'/><Cell N='Copyright' V='Copyright (c) 2006 Microsoft Corporation.  All rights reserved.'/><Cell N='LayerMember' V='' F='No Formula'/><Cell N='FillGradientDir' V='11' F='GUARD(11)'/><Cell N='FillGradientEnabled' V='1' F='GUARD(TRUE)'/><Cell N='UseGroupGradient' V='0' F='GUARD(FALSE)'/><Section N='FillGradient'><Row IX='0'><Cell N='GradientStopColor' V='1' F='THEMEVAL("FillColor",1)'/><Cell N='GradientStopColorTrans' V='0' F='THEMEVAL("FillTransparency",0%)'/><Cell N='GradientStopPosition' V='0' F='GUARD(0%)'/></Row><Row IX='1'><Cell N='GradientStopPosition' V='1' F='GUARD(100%)'/></Row></Section><Section N='Geometry' IX='0'><Cell N='NoFill' V='0'/><Cell N='NoLine' V='0'/><Cell N='NoShow' V='0'/><Cell N='NoSnap' V='0'/><Cell N='NoQuickDrag' V='0' F='No Formula'/><Row T='MoveTo' IX='1'><Cell N='X' V='0.1184475790440641' U='IN' F='Width*0.62259178135079'/><Cell N='Y' V='0.1089704674129036' U='IN' F='Height*0.74279461350148'/></Row><Row T='LineTo' IX='2'><Cell N='X' V='0.1379451812372986' U='IN' F='Width*0.72507633172762'/><Cell N='Y' V='0.09634525666328095' U='IN' F='Height*0.65673516306702'/></Row><Row T='LineTo' IX='3'><Cell N='X' V='0.1624263784122739' U='IN' F='Width*0.85375597450105'/><Cell N='Y' V='0.1169744137668528' U='IN' F='Height*0.79735332449554'/></Row><Row T='LineTo' IX='4'><Cell N='X' V='0.1421143592679636' U='IN' F='Width*0.74699063337759'/><Cell N='Y' V='0.1299159999810549' U='IN' F='Height*0.88556934080067'/></Row><Row T='LineTo' IX='5'><Cell N='X' V='0.1184475790440641' U='IN' F='Width*0.62259178135079'/><Cell N='Y' V='0.1089704674129036' U='IN' F='Height*0.74279461350148'/></Row></Section><Section N='Geometry' IX='1'><Cell N='NoFill' V='0'/><Cell N='NoLine' V='0'/><Cell N='NoShow' V='0'/><Cell N='NoSnap' V='0'/><Cell N='NoQuickDrag' V='0' F='No Formula'/><Row T='MoveTo' IX='1'><Cell N='X' V='0.1462703857191336' U='IN' F='Width*0.76883580684975'/><Cell N='Y' V='0.09137441675158611' U='IN' F='Height*0.62285155039062'/></Row><Row T='LineTo' IX='2'><Cell N='X' V='0.1657679879123681' U='IN' F='Width*0.87132035722658'/><Cell N='Y' V='0.07874920600196342' U='IN' F='Height*0.53679209995616'/></Row><Row T='LineTo' IX='3'><Cell N='X' V='0.1902491850873415' U='IN' F='Width*1'/><Cell N='Y' V='0.09937836310553527' U='IN' F='Height*0.67741026138468'/></Row><Row T='LineTo' IX='4'><Cell N='X' V='0.1699371659430331' U='IN' F='Width*0.89323465887655'/><Cell N='Y' V='0.1123199493197374' U='IN' F='Height*0.76562627768981'/></Row><Row T='LineTo' IX='5'><Cell N='X' V='0.1462703857191336' U='IN' F='Width*0.76883580684975'/><Cell N='Y' V='0.09137441675158611' U='IN' F='Height*0.62285155039062'/></Row></Section><Section N='Geometry' IX='2'><Cell N='NoFill' V='0'/><Cell N='NoLine' V='0'/><Cell N='NoShow' V='0'/><Cell N='NoSnap' V='0'/><Cell N='NoQuickDrag' V='0' F='No Formula'/><Row T='MoveTo' IX='1'><Cell N='X' V='0' U='IN' F='Width*0'/><Cell N='Y' V='0.0470086238832353' U='IN' F='Height*0.32043317274465'/></Row><Row T='LineTo' IX='2'><Cell N='X' V='0.01949760219323451' U='IN' F='Width*0.10248455037683'/><Cell N='Y' V='0.03438341313361261' U='IN' F='Height*0.23437372231019'/></Row><Row T='LineTo' IX='3'><Cell N='X' V='0.04397879936820787' U='IN' F='Width*0.23116419315025'/><Cell N='Y' V='0.05501257023718446' U='IN' F='Height*0.37499188373871'/></Row><Row T='LineTo' IX='4'><Cell N='X' V='0.02366678022389948' U='IN' F='Width*0.1243988520268'/><Cell N='Y' V='0.06795415645138511' U='IN' F='Height*0.46320790004383'/></Row><Row T='LineTo' IX='5'><Cell N='X' V='0' U='IN' F='Width*0'/><Cell N='Y' V='0.0470086238832353' U='IN' F='Height*0.32043317274465'/></Row></Section><Section N='Geometry' IX='3'><Cell N='NoFill' V='0'/><Cell N='NoLine' V='0'/><Cell N='NoShow' V='0'/><Cell N='NoSnap' V='0'/><Cell N='NoQuickDrag' V='0' F='No Formula'/><Row T='MoveTo' IX='1'><Cell N='X' V='0.02726548507512093' U='IN' F='Width*0.14331459586859'/><Cell N='Y' V='0.03022126141094023' U='IN' F='Height*0.20600251354532'/></Row><Row T='LineTo' IX='2'><Cell N='X' V='0.04676308726835544' U='IN' F='Width*0.24579914624542'/><Cell N='Y' V='0.01759605066131753' U='IN' F='Height*0.11994306311086'/></Row><Row T='LineTo' IX='3'><Cell N='X' V='0.07124428444333071' U='IN' F='Width*0.37447878901885'/><Cell N='Y' V='0.03822520776488939' U='IN' F='Height*0.26056122453938'/></Row><Row T='LineTo' IX='4'><Cell N='X' V='0.0509322652990204' U='IN' F='Width*0.26771344789539'/><Cell N='Y' V='0.0511667939790915' U='IN' F='Height*0.34877724084451'/></Row><Row T='LineTo' IX='5'><Cell N='X' V='0.02726548507512093' U='IN' F='Width*0.14331459586859'/><Cell N='Y' V='0.03022126141094023' U='IN' F='Height*0.20600251354532'/></Row></Section><Section N='Geometry' IX='4'><Cell N='NoFill' V='0'/><Cell N='NoLine' V='0'/><Cell N='NoShow' V='0'/><Cell N='NoSnap' V='0'/><Cell N='NoQuickDrag' V='0' F='No Formula'/><Row T='MoveTo' IX='1'><Cell N='X' V='0.03050632351186516' U='IN' F='Width*0.16034929925119'/><Cell N='Y' V='0.07305910785484721' U='IN' F='Height*0.49800568053155'/></Row><Row T='LineTo' IX='2'><Cell N='X' V='0.05000392570509966' U='IN' F='Width*0.26283384962802'/><Cell N='Y' V='0.06043389710522452' U='IN' F='Height*0.41194623009709'/></Row><Row T='LineTo' IX='3'><Cell N='X' V='0.07448512288007303' U='IN' F='Width*0.39151349240144'/><Cell N='Y' V='0.08106305420879637' U='IN' F='Height*0.55256439152561'/></Row><Row T='LineTo' IX='4'><Cell N='X' V='0.05417310373576464' U='IN' F='Width*0.28474815127799'/><Cell N='Y' V='0.09400464042299848' U='IN' F='Height*0.64078040783074'/></Row><Row T='LineTo' IX='5'><Cell N='X' V='0.03050632351186516' U='IN' F='Width*0.16034929925119'/><Cell N='Y' V='0.07305910785484721' U='IN' F='Height*0.49800568053155'/></Row></Section><Section N='Geometry' IX='5'><Cell N='NoFill' V='0'/><Cell N='NoLine' V='0'/><Cell N='NoShow' V='0'/><Cell N='NoSnap' V='0'/><Cell N='NoQuickDrag' V='0' F='No Formula'/><Row T='MoveTo' IX='1'><Cell N='X' V='0.05508829175019046' U='IN' F='Width*0.28955862136755'/><Cell N='Y' V='0.01262521074962299' U='IN' F='Height*0.086059450434462'/></Row><Row T='LineTo' IX='2'><Cell N='X' V='0.07458589394342498' U='IN' F='Width*0.39204317174438'/><Cell N='Y' V='0' U='IN' F='Height*0'/></Row><Row T='LineTo' IX='3'><Cell N='X' V='0.09906709111839833' U='IN' F='Width*0.5207228145178'/><Cell N='Y' V='0.02062915710357185' U='IN' F='Height*0.14061816142852'/></Row><Row T='LineTo' IX='4'><Cell N='X' V='0.07875507197408994' U='IN' F='Width*0.41395747339435'/><Cell N='Y' V='0.03357074331777397' U='IN' F='Height*0.22883417773365'/></Row><Row T='LineTo' IX='5'><Cell N='X' V='0.05508829175019046' U='IN' F='Width*0.28955862136755'/><Cell N='Y' V='0.01262521074962299' U='IN' F='Height*0.086059450434462'/></Row></Section><Section N='Geometry' IX='6'><Cell N='NoFill' V='0'/><Cell N='NoLine' V='0'/><Cell N='NoShow' V='0'/><Cell N='NoSnap' V='0'/><Cell N='NoQuickDrag' V='0' F='No Formula'/><Row T='MoveTo' IX='1'><Cell N='X' V='0.05777180858698798' U='IN' F='Width*0.30366389511979'/><Cell N='Y' V='0.05627174538255359' U='IN' F='Height*0.38357502133223'/></Row><Row T='LineTo' IX='2'><Cell N='X' V='0.07726941078022249' U='IN' F='Width*0.40614844549662'/><Cell N='Y' V='0.04364653463292943' U='IN' F='Height*0.29751557089776'/></Row><Row T='LineTo' IX='3'><Cell N='X' V='0.1017506079551959' U='IN' F='Width*0.53482808827004'/><Cell N='Y' V='0.06427569173650276' U='IN' F='Height*0.43813373232629'/></Row><Row T='LineTo' IX='4'><Cell N='X' V='0.08143858881088556' U='IN' F='Width*0.42806274714658'/><Cell N='Y' V='0.07721727795070341' U='IN' F='Height*0.52634974863141'/></Row><Row T='LineTo' IX='5'><Cell N='X' V='0.05777180858698798' U='IN' F='Width*0.30366389511979'/><Cell N='Y' V='0.05627174538255359' U='IN' F='Height*0.38357502133223'/></Row></Section><Section N='Geometry' IX='7'><Cell N='NoFill' V='0'/><Cell N='NoLine' V='0'/><Cell N='NoShow' V='0'/><Cell N='NoSnap' V='0'/><Cell N='NoQuickDrag' V='0' F='No Formula'/><Row T='MoveTo' IX='1'><Cell N='X' V='0.08559461526205563' U='IN' F='Width*0.44990792061874'/><Cell N='Y' V='0.03867569472123607' U='IN' F='Height*0.26363195822137'/></Row><Row T='LineTo' IX='2'><Cell N='X' V='0.1050922174552901' U='IN' F='Width*0.55239247099557'/><Cell N='Y' V='0.02605048397161191' U='IN' F='Height*0.1775725077869'/></Row><Row T='LineTo' IX='3'><Cell N='X' V='0.1295734146302635' U='IN' F='Width*0.68107211376899'/><Cell N='Y' V='0.04667964107518522' U='IN' F='Height*0.31819066921543'/></Row><Row T='LineTo' IX='4'><Cell N='X' V='0.1092613954859551' U='IN' F='Width*0.57430677264554'/><Cell N='Y' V='0.05962122728938588' U='IN' F='Height*0.40640668552055'/></Row><Row T='LineTo' IX='5'><Cell N='X' V='0.08559461526205563' U='IN' F='Width*0.44990792061874'/><Cell N='Y' V='0.03867569472123607' U='IN' F='Height*0.26363195822137'/></Row></Section><Section N='Geometry' IX='8'><Cell N='NoFill' V='0'/><Cell N='NoLine' V='0'/><Cell N='NoShow' V='0'/><Cell N='NoSnap' V='0'/><Cell N='NoQuickDrag' V='0' F='No Formula'/><Row T='MoveTo' IX='1'><Cell N='X' V='0.08827813209885314' U='IN' F='Width*0.46401319437098'/><Cell N='Y' V='0.0823222293541655' U='IN' F='Height*0.56114752911913'/></Row><Row T='LineTo' IX='2'><Cell N='X' V='0.1077757342920877' U='IN' F='Width*0.56649774474781'/><Cell N='Y' V='0.0696970186045428' U='IN' F='Height*0.47508807868467'/></Row><Row T='LineTo' IX='3'><Cell N='X' V='0.132256931467061' U='IN' F='Width*0.69517738752123'/><Cell N='Y' V='0.09032617570811466' U='IN' F='Height*0.61570624011319'/></Row><Row T='LineTo' IX='4'><Cell N='X' V='0.1119449123227526' U='IN' F='Width*0.58841204639778'/><Cell N='Y' V='0.1032677619223153' U='IN' F='Height*0.70392225641831'/></Row><Row T='LineTo' IX='5'><Cell N='X' V='0.08827813209885314' U='IN' F='Width*0.46401319437098'/><Cell N='Y' V='0.0823222293541655' U='IN' F='Height*0.56114752911913'/></Row></Section><Section N='Geometry' IX='9'><Cell N='NoFill' V='0'/><Cell N='NoLine' V='0'/><Cell N='NoShow' V='0'/><Cell N='NoSnap' V='0'/><Cell N='NoQuickDrag' V='0' F='No Formula'/><Row T='MoveTo' IX='1'><Cell N='X' V='0.1161009387739208' U='IN' F='Width*0.61025721986993'/><Cell N='Y' V='0.06472617869284797' U='IN' F='Height*0.44120446600827'/></Row><Row T='LineTo' IX='2'><Cell N='X' V='0.1355985409671553' U='IN' F='Width*0.71274177024676'/><Cell N='Y' V='0.05210096794322528' U='IN' F='Height*0.35514501557381'/></Row><Row T='LineTo' IX='3'><Cell N='X' V='0.1600797381421287' U='IN' F='Width*0.84142141302018'/><Cell N='Y' V='0.07273012504679713' U='IN' F='Height*0.49576317700233'/></Row><Row T='LineTo' IX='4'><Cell N='X' V='0.1397677189978203' U='IN' F='Width*0.73465607189673'/><Cell N='Y' V='0.08567171126099778' U='IN' F='Height*0.58397919330745'/></Row><Row T='LineTo' IX='5'><Cell N='X' V='0.1161009387739208' U='IN' F='Width*0.61025721986993'/><Cell N='Y' V='0.06472617869284797' U='IN' F='Height*0.44120446600827'/></Row></Section><Section N='Geometry' IX='10'><Cell N='NoFill' V='0'/><Cell N='NoLine' V='0'/><Cell N='NoShow' V='0'/><Cell N='NoSnap' V='0'/><Cell N='NoQuickDrag' V='0' F='No Formula'/><Row T='MoveTo' IX='1'><Cell N='X' V='0.06101264702373031' U='IN' F='Width*0.32069859850238'/><Cell N='Y' V='0.09910959182646058' U='IN' F='Height*0.67557818831846'/></Row><Row T='LineTo' IX='2'><Cell N='X' V='0.08051024921696671' U='IN' F='Width*0.42318314887922'/><Cell N='Y' V='0.08648438107683643' U='IN' F='Height*0.58951873788399'/></Row><Row T='LineTo' IX='3'><Cell N='X' V='0.1049914463919401' U='IN' F='Width*0.55186279165264'/><Cell N='Y' V='0.1071135381804097' U='IN' F='Height*0.73013689931252'/></Row><Row T='LineTo' IX='4'><Cell N='X' V='0.08467942724762979' U='IN' F='Width*0.44509745052918'/><Cell N='Y' V='0.1200551243946104' U='IN' F='Height*0.81835291561764'/></Row><Row T='LineTo' IX='5'><Cell N='X' V='0.06101264702373031' U='IN' F='Width*0.32069859850238'/><Cell N='Y' V='0.09910959182646058' U='IN' F='Height*0.67557818831846'/></Row></Section><Section N='Geometry' IX='11'><Cell N='NoFill' V='0'/><Cell N='NoLine' V='0'/><Cell N='NoShow' V='0'/><Cell N='NoSnap' V='0'/><Cell N='NoQuickDrag' V='0' F='No Formula'/><Row T='MoveTo' IX='1'><Cell N='X' V='0.09118209396894318' U='IN' F='Width*0.4792771854822'/><Cell N='Y' V='0.1257578298852002' U='IN' F='Height*0.85722527270082'/></Row><Row T='LineTo' IX='2'><Cell N='X' V='0.1106796961621777' U='IN' F='Width*0.58176173585903'/><Cell N='Y' V='0.113132619135576' U='IN' F='Height*0.77116582226635'/></Row><Row T='LineTo' IX='3'><Cell N='X' V='0.1351608933371511' U='IN' F='Width*0.71044137863245'/><Cell N='Y' V='0.1337617762391493' U='IN' F='Height*0.91178398369488'/></Row><Row T='LineTo' IX='4'><Cell N='X' V='0.1148488741928427' U='IN' F='Width*0.603676037509'/><Cell N='Y' V='0.14670336245335' U='IN' F='Height*1'/></Row><Row T='LineTo' IX='5'><Cell N='X' V='0.09118209396894318' U='IN' F='Width*0.4792771854822'/><Cell N='Y' V='0.1257578298852002' U='IN' F='Height*0.85722527270082'/></Row></Section></Shape></Shapes></Shape></Shapes></MasterContents>