<?xml version='1.0' encoding='utf-8' ?>
<MasterContents xmlns='http://schemas.microsoft.com/office/visio/2012/main' xmlns:r='http://schemas.openxmlformats.org/officeDocument/2006/relationships' xml:space='preserve'><Shapes><Shape ID='5' Type='Group' LineStyle='3' FillStyle='3' TextStyle='3' UniqueID='{1A865BBF-9142-4AB9-A73D-1D34F609415D}'><Cell N='PinX' V='16.7382812242193'/><Cell N='PinY' V='0.65625'/><Cell N='Width' V='1.476562448438596'/><Cell N='Height' V='1.3125'/><Cell N='LocPinX' V='0.738281224219298' F='Width*0.5'/><Cell N='LocPinY' V='0.656249999999999' F='Height*0.5'/><Cell N='Angle' V='0'/><Cell N='FlipX' V='0'/><Cell N='FlipY' V='0'/><Cell N='ResizeMode' V='0'/><Cell N='QuickStyleVariation' V='2'/><Cell N='ObjType' V='8'/><Cell N='ColorSchemeIndex' V='47'/><Cell N='EffectSchemeIndex' V='47'/><Cell N='ConnectorSchemeIndex' V='47'/><Cell N='FontSchemeIndex' V='47'/><Cell N='ThemeIndex' V='47'/><Section N='Property'><Row N='Row_1'><Cell N='Value' V='Gigamon HA Pair' U='STR'/><Cell N='Prompt' V='' F='No Formula'/><Cell N='Label' V='Name'/><Cell N='Format' V='' F='No Formula'/><Cell N='SortKey' V='' F='No Formula'/><Cell N='Type' V='0'/><Cell N='Invisible' V='0' F='No Formula'/><Cell N='Verify' V='0' F='No Formula'/><Cell N='DataLinked' V='0' F='No Formula'/><Cell N='LangID' V='en-US'/><Cell N='Calendar' V='0' F='No Formula'/></Row><Row N='Row_2'><Cell N='Value' V='Salem DCS' U='STR'/><Cell N='Prompt' V='' F='No Formula'/><Cell N='Label' V='Location'/><Cell N='Format' V='' F='No Formula'/><Cell N='SortKey' V='' F='No Formula'/><Cell N='Type' V='0'/><Cell N='Invisible' V='0' F='No Formula'/><Cell N='Verify' V='0' F='No Formula'/><Cell N='DataLinked' V='0' F='No Formula'/><Cell N='LangID' V='en-US'/><Cell N='Calendar' V='0' F='No Formula'/></Row><Row N='Row_3'><Cell N='Value' V='Gigamon GigaVUE' U='STR'/><Cell N='Prompt' V='' F='No Formula'/><Cell N='Label' V='Make/Model'/><Cell N='Format' V='' F='No Formula'/><Cell N='SortKey' V='' F='No Formula'/><Cell N='Type' V='0'/><Cell N='Invisible' V='0' F='No Formula'/><Cell N='Verify' V='0' F='No Formula'/><Cell N='DataLinked' V='0' F='No Formula'/><Cell N='LangID' V='en-US'/><Cell N='Calendar' V='0' F='No Formula'/></Row><Row N='Row_4'><Cell N='Value' V='1/1/2019' U='STR'/><Cell N='Prompt' V='' F='No Formula'/><Cell N='Label' V='Install Date'/><Cell N='Format' V='' F='No Formula'/><Cell N='SortKey' V='' F='No Formula'/><Cell N='Type' V='0'/><Cell N='Invisible' V='0' F='No Formula'/><Cell N='Verify' V='0' F='No Formula'/><Cell N='DataLinked' V='0' F='No Formula'/><Cell N='LangID' V='en-US'/><Cell N='Calendar' V='0' F='No Formula'/></Row></Section><Section N='Control'><Row N='msvDGPosition'><Cell N='X' V='2.214843672657894' F='BOUND(1.5*Width,0,FALSE,Width*-0.5,Width*-0.5,FALSE,0,0,FALSE,Width*0.25,Width*0.25,FALSE,Width*0.5,Width*0.5,FALSE,Width*0.75,Width*0.75,FALSE,Width,Width,FALSE,Width*1.5,Width*1.5)'/><Cell N='Y' V='0.65625' F='BOUND(0.5*Height,0,FALSE,Height*-0.5,Height*-0.5,FALSE,0,0,FALSE,Height*0.25,Height*0.25,FALSE,Height*0.5,Height*0.5,FALSE,Height*0.75,Height*0.75,FALSE,Height,Height,FALSE,Height*1.25,Height*1.25)'/><Cell N='XDyn' V='2.214843672657894' F='Controls.msvDGPosition'/><Cell N='YDyn' V='0.656249999999999' F='Controls.msvDGPosition.Y'/><Cell N='XCon' V='5'/><Cell N='YCon' V='0'/><Cell N='CanGlue' V='0'/><Cell N='Prompt' V='Reposition Data Graphic'/></Row></Section><Section N='User'><Row N='visDGDefaultPos'><Cell N='Value' V='PNT(6,3)' U='PNT' F='PNT(6,3)'/><Cell N='Prompt' V='' F='No Formula'/></Row><Row N='msvLayoutIncludeSubshapes'><Cell N='Value' V='1' U='BOOL' F='OR(TRUE,DEPENDSON(FALSE))'/><Cell N='Prompt' V='' F='No Formula'/></Row><Row N='visDGDisplayFormat'><Cell N='Value' V='254' F='USE({0897BE85-0046-0000-8E40-00608CF305B2})'/><Cell N='Prompt' V='' F='No Formula'/></Row></Section><Shapes><Shape ID='6' NameU='ATM switch.1267' IsCustomNameU='1' Name='ATM switch.1267' IsCustomName='1' Type='Group' LineStyle='3' FillStyle='3' TextStyle='3'><Cell N='PinX' V='0.9843749484385983' F='Sheet.5!Width*0.6666666550267'/><Cell N='PinY' V='0.656249999999999' F='Sheet.5!Height*0.5'/><Cell N='Width' V='0.9843749999999986' F='Sheet.5!Width*0.6666666899466'/><Cell N='Height' V='1.3125' F='Sheet.5!Height*1'/><Cell N='LocPinX' V='0.4921874999999993' F='Width*0.5'/><Cell N='LocPinY' V='0.656249999999999' F='Height*0.5'/><Cell N='Angle' V='0'/><Cell N='FlipX' V='0'/><Cell N='FlipY' V='0'/><Cell N='ResizeMode' V='0'/><Cell N='EventDblClick' V='0' F='OPENTEXTWIN()'/><Cell N='LayerMember' V=''/><Cell N='ObjType' V='8'/><Cell N='Comment' V='&lt;no master&gt;' F='INDEX(0,INDEX(0,MASTERNAME(),":"),".")'/><Cell N='TxtPinX' V='0.4921874999999993' F='Controls.Row_1'/><Cell N='TxtPinY' V='-0.1555555555555556' F='Controls.Row_1.Y'/><Cell N='TxtWidth' V='0.1111111111111111' F='TEXTWIDTH(TheText)'/><Cell N='TxtHeight' V='0.3111111111111111' F='TEXTHEIGHT(TheText,TxtWidth)'/><Cell N='TxtLocPinX' V='0.05555555555555555' F='TxtWidth*0.5'/><Cell N='TxtLocPinY' V='0.1555555555555556' F='TxtHeight*0.5'/><Cell N='TxtAngle' V='0' F='IF(BITXOR(FlipX,FlipY),1,-1)*Angle'/><Cell N='SelectMode' V='0'/><Cell N='HelpTopic' V='Vis_PRXY.chm!#55173'/><Cell N='Copyright' V='Copyright (c) 2012 Microsoft Corporation.  All rights reserved.'/><Cell N='LockAspect' V='1'/><Cell N='QuickStyleVariation' V='6'/><Section N='User'><Row N='HasText'><Cell N='Value' V='0' U='BOOL' F='NOT(OR(HideText,STRSAME(SHAPETEXT(TheText),"")))'/><Cell N='Prompt' V='' F='No Formula'/></Row><Row N='ShapeClass'><Cell N='Value' V='5'/><Cell N='Prompt' V='' F='No Formula'/></Row><Row N='ShapeType'><Cell N='Value' V='8'/><Cell N='Prompt' V='' F='No Formula'/></Row><Row N='SubShapeType'><Cell N='Value' V='66'/><Cell N='Prompt' V='' F='No Formula'/></Row><Row N='visLegendShape'><Cell N='Value' V='2'/><Cell N='Prompt' V='' F='No Formula'/></Row><Row N='SolSH'><Cell N='Value' V='{BF0433D9-CD73-4EB5-8390-8653BE590246}' U='GUID'/><Cell N='Prompt' V='' F='No Formula'/></Row><Row N='visVersion'><Cell N='Value' V='15'/><Cell N='Prompt' V=''/></Row></Section><Section N='Actions'><Row N='Properties'><Cell N='Menu' V='%_P&amp;roperties'/><Cell N='Action' V='0' F='RUNADDON("NETWORK SHAPE PROPERTIES")'/><Cell N='Checked' V='0'/><Cell N='Disabled' V='0'/><Cell N='ReadOnly' V='0'/><Cell N='Invisible' V='0'/><Cell N='BeginGroup' V='0'/><Cell N='FlyoutChild' V='0' F='No Formula'/><Cell N='TagName' V=''/><Cell N='ButtonFace' V=''/><Cell N='SortKey' V=''/></Row></Section><Section N='Connection'><Row T='Connection' N='Row_1'><Cell N='X' V='0.4921874999999993' F='Width*0.5'/><Cell N='Y' V='0.656249999999999' F='Height*0.5'/><Cell N='DirX' V='0'/><Cell N='DirY' V='0'/><Cell N='Type' V='0'/><Cell N='AutoGen' V='0'/><Cell N='Prompt' V='' F='No Formula'/></Row></Section><Section N='Control'><Row N='Row_1'><Cell N='X' V='0.4921874999999993' F='Width*0.5'/><Cell N='Y' V='-0.1555555555555556' F='-TxtHeight*0.5'/><Cell N='XDyn' V='0.4921874999999993' F='Controls.Row_1'/><Cell N='YDyn' V='-0.1555555555555556' F='Controls.Row_1.Y'/><Cell N='XCon' V='2' F='(Controls.Row_1&gt;Width/2)*2+2'/><Cell N='YCon' V='7' F='(Controls.Row_1.Y&gt;Height/2)*2+2+5*NOT(User.HasText)'/><Cell N='CanGlue' V='1'/><Cell N='Prompt' V='Reposition Text'/></Row></Section><Section N='Property'><Row N='ShapeClass'><Cell N='Value' V='Equipment' U='STR'/><Cell N='Prompt' V='' F='No Formula'/><Cell N='Label' V='ShapeClass'/><Cell N='Format' V='' F='No Formula'/><Cell N='SortKey' V='' F='No Formula'/><Cell N='Type' V='0'/><Cell N='Invisible' V='1'/><Cell N='Verify' V='0'/><Cell N='DataLinked' V='0' F='No Formula'/><Cell N='LangID' V='en-US'/><Cell N='Calendar' V='0' F='No Formula'/></Row><Row N='ShapeType'><Cell N='Value' V='Device' U='STR'/><Cell N='Prompt' V='' F='No Formula'/><Cell N='Label' V='ShapeType'/><Cell N='Format' V='' F='No Formula'/><Cell N='SortKey' V='' F='No Formula'/><Cell N='Type' V='0'/><Cell N='Invisible' V='1'/><Cell N='Verify' V='0'/><Cell N='DataLinked' V='0' F='No Formula'/><Cell N='LangID' V='en-US'/><Cell N='Calendar' V='0' F='No Formula'/></Row><Row N='SubShapeType'><Cell N='Value' V='Switch' U='STR'/><Cell N='Prompt' V='' F='No Formula'/><Cell N='Label' V='SubShapeType'/><Cell N='Format' V='' F='No Formula'/><Cell N='SortKey' V='' F='No Formula'/><Cell N='Type' V='0'/><Cell N='Invisible' V='1'/><Cell N='Verify' V='0'/><Cell N='DataLinked' V='0' F='No Formula'/><Cell N='LangID' V='en-US'/><Cell N='Calendar' V='0' F='No Formula'/></Row><Row N='Manufacturer'><Cell N='Value' V='0' F='No Formula'/><Cell N='Prompt' V='' F='No Formula'/><Cell N='Label' V='Manufacturer'/><Cell N='Format' V='' F='No Formula'/><Cell N='SortKey' V='Equipment'/><Cell N='Type' V='0'/><Cell N='Invisible' V='0'/><Cell N='Verify' V='0'/><Cell N='DataLinked' V='0' F='No Formula'/><Cell N='LangID' V='en-US'/><Cell N='Calendar' V='0' F='No Formula'/></Row><Row N='ProductNumber'><Cell N='Value' V='0' F='No Formula'/><Cell N='Prompt' V='' F='No Formula'/><Cell N='Label' V='Product Number'/><Cell N='Format' V='' F='No Formula'/><Cell N='SortKey' V='Equipment'/><Cell N='Type' V='0'/><Cell N='Invisible' V='0'/><Cell N='Verify' V='0'/><Cell N='DataLinked' V='0' F='No Formula'/><Cell N='LangID' V='en-US'/><Cell N='Calendar' V='0' F='No Formula'/></Row><Row N='PartNumber'><Cell N='Value' V='0' F='No Formula'/><Cell N='Prompt' V='' F='No Formula'/><Cell N='Label' V='Part Number'/><Cell N='Format' V='' F='No Formula'/><Cell N='SortKey' V='Equipment'/><Cell N='Type' V='0'/><Cell N='Invisible' V='0'/><Cell N='Verify' V='0'/><Cell N='DataLinked' V='0' F='No Formula'/><Cell N='LangID' V='en-US'/><Cell N='Calendar' V='0' F='No Formula'/></Row><Row N='ProductDescription'><Cell N='Value' V='0' F='No Formula'/><Cell N='Prompt' V='' F='No Formula'/><Cell N='Label' V='Product Description'/><Cell N='Format' V='' F='No Formula'/><Cell N='SortKey' V='Equipment'/><Cell N='Type' V='0'/><Cell N='Invisible' V='0'/><Cell N='Verify' V='0'/><Cell N='DataLinked' V='0' F='No Formula'/><Cell N='LangID' V='en-US'/><Cell N='Calendar' V='0' F='No Formula'/></Row><Row N='AssetNumber'><Cell N='Value' V='0' F='No Formula'/><Cell N='Prompt' V='' F='No Formula'/><Cell N='Label' V='Asset Number'/><Cell N='Format' V='' F='No Formula'/><Cell N='SortKey' V='Asset'/><Cell N='Type' V='0'/><Cell N='Invisible' V='0'/><Cell N='Verify' V='0'/><Cell N='DataLinked' V='0' F='No Formula'/><Cell N='LangID' V='en-US'/><Cell N='Calendar' V='0' F='No Formula'/></Row><Row N='SerialNumber'><Cell N='Value' V='0' F='No Formula'/><Cell N='Prompt' V='' F='No Formula'/><Cell N='Label' V='Serial Number'/><Cell N='Format' V='' F='No Formula'/><Cell N='SortKey' V='Asset'/><Cell N='Type' V='0'/><Cell N='Invisible' V='0'/><Cell N='Verify' V='0'/><Cell N='DataLinked' V='0' F='No Formula'/><Cell N='LangID' V='en-US'/><Cell N='Calendar' V='0' F='No Formula'/></Row><Row N='Location'><Cell N='Value' V='0' F='No Formula'/><Cell N='Prompt' V='' F='No Formula'/><Cell N='Label' V='Location'/><Cell N='Format' V='' F='No Formula'/><Cell N='SortKey' V='Asset'/><Cell N='Type' V='0'/><Cell N='Invisible' V='0'/><Cell N='Verify' V='0'/><Cell N='DataLinked' V='0' F='No Formula'/><Cell N='LangID' V='en-US'/><Cell N='Calendar' V='0' F='No Formula'/></Row><Row N='Building'><Cell N='Value' V='0' F='No Formula'/><Cell N='Prompt' V='' F='No Formula'/><Cell N='Label' V='Building'/><Cell N='Format' V='' F='No Formula'/><Cell N='SortKey' V='Asset'/><Cell N='Type' V='0'/><Cell N='Invisible' V='0'/><Cell N='Verify' V='0'/><Cell N='DataLinked' V='0' F='No Formula'/><Cell N='LangID' V='en-US'/><Cell N='Calendar' V='0' F='No Formula'/></Row><Row N='Room'><Cell N='Value' V='0' F='No Formula'/><Cell N='Prompt' V='' F='No Formula'/><Cell N='Label' V='Room'/><Cell N='Format' V='' F='No Formula'/><Cell N='SortKey' V='Asset'/><Cell N='Type' V='0'/><Cell N='Invisible' V='0'/><Cell N='Verify' V='0'/><Cell N='DataLinked' V='0' F='No Formula'/><Cell N='LangID' V='en-US'/><Cell N='Calendar' V='0' F='No Formula'/></Row><Row N='NetworkName'><Cell N='Value' V='0' F='No Formula'/><Cell N='Prompt' V='' F='No Formula'/><Cell N='Label' V='Network Name'/><Cell N='Format' V='' F='No Formula'/><Cell N='SortKey' V='Network'/><Cell N='Type' V='0'/><Cell N='Invisible' V='0'/><Cell N='Verify' V='0'/><Cell N='DataLinked' V='0' F='No Formula'/><Cell N='LangID' V='en-US'/><Cell N='Calendar' V='0' F='No Formula'/></Row><Row N='IPAddress'><Cell N='Value' V='0' F='No Formula'/><Cell N='Prompt' V='' F='No Formula'/><Cell N='Label' V='IP Address'/><Cell N='Format' V='' F='No Formula'/><Cell N='SortKey' V='Network'/><Cell N='Type' V='0'/><Cell N='Invisible' V='0'/><Cell N='Verify' V='0'/><Cell N='DataLinked' V='0' F='No Formula'/><Cell N='LangID' V='en-US'/><Cell N='Calendar' V='0' F='No Formula'/></Row><Row N='SubnetMask'><Cell N='Value' V='0' F='No Formula'/><Cell N='Prompt' V='' F='No Formula'/><Cell N='Label' V='Subnet Mask'/><Cell N='Format' V='' F='No Formula'/><Cell N='SortKey' V='Network'/><Cell N='Type' V='0'/><Cell N='Invisible' V='0'/><Cell N='Verify' V='0'/><Cell N='DataLinked' V='0' F='No Formula'/><Cell N='LangID' V='en-US'/><Cell N='Calendar' V='0' F='No Formula'/></Row><Row N='AdminInterface'><Cell N='Value' V='0' F='No Formula'/><Cell N='Prompt' V='' F='No Formula'/><Cell N='Label' V='Administrative Interface'/><Cell N='Format' V='' F='No Formula'/><Cell N='SortKey' V='Network'/><Cell N='Type' V='0'/><Cell N='Invisible' V='0'/><Cell N='Verify' V='0'/><Cell N='DataLinked' V='0' F='No Formula'/><Cell N='LangID' V='en-US'/><Cell N='Calendar' V='0' F='No Formula'/></Row><Row N='NumberOfPorts'><Cell N='Value' V='0' F='No Formula'/><Cell N='Prompt' V='' F='No Formula'/><Cell N='Label' V='Number of Ports'/><Cell N='Format' V='' F='No Formula'/><Cell N='SortKey' V='Network'/><Cell N='Type' V='0'/><Cell N='Invisible' V='0'/><Cell N='Verify' V='0'/><Cell N='DataLinked' V='0' F='No Formula'/><Cell N='LangID' V='en-US'/><Cell N='Calendar' V='0' F='No Formula'/></Row><Row N='MACAddress'><Cell N='Value' V='0' F='No Formula'/><Cell N='Prompt' V='' F='No Formula'/><Cell N='Label' V='MAC Address'/><Cell N='Format' V='' F='No Formula'/><Cell N='SortKey' V='Network'/><Cell N='Type' V='0'/><Cell N='Invisible' V='0'/><Cell N='Verify' V='0'/><Cell N='DataLinked' V='0' F='No Formula'/><Cell N='LangID' V='en-US'/><Cell N='Calendar' V='0' F='No Formula'/></Row><Row N='CommunityString'><Cell N='Value' V='0' F='No Formula'/><Cell N='Prompt' V='' F='No Formula'/><Cell N='Label' V='Community String'/><Cell N='Format' V='' F='No Formula'/><Cell N='SortKey' V='Network'/><Cell N='Type' V='0'/><Cell N='Invisible' V='0'/><Cell N='Verify' V='0'/><Cell N='DataLinked' V='0' F='No Formula'/><Cell N='LangID' V='en-US'/><Cell N='Calendar' V='0' F='No Formula'/></Row><Row N='NetworkDescription'><Cell N='Value' V='0' F='No Formula'/><Cell N='Prompt' V='' F='No Formula'/><Cell N='Label' V='Network Description'/><Cell N='Format' V='' F='No Formula'/><Cell N='SortKey' V='Network'/><Cell N='Type' V='0'/><Cell N='Invisible' V='0'/><Cell N='Verify' V='0'/><Cell N='DataLinked' V='0' F='No Formula'/><Cell N='LangID' V='en-US'/><Cell N='Calendar' V='0' F='No Formula'/></Row></Section><Shapes><Shape ID='7' Type='Shape' LineStyle='3' FillStyle='3' TextStyle='3'><Cell N='PinX' V='0.4871874999999991' U='IN' F='Width/2+-0.0050000000000002IN*DropOnPageScale'/><Cell N='PinY' V='0.656249999999999' F='Height/2'/><Cell N='Width' V='0.9843749999999986' F='Sheet.6!Width*1'/><Cell N='Height' V='1.3125' F='Sheet.6!Height*1'/><Cell N='LocPinX' V='0.4921874999999993' F='Width*0.5'/><Cell N='LocPinY' V='0.656249999999999' F='Height*0.5'/><Cell N='Angle' V='0'/><Cell N='FlipX' V='0'/><Cell N='FlipY' V='0'/><Cell N='ResizeMode' V='0'/><Cell N='DropOnPageScale' V='1' F='Sheet.6!DropOnPageScale'/><Cell N='LineWeight' V='0.01' U='PT' F='GUARD(0.72PT)'/><Cell N='LinePattern' V='1' F='GUARD(1)'/><Cell N='Rounding' V='0' F='GUARD(0)'/><Cell N='BeginArrow' V='0' F='GUARD(0)'/><Cell N='EndArrow' V='0' F='GUARD(0)'/><Cell N='LineColorTrans' V='1' F='GUARD(100%)'/><Cell N='FillForegnd' V='6' F='GUARD(6)'/><Cell N='FillBkgnd' V='6' F='GUARD(6)'/><Cell N='FillPattern' V='1' F='GUARD(1)'/><Cell N='FillForegndTrans' V='1' F='GUARD(100%)'/><Cell N='FillBkgndTrans' V='1' F='GUARD(100%)'/><Cell N='Copyright' V='Copyright (c) 2012 Microsoft Corporation.  All rights reserved.'/><Cell N='FillGradientEnabled' V='0' F='GUARD(FALSE)'/><Section N='Geometry' IX='0'><Cell N='NoFill' V='0'/><Cell N='NoLine' V='0'/><Cell N='NoShow' V='0'/><Cell N='NoSnap' V='0'/><Cell N='NoQuickDrag' V='0' F='No Formula'/><Row T='MoveTo' IX='1'><Cell N='X' V='0.6562500000000023' F='Width*0.66666666666667'/><Cell N='Y' V='0' F='Height*0'/></Row><Row T='LineTo' IX='2'><Cell N='X' V='0.9843749999999986' F='Width*1'/><Cell N='Y' V='0.1894430570778504' F='Height*0.14433756729741'/></Row><Row T='LineTo' IX='3'><Cell N='X' V='0.9843749999999986' F='Width*1'/><Cell N='Y' V='0.9336138858443105' F='Height*0.71132486540519'/></Row><Row T='LineTo' IX='4'><Cell N='X' V='0.3281249999999962' F='Width*0.33333333333333'/><Cell N='Y' V='1.3125' F='Height*1'/></Row><Row T='LineTo' IX='5'><Cell N='X' V='0' F='Width*0'/><Cell N='Y' V='1.123056942922148' F='Height*0.85566243270259'/></Row><Row T='LineTo' IX='6'><Cell N='X' V='0' F='Width*0'/><Cell N='Y' V='0.3788861141556875' F='Height*0.28867513459481'/></Row><Row T='LineTo' IX='7'><Cell N='X' V='0.6562500000000023' F='Width*0.66666666666667'/><Cell N='Y' V='0' F='Height*0'/></Row></Section></Shape><Shape ID='8' Type='Shape' LineStyle='14' FillStyle='14' TextStyle='14'><Cell N='PinX' V='0.8159375' F='Sheet.6!Width*0.82888888888889'/><Cell N='PinY' V='0.468994442922153' F='Sheet.6!Height*0.35732909936926'/><Cell N='Width' V='0.3281249999999962' F='Sheet.6!Width*0.33333333333333'/><Cell N='Height' V='0.9336138858443105' F='Sheet.6!Height*0.71132486540519'/><Cell N='LocPinX' V='0.1640624999999981' F='Width*0.5'/><Cell N='LocPinY' V='0.4668069429221552' F='Height*0.5'/><Cell N='Angle' V='0'/><Cell N='FlipX' V='0'/><Cell N='FlipY' V='0'/><Cell N='ResizeMode' V='0'/><Cell N='LayerMember' V=''/><Cell N='FillForegnd' V='#6bb1c9' F='Inh'/><Cell N='FillBkgnd' V='#6bb1c9' F='Inh'/><Cell N='FillPattern' V='31' F='GUARD(31)'/><Cell N='ShdwForegnd' V='#000000' F='Inh'/><Cell N='ShdwPattern' V='0' F='GUARD(0)'/><Cell N='LineWeight' V='0.01' U='PT' F='GUARD(0.72PT)'/><Cell N='LineColor' V='#ffffff' F='GUARD(RGB(255,255,255))'/><Cell N='LinePattern' V='1' F='GUARD(1)'/><Cell N='Rounding' V='0' F='GUARD(0)'/><Cell N='BeginArrow' V='0' F='GUARD(0)'/><Cell N='EndArrow' V='0' F='GUARD(0)'/><Cell N='Copyright' V='Copyright (c) 2012 Microsoft Corporation.  All rights reserved.'/><Cell N='FillGradientDir' V='12' F='GUARD(12)'/><Cell N='FillGradientEnabled' V='1' F='GUARD(TRUE)'/><Cell N='UseGroupGradient' V='0' F='GUARD(FALSE)'/><Section N='FillGradient'><Row IX='0'><Cell N='GradientStopColor' V='#6bb1c9' F='Inh'/></Row><Row IX='1'><Cell N='GradientStopColor' V='#6bb1c9' F='Inh'/></Row></Section><Section N='Character'><Row IX='0'><Cell N='Color' V='#60a0b6' F='Inh'/></Row></Section><Section N='Geometry' IX='0'><Cell N='NoFill' V='0'/><Cell N='NoLine' V='0'/><Cell N='NoShow' V='0'/><Cell N='NoSnap' V='0'/><Cell N='NoQuickDrag' V='0' F='No Formula'/><Row T='MoveTo' IX='1'><Cell N='X' V='0' F='Width*0'/><Cell N='Y' V='0.7441708287664629' F='Height*0.79708629022101'/></Row><Row T='LineTo' IX='2'><Cell N='X' V='0' F='Width*0'/><Cell N='Y' V='0' F='Height*0'/></Row><Row T='LineTo' IX='3'><Cell N='X' V='0.3281249999999962' F='Width*1'/><Cell N='Y' V='0.1894430570778475' F='Height*0.20291370977899'/></Row><Row T='LineTo' IX='4'><Cell N='X' V='0.3281249999999962' F='Width*1'/><Cell N='Y' V='0.9336138858443105' F='Height*1'/></Row><Row T='LineTo' IX='5'><Cell N='X' V='0' F='Geometry1.X1'/><Cell N='Y' V='0.7441708287664629' F='Geometry1.Y1'/></Row></Section></Shape><Shape ID='9' Type='Shape' LineStyle='8' FillStyle='8' TextStyle='8'><Cell N='PinX' V='0.4878125000000037' F='Sheet.6!Width*0.49555555555556'/><Cell N='PinY' V='1.030522914383234' F='Sheet.6!Height*0.78516031572056'/><Cell N='Width' V='0.9843749999999986' F='Sheet.6!Width*1'/><Cell N='Height' V='0.5683291712335379' F='Sheet.6!Height*0.43301270189222'/><Cell N='LocPinX' V='0.4921874999999993' F='Width*0.5'/><Cell N='LocPinY' V='0.2841645856167689' F='Height*0.5'/><Cell N='Angle' V='0'/><Cell N='FlipX' V='0'/><Cell N='FlipY' V='0'/><Cell N='ResizeMode' V='0'/><Cell N='LayerMember' V=''/><Cell N='FillForegnd' V='#6bb1c9' F='Inh'/><Cell N='FillBkgnd' V='#6bb1c9' F='Inh'/><Cell N='FillPattern' V='30' F='GUARD(30)'/><Cell N='ShdwForegnd' V='#000000' F='Inh'/><Cell N='ShdwPattern' V='0' F='GUARD(0)'/><Cell N='LineWeight' V='0.01' U='PT' F='GUARD(0.72PT)'/><Cell N='LineColor' V='#ffffff' F='GUARD(RGB(255,255,255))'/><Cell N='LinePattern' V='1' F='GUARD(1)'/><Cell N='Rounding' V='0' F='GUARD(0)'/><Cell N='BeginArrow' V='0' F='GUARD(0)'/><Cell N='EndArrow' V='0' F='GUARD(0)'/><Cell N='Copyright' V='Copyright (c) 2012 Microsoft Corporation.  All rights reserved.'/><Cell N='FillGradientDir' V='0' F='GUARD(0)'/><Cell N='FillGradientAngle' V='4.7123889803847' U='DEG' F='GUARD(270DEG)'/><Cell N='FillGradientEnabled' V='1' F='GUARD(TRUE)'/><Cell N='UseGroupGradient' V='0' F='GUARD(FALSE)'/><Section N='FillGradient'><Row IX='0'><Cell N='GradientStopColor' V='#6bb1c9' F='Inh'/></Row><Row IX='1'><Cell N='GradientStopColor' V='#6bb1c9' F='Inh'/></Row></Section><Section N='Character'><Row IX='0'><Cell N='Color' V='#60a0b6' F='Inh'/></Row></Section><Section N='Geometry' IX='0'><Cell N='NoFill' V='0'/><Cell N='NoLine' V='0'/><Cell N='NoShow' V='0'/><Cell N='NoSnap' V='0'/><Cell N='NoQuickDrag' V='0' F='No Formula'/><Row T='MoveTo' IX='1'><Cell N='X' V='0' F='Width*0'/><Cell N='Y' V='0.3788861141556881' F='Height*0.66666666666666'/></Row><Row T='LineTo' IX='2'><Cell N='X' V='0.6562500000000023' F='Width*0.66666666666667'/><Cell N='Y' V='0' F='Height*0'/></Row><Row T='LineTo' IX='3'><Cell N='X' V='0.9843749999999986' F='Width*1'/><Cell N='Y' V='0.1894430570778497' F='Height*0.33333333333334'/></Row><Row T='LineTo' IX='4'><Cell N='X' V='0.3281249999999962' F='Width*0.33333333333333'/><Cell N='Y' V='0.5683291712335379' F='Height*1'/></Row><Row T='LineTo' IX='5'><Cell N='X' V='0' F='Geometry1.X1'/><Cell N='Y' V='0.3788861141556881' F='Geometry1.Y1'/></Row></Section></Shape><Shape ID='10' Type='Shape' LineStyle='10' FillStyle='10' TextStyle='10'><Cell N='PinX' V='0.3237500000000007' F='Sheet.6!Width*0.32888888888889'/><Cell N='PinY' V='0.5637159714610717' F='Sheet.6!Height*0.42949788301796'/><Cell N='Width' V='0.6562500000000023' F='Sheet.6!Width*0.66666666666667'/><Cell N='Height' V='1.123056942922148' F='Sheet.6!Height*0.85566243270259'/><Cell N='LocPinX' V='0.3281250000000012' F='Width*0.5'/><Cell N='LocPinY' V='0.5615284714610739' F='Height*0.5'/><Cell N='Angle' V='0'/><Cell N='FlipX' V='0'/><Cell N='FlipY' V='0'/><Cell N='ResizeMode' V='0'/><Cell N='LayerMember' V=''/><Cell N='FillForegnd' V='#6bb1c9' F='Inh'/><Cell N='FillBkgnd' V='#6bb1c9' F='Inh'/><Cell N='FillPattern' V='32' F='GUARD(32)'/><Cell N='ShdwForegnd' V='#000000' F='Inh'/><Cell N='ShdwPattern' V='0' F='GUARD(0)'/><Cell N='LineWeight' V='0.01' U='PT' F='GUARD(0.72PT)'/><Cell N='LineColor' V='#000000' F='GUARD(RGB(0,0,0))'/><Cell N='LinePattern' V='1' F='GUARD(1)'/><Cell N='Rounding' V='0' F='GUARD(0)'/><Cell N='BeginArrow' V='0' F='GUARD(0)'/><Cell N='EndArrow' V='0' F='GUARD(0)'/><Cell N='Copyright' V='Copyright (c) 2012 Microsoft Corporation.  All rights reserved.'/><Cell N='FillGradientDir' V='11' F='GUARD(11)'/><Cell N='FillGradientEnabled' V='1' F='GUARD(TRUE)'/><Cell N='UseGroupGradient' V='0' F='GUARD(FALSE)'/><Section N='FillGradient'><Row IX='0'><Cell N='GradientStopColor' V='#6bb1c9' F='Inh'/></Row><Row IX='1'><Cell N='GradientStopColor' V='#6bb1c9' F='Inh'/></Row></Section><Section N='Character'><Row IX='0'><Cell N='Color' V='#60a0b6' F='Inh'/></Row></Section><Section N='Geometry' IX='0'><Cell N='NoFill' V='0'/><Cell N='NoLine' V='0'/><Cell N='NoShow' V='0'/><Cell N='NoSnap' V='0'/><Cell N='NoQuickDrag' V='0' F='No Formula'/><Row T='MoveTo' IX='1'><Cell N='X' V='0' F='Width*0'/><Cell N='Y' V='0.3788861141556901' F='Height*0.33737035022449'/></Row><Row T='LineTo' IX='2'><Cell N='X' V='0.6562500000000023' F='Width*1'/><Cell N='Y' V='0' F='Height*0'/></Row><Row T='LineTo' IX='3'><Cell N='X' V='0.6562500000000023' F='Width*1'/><Cell N='Y' V='0.7441708287664577' F='Height*0.66262964977551'/></Row><Row T='LineTo' IX='4'><Cell N='X' V='0' F='Width*0'/><Cell N='Y' V='1.123056942922148' F='Height*1'/></Row><Row T='LineTo' IX='5'><Cell N='X' V='0' F='Geometry1.X1'/><Cell N='Y' V='0.3788861141556901' F='Geometry1.Y1'/></Row></Section></Shape><Shape ID='11' Type='Shape' LineStyle='12' FillStyle='12' TextStyle='12'><Cell N='PinX' V='0.4878125000000037' F='Sheet.6!Width*0.49555555555556'/><Cell N='PinY' V='0.6584375000000035' F='Sheet.6!Height*0.50166666666667'/><Cell N='Width' V='0.9843749999999986' F='Sheet.6!Width*1'/><Cell N='Height' V='1.3125' F='Sheet.6!Height*1'/><Cell N='LocPinX' V='0.4921874999999993' F='Width*0.5'/><Cell N='LocPinY' V='0.656249999999999' F='Height*0.5'/><Cell N='Angle' V='0'/><Cell N='FlipX' V='0'/><Cell N='FlipY' V='0'/><Cell N='ResizeMode' V='0'/><Cell N='LayerMember' V=''/><Cell N='FillForegnd' V='#6bb1c9' F='Inh'/><Cell N='FillBkgnd' V='#6bb1c9' F='Inh'/><Cell N='FillPattern' V='1' F='GUARD(1)'/><Cell N='ShdwForegnd' V='#000000' F='Inh'/><Cell N='ShdwPattern' V='0' F='GUARD(0)'/><Cell N='LineWeight' V='0.02083333333333333' U='PT' F='GUARD(1.5PT)'/><Cell N='LineColor' V='#c7dde6' F='Inh'/><Cell N='LinePattern' V='1' F='GUARD(1)'/><Cell N='Rounding' V='0' F='GUARD(0)'/><Cell N='BeginArrow' V='0' F='GUARD(0)'/><Cell N='EndArrow' V='0' F='GUARD(0)'/><Cell N='Copyright' V='Copyright (c) 2012 Microsoft Corporation.  All rights reserved.'/><Cell N='FillGradientEnabled' V='0' F='GUARD(FALSE)'/><Section N='Character'><Row IX='0'><Cell N='Color' V='#60a0b6' F='Inh'/></Row></Section><Section N='Geometry' IX='0'><Cell N='NoFill' V='1'/><Cell N='NoLine' V='0'/><Cell N='NoShow' V='0'/><Cell N='NoSnap' V='0'/><Cell N='NoQuickDrag' V='0' F='No Formula'/><Row T='MoveTo' IX='1'><Cell N='X' V='0' F='Width*0'/><Cell N='Y' V='1.123056942922148' F='Height*0.85566243270259'/></Row><Row T='LineTo' IX='2'><Cell N='X' V='0' F='Width*0'/><Cell N='Y' V='0.3788861141556875' F='Height*0.28867513459481'/></Row><Row T='LineTo' IX='3'><Cell N='X' V='0.6562500000000023' F='Width*0.66666666666667'/><Cell N='Y' V='0' F='Height*0'/></Row><Row T='LineTo' IX='4'><Cell N='X' V='0.9843749999999986' F='Width*1'/><Cell N='Y' V='0.1894430570778504' F='Height*0.14433756729741'/></Row><Row T='LineTo' IX='5'><Cell N='X' V='0.9843749999999986' F='Width*1'/><Cell N='Y' V='0.9336138858443105' F='Height*0.71132486540519'/></Row><Row T='LineTo' IX='6'><Cell N='X' V='0.3281249999999962' F='Width*0.33333333333333'/><Cell N='Y' V='1.3125' F='Height*1'/></Row><Row T='LineTo' IX='7'><Cell N='X' V='0' F='Geometry1.X1'/><Cell N='Y' V='1.123056942922148' F='Geometry1.Y1'/></Row></Section></Shape><Shape ID='12' Type='Shape' LineStyle='10' FillStyle='10' TextStyle='10'><Cell N='PinX' V='0.3249917498789911' F='Sheet.6!Width*0.33015034908342'/><Cell N='PinY' V='0.5665444413998635' F='Sheet.6!Height*0.43165290773323'/><Cell N='Width' V='0.5624834997579911' F='Sheet.6!Width*0.57141180927796'/><Cell N='Height' V='0.8180888827997276' F='Sheet.6!Height*0.62330581546646'/><Cell N='LocPinX' V='0.2812417498789955' F='Width*0.5'/><Cell N='LocPinY' V='0.4090444413998638' F='Height*0.5'/><Cell N='Angle' V='0'/><Cell N='FlipX' V='0'/><Cell N='FlipY' V='0'/><Cell N='ResizeMode' V='0'/><Cell N='LayerMember' V=''/><Cell N='FillForegnd' V='2' F='GUARD(2)'/><Cell N='FillBkgnd' V='#c0c0c0' F='GUARD(RGB(192,192,192))'/><Cell N='FillPattern' V='1' F='GUARD(1)'/><Cell N='ShdwForegnd' V='#000000' F='Inh'/><Cell N='ShdwPattern' V='0' F='GUARD(0)'/><Cell N='LineWeight' V='0.003333333333333333' U='PT' F='GUARD(0.24PT)'/><Cell N='LineColor' V='#000000' F='GUARD(RGB(0,0,0))'/><Cell N='LinePattern' V='1' F='GUARD(1)'/><Cell N='Rounding' V='0' F='GUARD(0)'/><Cell N='BeginArrow' V='0' F='GUARD(0)'/><Cell N='EndArrow' V='0' F='GUARD(0)'/><Cell N='Copyright' V='Copyright (c) 2012 Microsoft Corporation.  All rights reserved.'/><Cell N='FillGradientEnabled' V='0' F='GUARD(FALSE)'/><Section N='FillGradient'><Row IX='0'><Cell N='GradientStopColor' V='#6bb1c9' F='Inh'/></Row><Row IX='1'><Cell N='GradientStopColor' V='#6bb1c9' F='Inh'/></Row></Section><Section N='Character'><Row IX='0'><Cell N='Color' V='#60a0b6' F='Inh'/></Row></Section><Section N='Geometry' IX='0'><Cell N='NoFill' V='0'/><Cell N='NoLine' V='0'/><Cell N='NoShow' V='0'/><Cell N='NoSnap' V='0'/><Cell N='NoQuickDrag' V='0' F='No Formula'/><Row T='MoveTo' IX='1'><Cell N='X' V='0.09374724995966705' F='Width*0.16666666666667'/><Cell N='Y' V='0.8180888827997276' F='Height*1'/></Row><Row T='LineTo' IX='2'><Cell N='X' V='0' F='Width*0'/><Cell N='Y' V='0.7647881883552803' F='Height*0.93484730624619'/></Row><Row T='LineTo' IX='3'><Cell N='X' V='0.09374724995966705' F='Width*0.16666666666667'/><Cell N='Y' V='0.6032374939108366' F='Height*0.73737402694728'/></Row><Row T='LineTo' IX='4'><Cell N='X' V='0.09374724995966705' F='Width*0.16666666666667'/><Cell N='Y' V='0.6891819383552809' F='Height*0.84242916979474'/></Row><Row T='LineTo' IX='5'><Cell N='X' V='0.164060393758803' F='Width*0.29167147806005'/><Cell N='Y' V='0.6485866258552824' F='Height*0.79280704027616'/></Row><Row T='LineTo' IX='6'><Cell N='X' V='0.2578076437184644' F='Width*0.45833814472671'/><Cell N='Y' V='0.4225630147441755' F='Height*0.51652457774276'/></Row><Row T='LineTo' IX='7'><Cell N='X' V='0.164060393758803' F='Width*0.29167147806005'/><Cell N='Y' V='0.304808848077505' F='Height*0.37258646888632'/></Row><Row T='LineTo' IX='8'><Cell N='X' V='0.09374724995966705' F='Width*0.16666666666667'/><Cell N='Y' V='0.3454041605775117' F='Height*0.42220859840491'/></Row><Row T='LineTo' IX='9'><Cell N='X' V='0.09374724995966705' F='Width*0.16666666666667'/><Cell N='Y' V='0.431348605021956' F='Height*0.52726374125237'/></Row><Row T='LineTo' IX='10'><Cell N='X' V='0' F='Width*0'/><Cell N='Y' V='0.3780479105775088' F='Height*0.46211104749856'/></Row><Row T='LineTo' IX='11'><Cell N='X' V='0.09374724995966705' F='Width*0.16666666666667'/><Cell N='Y' V='0.2165000000000015' F='Height*0.26464117109021'/></Row><Row T='LineTo' IX='12'><Cell N='X' V='0.09374724995966705' F='Width*0.16666666666667'/><Cell N='Y' V='0.3024416605775093' F='Height*0.36969291104711'/></Row><Row T='EllipticalArcTo' IX='13'><Cell N='X' V='0.1874944999193285' F='Width*0.33333333333333'/><Cell N='Y' V='0.248316660577511' F='Height*0.30353261827456'/><Cell N='A' V='0.1400721841982038' U='DL' F='Width*0.24902452117879'/><Cell N='B' V='0.2744960617950131' U='DL' F='Height*0.33553329909045'/><Cell N='C' V='-0.03086207476625602' U='DA' F='_ELLIPSE_THETA(-0.030862074766249,1.073254507742,0.64283828543771,0.93495872319969,Width,Height)'/><Cell N='D' V='1.073254507741992' F='_ELLIPSE_ECC(-0.030862074766249,1.073254507742,0.64283828543771,0.93495872319969,Width,Height,Geometry1.C13)'/></Row><Row T='LineTo' IX='14'><Cell N='X' V='0.2812417498789955' F='Width*0.5'/><Cell N='Y' V='0.3660708272441734' F='Height*0.44747072713099'/></Row><Row T='LineTo' IX='15'><Cell N='X' V='0.3749889998386626' F='Width*0.66666666666667'/><Cell N='Y' V='0.1400666605775061' F='Height*0.17121203272945'/></Row><Row T='LineTo' IX='16'><Cell N='X' V='0.468736249798324' F='Width*0.83333333333333'/><Cell N='Y' V='0.08594166057750782' F='Height*0.1050517399569'/></Row><Row T='LineTo' IX='17'><Cell N='X' V='0.468736249798324' F='Width*0.83333333333333'/><Cell N='Y' V='0' F='Height*0'/></Row><Row T='LineTo' IX='18'><Cell N='X' V='0.5624834997579911' F='Width*1'/><Cell N='Y' V='0.05329791057750906' F='Height*0.065149290863248'/></Row><Row T='LineTo' IX='19'><Cell N='X' V='0.468736249798324' F='Width*0.83333333333333'/><Cell N='Y' V='0.2148486050219546' F='Height*0.26262257016216'/></Row><Row T='LineTo' IX='20'><Cell N='X' V='0.468736249798324' F='Width*0.83333333333333'/><Cell N='Y' V='0.1289041605775102' F='Height*0.1575674273147'/></Row><Row T='LineTo' IX='21'><Cell N='X' V='0.398423105999188' F='Width*0.70832852193995'/><Cell N='Y' V='0.1694994730775087' F='Height*0.20718955683328'/></Row><Row T='LineTo' IX='22'><Cell N='X' V='0.3046758560395266' F='Width*0.54166185527329'/><Cell N='Y' V='0.3955036397441759' F='Height*0.48344825123482'/></Row><Row T='LineTo' IX='23'><Cell N='X' V='0.398423105999188' F='Width*0.70832852193995'/><Cell N='Y' V='0.5132772508552861' F='Height*0.62741012822312'/></Row><Row T='LineTo' IX='24'><Cell N='X' V='0.468736249798324' F='Width*0.83333333333333'/><Cell N='Y' V='0.4726819383552876' F='Height*0.57778799870454'/></Row><Row T='LineTo' IX='25'><Cell N='X' V='0.468736249798324' F='Width*0.83333333333333'/><Cell N='Y' V='0.3867374939108433' F='Height*0.47273285585708'/></Row><Row T='LineTo' IX='26'><Cell N='X' V='0.5624834997579911' F='Width*1'/><Cell N='Y' V='0.4400381883552822' F='Height*0.53788554961088'/></Row><Row T='LineTo' IX='27'><Cell N='X' V='0.468736249798324' F='Width*0.83333333333333'/><Cell N='Y' V='0.6015888827997261' F='Height*0.73535882890979'/></Row><Row T='LineTo' IX='28'><Cell N='X' V='0.468736249798324' F='Width*0.83333333333333'/><Cell N='Y' V='0.5156444383552817' F='Height*0.63030368606233'/></Row><Row T='LineTo' IX='29'><Cell N='X' V='0.3749889998386626' F='Width*0.66666666666667'/><Cell N='Y' V='0.5697694383552883' F='Height*0.69646397883489'/></Row><Row T='EllipticalArcTo' IX='30'><Cell N='X' V='0.2812417498789955' F='Width*0.5'/><Cell N='Y' V='0.4519958272441699' F='Height*0.55250210184658'/><Cell N='A' V='0.3238809239059868' U='DL' F='Width*0.57580519969979'/><Cell N='B' V='0.5079093017426695' U='DL' F='Height*0.62084855621612'/><Cell N='C' V='-0.04611432159961515' U='DA' F='_ELLIPSE_THETA(-3.1877069751894,1.073254507742,0.64283828543771,0.93495872319969,Width,Height)'/><Cell N='D' V='1.073254507741992' F='_ELLIPSE_ECC(-3.1877069751894,1.073254507742,0.64283828543771,0.93495872319969,Width,Height,Geometry1.C30)'/></Row><Row T='LineTo' IX='31'><Cell N='X' V='0.1874944999193285' F='Width*0.33333333333333'/><Cell N='Y' V='0.678019438355285' F='Height*0.82878456437999'/></Row><Row T='LineTo' IX='32'><Cell N='X' V='0.09374724995966705' F='Width*0.16666666666667'/><Cell N='Y' V='0.7321444383552832' F='Height*0.89494485715254'/></Row><Row T='LineTo' IX='33'><Cell N='X' V='0.09374724995966705' F='Geometry1.X1'/><Cell N='Y' V='0.8180888827997276' F='Geometry1.Y1'/></Row></Section></Shape></Shapes></Shape><Shape ID='13' NameU='ATM switch' IsCustomNameU='1' Name='ATM switch' IsCustomName='1' Type='Group' LineStyle='3' FillStyle='3' TextStyle='3'><Cell N='PinX' V='0.4921875000000008' F='Sheet.5!Width*0.3333333449733'/><Cell N='PinY' V='0.656249999999999' F='Sheet.5!Height*0.5'/><Cell N='Width' V='0.9843749999999986' F='Sheet.5!Width*0.6666666899466'/><Cell N='Height' V='1.3125' F='Sheet.5!Height*1'/><Cell N='LocPinX' V='0.4921874999999993' F='Width*0.5'/><Cell N='LocPinY' V='0.656249999999999' F='Height*0.5'/><Cell N='Angle' V='0'/><Cell N='FlipX' V='0'/><Cell N='FlipY' V='0'/><Cell N='ResizeMode' V='0'/><Cell N='EventDblClick' V='0' F='OPENTEXTWIN()'/><Cell N='LayerMember' V=''/><Cell N='ObjType' V='8'/><Cell N='Comment' V='&lt;no master&gt;' F='INDEX(0,INDEX(0,MASTERNAME(),":"),".")'/><Cell N='TxtPinX' V='0.4921874999999993' F='Controls.Row_1'/><Cell N='TxtPinY' V='-0.1555555555555556' F='Controls.Row_1.Y'/><Cell N='TxtWidth' V='0.1111111111111111' F='TEXTWIDTH(TheText)'/><Cell N='TxtHeight' V='0.3111111111111111' F='TEXTHEIGHT(TheText,TxtWidth)'/><Cell N='TxtLocPinX' V='0.05555555555555555' F='TxtWidth*0.5'/><Cell N='TxtLocPinY' V='0.1555555555555556' F='TxtHeight*0.5'/><Cell N='TxtAngle' V='0' F='IF(BITXOR(FlipX,FlipY),1,-1)*Angle'/><Cell N='SelectMode' V='0'/><Cell N='HelpTopic' V='Vis_PRXY.chm!#55173'/><Cell N='Copyright' V='Copyright (c) 2012 Microsoft Corporation.  All rights reserved.'/><Cell N='LockAspect' V='1'/><Cell N='QuickStyleVariation' V='6'/><Section N='User'><Row N='HasText'><Cell N='Value' V='0' U='BOOL' F='NOT(OR(HideText,STRSAME(SHAPETEXT(TheText),"")))'/><Cell N='Prompt' V='' F='No Formula'/></Row><Row N='ShapeClass'><Cell N='Value' V='5'/><Cell N='Prompt' V='' F='No Formula'/></Row><Row N='ShapeType'><Cell N='Value' V='8'/><Cell N='Prompt' V='' F='No Formula'/></Row><Row N='SubShapeType'><Cell N='Value' V='66'/><Cell N='Prompt' V='' F='No Formula'/></Row><Row N='visLegendShape'><Cell N='Value' V='2'/><Cell N='Prompt' V='' F='No Formula'/></Row><Row N='SolSH'><Cell N='Value' V='{BF0433D9-CD73-4EB5-8390-8653BE590246}' U='GUID'/><Cell N='Prompt' V='' F='No Formula'/></Row><Row N='visVersion'><Cell N='Value' V='15'/><Cell N='Prompt' V=''/></Row></Section><Section N='Actions'><Row N='Properties'><Cell N='Menu' V='%_P&amp;roperties'/><Cell N='Action' V='0' F='RUNADDON("NETWORK SHAPE PROPERTIES")'/><Cell N='Checked' V='0'/><Cell N='Disabled' V='0'/><Cell N='ReadOnly' V='0'/><Cell N='Invisible' V='0'/><Cell N='BeginGroup' V='0'/><Cell N='FlyoutChild' V='0' F='No Formula'/><Cell N='TagName' V=''/><Cell N='ButtonFace' V=''/><Cell N='SortKey' V=''/></Row></Section><Section N='Connection'><Row T='Connection' N='Row_1'><Cell N='X' V='0.4921874999999993' F='Width*0.5'/><Cell N='Y' V='0.656249999999999' F='Height*0.5'/><Cell N='DirX' V='0'/><Cell N='DirY' V='0'/><Cell N='Type' V='0'/><Cell N='AutoGen' V='0'/><Cell N='Prompt' V='' F='No Formula'/></Row></Section><Section N='Control'><Row N='Row_1'><Cell N='X' V='0.4921874999999993' F='Width*0.5'/><Cell N='Y' V='-0.1555555555555556' F='-TxtHeight*0.5'/><Cell N='XDyn' V='0.4921874999999993' F='Controls.Row_1'/><Cell N='YDyn' V='-0.1555555555555556' F='Controls.Row_1.Y'/><Cell N='XCon' V='2' F='(Controls.Row_1&gt;Width/2)*2+2'/><Cell N='YCon' V='7' F='(Controls.Row_1.Y&gt;Height/2)*2+2+5*NOT(User.HasText)'/><Cell N='CanGlue' V='1'/><Cell N='Prompt' V='Reposition Text'/></Row></Section><Section N='Property'><Row N='ShapeClass'><Cell N='Value' V='Equipment' U='STR'/><Cell N='Prompt' V='' F='No Formula'/><Cell N='Label' V='ShapeClass'/><Cell N='Format' V='' F='No Formula'/><Cell N='SortKey' V='' F='No Formula'/><Cell N='Type' V='0'/><Cell N='Invisible' V='1'/><Cell N='Verify' V='0'/><Cell N='DataLinked' V='0' F='No Formula'/><Cell N='LangID' V='en-US'/><Cell N='Calendar' V='0' F='No Formula'/></Row><Row N='ShapeType'><Cell N='Value' V='Device' U='STR'/><Cell N='Prompt' V='' F='No Formula'/><Cell N='Label' V='ShapeType'/><Cell N='Format' V='' F='No Formula'/><Cell N='SortKey' V='' F='No Formula'/><Cell N='Type' V='0'/><Cell N='Invisible' V='1'/><Cell N='Verify' V='0'/><Cell N='DataLinked' V='0' F='No Formula'/><Cell N='LangID' V='en-US'/><Cell N='Calendar' V='0' F='No Formula'/></Row><Row N='SubShapeType'><Cell N='Value' V='Switch' U='STR'/><Cell N='Prompt' V='' F='No Formula'/><Cell N='Label' V='SubShapeType'/><Cell N='Format' V='' F='No Formula'/><Cell N='SortKey' V='' F='No Formula'/><Cell N='Type' V='0'/><Cell N='Invisible' V='1'/><Cell N='Verify' V='0'/><Cell N='DataLinked' V='0' F='No Formula'/><Cell N='LangID' V='en-US'/><Cell N='Calendar' V='0' F='No Formula'/></Row><Row N='Manufacturer'><Cell N='Value' V='0' F='No Formula'/><Cell N='Prompt' V='' F='No Formula'/><Cell N='Label' V='Manufacturer'/><Cell N='Format' V='' F='No Formula'/><Cell N='SortKey' V='Equipment'/><Cell N='Type' V='0'/><Cell N='Invisible' V='0'/><Cell N='Verify' V='0'/><Cell N='DataLinked' V='0' F='No Formula'/><Cell N='LangID' V='en-US'/><Cell N='Calendar' V='0' F='No Formula'/></Row><Row N='ProductNumber'><Cell N='Value' V='0' F='No Formula'/><Cell N='Prompt' V='' F='No Formula'/><Cell N='Label' V='Product Number'/><Cell N='Format' V='' F='No Formula'/><Cell N='SortKey' V='Equipment'/><Cell N='Type' V='0'/><Cell N='Invisible' V='0'/><Cell N='Verify' V='0'/><Cell N='DataLinked' V='0' F='No Formula'/><Cell N='LangID' V='en-US'/><Cell N='Calendar' V='0' F='No Formula'/></Row><Row N='PartNumber'><Cell N='Value' V='0' F='No Formula'/><Cell N='Prompt' V='' F='No Formula'/><Cell N='Label' V='Part Number'/><Cell N='Format' V='' F='No Formula'/><Cell N='SortKey' V='Equipment'/><Cell N='Type' V='0'/><Cell N='Invisible' V='0'/><Cell N='Verify' V='0'/><Cell N='DataLinked' V='0' F='No Formula'/><Cell N='LangID' V='en-US'/><Cell N='Calendar' V='0' F='No Formula'/></Row><Row N='ProductDescription'><Cell N='Value' V='0' F='No Formula'/><Cell N='Prompt' V='' F='No Formula'/><Cell N='Label' V='Product Description'/><Cell N='Format' V='' F='No Formula'/><Cell N='SortKey' V='Equipment'/><Cell N='Type' V='0'/><Cell N='Invisible' V='0'/><Cell N='Verify' V='0'/><Cell N='DataLinked' V='0' F='No Formula'/><Cell N='LangID' V='en-US'/><Cell N='Calendar' V='0' F='No Formula'/></Row><Row N='AssetNumber'><Cell N='Value' V='0' F='No Formula'/><Cell N='Prompt' V='' F='No Formula'/><Cell N='Label' V='Asset Number'/><Cell N='Format' V='' F='No Formula'/><Cell N='SortKey' V='Asset'/><Cell N='Type' V='0'/><Cell N='Invisible' V='0'/><Cell N='Verify' V='0'/><Cell N='DataLinked' V='0' F='No Formula'/><Cell N='LangID' V='en-US'/><Cell N='Calendar' V='0' F='No Formula'/></Row><Row N='SerialNumber'><Cell N='Value' V='0' F='No Formula'/><Cell N='Prompt' V='' F='No Formula'/><Cell N='Label' V='Serial Number'/><Cell N='Format' V='' F='No Formula'/><Cell N='SortKey' V='Asset'/><Cell N='Type' V='0'/><Cell N='Invisible' V='0'/><Cell N='Verify' V='0'/><Cell N='DataLinked' V='0' F='No Formula'/><Cell N='LangID' V='en-US'/><Cell N='Calendar' V='0' F='No Formula'/></Row><Row N='Location'><Cell N='Value' V='0' F='No Formula'/><Cell N='Prompt' V='' F='No Formula'/><Cell N='Label' V='Location'/><Cell N='Format' V='' F='No Formula'/><Cell N='SortKey' V='Asset'/><Cell N='Type' V='0'/><Cell N='Invisible' V='0'/><Cell N='Verify' V='0'/><Cell N='DataLinked' V='0' F='No Formula'/><Cell N='LangID' V='en-US'/><Cell N='Calendar' V='0' F='No Formula'/></Row><Row N='Building'><Cell N='Value' V='0' F='No Formula'/><Cell N='Prompt' V='' F='No Formula'/><Cell N='Label' V='Building'/><Cell N='Format' V='' F='No Formula'/><Cell N='SortKey' V='Asset'/><Cell N='Type' V='0'/><Cell N='Invisible' V='0'/><Cell N='Verify' V='0'/><Cell N='DataLinked' V='0' F='No Formula'/><Cell N='LangID' V='en-US'/><Cell N='Calendar' V='0' F='No Formula'/></Row><Row N='Room'><Cell N='Value' V='0' F='No Formula'/><Cell N='Prompt' V='' F='No Formula'/><Cell N='Label' V='Room'/><Cell N='Format' V='' F='No Formula'/><Cell N='SortKey' V='Asset'/><Cell N='Type' V='0'/><Cell N='Invisible' V='0'/><Cell N='Verify' V='0'/><Cell N='DataLinked' V='0' F='No Formula'/><Cell N='LangID' V='en-US'/><Cell N='Calendar' V='0' F='No Formula'/></Row><Row N='NetworkName'><Cell N='Value' V='0' F='No Formula'/><Cell N='Prompt' V='' F='No Formula'/><Cell N='Label' V='Network Name'/><Cell N='Format' V='' F='No Formula'/><Cell N='SortKey' V='Network'/><Cell N='Type' V='0'/><Cell N='Invisible' V='0'/><Cell N='Verify' V='0'/><Cell N='DataLinked' V='0' F='No Formula'/><Cell N='LangID' V='en-US'/><Cell N='Calendar' V='0' F='No Formula'/></Row><Row N='IPAddress'><Cell N='Value' V='0' F='No Formula'/><Cell N='Prompt' V='' F='No Formula'/><Cell N='Label' V='IP Address'/><Cell N='Format' V='' F='No Formula'/><Cell N='SortKey' V='Network'/><Cell N='Type' V='0'/><Cell N='Invisible' V='0'/><Cell N='Verify' V='0'/><Cell N='DataLinked' V='0' F='No Formula'/><Cell N='LangID' V='en-US'/><Cell N='Calendar' V='0' F='No Formula'/></Row><Row N='SubnetMask'><Cell N='Value' V='0' F='No Formula'/><Cell N='Prompt' V='' F='No Formula'/><Cell N='Label' V='Subnet Mask'/><Cell N='Format' V='' F='No Formula'/><Cell N='SortKey' V='Network'/><Cell N='Type' V='0'/><Cell N='Invisible' V='0'/><Cell N='Verify' V='0'/><Cell N='DataLinked' V='0' F='No Formula'/><Cell N='LangID' V='en-US'/><Cell N='Calendar' V='0' F='No Formula'/></Row><Row N='AdminInterface'><Cell N='Value' V='0' F='No Formula'/><Cell N='Prompt' V='' F='No Formula'/><Cell N='Label' V='Administrative Interface'/><Cell N='Format' V='' F='No Formula'/><Cell N='SortKey' V='Network'/><Cell N='Type' V='0'/><Cell N='Invisible' V='0'/><Cell N='Verify' V='0'/><Cell N='DataLinked' V='0' F='No Formula'/><Cell N='LangID' V='en-US'/><Cell N='Calendar' V='0' F='No Formula'/></Row><Row N='NumberOfPorts'><Cell N='Value' V='0' F='No Formula'/><Cell N='Prompt' V='' F='No Formula'/><Cell N='Label' V='Number of Ports'/><Cell N='Format' V='' F='No Formula'/><Cell N='SortKey' V='Network'/><Cell N='Type' V='0'/><Cell N='Invisible' V='0'/><Cell N='Verify' V='0'/><Cell N='DataLinked' V='0' F='No Formula'/><Cell N='LangID' V='en-US'/><Cell N='Calendar' V='0' F='No Formula'/></Row><Row N='MACAddress'><Cell N='Value' V='0' F='No Formula'/><Cell N='Prompt' V='' F='No Formula'/><Cell N='Label' V='MAC Address'/><Cell N='Format' V='' F='No Formula'/><Cell N='SortKey' V='Network'/><Cell N='Type' V='0'/><Cell N='Invisible' V='0'/><Cell N='Verify' V='0'/><Cell N='DataLinked' V='0' F='No Formula'/><Cell N='LangID' V='en-US'/><Cell N='Calendar' V='0' F='No Formula'/></Row><Row N='CommunityString'><Cell N='Value' V='0' F='No Formula'/><Cell N='Prompt' V='' F='No Formula'/><Cell N='Label' V='Community String'/><Cell N='Format' V='' F='No Formula'/><Cell N='SortKey' V='Network'/><Cell N='Type' V='0'/><Cell N='Invisible' V='0'/><Cell N='Verify' V='0'/><Cell N='DataLinked' V='0' F='No Formula'/><Cell N='LangID' V='en-US'/><Cell N='Calendar' V='0' F='No Formula'/></Row><Row N='NetworkDescription'><Cell N='Value' V='0' F='No Formula'/><Cell N='Prompt' V='' F='No Formula'/><Cell N='Label' V='Network Description'/><Cell N='Format' V='' F='No Formula'/><Cell N='SortKey' V='Network'/><Cell N='Type' V='0'/><Cell N='Invisible' V='0'/><Cell N='Verify' V='0'/><Cell N='DataLinked' V='0' F='No Formula'/><Cell N='LangID' V='en-US'/><Cell N='Calendar' V='0' F='No Formula'/></Row></Section><Shapes><Shape ID='14' Type='Shape' LineStyle='3' FillStyle='3' TextStyle='3'><Cell N='PinX' V='0.4871874999999991' U='IN' F='Width/2+-0.0050000000000002IN*DropOnPageScale'/><Cell N='PinY' V='0.656249999999999' F='Height/2'/><Cell N='Width' V='0.9843749999999986' F='Sheet.13!Width*1'/><Cell N='Height' V='1.3125' F='Sheet.13!Height*1'/><Cell N='LocPinX' V='0.4921874999999993' F='Width*0.5'/><Cell N='LocPinY' V='0.656249999999999' F='Height*0.5'/><Cell N='Angle' V='0'/><Cell N='FlipX' V='0'/><Cell N='FlipY' V='0'/><Cell N='ResizeMode' V='0'/><Cell N='DropOnPageScale' V='1' F='Sheet.13!DropOnPageScale'/><Cell N='LineWeight' V='0.01' U='PT' F='GUARD(0.72PT)'/><Cell N='LinePattern' V='1' F='GUARD(1)'/><Cell N='Rounding' V='0' F='GUARD(0)'/><Cell N='BeginArrow' V='0' F='GUARD(0)'/><Cell N='EndArrow' V='0' F='GUARD(0)'/><Cell N='LineColorTrans' V='1' F='GUARD(100%)'/><Cell N='FillForegnd' V='6' F='GUARD(6)'/><Cell N='FillBkgnd' V='6' F='GUARD(6)'/><Cell N='FillPattern' V='1' F='GUARD(1)'/><Cell N='FillForegndTrans' V='1' F='GUARD(100%)'/><Cell N='FillBkgndTrans' V='1' F='GUARD(100%)'/><Cell N='Copyright' V='Copyright (c) 2012 Microsoft Corporation.  All rights reserved.'/><Cell N='FillGradientEnabled' V='0' F='GUARD(FALSE)'/><Section N='Geometry' IX='0'><Cell N='NoFill' V='0'/><Cell N='NoLine' V='0'/><Cell N='NoShow' V='0'/><Cell N='NoSnap' V='0'/><Cell N='NoQuickDrag' V='0' F='No Formula'/><Row T='MoveTo' IX='1'><Cell N='X' V='0.6562500000000023' F='Width*0.66666666666667'/><Cell N='Y' V='0' F='Height*0'/></Row><Row T='LineTo' IX='2'><Cell N='X' V='0.9843749999999986' F='Width*1'/><Cell N='Y' V='0.1894430570778504' F='Height*0.14433756729741'/></Row><Row T='LineTo' IX='3'><Cell N='X' V='0.9843749999999986' F='Width*1'/><Cell N='Y' V='0.9336138858443105' F='Height*0.71132486540519'/></Row><Row T='LineTo' IX='4'><Cell N='X' V='0.3281249999999962' F='Width*0.33333333333333'/><Cell N='Y' V='1.3125' F='Height*1'/></Row><Row T='LineTo' IX='5'><Cell N='X' V='0' F='Width*0'/><Cell N='Y' V='1.123056942922148' F='Height*0.85566243270259'/></Row><Row T='LineTo' IX='6'><Cell N='X' V='0' F='Width*0'/><Cell N='Y' V='0.3788861141556875' F='Height*0.28867513459481'/></Row><Row T='LineTo' IX='7'><Cell N='X' V='0.6562500000000023' F='Width*0.66666666666667'/><Cell N='Y' V='0' F='Height*0'/></Row></Section></Shape><Shape ID='15' Type='Shape' LineStyle='14' FillStyle='14' TextStyle='14'><Cell N='PinX' V='0.8159375' F='Sheet.13!Width*0.82888888888889'/><Cell N='PinY' V='0.468994442922153' F='Sheet.13!Height*0.35732909936926'/><Cell N='Width' V='0.3281249999999962' F='Sheet.13!Width*0.33333333333333'/><Cell N='Height' V='0.9336138858443105' F='Sheet.13!Height*0.71132486540519'/><Cell N='LocPinX' V='0.1640624999999981' F='Width*0.5'/><Cell N='LocPinY' V='0.4668069429221552' F='Height*0.5'/><Cell N='Angle' V='0'/><Cell N='FlipX' V='0'/><Cell N='FlipY' V='0'/><Cell N='ResizeMode' V='0'/><Cell N='LayerMember' V=''/><Cell N='FillForegnd' V='#6bb1c9' F='Inh'/><Cell N='FillBkgnd' V='#6bb1c9' F='Inh'/><Cell N='FillPattern' V='31' F='GUARD(31)'/><Cell N='ShdwForegnd' V='#000000' F='Inh'/><Cell N='ShdwPattern' V='0' F='GUARD(0)'/><Cell N='LineWeight' V='0.01' U='PT' F='GUARD(0.72PT)'/><Cell N='LineColor' V='#ffffff' F='GUARD(RGB(255,255,255))'/><Cell N='LinePattern' V='1' F='GUARD(1)'/><Cell N='Rounding' V='0' F='GUARD(0)'/><Cell N='BeginArrow' V='0' F='GUARD(0)'/><Cell N='EndArrow' V='0' F='GUARD(0)'/><Cell N='Copyright' V='Copyright (c) 2012 Microsoft Corporation.  All rights reserved.'/><Cell N='FillGradientDir' V='12' F='GUARD(12)'/><Cell N='FillGradientEnabled' V='1' F='GUARD(TRUE)'/><Cell N='UseGroupGradient' V='0' F='GUARD(FALSE)'/><Section N='FillGradient'><Row IX='0'><Cell N='GradientStopColor' V='#6bb1c9' F='Inh'/></Row><Row IX='1'><Cell N='GradientStopColor' V='#6bb1c9' F='Inh'/></Row></Section><Section N='Character'><Row IX='0'><Cell N='Color' V='#60a0b6' F='Inh'/></Row></Section><Section N='Geometry' IX='0'><Cell N='NoFill' V='0'/><Cell N='NoLine' V='0'/><Cell N='NoShow' V='0'/><Cell N='NoSnap' V='0'/><Cell N='NoQuickDrag' V='0' F='No Formula'/><Row T='MoveTo' IX='1'><Cell N='X' V='0' F='Width*0'/><Cell N='Y' V='0.7441708287664629' F='Height*0.79708629022101'/></Row><Row T='LineTo' IX='2'><Cell N='X' V='0' F='Width*0'/><Cell N='Y' V='0' F='Height*0'/></Row><Row T='LineTo' IX='3'><Cell N='X' V='0.3281249999999962' F='Width*1'/><Cell N='Y' V='0.1894430570778475' F='Height*0.20291370977899'/></Row><Row T='LineTo' IX='4'><Cell N='X' V='0.3281249999999962' F='Width*1'/><Cell N='Y' V='0.9336138858443105' F='Height*1'/></Row><Row T='LineTo' IX='5'><Cell N='X' V='0' F='Geometry1.X1'/><Cell N='Y' V='0.7441708287664629' F='Geometry1.Y1'/></Row></Section></Shape><Shape ID='16' Type='Shape' LineStyle='8' FillStyle='8' TextStyle='8'><Cell N='PinX' V='0.4878125000000037' F='Sheet.13!Width*0.49555555555556'/><Cell N='PinY' V='1.030522914383234' F='Sheet.13!Height*0.78516031572056'/><Cell N='Width' V='0.9843749999999986' F='Sheet.13!Width*1'/><Cell N='Height' V='0.5683291712335379' F='Sheet.13!Height*0.43301270189222'/><Cell N='LocPinX' V='0.4921874999999993' F='Width*0.5'/><Cell N='LocPinY' V='0.2841645856167689' F='Height*0.5'/><Cell N='Angle' V='0'/><Cell N='FlipX' V='0'/><Cell N='FlipY' V='0'/><Cell N='ResizeMode' V='0'/><Cell N='LayerMember' V=''/><Cell N='FillForegnd' V='#6bb1c9' F='Inh'/><Cell N='FillBkgnd' V='#6bb1c9' F='Inh'/><Cell N='FillPattern' V='30' F='GUARD(30)'/><Cell N='ShdwForegnd' V='#000000' F='Inh'/><Cell N='ShdwPattern' V='0' F='GUARD(0)'/><Cell N='LineWeight' V='0.01' U='PT' F='GUARD(0.72PT)'/><Cell N='LineColor' V='#ffffff' F='GUARD(RGB(255,255,255))'/><Cell N='LinePattern' V='1' F='GUARD(1)'/><Cell N='Rounding' V='0' F='GUARD(0)'/><Cell N='BeginArrow' V='0' F='GUARD(0)'/><Cell N='EndArrow' V='0' F='GUARD(0)'/><Cell N='Copyright' V='Copyright (c) 2012 Microsoft Corporation.  All rights reserved.'/><Cell N='FillGradientDir' V='0' F='GUARD(0)'/><Cell N='FillGradientAngle' V='4.7123889803847' U='DEG' F='GUARD(270DEG)'/><Cell N='FillGradientEnabled' V='1' F='GUARD(TRUE)'/><Cell N='UseGroupGradient' V='0' F='GUARD(FALSE)'/><Section N='FillGradient'><Row IX='0'><Cell N='GradientStopColor' V='#6bb1c9' F='Inh'/></Row><Row IX='1'><Cell N='GradientStopColor' V='#6bb1c9' F='Inh'/></Row></Section><Section N='Character'><Row IX='0'><Cell N='Color' V='#60a0b6' F='Inh'/></Row></Section><Section N='Geometry' IX='0'><Cell N='NoFill' V='0'/><Cell N='NoLine' V='0'/><Cell N='NoShow' V='0'/><Cell N='NoSnap' V='0'/><Cell N='NoQuickDrag' V='0' F='No Formula'/><Row T='MoveTo' IX='1'><Cell N='X' V='0' F='Width*0'/><Cell N='Y' V='0.3788861141556881' F='Height*0.66666666666666'/></Row><Row T='LineTo' IX='2'><Cell N='X' V='0.6562500000000023' F='Width*0.66666666666667'/><Cell N='Y' V='0' F='Height*0'/></Row><Row T='LineTo' IX='3'><Cell N='X' V='0.9843749999999986' F='Width*1'/><Cell N='Y' V='0.1894430570778497' F='Height*0.33333333333334'/></Row><Row T='LineTo' IX='4'><Cell N='X' V='0.3281249999999962' F='Width*0.33333333333333'/><Cell N='Y' V='0.5683291712335379' F='Height*1'/></Row><Row T='LineTo' IX='5'><Cell N='X' V='0' F='Geometry1.X1'/><Cell N='Y' V='0.3788861141556881' F='Geometry1.Y1'/></Row></Section></Shape><Shape ID='17' Type='Shape' LineStyle='10' FillStyle='10' TextStyle='10'><Cell N='PinX' V='0.3237500000000007' F='Sheet.13!Width*0.32888888888889'/><Cell N='PinY' V='0.5637159714610717' F='Sheet.13!Height*0.42949788301796'/><Cell N='Width' V='0.6562500000000023' F='Sheet.13!Width*0.66666666666667'/><Cell N='Height' V='1.123056942922148' F='Sheet.13!Height*0.85566243270259'/><Cell N='LocPinX' V='0.3281250000000012' F='Width*0.5'/><Cell N='LocPinY' V='0.5615284714610739' F='Height*0.5'/><Cell N='Angle' V='0'/><Cell N='FlipX' V='0'/><Cell N='FlipY' V='0'/><Cell N='ResizeMode' V='0'/><Cell N='LayerMember' V=''/><Cell N='FillForegnd' V='#6bb1c9' F='Inh'/><Cell N='FillBkgnd' V='#6bb1c9' F='Inh'/><Cell N='FillPattern' V='32' F='GUARD(32)'/><Cell N='ShdwForegnd' V='#000000' F='Inh'/><Cell N='ShdwPattern' V='0' F='GUARD(0)'/><Cell N='LineWeight' V='0.01' U='PT' F='GUARD(0.72PT)'/><Cell N='LineColor' V='#000000' F='GUARD(RGB(0,0,0))'/><Cell N='LinePattern' V='1' F='GUARD(1)'/><Cell N='Rounding' V='0' F='GUARD(0)'/><Cell N='BeginArrow' V='0' F='GUARD(0)'/><Cell N='EndArrow' V='0' F='GUARD(0)'/><Cell N='Copyright' V='Copyright (c) 2012 Microsoft Corporation.  All rights reserved.'/><Cell N='FillGradientDir' V='11' F='GUARD(11)'/><Cell N='FillGradientEnabled' V='1' F='GUARD(TRUE)'/><Cell N='UseGroupGradient' V='0' F='GUARD(FALSE)'/><Section N='FillGradient'><Row IX='0'><Cell N='GradientStopColor' V='#6bb1c9' F='Inh'/></Row><Row IX='1'><Cell N='GradientStopColor' V='#6bb1c9' F='Inh'/></Row></Section><Section N='Character'><Row IX='0'><Cell N='Color' V='#60a0b6' F='Inh'/></Row></Section><Section N='Geometry' IX='0'><Cell N='NoFill' V='0'/><Cell N='NoLine' V='0'/><Cell N='NoShow' V='0'/><Cell N='NoSnap' V='0'/><Cell N='NoQuickDrag' V='0' F='No Formula'/><Row T='MoveTo' IX='1'><Cell N='X' V='0' F='Width*0'/><Cell N='Y' V='0.3788861141556901' F='Height*0.33737035022449'/></Row><Row T='LineTo' IX='2'><Cell N='X' V='0.6562500000000023' F='Width*1'/><Cell N='Y' V='0' F='Height*0'/></Row><Row T='LineTo' IX='3'><Cell N='X' V='0.6562500000000023' F='Width*1'/><Cell N='Y' V='0.7441708287664577' F='Height*0.66262964977551'/></Row><Row T='LineTo' IX='4'><Cell N='X' V='0' F='Width*0'/><Cell N='Y' V='1.123056942922148' F='Height*1'/></Row><Row T='LineTo' IX='5'><Cell N='X' V='0' F='Geometry1.X1'/><Cell N='Y' V='0.3788861141556901' F='Geometry1.Y1'/></Row></Section></Shape><Shape ID='18' Type='Shape' LineStyle='12' FillStyle='12' TextStyle='12'><Cell N='PinX' V='0.4878125000000037' F='Sheet.13!Width*0.49555555555556'/><Cell N='PinY' V='0.6584375000000035' F='Sheet.13!Height*0.50166666666667'/><Cell N='Width' V='0.9843749999999986' F='Sheet.13!Width*1'/><Cell N='Height' V='1.3125' F='Sheet.13!Height*1'/><Cell N='LocPinX' V='0.4921874999999993' F='Width*0.5'/><Cell N='LocPinY' V='0.656249999999999' F='Height*0.5'/><Cell N='Angle' V='0'/><Cell N='FlipX' V='0'/><Cell N='FlipY' V='0'/><Cell N='ResizeMode' V='0'/><Cell N='LayerMember' V=''/><Cell N='FillForegnd' V='#6bb1c9' F='Inh'/><Cell N='FillBkgnd' V='#6bb1c9' F='Inh'/><Cell N='FillPattern' V='1' F='GUARD(1)'/><Cell N='ShdwForegnd' V='#000000' F='Inh'/><Cell N='ShdwPattern' V='0' F='GUARD(0)'/><Cell N='LineWeight' V='0.02083333333333333' U='PT' F='GUARD(1.5PT)'/><Cell N='LineColor' V='#c7dde6' F='Inh'/><Cell N='LinePattern' V='1' F='GUARD(1)'/><Cell N='Rounding' V='0' F='GUARD(0)'/><Cell N='BeginArrow' V='0' F='GUARD(0)'/><Cell N='EndArrow' V='0' F='GUARD(0)'/><Cell N='Copyright' V='Copyright (c) 2012 Microsoft Corporation.  All rights reserved.'/><Cell N='FillGradientEnabled' V='0' F='GUARD(FALSE)'/><Section N='Character'><Row IX='0'><Cell N='Color' V='#60a0b6' F='Inh'/></Row></Section><Section N='Geometry' IX='0'><Cell N='NoFill' V='1'/><Cell N='NoLine' V='0'/><Cell N='NoShow' V='0'/><Cell N='NoSnap' V='0'/><Cell N='NoQuickDrag' V='0' F='No Formula'/><Row T='MoveTo' IX='1'><Cell N='X' V='0' F='Width*0'/><Cell N='Y' V='1.123056942922148' F='Height*0.85566243270259'/></Row><Row T='LineTo' IX='2'><Cell N='X' V='0' F='Width*0'/><Cell N='Y' V='0.3788861141556875' F='Height*0.28867513459481'/></Row><Row T='LineTo' IX='3'><Cell N='X' V='0.6562500000000023' F='Width*0.66666666666667'/><Cell N='Y' V='0' F='Height*0'/></Row><Row T='LineTo' IX='4'><Cell N='X' V='0.9843749999999986' F='Width*1'/><Cell N='Y' V='0.1894430570778504' F='Height*0.14433756729741'/></Row><Row T='LineTo' IX='5'><Cell N='X' V='0.9843749999999986' F='Width*1'/><Cell N='Y' V='0.9336138858443105' F='Height*0.71132486540519'/></Row><Row T='LineTo' IX='6'><Cell N='X' V='0.3281249999999962' F='Width*0.33333333333333'/><Cell N='Y' V='1.3125' F='Height*1'/></Row><Row T='LineTo' IX='7'><Cell N='X' V='0' F='Geometry1.X1'/><Cell N='Y' V='1.123056942922148' F='Geometry1.Y1'/></Row></Section></Shape><Shape ID='19' Type='Shape' LineStyle='10' FillStyle='10' TextStyle='10'><Cell N='PinX' V='0.3249917498789911' F='Sheet.13!Width*0.33015034908342'/><Cell N='PinY' V='0.5665444413998635' F='Sheet.13!Height*0.43165290773323'/><Cell N='Width' V='0.5624834997579911' F='Sheet.13!Width*0.57141180927796'/><Cell N='Height' V='0.8180888827997276' F='Sheet.13!Height*0.62330581546646'/><Cell N='LocPinX' V='0.2812417498789955' F='Width*0.5'/><Cell N='LocPinY' V='0.4090444413998638' F='Height*0.5'/><Cell N='Angle' V='0'/><Cell N='FlipX' V='0'/><Cell N='FlipY' V='0'/><Cell N='ResizeMode' V='0'/><Cell N='LayerMember' V=''/><Cell N='FillForegnd' V='2' F='GUARD(2)'/><Cell N='FillBkgnd' V='#c0c0c0' F='GUARD(RGB(192,192,192))'/><Cell N='FillPattern' V='1' F='GUARD(1)'/><Cell N='ShdwForegnd' V='#000000' F='Inh'/><Cell N='ShdwPattern' V='0' F='GUARD(0)'/><Cell N='LineWeight' V='0.003333333333333333' U='PT' F='GUARD(0.24PT)'/><Cell N='LineColor' V='#000000' F='GUARD(RGB(0,0,0))'/><Cell N='LinePattern' V='1' F='GUARD(1)'/><Cell N='Rounding' V='0' F='GUARD(0)'/><Cell N='BeginArrow' V='0' F='GUARD(0)'/><Cell N='EndArrow' V='0' F='GUARD(0)'/><Cell N='Copyright' V='Copyright (c) 2012 Microsoft Corporation.  All rights reserved.'/><Cell N='FillGradientEnabled' V='0' F='GUARD(FALSE)'/><Section N='FillGradient'><Row IX='0'><Cell N='GradientStopColor' V='#6bb1c9' F='Inh'/></Row><Row IX='1'><Cell N='GradientStopColor' V='#6bb1c9' F='Inh'/></Row></Section><Section N='Character'><Row IX='0'><Cell N='Color' V='#60a0b6' F='Inh'/></Row></Section><Section N='Geometry' IX='0'><Cell N='NoFill' V='0'/><Cell N='NoLine' V='0'/><Cell N='NoShow' V='0'/><Cell N='NoSnap' V='0'/><Cell N='NoQuickDrag' V='0' F='No Formula'/><Row T='MoveTo' IX='1'><Cell N='X' V='0.09374724995966705' F='Width*0.16666666666667'/><Cell N='Y' V='0.8180888827997276' F='Height*1'/></Row><Row T='LineTo' IX='2'><Cell N='X' V='0' F='Width*0'/><Cell N='Y' V='0.7647881883552803' F='Height*0.93484730624619'/></Row><Row T='LineTo' IX='3'><Cell N='X' V='0.09374724995966705' F='Width*0.16666666666667'/><Cell N='Y' V='0.6032374939108366' F='Height*0.73737402694728'/></Row><Row T='LineTo' IX='4'><Cell N='X' V='0.09374724995966705' F='Width*0.16666666666667'/><Cell N='Y' V='0.6891819383552809' F='Height*0.84242916979474'/></Row><Row T='LineTo' IX='5'><Cell N='X' V='0.164060393758803' F='Width*0.29167147806005'/><Cell N='Y' V='0.6485866258552824' F='Height*0.79280704027616'/></Row><Row T='LineTo' IX='6'><Cell N='X' V='0.2578076437184644' F='Width*0.45833814472671'/><Cell N='Y' V='0.4225630147441755' F='Height*0.51652457774276'/></Row><Row T='LineTo' IX='7'><Cell N='X' V='0.164060393758803' F='Width*0.29167147806005'/><Cell N='Y' V='0.304808848077505' F='Height*0.37258646888632'/></Row><Row T='LineTo' IX='8'><Cell N='X' V='0.09374724995966705' F='Width*0.16666666666667'/><Cell N='Y' V='0.3454041605775117' F='Height*0.42220859840491'/></Row><Row T='LineTo' IX='9'><Cell N='X' V='0.09374724995966705' F='Width*0.16666666666667'/><Cell N='Y' V='0.431348605021956' F='Height*0.52726374125237'/></Row><Row T='LineTo' IX='10'><Cell N='X' V='0' F='Width*0'/><Cell N='Y' V='0.3780479105775088' F='Height*0.46211104749856'/></Row><Row T='LineTo' IX='11'><Cell N='X' V='0.09374724995966705' F='Width*0.16666666666667'/><Cell N='Y' V='0.2165000000000015' F='Height*0.26464117109021'/></Row><Row T='LineTo' IX='12'><Cell N='X' V='0.09374724995966705' F='Width*0.16666666666667'/><Cell N='Y' V='0.3024416605775093' F='Height*0.36969291104711'/></Row><Row T='EllipticalArcTo' IX='13'><Cell N='X' V='0.1874944999193285' F='Width*0.33333333333333'/><Cell N='Y' V='0.248316660577511' F='Height*0.30353261827456'/><Cell N='A' V='0.1400721841982038' U='DL' F='Width*0.24902452117879'/><Cell N='B' V='0.2744960617950131' U='DL' F='Height*0.33553329909045'/><Cell N='C' V='-0.03086207476625602' U='DA' F='_ELLIPSE_THETA(-0.030862074766249,1.073254507742,0.64283828543771,0.93495872319969,Width,Height)'/><Cell N='D' V='1.073254507741992' F='_ELLIPSE_ECC(-0.030862074766249,1.073254507742,0.64283828543771,0.93495872319969,Width,Height,Geometry1.C13)'/></Row><Row T='LineTo' IX='14'><Cell N='X' V='0.2812417498789955' F='Width*0.5'/><Cell N='Y' V='0.3660708272441734' F='Height*0.44747072713099'/></Row><Row T='LineTo' IX='15'><Cell N='X' V='0.3749889998386626' F='Width*0.66666666666667'/><Cell N='Y' V='0.1400666605775061' F='Height*0.17121203272945'/></Row><Row T='LineTo' IX='16'><Cell N='X' V='0.468736249798324' F='Width*0.83333333333333'/><Cell N='Y' V='0.08594166057750782' F='Height*0.1050517399569'/></Row><Row T='LineTo' IX='17'><Cell N='X' V='0.468736249798324' F='Width*0.83333333333333'/><Cell N='Y' V='0' F='Height*0'/></Row><Row T='LineTo' IX='18'><Cell N='X' V='0.5624834997579911' F='Width*1'/><Cell N='Y' V='0.05329791057750906' F='Height*0.065149290863248'/></Row><Row T='LineTo' IX='19'><Cell N='X' V='0.468736249798324' F='Width*0.83333333333333'/><Cell N='Y' V='0.2148486050219546' F='Height*0.26262257016216'/></Row><Row T='LineTo' IX='20'><Cell N='X' V='0.468736249798324' F='Width*0.83333333333333'/><Cell N='Y' V='0.1289041605775102' F='Height*0.1575674273147'/></Row><Row T='LineTo' IX='21'><Cell N='X' V='0.398423105999188' F='Width*0.70832852193995'/><Cell N='Y' V='0.1694994730775087' F='Height*0.20718955683328'/></Row><Row T='LineTo' IX='22'><Cell N='X' V='0.3046758560395266' F='Width*0.54166185527329'/><Cell N='Y' V='0.3955036397441759' F='Height*0.48344825123482'/></Row><Row T='LineTo' IX='23'><Cell N='X' V='0.398423105999188' F='Width*0.70832852193995'/><Cell N='Y' V='0.5132772508552861' F='Height*0.62741012822312'/></Row><Row T='LineTo' IX='24'><Cell N='X' V='0.468736249798324' F='Width*0.83333333333333'/><Cell N='Y' V='0.4726819383552876' F='Height*0.57778799870454'/></Row><Row T='LineTo' IX='25'><Cell N='X' V='0.468736249798324' F='Width*0.83333333333333'/><Cell N='Y' V='0.3867374939108433' F='Height*0.47273285585708'/></Row><Row T='LineTo' IX='26'><Cell N='X' V='0.5624834997579911' F='Width*1'/><Cell N='Y' V='0.4400381883552822' F='Height*0.53788554961088'/></Row><Row T='LineTo' IX='27'><Cell N='X' V='0.468736249798324' F='Width*0.83333333333333'/><Cell N='Y' V='0.6015888827997261' F='Height*0.73535882890979'/></Row><Row T='LineTo' IX='28'><Cell N='X' V='0.468736249798324' F='Width*0.83333333333333'/><Cell N='Y' V='0.5156444383552817' F='Height*0.63030368606233'/></Row><Row T='LineTo' IX='29'><Cell N='X' V='0.3749889998386626' F='Width*0.66666666666667'/><Cell N='Y' V='0.5697694383552883' F='Height*0.69646397883489'/></Row><Row T='EllipticalArcTo' IX='30'><Cell N='X' V='0.2812417498789955' F='Width*0.5'/><Cell N='Y' V='0.4519958272441699' F='Height*0.55250210184658'/><Cell N='A' V='0.3238809239059868' U='DL' F='Width*0.57580519969979'/><Cell N='B' V='0.5079093017426695' U='DL' F='Height*0.62084855621612'/><Cell N='C' V='-0.04611432159961515' U='DA' F='_ELLIPSE_THETA(-3.1877069751894,1.073254507742,0.64283828543771,0.93495872319969,Width,Height)'/><Cell N='D' V='1.073254507741992' F='_ELLIPSE_ECC(-3.1877069751894,1.073254507742,0.64283828543771,0.93495872319969,Width,Height,Geometry1.C30)'/></Row><Row T='LineTo' IX='31'><Cell N='X' V='0.1874944999193285' F='Width*0.33333333333333'/><Cell N='Y' V='0.678019438355285' F='Height*0.82878456437999'/></Row><Row T='LineTo' IX='32'><Cell N='X' V='0.09374724995966705' F='Width*0.16666666666667'/><Cell N='Y' V='0.7321444383552832' F='Height*0.89494485715254'/></Row><Row T='LineTo' IX='33'><Cell N='X' V='0.09374724995966705' F='Geometry1.X1'/><Cell N='Y' V='0.8180888827997276' F='Geometry1.Y1'/></Row></Section></Shape></Shapes></Shape></Shapes></Shape></Shapes></MasterContents>