<?xml version='1.0' encoding='utf-8' ?>
<MasterContents xmlns='http://schemas.microsoft.com/office/visio/2012/main' xmlns:r='http://schemas.openxmlformats.org/officeDocument/2006/relationships' xml:space='preserve'><Shapes><Shape ID='5' Type='Group' LineStyle='3' FillStyle='3' TextStyle='3' UniqueID='{ED6E40A3-DE71-4D1E-933D-10DDF686F918}'><Cell N='PinX' V='16.49999449991933'/><Cell N='PinY' V='0.7583718245269466'/><Cell N='Width' V='0.9999889998386635'/><Cell N='Height' V='1.516743649053893'/><Cell N='LocPinX' V='0.4999944999193318' F='Width*0.5'/><Cell N='LocPinY' V='0.7583718245269466' F='Height*0.5'/><Cell N='Angle' V='0'/><Cell N='FlipX' V='0'/><Cell N='FlipY' V='0'/><Cell N='ResizeMode' V='0'/><Cell N='QuickStyleVariation' V='2'/><Cell N='ObjType' V='9'/><Cell N='ColorSchemeIndex' V='50'/><Cell N='EffectSchemeIndex' V='47'/><Cell N='ConnectorSchemeIndex' V='50'/><Cell N='FontSchemeIndex' V='47'/><Cell N='ThemeIndex' V='47'/><Section N='Property'><Row N='HA_Pair_Name'><Cell N='Value' V='' U='STR'/><Cell N='Prompt' V='' F='No Formula'/><Cell N='Label' V='HA Pair Name'/><Cell N='Format' V='' F='No Formula'/><Cell N='SortKey' V='10'/><Cell N='Type' V='0'/><Cell N='Invisible' V='0' F='No Formula'/><Cell N='Verify' V='0' F='No Formula'/><Cell N='DataLinked' V='0' F='No Formula'/><Cell N='LangID' V='en-US'/><Cell N='Calendar' V='0' F='No Formula'/></Row><Row N='Make_Model'><Cell N='Value' V='' U='STR'/><Cell N='Prompt' V='' F='No Formula'/><Cell N='Label' V='Make/Model'/><Cell N='Format' V='' F='No Formula'/><Cell N='SortKey' V='20'/><Cell N='Type' V='0'/><Cell N='Invisible' V='0' F='No Formula'/><Cell N='Verify' V='0' F='No Formula'/><Cell N='DataLinked' V='0' F='No Formula'/><Cell N='LangID' V='en-US'/><Cell N='Calendar' V='0' F='No Formula'/></Row><Row N='Location'><Cell N='Value' V='' U='STR'/><Cell N='Prompt' V='' F='No Formula'/><Cell N='Label' V='Location'/><Cell N='Format' V='' F='No Formula'/><Cell N='SortKey' V='30'/><Cell N='Type' V='0'/><Cell N='Invisible' V='0' F='No Formula'/><Cell N='Verify' V='0' F='No Formula'/><Cell N='DataLinked' V='0' F='No Formula'/><Cell N='LangID' V='en-US'/><Cell N='Calendar' V='0' F='No Formula'/></Row><Row N='Install_Date'><Cell N='Value' V='0' F='No Formula'/><Cell N='Prompt' V='' F='No Formula'/><Cell N='Label' V='Install Date'/><Cell N='Format' V='' F='No Formula'/><Cell N='SortKey' V='40'/><Cell N='Type' V='5'/><Cell N='Invisible' V='0' F='No Formula'/><Cell N='Verify' V='0' F='No Formula'/><Cell N='DataLinked' V='0' F='No Formula'/><Cell N='LangID' V='en-US'/><Cell N='Calendar' V='0'/></Row><Row N='Primary_Rack_Location'><Cell N='Value' V='' U='STR'/><Cell N='Prompt' V='' F='No Formula'/><Cell N='Label' V='Primary Rack Location'/><Cell N='Format' V='' F='No Formula'/><Cell N='SortKey' V='50'/><Cell N='Type' V='0'/><Cell N='Invisible' V='0' F='No Formula'/><Cell N='Verify' V='0' F='No Formula'/><Cell N='DataLinked' V='0' F='No Formula'/><Cell N='LangID' V='en-US'/><Cell N='Calendar' V='0' F='No Formula'/></Row><Row N='Primary_Asset_Tag'><Cell N='Value' V='0' F='No Formula'/><Cell N='Prompt' V='' F='No Formula'/><Cell N='Label' V='Primary Asset Tag'/><Cell N='Format' V='' F='No Formula'/><Cell N='SortKey' V='' F='No Formula'/><Cell N='Type' V='0'/><Cell N='Invisible' V='0' F='No Formula'/><Cell N='Verify' V='0' F='No Formula'/><Cell N='DataLinked' V='0' F='No Formula'/><Cell N='LangID' V='en-US'/><Cell N='Calendar' V='0' F='No Formula'/></Row><Row N='Primary_IP_Address'><Cell N='Value' V='' U='STR'/><Cell N='Prompt' V='' F='No Formula'/><Cell N='Label' V='Primary IP Address'/><Cell N='Format' V='' F='No Formula'/><Cell N='SortKey' V='' F='No Formula'/><Cell N='Type' V='0'/><Cell N='Invisible' V='0' F='No Formula'/><Cell N='Verify' V='0' F='No Formula'/><Cell N='DataLinked' V='0' F='No Formula'/><Cell N='LangID' V='en-US'/><Cell N='Calendar' V='0' F='No Formula'/></Row><Row N='Primary_URL'><Cell N='Value' V='0' F='No Formula'/><Cell N='Prompt' V='' F='No Formula'/><Cell N='Label' V='Primary URL'/><Cell N='Format' V='' F='No Formula'/><Cell N='SortKey' V='' F='No Formula'/><Cell N='Type' V='0'/><Cell N='Invisible' V='0' F='No Formula'/><Cell N='Verify' V='0' F='No Formula'/><Cell N='DataLinked' V='0' F='No Formula'/><Cell N='LangID' V='en-US'/><Cell N='Calendar' V='0' F='No Formula'/></Row><Row N='Secondary_Rack_Location'><Cell N='Value' V='' U='STR'/><Cell N='Prompt' V='' F='No Formula'/><Cell N='Label' V='Secondary Rack Location'/><Cell N='Format' V='' F='No Formula'/><Cell N='SortKey' V='' F='No Formula'/><Cell N='Type' V='0'/><Cell N='Invisible' V='0' F='No Formula'/><Cell N='Verify' V='0' F='No Formula'/><Cell N='DataLinked' V='0' F='No Formula'/><Cell N='LangID' V='en-US'/><Cell N='Calendar' V='0' F='No Formula'/></Row><Row N='Secondary_Serial_Number'><Cell N='Value' V='' U='STR'/><Cell N='Prompt' V='' F='No Formula'/><Cell N='Label' V='Secondary Serial Number'/><Cell N='Format' V='' F='No Formula'/><Cell N='SortKey' V='' F='No Formula'/><Cell N='Type' V='0'/><Cell N='Invisible' V='0' F='No Formula'/><Cell N='Verify' V='0' F='No Formula'/><Cell N='DataLinked' V='0' F='No Formula'/><Cell N='LangID' V='en-US'/><Cell N='Calendar' V='0' F='No Formula'/></Row><Row N='Secondary_Asset_Tag'><Cell N='Value' V='0' F='No Formula'/><Cell N='Prompt' V='' F='No Formula'/><Cell N='Label' V='Secondary Asset Tag'/><Cell N='Format' V='' F='No Formula'/><Cell N='SortKey' V='' F='No Formula'/><Cell N='Type' V='0'/><Cell N='Invisible' V='0' F='No Formula'/><Cell N='Verify' V='0' F='No Formula'/><Cell N='DataLinked' V='0' F='No Formula'/><Cell N='LangID' V='en-US'/><Cell N='Calendar' V='0' F='No Formula'/></Row><Row N='Secondary_IP_Address'><Cell N='Value' V='' U='STR'/><Cell N='Prompt' V='' F='No Formula'/><Cell N='Label' V='Secondary IP Address'/><Cell N='Format' V='' F='No Formula'/><Cell N='SortKey' V='' F='No Formula'/><Cell N='Type' V='0'/><Cell N='Invisible' V='0' F='No Formula'/><Cell N='Verify' V='0' F='No Formula'/><Cell N='DataLinked' V='0' F='No Formula'/><Cell N='LangID' V='en-US'/><Cell N='Calendar' V='0' F='No Formula'/></Row><Row N='Secondary_URL'><Cell N='Value' V='0' F='No Formula'/><Cell N='Prompt' V='' F='No Formula'/><Cell N='Label' V='Secondary URL'/><Cell N='Format' V='' F='No Formula'/><Cell N='SortKey' V='' F='No Formula'/><Cell N='Type' V='0'/><Cell N='Invisible' V='0' F='No Formula'/><Cell N='Verify' V='0' F='No Formula'/><Cell N='DataLinked' V='0' F='No Formula'/><Cell N='LangID' V='en-US'/><Cell N='Calendar' V='0' F='No Formula'/></Row><Row N='Current_Build'><Cell N='Value' V='' U='STR'/><Cell N='Prompt' V='' F='No Formula'/><Cell N='Label' V='Current Build'/><Cell N='Format' V='' F='No Formula'/><Cell N='SortKey' V='' F='No Formula'/><Cell N='Type' V='0'/><Cell N='Invisible' V='0' F='No Formula'/><Cell N='Verify' V='0' F='No Formula'/><Cell N='DataLinked' V='0' F='No Formula'/><Cell N='LangID' V='en-US'/><Cell N='Calendar' V='0' F='No Formula'/></Row><Row N='Team_Ownership'><Cell N='Value' V='DCS Network' U='STR'/><Cell N='Prompt' V='' F='No Formula'/><Cell N='Label' V='Team Ownership'/><Cell N='Format' V='' F='No Formula'/><Cell N='SortKey' V='' F='No Formula'/><Cell N='Type' V='0'/><Cell N='Invisible' V='0' F='No Formula'/><Cell N='Verify' V='0' F='No Formula'/><Cell N='DataLinked' V='0' F='No Formula'/><Cell N='LangID' V='en-US'/><Cell N='Calendar' V='0' F='No Formula'/></Row><Row N='PoC_Tech_Lead'><Cell N='Value' V='0' F='No Formula'/><Cell N='Prompt' V='' F='No Formula'/><Cell N='Label' V='PoC/Tech Lead'/><Cell N='Format' V='' F='No Formula'/><Cell N='SortKey' V='' F='No Formula'/><Cell N='Type' V='0'/><Cell N='Invisible' V='0' F='No Formula'/><Cell N='Verify' V='0' F='No Formula'/><Cell N='DataLinked' V='0' F='No Formula'/><Cell N='LangID' V='en-US'/><Cell N='Calendar' V='0' F='No Formula'/></Row><Row N='Notes'><Cell N='Value' V='0' F='No Formula'/><Cell N='Prompt' V='' F='No Formula'/><Cell N='Label' V='Notes'/><Cell N='Format' V='' F='No Formula'/><Cell N='SortKey' V='' F='No Formula'/><Cell N='Type' V='0'/><Cell N='Invisible' V='0' F='No Formula'/><Cell N='Verify' V='0' F='No Formula'/><Cell N='DataLinked' V='0' F='No Formula'/><Cell N='LangID' V='en-US'/><Cell N='Calendar' V='0' F='No Formula'/></Row><Row N='Primary_Serial_Number'><Cell N='Value' V='' U='STR'/><Cell N='Prompt' V='' F='No Formula'/><Cell N='Label' V='Primary Serial Number'/><Cell N='Format' V='' F='No Formula'/><Cell N='SortKey' V='60'/><Cell N='Type' V='0'/><Cell N='Invisible' V='0' F='No Formula'/><Cell N='Verify' V='0' F='No Formula'/><Cell N='DataLinked' V='0' F='No Formula'/><Cell N='LangID' V='en-US'/><Cell N='Calendar' V='0' F='No Formula'/></Row></Section><Section N='Control'><Row N='msvDGPosition'><Cell N='X' V='1.499983499757995' F='BOUND(1.5*Width,0,FALSE,Width*-0.5,Width*-0.5,FALSE,0,0,FALSE,Width*0.25,Width*0.25,FALSE,Width*0.5,Width*0.5,FALSE,Width*0.75,Width*0.75,FALSE,Width,Width,FALSE,Width*1.5,Width*1.5)'/><Cell N='Y' V='0.7583718245269466' F='BOUND(0.5*Height,0,FALSE,Height*-0.5,Height*-0.5,FALSE,0,0,FALSE,Height*0.25,Height*0.25,FALSE,Height*0.5,Height*0.5,FALSE,Height*0.75,Height*0.75,FALSE,Height,Height,FALSE,Height*1.25,Height*1.25)'/><Cell N='XDyn' V='1.499983499757995' F='Controls.msvDGPosition'/><Cell N='YDyn' V='0.7583718245269466' F='Controls.msvDGPosition.Y'/><Cell N='XCon' V='5'/><Cell N='YCon' V='0'/><Cell N='CanGlue' V='0'/><Cell N='Prompt' V='Reposition Data Graphic'/></Row></Section><Section N='User'><Row N='visDGDefaultPos'><Cell N='Value' V='PNT(6,3)' U='PNT' F='PNT(6,3)'/><Cell N='Prompt' V='' F='No Formula'/></Row><Row N='msvLayoutIncludeSubshapes'><Cell N='Value' V='1' U='BOOL' F='OR(TRUE,DEPENDSON(FALSE))'/><Cell N='Prompt' V='' F='No Formula'/></Row><Row N='visDGDisplayFormat'><Cell N='Value' V='254' F='USE({0898E3AC-0101-0000-8E40-00608CF305B2})'/><Cell N='Prompt' V='' F='No Formula'/></Row></Section><Section N='Connection'><Row T='Connection' IX='0'><Cell N='X' V='0' F='Width*0'/><Cell N='Y' V='0.4497563509461031' F='Height*0.29652759794092'/><Cell N='DirX' V='0'/><Cell N='DirY' V='0'/><Cell N='Type' V='0'/><Cell N='AutoGen' V='0'/><Cell N='Prompt' V='' F='No Formula'/></Row></Section><Text/><Shapes><Shape ID='6' NameU='Gateway.2603' IsCustomNameU='1' Name='Gateway.2603' IsCustomName='1' Type='Group' LineStyle='3' FillStyle='3' TextStyle='3'><Cell N='PinX' V='0.6249944999193318' F='Sheet.5!Width*0.62500137503529'/><Cell N='PinY' V='0.6417436490538933' F='Sheet.5!Height*0.42310620483178'/><Cell N='Width' V='0.7499889998386632' F='Sheet.5!Width*0.74999724992941'/><Cell N='Height' V='1.283487298107784' F='Sheet.5!Height*0.84621240966355'/><Cell N='LocPinX' V='0.3749944999193316' F='Width*0.5'/><Cell N='LocPinY' V='0.641743649053892' F='Height*0.5'/><Cell N='Angle' V='0'/><Cell N='FlipX' V='0'/><Cell N='FlipY' V='0'/><Cell N='ResizeMode' V='0'/><Cell N='EventDblClick' V='0' F='OPENTEXTWIN()'/><Cell N='LayerMember' V=''/><Cell N='ObjType' V='8'/><Cell N='Comment' V='&lt;no master&gt;' F='INDEX(0,INDEX(0,MASTERNAME(),":"),".")'/><Cell N='LineWeight' V='0.01388888888888889' U='PT' F='THEMEVAL("LineWeight",0.24PT)'/><Cell N='TxtPinX' V='0.3749944999193316' F='Controls.Row_1'/><Cell N='TxtPinY' V='-0.1555555555555556' F='Controls.Row_1.Y'/><Cell N='TxtWidth' V='0.1111111111111111' F='TEXTWIDTH(TheText)'/><Cell N='TxtHeight' V='0.3111111111111111' F='TEXTHEIGHT(TheText,TxtWidth)'/><Cell N='TxtLocPinX' V='0.05555555555555555' F='TxtWidth*0.5'/><Cell N='TxtLocPinY' V='0.1555555555555556' F='TxtHeight*0.5'/><Cell N='TxtAngle' V='0' F='IF(BITXOR(FlipX,FlipY),1,-1)*Angle'/><Cell N='SelectMode' V='0'/><Cell N='HelpTopic' V='Vis_PRXY.chm!#55183'/><Cell N='Copyright' V='Copyright (c) 2012 Microsoft Corporation.  All rights reserved.'/><Cell N='LockAspect' V='1'/><Cell N='QuickStyleVariation' V='6'/><Section N='User'><Row N='HasText'><Cell N='Value' V='0' U='BOOL' F='NOT(OR(HideText,STRSAME(SHAPETEXT(TheText),"")))'/><Cell N='Prompt' V='' F='No Formula'/></Row><Row N='ShapeClass'><Cell N='Value' V='4'/><Cell N='Prompt' V='' F='No Formula'/></Row><Row N='ShapeType'><Cell N='Value' V='7'/><Cell N='Prompt' V='' F='No Formula'/></Row><Row N='SubShapeType'><Cell N='Value' V='30'/><Cell N='Prompt' V='' F='No Formula'/></Row><Row N='visLegendShape'><Cell N='Value' V='2'/><Cell N='Prompt' V='' F='No Formula'/></Row><Row N='SolSH'><Cell N='Value' V='{BF0433D9-CD73-4EB5-8390-8653BE590246}' U='GUID'/><Cell N='Prompt' V='' F='No Formula'/></Row><Row N='visVersion'><Cell N='Value' V='15'/><Cell N='Prompt' V=''/></Row><Row N='visIsConnected'><Cell N='Value' V='0'/><Cell N='Prompt' V=''/></Row></Section><Section N='Actions'><Row N='Properties'><Cell N='Menu' V='%_P&amp;roperties'/><Cell N='Action' V='0' F='RUNADDON("NETWORK SHAPE PROPERTIES")'/><Cell N='Checked' V='0'/><Cell N='Disabled' V='0'/><Cell N='ReadOnly' V='0'/><Cell N='Invisible' V='0'/><Cell N='BeginGroup' V='0'/><Cell N='FlyoutChild' V='0' F='No Formula'/><Cell N='TagName' V=''/><Cell N='ButtonFace' V=''/><Cell N='SortKey' V=''/></Row></Section><Section N='Connection'><Row T='Connection' N='Row_1'><Cell N='X' V='0.3749944999193316' F='Width*0.5'/><Cell N='Y' V='0.641743649053892' F='Height*0.5'/><Cell N='DirX' V='0'/><Cell N='DirY' V='0'/><Cell N='Type' V='0'/><Cell N='AutoGen' V='0'/><Cell N='Prompt' V='' F='No Formula'/></Row></Section><Section N='Control'><Row N='Row_1'><Cell N='X' V='0.3749944999193316' F='Width*0.5'/><Cell N='Y' V='-0.1555555555555556' F='-TxtHeight*0.5'/><Cell N='XDyn' V='0.3749944999193316' F='Controls.Row_1'/><Cell N='YDyn' V='-0.1555555555555556' F='Controls.Row_1.Y'/><Cell N='XCon' V='2' F='(Controls.Row_1&gt;Width/2)*2+2'/><Cell N='YCon' V='7' F='(Controls.Row_1.Y&gt;Height/2)*2+2+5*NOT(User.HasText)'/><Cell N='CanGlue' V='1'/><Cell N='Prompt' V='Reposition Text'/></Row></Section><Section N='Property'><Row N='ShapeClass'><Cell N='Value' V='Connectivity' U='STR'/><Cell N='Prompt' V='' F='No Formula'/><Cell N='Label' V='ShapeClass'/><Cell N='Format' V='' F='No Formula'/><Cell N='SortKey' V='' F='No Formula'/><Cell N='Type' V='0'/><Cell N='Invisible' V='1'/><Cell N='Verify' V='0'/><Cell N='DataLinked' V='0' F='No Formula'/><Cell N='LangID' V='en-US'/><Cell N='Calendar' V='0' F='No Formula'/></Row><Row N='ShapeType'><Cell N='Value' V='Conceptual' U='STR'/><Cell N='Prompt' V='' F='No Formula'/><Cell N='Label' V='ShapeType'/><Cell N='Format' V='' F='No Formula'/><Cell N='SortKey' V='' F='No Formula'/><Cell N='Type' V='0'/><Cell N='Invisible' V='1'/><Cell N='Verify' V='0'/><Cell N='DataLinked' V='0' F='No Formula'/><Cell N='LangID' V='en-US'/><Cell N='Calendar' V='0' F='No Formula'/></Row><Row N='SubShapeType'><Cell N='Value' V='Gateway' U='STR'/><Cell N='Prompt' V='' F='No Formula'/><Cell N='Label' V='SubShapeType'/><Cell N='Format' V='' F='No Formula'/><Cell N='SortKey' V='' F='No Formula'/><Cell N='Type' V='0'/><Cell N='Invisible' V='1'/><Cell N='Verify' V='0'/><Cell N='DataLinked' V='0' F='No Formula'/><Cell N='LangID' V='en-US'/><Cell N='Calendar' V='0' F='No Formula'/></Row><Row N='Manufacturer'><Cell N='Value' V='0' F='No Formula'/><Cell N='Prompt' V='' F='No Formula'/><Cell N='Label' V='Manufacturer'/><Cell N='Format' V='' F='No Formula'/><Cell N='SortKey' V='Equipment'/><Cell N='Type' V='0'/><Cell N='Invisible' V='0'/><Cell N='Verify' V='0'/><Cell N='DataLinked' V='0' F='No Formula'/><Cell N='LangID' V='en-US'/><Cell N='Calendar' V='0' F='No Formula'/></Row><Row N='ProductNumber'><Cell N='Value' V='0' F='No Formula'/><Cell N='Prompt' V='' F='No Formula'/><Cell N='Label' V='Product Number'/><Cell N='Format' V='' F='No Formula'/><Cell N='SortKey' V='Equipment'/><Cell N='Type' V='0'/><Cell N='Invisible' V='0'/><Cell N='Verify' V='0'/><Cell N='DataLinked' V='0' F='No Formula'/><Cell N='LangID' V='en-US'/><Cell N='Calendar' V='0' F='No Formula'/></Row><Row N='PartNumber'><Cell N='Value' V='0' F='No Formula'/><Cell N='Prompt' V='' F='No Formula'/><Cell N='Label' V='Part Number'/><Cell N='Format' V='' F='No Formula'/><Cell N='SortKey' V='Equipment'/><Cell N='Type' V='0'/><Cell N='Invisible' V='0'/><Cell N='Verify' V='0'/><Cell N='DataLinked' V='0' F='No Formula'/><Cell N='LangID' V='en-US'/><Cell N='Calendar' V='0' F='No Formula'/></Row><Row N='ProductDescription'><Cell N='Value' V='0' F='No Formula'/><Cell N='Prompt' V='' F='No Formula'/><Cell N='Label' V='Product Description'/><Cell N='Format' V='' F='No Formula'/><Cell N='SortKey' V='Equipment'/><Cell N='Type' V='0'/><Cell N='Invisible' V='0'/><Cell N='Verify' V='0'/><Cell N='DataLinked' V='0' F='No Formula'/><Cell N='LangID' V='en-US'/><Cell N='Calendar' V='0' F='No Formula'/></Row><Row N='AssetNumber'><Cell N='Value' V='0' F='No Formula'/><Cell N='Prompt' V='' F='No Formula'/><Cell N='Label' V='Asset Number'/><Cell N='Format' V='' F='No Formula'/><Cell N='SortKey' V='Asset'/><Cell N='Type' V='0'/><Cell N='Invisible' V='0'/><Cell N='Verify' V='0'/><Cell N='DataLinked' V='0' F='No Formula'/><Cell N='LangID' V='en-US'/><Cell N='Calendar' V='0' F='No Formula'/></Row><Row N='SerialNumber'><Cell N='Value' V='0' F='No Formula'/><Cell N='Prompt' V='' F='No Formula'/><Cell N='Label' V='Serial Number'/><Cell N='Format' V='' F='No Formula'/><Cell N='SortKey' V='Asset'/><Cell N='Type' V='0'/><Cell N='Invisible' V='0'/><Cell N='Verify' V='0'/><Cell N='DataLinked' V='0' F='No Formula'/><Cell N='LangID' V='en-US'/><Cell N='Calendar' V='0' F='No Formula'/></Row><Row N='Location'><Cell N='Value' V='0' F='No Formula'/><Cell N='Prompt' V='' F='No Formula'/><Cell N='Label' V='Location'/><Cell N='Format' V='' F='No Formula'/><Cell N='SortKey' V='Asset'/><Cell N='Type' V='0'/><Cell N='Invisible' V='0'/><Cell N='Verify' V='0'/><Cell N='DataLinked' V='0' F='No Formula'/><Cell N='LangID' V='en-US'/><Cell N='Calendar' V='0' F='No Formula'/></Row><Row N='Building'><Cell N='Value' V='0' F='No Formula'/><Cell N='Prompt' V='' F='No Formula'/><Cell N='Label' V='Building'/><Cell N='Format' V='' F='No Formula'/><Cell N='SortKey' V='Asset'/><Cell N='Type' V='0'/><Cell N='Invisible' V='0'/><Cell N='Verify' V='0'/><Cell N='DataLinked' V='0' F='No Formula'/><Cell N='LangID' V='en-US'/><Cell N='Calendar' V='0' F='No Formula'/></Row><Row N='Room'><Cell N='Value' V='0' F='No Formula'/><Cell N='Prompt' V='' F='No Formula'/><Cell N='Label' V='Room'/><Cell N='Format' V='' F='No Formula'/><Cell N='SortKey' V='Asset'/><Cell N='Type' V='0'/><Cell N='Invisible' V='0'/><Cell N='Verify' V='0'/><Cell N='DataLinked' V='0' F='No Formula'/><Cell N='LangID' V='en-US'/><Cell N='Calendar' V='0' F='No Formula'/></Row><Row N='NetworkName'><Cell N='Value' V='0' F='No Formula'/><Cell N='Prompt' V='' F='No Formula'/><Cell N='Label' V='Network Name'/><Cell N='Format' V='' F='No Formula'/><Cell N='SortKey' V='Network'/><Cell N='Type' V='0'/><Cell N='Invisible' V='0'/><Cell N='Verify' V='0'/><Cell N='DataLinked' V='0' F='No Formula'/><Cell N='LangID' V='en-US'/><Cell N='Calendar' V='0' F='No Formula'/></Row><Row N='IPAddress'><Cell N='Value' V='0' F='No Formula'/><Cell N='Prompt' V='' F='No Formula'/><Cell N='Label' V='IP Address'/><Cell N='Format' V='' F='No Formula'/><Cell N='SortKey' V='Network'/><Cell N='Type' V='0'/><Cell N='Invisible' V='0'/><Cell N='Verify' V='0'/><Cell N='DataLinked' V='0' F='No Formula'/><Cell N='LangID' V='en-US'/><Cell N='Calendar' V='0' F='No Formula'/></Row><Row N='SubnetMask'><Cell N='Value' V='0' F='No Formula'/><Cell N='Prompt' V='' F='No Formula'/><Cell N='Label' V='Subnet Mask'/><Cell N='Format' V='' F='No Formula'/><Cell N='SortKey' V='Network'/><Cell N='Type' V='0'/><Cell N='Invisible' V='0'/><Cell N='Verify' V='0'/><Cell N='DataLinked' V='0' F='No Formula'/><Cell N='LangID' V='en-US'/><Cell N='Calendar' V='0' F='No Formula'/></Row><Row N='AdminInterface'><Cell N='Value' V='0' F='No Formula'/><Cell N='Prompt' V='' F='No Formula'/><Cell N='Label' V='Administrative Interface'/><Cell N='Format' V='' F='No Formula'/><Cell N='SortKey' V='Network'/><Cell N='Type' V='0'/><Cell N='Invisible' V='0'/><Cell N='Verify' V='0'/><Cell N='DataLinked' V='0' F='No Formula'/><Cell N='LangID' V='en-US'/><Cell N='Calendar' V='0' F='No Formula'/></Row><Row N='NumberOfPorts'><Cell N='Value' V='0' F='No Formula'/><Cell N='Prompt' V='' F='No Formula'/><Cell N='Label' V='Number of Ports'/><Cell N='Format' V='' F='No Formula'/><Cell N='SortKey' V='Network'/><Cell N='Type' V='0'/><Cell N='Invisible' V='0'/><Cell N='Verify' V='0'/><Cell N='DataLinked' V='0' F='No Formula'/><Cell N='LangID' V='en-US'/><Cell N='Calendar' V='0' F='No Formula'/></Row><Row N='MACAddress'><Cell N='Value' V='0' F='No Formula'/><Cell N='Prompt' V='' F='No Formula'/><Cell N='Label' V='MAC Address'/><Cell N='Format' V='' F='No Formula'/><Cell N='SortKey' V='Network'/><Cell N='Type' V='0'/><Cell N='Invisible' V='0'/><Cell N='Verify' V='0'/><Cell N='DataLinked' V='0' F='No Formula'/><Cell N='LangID' V='en-US'/><Cell N='Calendar' V='0' F='No Formula'/></Row><Row N='CommunityString'><Cell N='Value' V='0' F='No Formula'/><Cell N='Prompt' V='' F='No Formula'/><Cell N='Label' V='Community String'/><Cell N='Format' V='' F='No Formula'/><Cell N='SortKey' V='Network'/><Cell N='Type' V='0'/><Cell N='Invisible' V='0'/><Cell N='Verify' V='0'/><Cell N='DataLinked' V='0' F='No Formula'/><Cell N='LangID' V='en-US'/><Cell N='Calendar' V='0' F='No Formula'/></Row><Row N='NetworkDescription'><Cell N='Value' V='0' F='No Formula'/><Cell N='Prompt' V='' F='No Formula'/><Cell N='Label' V='Network Description'/><Cell N='Format' V='' F='No Formula'/><Cell N='SortKey' V='Network'/><Cell N='Type' V='0'/><Cell N='Invisible' V='0'/><Cell N='Verify' V='0'/><Cell N='DataLinked' V='0' F='No Formula'/><Cell N='LangID' V='en-US'/><Cell N='Calendar' V='0' F='No Formula'/></Row></Section><Shapes><Shape ID='7' Type='Shape' LineStyle='3' FillStyle='3' TextStyle='3'><Cell N='PinX' V='0.379999999999987' U='IN' F='Width/2+-0.044581555930039IN*DropOnPageScale'/><Cell N='PinY' V='0.641743649053892' F='Height/2'/><Cell N='Width' V='0.8491631118600519' F='Sheet.6!Width*1.1322340888236'/><Cell N='Height' V='1.283487298107784' F='Sheet.6!Height*1'/><Cell N='LocPinX' V='0.4245815559300259' F='Width*0.5'/><Cell N='LocPinY' V='0.641743649053892' F='Height*0.5'/><Cell N='Angle' V='0'/><Cell N='FlipX' V='0'/><Cell N='FlipY' V='0'/><Cell N='ResizeMode' V='0'/><Cell N='DropOnPageScale' V='1' F='Sheet.6!DropOnPageScale'/><Cell N='LineWeight' V='0.003333333333333333' U='PT' F='GUARD(0.24PT)'/><Cell N='LinePattern' V='1' F='GUARD(1)'/><Cell N='Rounding' V='0' F='GUARD(0)'/><Cell N='BeginArrow' V='0' F='GUARD(0)'/><Cell N='EndArrow' V='0' F='GUARD(0)'/><Cell N='LineColorTrans' V='1' F='GUARD(100%)'/><Cell N='FillForegnd' V='6' F='GUARD(6)'/><Cell N='FillBkgnd' V='6' F='GUARD(6)'/><Cell N='FillPattern' V='1' F='GUARD(1)'/><Cell N='FillForegndTrans' V='1' F='GUARD(100%)'/><Cell N='FillBkgndTrans' V='1' F='GUARD(100%)'/><Cell N='Copyright' V='Copyright (c) 2012 Microsoft Corporation.  All rights reserved.'/><Cell N='FillGradientEnabled' V='0' F='GUARD(FALSE)'/><Cell N='QuickStyleVariation' V='2'/><Section N='Geometry' IX='0'><Cell N='NoFill' V='0'/><Cell N='NoLine' V='0'/><Cell N='NoShow' V='0'/><Cell N='NoSnap' V='0'/><Cell N='NoQuickDrag' V='0' F='No Formula'/><Row T='MoveTo' IX='1'><Cell N='X' V='0.7951013596198406' F='Width*0.93633525587117'/><Cell N='Y' V='0.84' F='Height*0.6544669364772'/></Row><Row T='LineTo' IX='2'><Cell N='X' V='0.7951013596198406' F='Width*0.93633525587117'/><Cell N='Y' V='0.7648055332959026' F='Height*0.59588087425831'/></Row><Row T='EllipticalArcTo' IX='3'><Cell N='X' V='0.8182391127841284' F='Width*0.96358296934474'/><Cell N='Y' V='0.6880010136941226' F='Height*0.53604037586381'/><Cell N='A' V='0.8086822025299557' U='DL' F='Width*0.95232846462039'/><Cell N='B' V='0.7270093886105391' U='DL' F='Height*0.56643286589774'/><Cell N='C' V='0' U='DA'/><Cell N='D' V='0.9999999999999873' F='Width/Height*1.5114732142525'/></Row><Row T='EllipticalArcTo' IX='4'><Cell N='X' V='0.7951013596198406' F='Width*0.93633525587117'/><Cell N='Y' V='0.84' F='Height*0.6544669364772'/><Cell N='A' V='0.8180499092709392' U='DL' F='Width*0.96336015760157'/><Cell N='B' V='0.765732755679495' U='DL' F='Height*0.59660329853548'/><Cell N='C' V='0' U='DA'/><Cell N='D' V='0.9999999999999873' F='Width/Height*1.5114732142525'/></Row></Section><Section N='Geometry' IX='1'><Cell N='NoFill' V='0'/><Cell N='NoLine' V='0'/><Cell N='NoShow' V='0'/><Cell N='NoSnap' V='0'/><Cell N='NoQuickDrag' V='0' F='No Formula'/><Row T='MoveTo' IX='1'><Cell N='X' V='0.7945705557686792' F='Width*0.93571016530406'/><Cell N='Y' V='0.3501638018079806' F='Height*0.27282217932676'/></Row><Row T='LineTo' IX='2'><Cell N='X' V='0.7945705557686792' F='Width*0.93571016530406'/><Cell N='Y' V='0.5242548022092308' F='Height*0.40846123135159'/></Row><Row T='EllipticalArcTo' IX='3'><Cell N='X' V='0.8201661818545331' F='Width*0.96585234379529'/><Cell N='Y' V='0.6175497026670227' F='Height*0.4811498357463'/><Cell N='A' V='0.8113144342314667' U='DL' F='Width*0.95542825977723'/><Cell N='B' V='0.5698196421936074' U='DL' F='Height*0.44396204234641'/><Cell N='C' V='0' U='DA'/><Cell N='D' V='0.9999999999999873' F='Width/Height*1.5114732142525'/></Row><Row T='EllipticalArcTo' IX='4'><Cell N='X' V='0.8181492110317272' F='Width*0.96347709833934'/><Cell N='Y' V='0.6808012894236915' F='Height*0.53043087409387'/><Cell N='A' V='0.8205803309523038' U='DL' F='Width*0.96634005821904'/><Cell N='B' V='0.6492208611096068' U='DL' F='Height*0.50582570008035'/><Cell N='C' V='0' U='DA'/><Cell N='D' V='0.9999999999999873' F='Width/Height*1.5114732142525'/></Row><Row T='EllipticalArcTo' IX='5'><Cell N='X' V='0.7945705557686792' F='Width*0.93571016530406'/><Cell N='Y' V='0.609716662989463' F='Height*0.47504690064978'/><Cell N='A' V='0.8085939194329513' U='DL' F='Width*0.95222449979223'/><Cell N='B' V='0.6445179500789402' U='DL' F='Height*0.50216153368182'/><Cell N='C' V='0' U='DA'/><Cell N='D' V='0.9999999999999873' F='Width/Height*1.5114732142525'/></Row><Row T='LineTo' IX='6'><Cell N='X' V='0.7945705557686792' F='Width*0.93571016530406'/><Cell N='Y' V='0.7648055332959026' F='Height*0.59588087425831'/></Row><Row T='LineTo' IX='7'><Cell N='X' V='0.7945705557686792' F='Width*0.93571016530406'/><Cell N='Y' V='0.84' F='Height*0.6544669364772'/></Row><Row T='LineTo' IX='8'><Cell N='X' V='0.7945705557686792' F='Width*0.93571016530406'/><Cell N='Y' V='1.06698729810779' F='Height*0.83131893839606'/></Row><Row T='LineTo' IX='9'><Cell N='X' V='0.4195815559300219' F='Width*0.4941118497375'/><Cell N='Y' V='1.283487298107784' F='Height*1'/></Row><Row T='LineTo' IX='10'><Cell N='X' V='0.04458155593003674' F='Width*0.052500580050378'/><Cell N='Y' V='1.066980947161679' F='Height*0.83131399020053'/></Row><Row T='LineTo' IX='11'><Cell N='X' V='0.04458155593003674' F='Width*0.052500580050378'/><Cell N='Y' V='0.6583383874749049' F='Height*0.51292941382862'/></Row><Row T='EllipticalArcTo' IX='12'><Cell N='X' V='0.0007302240701458678' F='Width*0.00085993381006194'/><Cell N='Y' V='0.5988161802403533' F='Height*0.46655403689867'/><Cell N='A' V='0.01000622398898793' U='DL' F='Width*0.011783630081469'/><Cell N='B' V='0.6378965737150032' U='DL' F='Height*0.49700263855781'/><Cell N='C' V='0' U='DA'/><Cell N='D' V='0.9999999999999873' F='Width/Height*1.5114732142525'/></Row><Row T='LineTo' IX='13'><Cell N='X' V='0.0007880978291031407' F='Width*0.00092808768786111'/><Cell N='Y' V='0.5573316310837299' F='Height*0.43423229190144'/></Row><Row T='EllipticalArcTo' IX='14'><Cell N='X' V='0.04458155593003674' F='Width*0.052500580050378'/><Cell N='Y' V='0.5866371710136635' F='Height*0.45706503825829'/><Cell N='A' V='0.01859822400341204' U='DL' F='Width*0.021901827509527'/><Cell N='B' V='0.5783249041522077' U='DL' F='Height*0.45058872417734'/><Cell N='C' V='0' U='DA'/><Cell N='D' V='0.9999999999999873' F='Width/Height*1.5114732142525'/></Row><Row T='LineTo' IX='15'><Cell N='X' V='0.04458155593003674' F='Width*0.052500580050378'/><Cell N='Y' V='0.5001345121376354' F='Height*0.38966845474433'/></Row><Row T='EllipticalArcTo' IX='16'><Cell N='X' V='0.001176039086855106' F='Width*0.0013849389715941'/><Cell N='Y' V='0.5573321722880839' F='Height*0.43423271356853'/><Cell N='A' V='0.01671985607118588' U='DL' F='Width*0.019689804982887'/><Cell N='B' V='0.5239585460088628' U='DL' F='Height*0.40823041005651'/><Cell N='C' V='0' U='DA'/><Cell N='D' V='0.9999999999999873' F='Width/Height*1.5114732142525'/></Row><Row T='LineTo' IX='17'><Cell N='X' V='0.0008598050577670075' F='Width*0.0010125322753171'/><Cell N='Y' V='0.5059310981653028' F='Height*0.39418473319618'/></Row><Row T='EllipticalArcTo' IX='18'><Cell N='X' V='0.04472324396849239' F='Width*0.052667436142543'/><Cell N='Y' V='0.4248638817377669' F='Height*0.33102305131039'/><Cell N='A' V='0.01279566541731008' U='DL' F='Width*0.015068560137147'/><Cell N='B' V='0.4599889811346346' U='DL' F='Height*0.35838997535292'/><Cell N='C' V='0' U='DA'/><Cell N='D' V='0.9999999999999873' F='Width/Height*1.5114732142525'/></Row><Row T='LineTo' IX='19'><Cell N='X' V='0.04458155593003674' F='Width*0.052500580050378'/><Cell N='Y' V='0.2164999999999936' F='Height*0.16868106160394'/></Row><Row T='LineTo' IX='20'><Cell N='X' V='0.4195705557686872' F='Width*0.49409889561693'/><Cell N='Y' V='0' F='Height*0'/></Row><Row T='LineTo' IX='21'><Cell N='X' V='0.7945705557686792' F='Width*0.93571016530406'/><Cell N='Y' V='0.2165063509461049' F='Height*0.16868600979947'/></Row><Row T='LineTo' IX='22'><Cell N='X' V='0.7945705557686792' F='Width*0.93571016530406'/><Cell N='Y' V='0.2749693351038829' F='Height*0.21423611710787'/></Row><Row T='LineTo' IX='23'><Cell N='X' V='0.8491631118600519' F='Width*1'/><Cell N='Y' V='0.2434503081487709' F='Height*0.18967878256971'/></Row><Row T='LineTo' IX='24'><Cell N='X' V='0.8491631118600519' F='Width*1'/><Cell N='Y' V='0.3186447748528814' F='Height*0.24826484478861'/></Row><Row T='LineTo' IX='25'><Cell N='X' V='0.7945705557686792' F='Width*0.93571016530406'/><Cell N='Y' V='0.3501638018079806' F='Height*0.27282217932676'/></Row></Section><Section N='Geometry' IX='2'><Cell N='NoFill' V='0'/><Cell N='NoLine' V='0'/><Cell N='NoShow' V='0'/><Cell N='NoSnap' V='0'/><Cell N='NoQuickDrag' V='0' F='No Formula'/><Row T='MoveTo' IX='1'><Cell N='X' V='0.8181492110317272' F='Width*0.96347709833934'/><Cell N='Y' V='0.6808012894236915' F='Height*0.53043087409387'/></Row><Row T='EllipticalArcTo' IX='2'><Cell N='X' V='0.8188714619081082' F='Width*0.96432764267681'/><Cell N='Y' V='0.6845918903328446' F='Height*0.5333842347658'/><Cell N='A' V='0.8185164504573026' U='DL' F='Width*0.96390957052336'/><Cell N='B' V='0.682695424935596' U='DL' F='Height*0.53190664679119'/><Cell N='C' V='0' U='DA'/><Cell N='D' V='0.9999999999999873' F='Width/Height*1.5114732142525'/></Row><Row T='EllipticalArcTo' IX='3'><Cell N='X' V='0.8182391127841284' F='Width*0.96358296934474'/><Cell N='Y' V='0.6880010136941226' F='Height*0.53604037586381'/><Cell N='A' V='0.8185591370402352' U='DL' F='Width*0.96395983952626'/><Cell N='B' V='0.6862971660828933' U='DL' F='Height*0.53471286166578'/><Cell N='C' V='0' U='DA'/><Cell N='D' V='0.9999999999999873' F='Width/Height*1.5114732142525'/></Row><Row T='EllipticalArcTo' IX='4'><Cell N='X' V='0.81768695681811' F='Width*0.96293273388549'/><Cell N='Y' V='0.6844225672831742' F='Height*0.53325231055438'/><Cell N='A' V='0.8179692056983035' U='DL' F='Width*0.96326511864909'/><Cell N='B' V='0.6862108383163141' U='DL' F='Height*0.53464560134563'/><Cell N='C' V='0' U='DA'/><Cell N='D' V='0.9999999999999873' F='Width/Height*1.5114732142525'/></Row><Row T='EllipticalArcTo' IX='5'><Cell N='X' V='0.8181492110317272' F='Width*0.96347709833934'/><Cell N='Y' V='0.6808012894236915' F='Height*0.53043087409387'/><Cell N='A' V='0.8179227730116172' U='DL' F='Width*0.96321043812183'/><Cell N='B' V='0.6826125269128875' U='DL' F='Height*0.53184205867814'/><Cell N='C' V='0' U='DA'/><Cell N='D' V='0.9999999999999873' F='Width/Height*1.5114732142525'/></Row></Section></Shape><Shape ID='8' Type='Shape' LineStyle='14' FillStyle='14' TextStyle='14'><Cell N='PinX' V='0.56248899983866' F='Sheet.6!Width*0.74999633322577'/><Cell N='PinY' V='0.5334936490538952' F='Sheet.6!Height*0.41565946919803'/><Cell N='Width' V='0.3749999999999988' F='Sheet.6!Width*0.50000733354845'/><Cell N='Height' V='1.06698729810779' F='Sheet.6!Height*0.83131893839606'/><Cell N='LocPinX' V='0.1874999999999994' F='Width*0.5'/><Cell N='LocPinY' V='0.5334936490538952' F='Height*0.5'/><Cell N='Angle' V='0'/><Cell N='FlipX' V='0'/><Cell N='FlipY' V='0'/><Cell N='ResizeMode' V='0'/><Cell N='LayerMember' V=''/><Cell N='FillForegnd' V='#23b8e9' F='Inh'/><Cell N='FillBkgnd' V='#23b8e9' F='Inh'/><Cell N='FillPattern' V='31' F='GUARD(31)'/><Cell N='ShdwForegnd' V='#000000' F='Inh'/><Cell N='ShdwPattern' V='0' F='GUARD(0)'/><Cell N='LineWeight' V='0.01' U='PT' F='GUARD(0.72PT)'/><Cell N='LineColor' V='#ffffff' F='GUARD(RGB(255,255,255))'/><Cell N='LinePattern' V='1' F='GUARD(1)'/><Cell N='Rounding' V='0' F='GUARD(0)'/><Cell N='BeginArrow' V='0' F='GUARD(0)'/><Cell N='EndArrow' V='0' F='GUARD(0)'/><Cell N='Copyright' V='Copyright (c) 2012 Microsoft Corporation.  All rights reserved.'/><Cell N='FillGradientDir' V='12' F='GUARD(12)'/><Cell N='FillGradientEnabled' V='1' F='GUARD(TRUE)'/><Cell N='UseGroupGradient' V='0' F='GUARD(FALSE)'/><Section N='FillGradient'><Row IX='0'><Cell N='GradientStopColor' V='#23b8e9' F='Inh'/></Row><Row IX='1'><Cell N='GradientStopColor' V='#23b8e9' F='Inh'/></Row></Section><Section N='Character'><Row IX='0'><Cell N='Color' V='#1fa6d3' F='Inh'/></Row></Section><Section N='Geometry' IX='0'><Cell N='NoFill' V='0'/><Cell N='NoLine' V='0'/><Cell N='NoShow' V='0'/><Cell N='NoSnap' V='0'/><Cell N='NoQuickDrag' V='0' F='No Formula'/><Row T='MoveTo' IX='1'><Cell N='X' V='0' F='Width*0'/><Cell N='Y' V='0.8504809471616774' F='Height*0.79708629022101'/></Row><Row T='LineTo' IX='2'><Cell N='X' V='0' F='Width*0'/><Cell N='Y' V='0' F='Height*0'/></Row><Row T='LineTo' IX='3'><Cell N='X' V='0.3749999999999988' F='Width*1'/><Cell N='Y' V='0.2165063509461129' F='Height*0.20291370977899'/></Row><Row T='LineTo' IX='4'><Cell N='X' V='0.3749999999999988' F='Width*1'/><Cell N='Y' V='1.06698729810779' F='Height*1'/></Row><Row T='LineTo' IX='5'><Cell N='X' V='0' F='Geometry1.X1'/><Cell N='Y' V='0.8504809471616774' F='Geometry1.Y1'/></Row></Section></Shape><Shape ID='9' Type='Shape' LineStyle='8' FillStyle='8' TextStyle='8'><Cell N='PinX' V='0.3749944999193316' F='Sheet.6!Width*0.5'/><Cell N='PinY' V='1.066984122634728' F='Sheet.6!Height*0.83131646429829'/><Cell N='Width' V='0.7499889998386632' F='Sheet.6!Width*1'/><Cell N='Height' V='0.4330063509461114' F='Sheet.6!Height*0.33736707140342'/><Cell N='LocPinX' V='0.3749944999193316' F='Width*0.5'/><Cell N='LocPinY' V='0.2165031754730557' F='Height*0.5'/><Cell N='Angle' V='0'/><Cell N='FlipX' V='0'/><Cell N='FlipY' V='0'/><Cell N='ResizeMode' V='0'/><Cell N='LayerMember' V=''/><Cell N='FillForegnd' V='#23b8e9' F='Inh'/><Cell N='FillBkgnd' V='#23b8e9' F='Inh'/><Cell N='FillPattern' V='30' F='GUARD(30)'/><Cell N='ShdwForegnd' V='#000000' F='Inh'/><Cell N='ShdwPattern' V='0' F='GUARD(0)'/><Cell N='LineWeight' V='0.01' U='PT' F='GUARD(0.72PT)'/><Cell N='LineColor' V='#ffffff' F='GUARD(RGB(255,255,255))'/><Cell N='LinePattern' V='1' F='GUARD(1)'/><Cell N='Rounding' V='0' F='GUARD(0)'/><Cell N='BeginArrow' V='0' F='GUARD(0)'/><Cell N='EndArrow' V='0' F='GUARD(0)'/><Cell N='Copyright' V='Copyright (c) 2012 Microsoft Corporation.  All rights reserved.'/><Cell N='FillGradientDir' V='0' F='GUARD(0)'/><Cell N='FillGradientAngle' V='4.7123889803847' U='DEG' F='GUARD(270DEG)'/><Cell N='FillGradientEnabled' V='1' F='GUARD(TRUE)'/><Cell N='UseGroupGradient' V='0' F='GUARD(FALSE)'/><Section N='FillGradient'><Row IX='0'><Cell N='GradientStopColor' V='#23b8e9' F='Inh'/></Row><Row IX='1'><Cell N='GradientStopColor' V='#23b8e9' F='Inh'/></Row></Section><Section N='Character'><Row IX='0'><Cell N='Color' V='#1fa6d3' F='Inh'/></Row></Section><Section N='Geometry' IX='0'><Cell N='NoFill' V='0'/><Cell N='NoLine' V='0'/><Cell N='NoShow' V='0'/><Cell N='NoSnap' V='0'/><Cell N='NoQuickDrag' V='0' F='No Formula'/><Row T='MoveTo' IX='1'><Cell N='X' V='0' F='Width*0'/><Cell N='Y' V='0.2165000000000019' F='Height*0.49999266645155'/></Row><Row T='LineTo' IX='2'><Cell N='X' V='0.3749889998386643' F='Width*0.49999266645155'/><Cell N='Y' V='0' F='Height*0'/></Row><Row T='LineTo' IX='3'><Cell N='X' V='0.7499889998386632' F='Width*1'/><Cell N='Y' V='0.2165063509461095' F='Height*0.50000733354845'/></Row><Row T='LineTo' IX='4'><Cell N='X' V='0.3749999999999988' F='Width*0.50000733354845'/><Cell N='Y' V='0.4330063509461114' F='Height*1'/></Row><Row T='LineTo' IX='5'><Cell N='X' V='0' F='Geometry1.X1'/><Cell N='Y' V='0.2165000000000019' F='Geometry1.Y1'/></Row></Section></Shape><Shape ID='10' Type='Shape' LineStyle='10' FillStyle='10' TextStyle='10'><Cell N='PinX' V='0.1874944999193284' F='Sheet.6!Width*0.24999633322577'/><Cell N='PinY' V='0.5334904735808331' F='Sheet.6!Height*0.41565699510026'/><Cell N='Width' V='0.3749889998386643' F='Sheet.6!Width*0.49999266645155'/><Cell N='Height' V='1.066980947161679' F='Sheet.6!Height*0.83131399020053'/><Cell N='LocPinX' V='0.1874944999193322' F='Width*0.5'/><Cell N='LocPinY' V='0.5334904735808396' F='Height*0.5'/><Cell N='Angle' V='0'/><Cell N='FlipX' V='0'/><Cell N='FlipY' V='0'/><Cell N='ResizeMode' V='0'/><Cell N='LayerMember' V=''/><Cell N='FillForegnd' V='#23b8e9' F='Inh'/><Cell N='FillBkgnd' V='#23b8e9' F='Inh'/><Cell N='FillPattern' V='32' F='GUARD(32)'/><Cell N='ShdwForegnd' V='#000000' F='Inh'/><Cell N='ShdwPattern' V='0' F='GUARD(0)'/><Cell N='LineWeight' V='0.01' U='PT' F='GUARD(0.72PT)'/><Cell N='LineColor' V='#000000' F='GUARD(RGB(0,0,0))'/><Cell N='LinePattern' V='1' F='GUARD(1)'/><Cell N='Rounding' V='0' F='GUARD(0)'/><Cell N='BeginArrow' V='0' F='GUARD(0)'/><Cell N='EndArrow' V='0' F='GUARD(0)'/><Cell N='Copyright' V='Copyright (c) 2012 Microsoft Corporation.  All rights reserved.'/><Cell N='FillGradientDir' V='11' F='GUARD(11)'/><Cell N='FillGradientEnabled' V='1' F='GUARD(TRUE)'/><Cell N='UseGroupGradient' V='0' F='GUARD(FALSE)'/><Section N='FillGradient'><Row IX='0'><Cell N='GradientStopColor' V='#23b8e9' F='Inh'/></Row><Row IX='1'><Cell N='GradientStopColor' V='#23b8e9' F='Inh'/></Row></Section><Section N='Character'><Row IX='0'><Cell N='Color' V='#1fa6d3' F='Inh'/></Row></Section><Section N='Geometry' IX='0'><Cell N='NoFill' V='0'/><Cell N='NoLine' V='0'/><Cell N='NoShow' V='0'/><Cell N='NoSnap' V='0'/><Cell N='NoQuickDrag' V='0' F='No Formula'/><Row T='MoveTo' IX='1'><Cell N='X' V='0' F='Width*0'/><Cell N='Y' V='0.2165000000000032' F='Height*0.20290896531557'/></Row><Row T='LineTo' IX='2'><Cell N='X' V='0.3749889998386643' F='Width*1'/><Cell N='Y' V='0' F='Height*0'/></Row><Row T='LineTo' IX='3'><Cell N='X' V='0.3749889998386643' F='Width*1'/><Cell N='Y' V='0.850480947161676' F='Height*0.79709103468443'/></Row><Row T='LineTo' IX='4'><Cell N='X' V='0' F='Width*0'/><Cell N='Y' V='1.066980947161679' F='Height*1'/></Row><Row T='LineTo' IX='5'><Cell N='X' V='0' F='Geometry1.X1'/><Cell N='Y' V='0.2165000000000032' F='Geometry1.Y1'/></Row></Section></Shape><Shape ID='11' Type='Shape' LineStyle='12' FillStyle='12' TextStyle='12'><Cell N='PinX' V='0.3749944999193316' F='Sheet.6!Width*0.5'/><Cell N='PinY' V='0.641743649053892' F='Sheet.6!Height*0.5'/><Cell N='Width' V='0.7499889998386632' F='Sheet.6!Width*1'/><Cell N='Height' V='1.283487298107784' F='Sheet.6!Height*1'/><Cell N='LocPinX' V='0.3749944999193316' F='Width*0.5'/><Cell N='LocPinY' V='0.641743649053892' F='Height*0.5'/><Cell N='Angle' V='0'/><Cell N='FlipX' V='0'/><Cell N='FlipY' V='0'/><Cell N='ResizeMode' V='0'/><Cell N='LayerMember' V=''/><Cell N='FillForegnd' V='#23b8e9' F='Inh'/><Cell N='FillBkgnd' V='#23b8e9' F='Inh'/><Cell N='FillPattern' V='1' F='GUARD(1)'/><Cell N='ShdwForegnd' V='#000000' F='Inh'/><Cell N='ShdwPattern' V='0' F='GUARD(0)'/><Cell N='LineWeight' V='0.02083333333333333' U='PT' F='GUARD(1.5PT)'/><Cell N='LineColor' V='#bddff4' F='Inh'/><Cell N='LinePattern' V='1' F='GUARD(1)'/><Cell N='Rounding' V='0' F='GUARD(0)'/><Cell N='BeginArrow' V='0' F='GUARD(0)'/><Cell N='EndArrow' V='0' F='GUARD(0)'/><Cell N='Copyright' V='Copyright (c) 2012 Microsoft Corporation.  All rights reserved.'/><Cell N='FillGradientEnabled' V='0' F='GUARD(FALSE)'/><Section N='Character'><Row IX='0'><Cell N='Color' V='#1fa6d3' F='Inh'/></Row></Section><Section N='Geometry' IX='0'><Cell N='NoFill' V='1'/><Cell N='NoLine' V='0'/><Cell N='NoShow' V='0'/><Cell N='NoSnap' V='0'/><Cell N='NoQuickDrag' V='0' F='No Formula'/><Row T='MoveTo' IX='1'><Cell N='X' V='0' F='Width*0'/><Cell N='Y' V='1.066980947161679' F='Height*0.83131399020053'/></Row><Row T='LineTo' IX='2'><Cell N='X' V='0' F='Width*0'/><Cell N='Y' V='0.2164999999999936' F='Height*0.16868106160394'/></Row><Row T='LineTo' IX='3'><Cell N='X' V='0.3749889998386643' F='Width*0.49999266645155'/><Cell N='Y' V='0' F='Height*0'/></Row><Row T='LineTo' IX='4'><Cell N='X' V='0.7499889998386632' F='Width*1'/><Cell N='Y' V='0.2165063509461049' F='Height*0.16868600979947'/></Row><Row T='LineTo' IX='5'><Cell N='X' V='0.7499889998386632' F='Width*1'/><Cell N='Y' V='1.06698729810779' F='Height*0.83131893839606'/></Row><Row T='LineTo' IX='6'><Cell N='X' V='0.3749999999999988' F='Width*0.50000733354845'/><Cell N='Y' V='1.283487298107784' F='Height*1'/></Row><Row T='LineTo' IX='7'><Cell N='X' V='0' F='Geometry1.X1'/><Cell N='Y' V='1.066980947161679' F='Geometry1.Y1'/></Row></Section></Shape><Shape ID='12' Type='Shape' LineStyle='3' FillStyle='3' TextStyle='3'><Cell N='PinX' V='0.4824492654305706' F='Sheet.6!Width*0.64327512208093'/><Cell N='PinY' V='0.5904835622445301' F='Sheet.6!Height*0.46006186669324'/><Cell N='Width' V='0.5880162007078462' F='Sheet.6!Width*0.78403310026459'/><Cell N='Height' V='0.4990328755109529' F='Sheet.6!Height*0.38881013956793'/><Cell N='LocPinX' V='0.2940081003539231' F='Width*0.5'/><Cell N='LocPinY' V='0.2495164377554764' F='Height*0.5'/><Cell N='Angle' V='0'/><Cell N='FlipX' V='0'/><Cell N='FlipY' V='0'/><Cell N='ResizeMode' V='0'/><Cell N='LayerMember' V=''/><Cell N='LineWeight' V='0.003333333333333333' U='PT' F='GUARD(0.24PT)'/><Cell N='LineColor' V='0' F='GUARD(0)'/><Cell N='LinePattern' V='1' F='GUARD(1)'/><Cell N='Rounding' V='0' F='GUARD(0)'/><Cell N='BeginArrow' V='0' F='GUARD(0)'/><Cell N='EndArrow' V='0' F='GUARD(0)'/><Cell N='FillForegnd' V='2' F='GUARD(2)'/><Cell N='FillBkgnd' V='0' F='GUARD(0)'/><Cell N='FillPattern' V='1' F='GUARD(1)'/><Cell N='ShdwPattern' V='0' F='GUARD(0)'/><Cell N='Copyright' V='Copyright (c) 2012 Microsoft Corporation.  All rights reserved.'/><Cell N='FillGradientEnabled' V='0' F='GUARD(FALSE)'/><Cell N='QuickStyleVariation' V='2'/><Section N='Geometry' IX='0'><Cell N='NoFill' V='0'/><Cell N='NoLine' V='0'/><Cell N='NoShow' V='0'/><Cell N='NoSnap' V='0'/><Cell N='NoQuickDrag' V='0' F='No Formula'/><Row T='MoveTo' IX='1'><Cell N='X' V='0' F='Width*0'/><Cell N='Y' V='0.1848929787042826' F='Height*0.37050260168726'/></Row><Row T='LineTo' IX='2'><Cell N='X' V='0.1028043674643194' F='Width*0.17483254260778'/><Cell N='Y' V='0.2539699332878003' F='Height*0.50892425279149'/></Row><Row T='LineTo' IX='3'><Cell N='X' V='0.1030790814402114' F='Width*0.17529973037499'/><Cell N='Y' V='0.1612843958983542' F='Height*0.32319392932423'/></Row><Row T='LineTo' IX='4'><Cell N='X' V='0.1560285184110153' F='Width*0.26534731223934'/><Cell N='Y' V='0.1312066092167136' F='Height*0.26292177460728'/></Row><Row T='EllipticalArcTo' IX='5'><Cell N='X' V='0.5858487409014469' F='Width*0.99631394542567'/><Cell N='Y' V='0.3436247658437971' F='Height*0.68858141959478'/><Cell N='A' V='0.4242207639814637' U='DL' F='Width*0.72144400693517'/><Cell N='B' V='0.1296012747037582' U='DL' F='Height*0.25970488331267'/><Cell N='C' V='0' U='DA' F='_ELLIPSE_THETA(-1.4767963923727,1,0.73311935349296,0.62217785602832,Width,Height)'/><Cell N='D' V='1.00000000000001' F='_ELLIPSE_ECC(-1.4767963923727,1,0.73311935349296,0.62217785602832,Width,Height,Geometry1.C5)'/></Row><Row T='EllipticalArcTo' IX='6'><Cell N='X' V='0.5620786386131733' F='Width*0.95588971517545'/><Cell N='Y' V='0.4238384088068489' F='Height*0.84931961320762'/><Cell N='A' V='0.5775771599477838' U='DL' F='Width*0.98224701845375'/><Cell N='B' V='0.3794646268285076' U='DL' F='Height*0.76040005668961'/><Cell N='C' V='0' U='DA' F='_ELLIPSE_THETA(-1.6638821108518,1,0.73311935349296,0.62217785602832,Width,Height)'/><Cell N='D' V='1.00000000000001' F='_ELLIPSE_ECC(-1.6638821108518,1,0.73311935349296,0.62217785602832,Width,Height,Geometry1.C6)'/></Row><Row T='LineTo' IX='7'><Cell N='X' V='0.5620786386131733' F='Width*0.95588971517545'/><Cell N='Y' V='0.4990328755109529' F='Height*1'/></Row><Row T='EllipticalArcTo' IX='8'><Cell N='X' V='0.5846642358114462' F='Width*0.99429953648834'/><Cell N='Y' V='0.3434554427941321' F='Height*0.68824211720014'/><Cell N='A' V='0.585199273305915' U='DL' F='Width*0.99520943913018'/><Cell N='B' V='0.423618107507402' U='DL' F='Height*0.84887815672197'/><Cell N='C' V='0' U='DA'/><Cell N='D' V='0.9999999999999948' F='Width/Height*0.84867198371443'/></Row><Row T='EllipticalArcTo' IX='9'><Cell N='X' V='0.5871434608478772' F='Width*0.99851578943077'/><Cell N='Y' V='0.2765825781779773' F='Height*0.55423718907254'/><Cell N='A' V='0.5874947085077042' U='DL' F='Width*0.99911313293832'/><Cell N='B' V='0.3100779895713021' U='DL' F='Height*0.62135783990948'/><Cell N='C' V='0' U='DA'/><Cell N='D' V='0.9999999999999948' F='Width/Height*0.84867198371443'/></Row><Row T='EllipticalArcTo' IX='10'><Cell N='X' V='0.1560285184110153' F='Width*0.26534731223934'/><Cell N='Y' V='0.05601214251260958' F='Height*0.1122413878149'/><Cell N='A' V='0.3997839146434821' U='DL' F='Width*0.67988588437228'/><Cell N='B' V='0.03470704361311244' U='DL' F='Height*0.069548611557057'/><Cell N='C' V='0' U='DA'/><Cell N='D' V='0.9999999999999948' F='Width/Height*0.84867198371443'/></Row><Row T='LineTo' IX='11'><Cell N='X' V='0.1014228542413241' F='Width*0.17248309505628'/><Cell N='Y' V='0.08772861424116751' F='Height*0.17579726416089'/></Row><Row T='LineTo' IX='12'><Cell N='X' V='0.1011043627731665' F='Width*0.17194145782286'/><Cell N='Y' V='0' F='Height*0'/></Row><Row T='LineTo' IX='13'><Cell N='X' V='0' F='Geometry1.X1'/><Cell N='Y' V='0.1848929787042826' F='Geometry1.Y1'/></Row></Section></Shape><Shape ID='13' Type='Shape' LineStyle='3' FillStyle='3' TextStyle='3'><Cell N='PinX' V='0.0698019490484743' F='Sheet.6!Width*0.0930706304539'/><Cell N='PinY' V='0.5692029835700895' F='Sheet.6!Height*0.44348158677476'/><Cell N='Width' V='0.2287670099570293' F='Sheet.6!Width*0.30502715373991'/><Cell N='Height' V='0.2886782036646581' F='Sheet.6!Height*0.22491707092875'/><Cell N='LocPinX' V='0.1143835049785146' F='Width*0.5'/><Cell N='LocPinY' V='0.1443391018323291' F='Height*0.5'/><Cell N='Angle' V='0'/><Cell N='FlipX' V='0'/><Cell N='FlipY' V='0'/><Cell N='ResizeMode' V='0'/><Cell N='LayerMember' V=''/><Cell N='LineWeight' V='0.003333333333333333' U='PT' F='GUARD(0.24PT)'/><Cell N='LineColor' V='0' F='GUARD(0)'/><Cell N='LinePattern' V='1' F='GUARD(1)'/><Cell N='Rounding' V='0' F='GUARD(0)'/><Cell N='BeginArrow' V='0' F='GUARD(0)'/><Cell N='EndArrow' V='0' F='GUARD(0)'/><Cell N='FillForegnd' V='2' F='GUARD(2)'/><Cell N='FillBkgnd' V='0' F='GUARD(0)'/><Cell N='FillPattern' V='1' F='GUARD(1)'/><Cell N='ShdwPattern' V='0' F='GUARD(0)'/><Cell N='Copyright' V='Copyright (c) 2012 Microsoft Corporation.  All rights reserved.'/><Cell N='FillGradientEnabled' V='0' F='GUARD(FALSE)'/><Cell N='QuickStyleVariation' V='2'/><Section N='Geometry' IX='0'><Cell N='NoFill' V='0'/><Cell N='NoLine' V='0'/><Cell N='NoShow' V='0'/><Cell N='NoSnap' V='0'/><Cell N='NoQuickDrag' V='0' F='No Formula'/><Row T='MoveTo' IX='1'><Cell N='X' V='0.2287670099570293' F='Width*1'/><Cell N='Y' V='0.1023226659341004' F='Height*0.35445234394268'/></Row><Row T='LineTo' IX='2'><Cell N='X' V='0.1286362932654936' F='Width*0.56230263834657'/><Cell N='Y' V='0.2886782036646581' F='Height*1'/></Row><Row T='LineTo' IX='3'><Cell N='X' V='0.1290542207571547' F='Width*0.56412950792772'/><Cell N='Y' V='0.1964455442644673' F='Height*0.68050009238892'/></Row><Row T='LineTo' IX='4'><Cell N='X' V='0.07072799703699798' F='Width*0.30917043961139'/><Cell N='Y' V='0.230120205230114' F='Height*0.79715129964378'/></Row><Row T='EllipticalArcTo' IX='5'><Cell N='X' V='0.0007302240701464125' F='Width*0.0031919990136846'/><Cell N='Y' V='0.1739522985025869' F='Height*0.6025820318068'/><Cell N='A' V='0.04517267397528903' U='DL' F='Width*0.19746148705521'/><Cell N='B' V='0.2335495243478281' U='DL' F='Height*0.80903068324178'/><Cell N='C' V='0' U='DA'/><Cell N='D' V='1.000000000000012' F='Width/Height*1.2618873836699'/></Row><Row T='LineTo' IX='6'><Cell N='X' V='0.0008598050577676438' F='Width*0.0037584311563505'/><Cell N='Y' V='0.08106721642754228' F='Height*0.28082208978172'/></Row><Row T='EllipticalArcTo' IX='7'><Cell N='X' V='0.04472324396849522' F='Width*0.19549691180077'/><Cell N='Y' V='0' F='Height*0'/><Cell N='A' V='0.01809187034412497' U='DL' F='Width*0.079084262838087'/><Cell N='B' V='0.02643464570675225' U='DL' F='Height*0.091571325341417'/><Cell N='C' V='0' U='DA'/><Cell N='D' V='1.000000000000012' F='Width/Height*1.2618873836699'/></Row><Row T='LineTo' IX='8'><Cell N='X' V='0.04472324396849522' F='Width*0.19549691180077'/><Cell N='Y' V='0.07519446670410192' F='Height*0.2604785042637'/></Row><Row T='EllipticalArcTo' IX='9'><Cell N='X' V='0.001176039086855739' F='Width*0.0051407722078312'/><Cell N='Y' V='0.1324682905503211' F='Height*0.45887874064854'/><Cell N='A' V='0.01731305187047129' U='DL' F='Width*0.075679845069109'/><Cell N='B' V='0.09832351562345841' U='DL' F='Height*0.3405990281749'/><Cell N='C' V='0' U='DA' F='_ELLIPSE_THETA(-0.011550224397683,1,0.28521922055604,0.35991453599983,Width,Height)'/><Cell N='D' V='1.000000000000014' F='_ELLIPSE_ECC(-0.011550224397683,1,0.28521922055604,0.35991453599983,Width,Height,Geometry1.C9)'/></Row><Row T='EllipticalArcTo' IX='10'><Cell N='X' V='0.07072799703699798' F='Width*0.30917043961139'/><Cell N='Y' V='0.1549257385260092' F='Height*0.53667279538007'/><Cell N='A' V='0.03867919106912281' U='DL' F='Width*0.16907678723601'/><Cell N='B' V='0.1612625004851288' U='DL' F='Height*0.5586237493443'/><Cell N='C' V='0' U='DA' F='_ELLIPSE_THETA(-0.15402772526955,1,0.28521922055604,0.35991453599983,Width,Height)'/><Cell N='D' V='1.000000000000014' F='_ELLIPSE_ECC(-0.15402772526955,1,0.28521922055604,0.35991453599983,Width,Height,Geometry1.C10)'/></Row><Row T='LineTo' IX='11'><Cell N='X' V='0.1290542207571547' F='Width*0.56412950792772'/><Cell N='Y' V='0.1212510775603654' F='Height*0.42002158812522'/></Row><Row T='LineTo' IX='12'><Cell N='X' V='0.1276199119720144' F='Width*0.55785977180882'/><Cell N='Y' V='0.03352419973891319' F='Height*0.11612999981757'/></Row><Row T='LineTo' IX='13'><Cell N='X' V='0.2287670099570293' F='Geometry1.X1'/><Cell N='Y' V='0.1023226659341004' F='Geometry1.Y1'/></Row></Section></Shape><Shape ID='14' Type='Shape' LineStyle='3' FillStyle='3' TextStyle='3'><Cell N='PinX' V='0.7754184440699404' F='Sheet.6!Width*1.0339064229432'/><Cell N='PinY' V='0.2978848719836459' F='Sheet.6!Height*0.23209023760719'/><Cell N='Width' V='0.05832622372015496' F='Sheet.6!Width*0.077769438928707'/><Cell N='Height' V='0.1088691276697487' F='Sheet.6!Height*0.084822910074959'/><Cell N='LocPinX' V='0.02916311186007748' F='Width*0.5'/><Cell N='LocPinY' V='0.05443456383487433' F='Height*0.5'/><Cell N='Angle' V='0'/><Cell N='FlipX' V='0'/><Cell N='FlipY' V='0'/><Cell N='ResizeMode' V='0'/><Cell N='LayerMember' V=''/><Cell N='LineWeight' V='0.003333333333333333' U='PT' F='GUARD(0.24PT)'/><Cell N='LineColor' V='0' F='GUARD(0)'/><Cell N='LinePattern' V='1' F='GUARD(1)'/><Cell N='Rounding' V='0' F='GUARD(0)'/><Cell N='BeginArrow' V='0' F='GUARD(0)'/><Cell N='EndArrow' V='0' F='GUARD(0)'/><Cell N='FillForegnd' V='2' F='GUARD(2)'/><Cell N='FillBkgnd' V='0' F='GUARD(0)'/><Cell N='FillPattern' V='1' F='GUARD(1)'/><Cell N='ShdwPattern' V='0' F='GUARD(0)'/><Cell N='Copyright' V='Copyright (c) 2012 Microsoft Corporation.  All rights reserved.'/><Cell N='FillGradientEnabled' V='0' F='GUARD(FALSE)'/><Cell N='QuickStyleVariation' V='2'/><Section N='Geometry' IX='0'><Cell N='NoFill' V='0'/><Cell N='NoLine' V='0'/><Cell N='NoShow' V='0'/><Cell N='NoSnap' V='0'/><Cell N='NoQuickDrag' V='0' F='No Formula'/><Row T='MoveTo' IX='1'><Cell N='X' V='0' F='Width*0'/><Cell N='Y' V='0.03367466096564532' F='Height*0.30931322484549'/></Row><Row T='LineTo' IX='2'><Cell N='X' V='0.05832622372015496' F='Width*1'/><Cell N='Y' V='0' F='Height*0'/></Row><Row T='LineTo' IX='3'><Cell N='X' V='0.05832622372015496' F='Width*1'/><Cell N='Y' V='0.07519446670410333' F='Height*0.69068677515451'/></Row><Row T='LineTo' IX='4'><Cell N='X' V='0' F='Width*0'/><Cell N='Y' V='0.1088691276697487' F='Height*1'/></Row><Row T='LineTo' IX='5'><Cell N='X' V='0' F='Geometry1.X1'/><Cell N='Y' V='0.03367466096564532' F='Geometry1.Y1'/></Row></Section></Shape></Shapes></Shape><Shape ID='15' NameU='Gateway' IsCustomNameU='1' Name='Gateway' IsCustomName='1' Type='Group' LineStyle='3' FillStyle='3' TextStyle='3'><Cell N='PinX' V='0.3749944999193318' F='Sheet.5!Width*0.37499862496471'/><Cell N='PinY' V='0.8750000000000036' F='Sheet.5!Height*0.57689379516823'/><Cell N='Width' V='0.7499889998386632' F='Sheet.5!Width*0.74999724992941'/><Cell N='Height' V='1.283487298107784' F='Sheet.5!Height*0.84621240966355'/><Cell N='LocPinX' V='0.3749944999193316' F='Width*0.5'/><Cell N='LocPinY' V='0.641743649053892' F='Height*0.5'/><Cell N='Angle' V='0'/><Cell N='FlipX' V='0'/><Cell N='FlipY' V='0'/><Cell N='ResizeMode' V='0'/><Cell N='EventDblClick' V='0' F='OPENTEXTWIN()'/><Cell N='LayerMember' V=''/><Cell N='ObjType' V='9'/><Cell N='Comment' V='&lt;no master&gt;' F='INDEX(0,INDEX(0,MASTERNAME(),":"),".")'/><Cell N='LineWeight' V='0.01388888888888889' U='PT' F='THEMEVAL("LineWeight",0.24PT)'/><Cell N='TxtPinX' V='0.3749944999193316' F='Controls.Row_1'/><Cell N='TxtPinY' V='-0.1555555555555556' F='Controls.Row_1.Y'/><Cell N='TxtWidth' V='0.1111111111111111' F='TEXTWIDTH(TheText)'/><Cell N='TxtHeight' V='0.3111111111111111' F='TEXTHEIGHT(TheText,TxtWidth)'/><Cell N='TxtLocPinX' V='0.05555555555555555' F='TxtWidth*0.5'/><Cell N='TxtLocPinY' V='0.1555555555555556' F='TxtHeight*0.5'/><Cell N='TxtAngle' V='0' F='IF(BITXOR(FlipX,FlipY),1,-1)*Angle'/><Cell N='SelectMode' V='0'/><Cell N='HelpTopic' V='Vis_PRXY.chm!#55183'/><Cell N='Copyright' V='Copyright (c) 2012 Microsoft Corporation.  All rights reserved.'/><Cell N='LockAspect' V='1'/><Cell N='QuickStyleVariation' V='6'/><Section N='User'><Row N='HasText'><Cell N='Value' V='0' U='BOOL' F='NOT(OR(HideText,STRSAME(SHAPETEXT(TheText),"")))'/><Cell N='Prompt' V='' F='No Formula'/></Row><Row N='ShapeClass'><Cell N='Value' V='4'/><Cell N='Prompt' V='' F='No Formula'/></Row><Row N='ShapeType'><Cell N='Value' V='7'/><Cell N='Prompt' V='' F='No Formula'/></Row><Row N='SubShapeType'><Cell N='Value' V='30'/><Cell N='Prompt' V='' F='No Formula'/></Row><Row N='visLegendShape'><Cell N='Value' V='2'/><Cell N='Prompt' V='' F='No Formula'/></Row><Row N='SolSH'><Cell N='Value' V='{BF0433D9-CD73-4EB5-8390-8653BE590246}' U='GUID'/><Cell N='Prompt' V='' F='No Formula'/></Row><Row N='visVersion'><Cell N='Value' V='15'/><Cell N='Prompt' V=''/></Row><Row N='visIsConnected'><Cell N='Value' V='0'/><Cell N='Prompt' V=''/></Row></Section><Section N='Actions'><Row N='Properties'><Cell N='Menu' V='%_P&amp;roperties'/><Cell N='Action' V='0' F='RUNADDON("NETWORK SHAPE PROPERTIES")'/><Cell N='Checked' V='0'/><Cell N='Disabled' V='0'/><Cell N='ReadOnly' V='0'/><Cell N='Invisible' V='0'/><Cell N='BeginGroup' V='0'/><Cell N='FlyoutChild' V='0' F='No Formula'/><Cell N='TagName' V=''/><Cell N='ButtonFace' V=''/><Cell N='SortKey' V=''/></Row></Section><Section N='Connection'><Row T='Connection' N='Row_1'><Cell N='X' V='0.3749944999193316' F='Width*0.5'/><Cell N='Y' V='0.641743649053892' F='Height*0.5'/><Cell N='DirX' V='0'/><Cell N='DirY' V='0'/><Cell N='Type' V='0'/><Cell N='AutoGen' V='0'/><Cell N='Prompt' V='' F='No Formula'/></Row></Section><Section N='Control'><Row N='Row_1'><Cell N='X' V='0.3749944999193316' F='Width*0.5'/><Cell N='Y' V='-0.1555555555555556' F='-TxtHeight*0.5'/><Cell N='XDyn' V='0.3749944999193316' F='Controls.Row_1'/><Cell N='YDyn' V='-0.1555555555555556' F='Controls.Row_1.Y'/><Cell N='XCon' V='2' F='(Controls.Row_1&gt;Width/2)*2+2'/><Cell N='YCon' V='7' F='(Controls.Row_1.Y&gt;Height/2)*2+2+5*NOT(User.HasText)'/><Cell N='CanGlue' V='1'/><Cell N='Prompt' V='Reposition Text'/></Row></Section><Section N='Property'><Row N='ShapeClass'><Cell N='Value' V='Connectivity' U='STR'/><Cell N='Prompt' V='' F='No Formula'/><Cell N='Label' V='ShapeClass'/><Cell N='Format' V='' F='No Formula'/><Cell N='SortKey' V='' F='No Formula'/><Cell N='Type' V='0'/><Cell N='Invisible' V='1'/><Cell N='Verify' V='0'/><Cell N='DataLinked' V='0' F='No Formula'/><Cell N='LangID' V='en-US'/><Cell N='Calendar' V='0' F='No Formula'/></Row><Row N='ShapeType'><Cell N='Value' V='Conceptual' U='STR'/><Cell N='Prompt' V='' F='No Formula'/><Cell N='Label' V='ShapeType'/><Cell N='Format' V='' F='No Formula'/><Cell N='SortKey' V='' F='No Formula'/><Cell N='Type' V='0'/><Cell N='Invisible' V='1'/><Cell N='Verify' V='0'/><Cell N='DataLinked' V='0' F='No Formula'/><Cell N='LangID' V='en-US'/><Cell N='Calendar' V='0' F='No Formula'/></Row><Row N='SubShapeType'><Cell N='Value' V='Gateway' U='STR'/><Cell N='Prompt' V='' F='No Formula'/><Cell N='Label' V='SubShapeType'/><Cell N='Format' V='' F='No Formula'/><Cell N='SortKey' V='' F='No Formula'/><Cell N='Type' V='0'/><Cell N='Invisible' V='1'/><Cell N='Verify' V='0'/><Cell N='DataLinked' V='0' F='No Formula'/><Cell N='LangID' V='en-US'/><Cell N='Calendar' V='0' F='No Formula'/></Row><Row N='Manufacturer'><Cell N='Value' V='0' F='No Formula'/><Cell N='Prompt' V='' F='No Formula'/><Cell N='Label' V='Manufacturer'/><Cell N='Format' V='' F='No Formula'/><Cell N='SortKey' V='Equipment'/><Cell N='Type' V='0'/><Cell N='Invisible' V='0'/><Cell N='Verify' V='0'/><Cell N='DataLinked' V='0' F='No Formula'/><Cell N='LangID' V='en-US'/><Cell N='Calendar' V='0' F='No Formula'/></Row><Row N='ProductNumber'><Cell N='Value' V='0' F='No Formula'/><Cell N='Prompt' V='' F='No Formula'/><Cell N='Label' V='Product Number'/><Cell N='Format' V='' F='No Formula'/><Cell N='SortKey' V='Equipment'/><Cell N='Type' V='0'/><Cell N='Invisible' V='0'/><Cell N='Verify' V='0'/><Cell N='DataLinked' V='0' F='No Formula'/><Cell N='LangID' V='en-US'/><Cell N='Calendar' V='0' F='No Formula'/></Row><Row N='PartNumber'><Cell N='Value' V='0' F='No Formula'/><Cell N='Prompt' V='' F='No Formula'/><Cell N='Label' V='Part Number'/><Cell N='Format' V='' F='No Formula'/><Cell N='SortKey' V='Equipment'/><Cell N='Type' V='0'/><Cell N='Invisible' V='0'/><Cell N='Verify' V='0'/><Cell N='DataLinked' V='0' F='No Formula'/><Cell N='LangID' V='en-US'/><Cell N='Calendar' V='0' F='No Formula'/></Row><Row N='ProductDescription'><Cell N='Value' V='0' F='No Formula'/><Cell N='Prompt' V='' F='No Formula'/><Cell N='Label' V='Product Description'/><Cell N='Format' V='' F='No Formula'/><Cell N='SortKey' V='Equipment'/><Cell N='Type' V='0'/><Cell N='Invisible' V='0'/><Cell N='Verify' V='0'/><Cell N='DataLinked' V='0' F='No Formula'/><Cell N='LangID' V='en-US'/><Cell N='Calendar' V='0' F='No Formula'/></Row><Row N='AssetNumber'><Cell N='Value' V='0' F='No Formula'/><Cell N='Prompt' V='' F='No Formula'/><Cell N='Label' V='Asset Number'/><Cell N='Format' V='' F='No Formula'/><Cell N='SortKey' V='Asset'/><Cell N='Type' V='0'/><Cell N='Invisible' V='0'/><Cell N='Verify' V='0'/><Cell N='DataLinked' V='0' F='No Formula'/><Cell N='LangID' V='en-US'/><Cell N='Calendar' V='0' F='No Formula'/></Row><Row N='SerialNumber'><Cell N='Value' V='0' F='No Formula'/><Cell N='Prompt' V='' F='No Formula'/><Cell N='Label' V='Serial Number'/><Cell N='Format' V='' F='No Formula'/><Cell N='SortKey' V='Asset'/><Cell N='Type' V='0'/><Cell N='Invisible' V='0'/><Cell N='Verify' V='0'/><Cell N='DataLinked' V='0' F='No Formula'/><Cell N='LangID' V='en-US'/><Cell N='Calendar' V='0' F='No Formula'/></Row><Row N='Location'><Cell N='Value' V='0' F='No Formula'/><Cell N='Prompt' V='' F='No Formula'/><Cell N='Label' V='Location'/><Cell N='Format' V='' F='No Formula'/><Cell N='SortKey' V='Asset'/><Cell N='Type' V='0'/><Cell N='Invisible' V='0'/><Cell N='Verify' V='0'/><Cell N='DataLinked' V='0' F='No Formula'/><Cell N='LangID' V='en-US'/><Cell N='Calendar' V='0' F='No Formula'/></Row><Row N='Building'><Cell N='Value' V='0' F='No Formula'/><Cell N='Prompt' V='' F='No Formula'/><Cell N='Label' V='Building'/><Cell N='Format' V='' F='No Formula'/><Cell N='SortKey' V='Asset'/><Cell N='Type' V='0'/><Cell N='Invisible' V='0'/><Cell N='Verify' V='0'/><Cell N='DataLinked' V='0' F='No Formula'/><Cell N='LangID' V='en-US'/><Cell N='Calendar' V='0' F='No Formula'/></Row><Row N='Room'><Cell N='Value' V='0' F='No Formula'/><Cell N='Prompt' V='' F='No Formula'/><Cell N='Label' V='Room'/><Cell N='Format' V='' F='No Formula'/><Cell N='SortKey' V='Asset'/><Cell N='Type' V='0'/><Cell N='Invisible' V='0'/><Cell N='Verify' V='0'/><Cell N='DataLinked' V='0' F='No Formula'/><Cell N='LangID' V='en-US'/><Cell N='Calendar' V='0' F='No Formula'/></Row><Row N='NetworkName'><Cell N='Value' V='0' F='No Formula'/><Cell N='Prompt' V='' F='No Formula'/><Cell N='Label' V='Network Name'/><Cell N='Format' V='' F='No Formula'/><Cell N='SortKey' V='Network'/><Cell N='Type' V='0'/><Cell N='Invisible' V='0'/><Cell N='Verify' V='0'/><Cell N='DataLinked' V='0' F='No Formula'/><Cell N='LangID' V='en-US'/><Cell N='Calendar' V='0' F='No Formula'/></Row><Row N='IPAddress'><Cell N='Value' V='0' F='No Formula'/><Cell N='Prompt' V='' F='No Formula'/><Cell N='Label' V='IP Address'/><Cell N='Format' V='' F='No Formula'/><Cell N='SortKey' V='Network'/><Cell N='Type' V='0'/><Cell N='Invisible' V='0'/><Cell N='Verify' V='0'/><Cell N='DataLinked' V='0' F='No Formula'/><Cell N='LangID' V='en-US'/><Cell N='Calendar' V='0' F='No Formula'/></Row><Row N='SubnetMask'><Cell N='Value' V='0' F='No Formula'/><Cell N='Prompt' V='' F='No Formula'/><Cell N='Label' V='Subnet Mask'/><Cell N='Format' V='' F='No Formula'/><Cell N='SortKey' V='Network'/><Cell N='Type' V='0'/><Cell N='Invisible' V='0'/><Cell N='Verify' V='0'/><Cell N='DataLinked' V='0' F='No Formula'/><Cell N='LangID' V='en-US'/><Cell N='Calendar' V='0' F='No Formula'/></Row><Row N='AdminInterface'><Cell N='Value' V='0' F='No Formula'/><Cell N='Prompt' V='' F='No Formula'/><Cell N='Label' V='Administrative Interface'/><Cell N='Format' V='' F='No Formula'/><Cell N='SortKey' V='Network'/><Cell N='Type' V='0'/><Cell N='Invisible' V='0'/><Cell N='Verify' V='0'/><Cell N='DataLinked' V='0' F='No Formula'/><Cell N='LangID' V='en-US'/><Cell N='Calendar' V='0' F='No Formula'/></Row><Row N='NumberOfPorts'><Cell N='Value' V='0' F='No Formula'/><Cell N='Prompt' V='' F='No Formula'/><Cell N='Label' V='Number of Ports'/><Cell N='Format' V='' F='No Formula'/><Cell N='SortKey' V='Network'/><Cell N='Type' V='0'/><Cell N='Invisible' V='0'/><Cell N='Verify' V='0'/><Cell N='DataLinked' V='0' F='No Formula'/><Cell N='LangID' V='en-US'/><Cell N='Calendar' V='0' F='No Formula'/></Row><Row N='MACAddress'><Cell N='Value' V='0' F='No Formula'/><Cell N='Prompt' V='' F='No Formula'/><Cell N='Label' V='MAC Address'/><Cell N='Format' V='' F='No Formula'/><Cell N='SortKey' V='Network'/><Cell N='Type' V='0'/><Cell N='Invisible' V='0'/><Cell N='Verify' V='0'/><Cell N='DataLinked' V='0' F='No Formula'/><Cell N='LangID' V='en-US'/><Cell N='Calendar' V='0' F='No Formula'/></Row><Row N='CommunityString'><Cell N='Value' V='0' F='No Formula'/><Cell N='Prompt' V='' F='No Formula'/><Cell N='Label' V='Community String'/><Cell N='Format' V='' F='No Formula'/><Cell N='SortKey' V='Network'/><Cell N='Type' V='0'/><Cell N='Invisible' V='0'/><Cell N='Verify' V='0'/><Cell N='DataLinked' V='0' F='No Formula'/><Cell N='LangID' V='en-US'/><Cell N='Calendar' V='0' F='No Formula'/></Row><Row N='NetworkDescription'><Cell N='Value' V='0' F='No Formula'/><Cell N='Prompt' V='' F='No Formula'/><Cell N='Label' V='Network Description'/><Cell N='Format' V='' F='No Formula'/><Cell N='SortKey' V='Network'/><Cell N='Type' V='0'/><Cell N='Invisible' V='0'/><Cell N='Verify' V='0'/><Cell N='DataLinked' V='0' F='No Formula'/><Cell N='LangID' V='en-US'/><Cell N='Calendar' V='0' F='No Formula'/></Row></Section><Shapes><Shape ID='16' Type='Shape' LineStyle='3' FillStyle='3' TextStyle='3'><Cell N='PinX' V='0.379999999999987' U='IN' F='Width/2+-0.044581555930039IN*DropOnPageScale'/><Cell N='PinY' V='0.641743649053892' F='Height/2'/><Cell N='Width' V='0.8491631118600519' F='Sheet.15!Width*1.1322340888236'/><Cell N='Height' V='1.283487298107784' F='Sheet.15!Height*1'/><Cell N='LocPinX' V='0.4245815559300259' F='Width*0.5'/><Cell N='LocPinY' V='0.641743649053892' F='Height*0.5'/><Cell N='Angle' V='0'/><Cell N='FlipX' V='0'/><Cell N='FlipY' V='0'/><Cell N='ResizeMode' V='0'/><Cell N='DropOnPageScale' V='1' F='Sheet.15!DropOnPageScale'/><Cell N='LineWeight' V='0.003333333333333333' U='PT' F='GUARD(0.24PT)'/><Cell N='LinePattern' V='1' F='GUARD(1)'/><Cell N='Rounding' V='0' F='GUARD(0)'/><Cell N='BeginArrow' V='0' F='GUARD(0)'/><Cell N='EndArrow' V='0' F='GUARD(0)'/><Cell N='LineColorTrans' V='1' F='GUARD(100%)'/><Cell N='FillForegnd' V='6' F='GUARD(6)'/><Cell N='FillBkgnd' V='6' F='GUARD(6)'/><Cell N='FillPattern' V='1' F='GUARD(1)'/><Cell N='FillForegndTrans' V='1' F='GUARD(100%)'/><Cell N='FillBkgndTrans' V='1' F='GUARD(100%)'/><Cell N='Copyright' V='Copyright (c) 2012 Microsoft Corporation.  All rights reserved.'/><Cell N='FillGradientEnabled' V='0' F='GUARD(FALSE)'/><Cell N='QuickStyleVariation' V='2'/><Section N='Geometry' IX='0'><Cell N='NoFill' V='0'/><Cell N='NoLine' V='0'/><Cell N='NoShow' V='0'/><Cell N='NoSnap' V='0'/><Cell N='NoQuickDrag' V='0' F='No Formula'/><Row T='MoveTo' IX='1'><Cell N='X' V='0.7951013596198406' F='Width*0.93633525587117'/><Cell N='Y' V='0.84' F='Height*0.6544669364772'/></Row><Row T='LineTo' IX='2'><Cell N='X' V='0.7951013596198406' F='Width*0.93633525587117'/><Cell N='Y' V='0.7648055332959026' F='Height*0.59588087425831'/></Row><Row T='EllipticalArcTo' IX='3'><Cell N='X' V='0.8182391127841284' F='Width*0.96358296934474'/><Cell N='Y' V='0.6880010136941226' F='Height*0.53604037586381'/><Cell N='A' V='0.8086822025299557' U='DL' F='Width*0.95232846462039'/><Cell N='B' V='0.7270093886105391' U='DL' F='Height*0.56643286589774'/><Cell N='C' V='0' U='DA'/><Cell N='D' V='0.9999999999999873' F='Width/Height*1.5114732142525'/></Row><Row T='EllipticalArcTo' IX='4'><Cell N='X' V='0.7951013596198406' F='Width*0.93633525587117'/><Cell N='Y' V='0.84' F='Height*0.6544669364772'/><Cell N='A' V='0.8180499092709392' U='DL' F='Width*0.96336015760157'/><Cell N='B' V='0.765732755679495' U='DL' F='Height*0.59660329853548'/><Cell N='C' V='0' U='DA'/><Cell N='D' V='0.9999999999999873' F='Width/Height*1.5114732142525'/></Row></Section><Section N='Geometry' IX='1'><Cell N='NoFill' V='0'/><Cell N='NoLine' V='0'/><Cell N='NoShow' V='0'/><Cell N='NoSnap' V='0'/><Cell N='NoQuickDrag' V='0' F='No Formula'/><Row T='MoveTo' IX='1'><Cell N='X' V='0.7945705557686792' F='Width*0.93571016530406'/><Cell N='Y' V='0.3501638018079806' F='Height*0.27282217932676'/></Row><Row T='LineTo' IX='2'><Cell N='X' V='0.7945705557686792' F='Width*0.93571016530406'/><Cell N='Y' V='0.5242548022092308' F='Height*0.40846123135159'/></Row><Row T='EllipticalArcTo' IX='3'><Cell N='X' V='0.8201661818545331' F='Width*0.96585234379529'/><Cell N='Y' V='0.6175497026670227' F='Height*0.4811498357463'/><Cell N='A' V='0.8113144342314667' U='DL' F='Width*0.95542825977723'/><Cell N='B' V='0.5698196421936074' U='DL' F='Height*0.44396204234641'/><Cell N='C' V='0' U='DA'/><Cell N='D' V='0.9999999999999873' F='Width/Height*1.5114732142525'/></Row><Row T='EllipticalArcTo' IX='4'><Cell N='X' V='0.8181492110317272' F='Width*0.96347709833934'/><Cell N='Y' V='0.6808012894236915' F='Height*0.53043087409387'/><Cell N='A' V='0.8205803309523038' U='DL' F='Width*0.96634005821904'/><Cell N='B' V='0.6492208611096068' U='DL' F='Height*0.50582570008035'/><Cell N='C' V='0' U='DA'/><Cell N='D' V='0.9999999999999873' F='Width/Height*1.5114732142525'/></Row><Row T='EllipticalArcTo' IX='5'><Cell N='X' V='0.7945705557686792' F='Width*0.93571016530406'/><Cell N='Y' V='0.609716662989463' F='Height*0.47504690064978'/><Cell N='A' V='0.8085939194329513' U='DL' F='Width*0.95222449979223'/><Cell N='B' V='0.6445179500789402' U='DL' F='Height*0.50216153368182'/><Cell N='C' V='0' U='DA'/><Cell N='D' V='0.9999999999999873' F='Width/Height*1.5114732142525'/></Row><Row T='LineTo' IX='6'><Cell N='X' V='0.7945705557686792' F='Width*0.93571016530406'/><Cell N='Y' V='0.7648055332959026' F='Height*0.59588087425831'/></Row><Row T='LineTo' IX='7'><Cell N='X' V='0.7945705557686792' F='Width*0.93571016530406'/><Cell N='Y' V='0.84' F='Height*0.6544669364772'/></Row><Row T='LineTo' IX='8'><Cell N='X' V='0.7945705557686792' F='Width*0.93571016530406'/><Cell N='Y' V='1.06698729810779' F='Height*0.83131893839606'/></Row><Row T='LineTo' IX='9'><Cell N='X' V='0.4195815559300219' F='Width*0.4941118497375'/><Cell N='Y' V='1.283487298107784' F='Height*1'/></Row><Row T='LineTo' IX='10'><Cell N='X' V='0.04458155593003674' F='Width*0.052500580050378'/><Cell N='Y' V='1.066980947161679' F='Height*0.83131399020053'/></Row><Row T='LineTo' IX='11'><Cell N='X' V='0.04458155593003674' F='Width*0.052500580050378'/><Cell N='Y' V='0.6583383874749049' F='Height*0.51292941382862'/></Row><Row T='EllipticalArcTo' IX='12'><Cell N='X' V='0.0007302240701458678' F='Width*0.00085993381006194'/><Cell N='Y' V='0.5988161802403533' F='Height*0.46655403689867'/><Cell N='A' V='0.01000622398898793' U='DL' F='Width*0.011783630081469'/><Cell N='B' V='0.6378965737150032' U='DL' F='Height*0.49700263855781'/><Cell N='C' V='0' U='DA'/><Cell N='D' V='0.9999999999999873' F='Width/Height*1.5114732142525'/></Row><Row T='LineTo' IX='13'><Cell N='X' V='0.0007880978291031407' F='Width*0.00092808768786111'/><Cell N='Y' V='0.5573316310837299' F='Height*0.43423229190144'/></Row><Row T='EllipticalArcTo' IX='14'><Cell N='X' V='0.04458155593003674' F='Width*0.052500580050378'/><Cell N='Y' V='0.5866371710136635' F='Height*0.45706503825829'/><Cell N='A' V='0.01859822400341204' U='DL' F='Width*0.021901827509527'/><Cell N='B' V='0.5783249041522077' U='DL' F='Height*0.45058872417734'/><Cell N='C' V='0' U='DA'/><Cell N='D' V='0.9999999999999873' F='Width/Height*1.5114732142525'/></Row><Row T='LineTo' IX='15'><Cell N='X' V='0.04458155593003674' F='Width*0.052500580050378'/><Cell N='Y' V='0.5001345121376354' F='Height*0.38966845474433'/></Row><Row T='EllipticalArcTo' IX='16'><Cell N='X' V='0.001176039086855106' F='Width*0.0013849389715941'/><Cell N='Y' V='0.5573321722880839' F='Height*0.43423271356853'/><Cell N='A' V='0.01671985607118588' U='DL' F='Width*0.019689804982887'/><Cell N='B' V='0.5239585460088628' U='DL' F='Height*0.40823041005651'/><Cell N='C' V='0' U='DA'/><Cell N='D' V='0.9999999999999873' F='Width/Height*1.5114732142525'/></Row><Row T='LineTo' IX='17'><Cell N='X' V='0.0008598050577670075' F='Width*0.0010125322753171'/><Cell N='Y' V='0.5059310981653028' F='Height*0.39418473319618'/></Row><Row T='EllipticalArcTo' IX='18'><Cell N='X' V='0.04472324396849239' F='Width*0.052667436142543'/><Cell N='Y' V='0.4248638817377669' F='Height*0.33102305131039'/><Cell N='A' V='0.01279566541731008' U='DL' F='Width*0.015068560137147'/><Cell N='B' V='0.4599889811346346' U='DL' F='Height*0.35838997535292'/><Cell N='C' V='0' U='DA'/><Cell N='D' V='0.9999999999999873' F='Width/Height*1.5114732142525'/></Row><Row T='LineTo' IX='19'><Cell N='X' V='0.04458155593003674' F='Width*0.052500580050378'/><Cell N='Y' V='0.2164999999999936' F='Height*0.16868106160394'/></Row><Row T='LineTo' IX='20'><Cell N='X' V='0.4195705557686872' F='Width*0.49409889561693'/><Cell N='Y' V='0' F='Height*0'/></Row><Row T='LineTo' IX='21'><Cell N='X' V='0.7945705557686792' F='Width*0.93571016530406'/><Cell N='Y' V='0.2165063509461049' F='Height*0.16868600979947'/></Row><Row T='LineTo' IX='22'><Cell N='X' V='0.7945705557686792' F='Width*0.93571016530406'/><Cell N='Y' V='0.2749693351038829' F='Height*0.21423611710787'/></Row><Row T='LineTo' IX='23'><Cell N='X' V='0.8491631118600519' F='Width*1'/><Cell N='Y' V='0.2434503081487709' F='Height*0.18967878256971'/></Row><Row T='LineTo' IX='24'><Cell N='X' V='0.8491631118600519' F='Width*1'/><Cell N='Y' V='0.3186447748528814' F='Height*0.24826484478861'/></Row><Row T='LineTo' IX='25'><Cell N='X' V='0.7945705557686792' F='Width*0.93571016530406'/><Cell N='Y' V='0.3501638018079806' F='Height*0.27282217932676'/></Row></Section><Section N='Geometry' IX='2'><Cell N='NoFill' V='0'/><Cell N='NoLine' V='0'/><Cell N='NoShow' V='0'/><Cell N='NoSnap' V='0'/><Cell N='NoQuickDrag' V='0' F='No Formula'/><Row T='MoveTo' IX='1'><Cell N='X' V='0.8181492110317272' F='Width*0.96347709833934'/><Cell N='Y' V='0.6808012894236915' F='Height*0.53043087409387'/></Row><Row T='EllipticalArcTo' IX='2'><Cell N='X' V='0.8188714619081082' F='Width*0.96432764267681'/><Cell N='Y' V='0.6845918903328446' F='Height*0.5333842347658'/><Cell N='A' V='0.8185164504573026' U='DL' F='Width*0.96390957052336'/><Cell N='B' V='0.682695424935596' U='DL' F='Height*0.53190664679119'/><Cell N='C' V='0' U='DA'/><Cell N='D' V='0.9999999999999873' F='Width/Height*1.5114732142525'/></Row><Row T='EllipticalArcTo' IX='3'><Cell N='X' V='0.8182391127841284' F='Width*0.96358296934474'/><Cell N='Y' V='0.6880010136941226' F='Height*0.53604037586381'/><Cell N='A' V='0.8185591370402352' U='DL' F='Width*0.96395983952626'/><Cell N='B' V='0.6862971660828933' U='DL' F='Height*0.53471286166578'/><Cell N='C' V='0' U='DA'/><Cell N='D' V='0.9999999999999873' F='Width/Height*1.5114732142525'/></Row><Row T='EllipticalArcTo' IX='4'><Cell N='X' V='0.81768695681811' F='Width*0.96293273388549'/><Cell N='Y' V='0.6844225672831742' F='Height*0.53325231055438'/><Cell N='A' V='0.8179692056983035' U='DL' F='Width*0.96326511864909'/><Cell N='B' V='0.6862108383163141' U='DL' F='Height*0.53464560134563'/><Cell N='C' V='0' U='DA'/><Cell N='D' V='0.9999999999999873' F='Width/Height*1.5114732142525'/></Row><Row T='EllipticalArcTo' IX='5'><Cell N='X' V='0.8181492110317272' F='Width*0.96347709833934'/><Cell N='Y' V='0.6808012894236915' F='Height*0.53043087409387'/><Cell N='A' V='0.8179227730116172' U='DL' F='Width*0.96321043812183'/><Cell N='B' V='0.6826125269128875' U='DL' F='Height*0.53184205867814'/><Cell N='C' V='0' U='DA'/><Cell N='D' V='0.9999999999999873' F='Width/Height*1.5114732142525'/></Row></Section></Shape><Shape ID='17' Type='Shape' LineStyle='14' FillStyle='14' TextStyle='14'><Cell N='PinX' V='0.56248899983866' F='Sheet.15!Width*0.74999633322577'/><Cell N='PinY' V='0.5334936490538952' F='Sheet.15!Height*0.41565946919803'/><Cell N='Width' V='0.3749999999999988' F='Sheet.15!Width*0.50000733354845'/><Cell N='Height' V='1.06698729810779' F='Sheet.15!Height*0.83131893839606'/><Cell N='LocPinX' V='0.1874999999999994' F='Width*0.5'/><Cell N='LocPinY' V='0.5334936490538952' F='Height*0.5'/><Cell N='Angle' V='0'/><Cell N='FlipX' V='0'/><Cell N='FlipY' V='0'/><Cell N='ResizeMode' V='0'/><Cell N='LayerMember' V=''/><Cell N='FillForegnd' V='#23b8e9' F='Inh'/><Cell N='FillBkgnd' V='#23b8e9' F='Inh'/><Cell N='FillPattern' V='31' F='GUARD(31)'/><Cell N='ShdwForegnd' V='#000000' F='Inh'/><Cell N='ShdwPattern' V='0' F='GUARD(0)'/><Cell N='LineWeight' V='0.01' U='PT' F='GUARD(0.72PT)'/><Cell N='LineColor' V='#ffffff' F='GUARD(RGB(255,255,255))'/><Cell N='LinePattern' V='1' F='GUARD(1)'/><Cell N='Rounding' V='0' F='GUARD(0)'/><Cell N='BeginArrow' V='0' F='GUARD(0)'/><Cell N='EndArrow' V='0' F='GUARD(0)'/><Cell N='Copyright' V='Copyright (c) 2012 Microsoft Corporation.  All rights reserved.'/><Cell N='FillGradientDir' V='12' F='GUARD(12)'/><Cell N='FillGradientEnabled' V='1' F='GUARD(TRUE)'/><Cell N='UseGroupGradient' V='0' F='GUARD(FALSE)'/><Section N='FillGradient'><Row IX='0'><Cell N='GradientStopColor' V='#23b8e9' F='Inh'/></Row><Row IX='1'><Cell N='GradientStopColor' V='#23b8e9' F='Inh'/></Row></Section><Section N='Character'><Row IX='0'><Cell N='Color' V='#1fa6d3' F='Inh'/></Row></Section><Section N='Geometry' IX='0'><Cell N='NoFill' V='0'/><Cell N='NoLine' V='0'/><Cell N='NoShow' V='0'/><Cell N='NoSnap' V='0'/><Cell N='NoQuickDrag' V='0' F='No Formula'/><Row T='MoveTo' IX='1'><Cell N='X' V='0' F='Width*0'/><Cell N='Y' V='0.8504809471616774' F='Height*0.79708629022101'/></Row><Row T='LineTo' IX='2'><Cell N='X' V='0' F='Width*0'/><Cell N='Y' V='0' F='Height*0'/></Row><Row T='LineTo' IX='3'><Cell N='X' V='0.3749999999999988' F='Width*1'/><Cell N='Y' V='0.2165063509461129' F='Height*0.20291370977899'/></Row><Row T='LineTo' IX='4'><Cell N='X' V='0.3749999999999988' F='Width*1'/><Cell N='Y' V='1.06698729810779' F='Height*1'/></Row><Row T='LineTo' IX='5'><Cell N='X' V='0' F='Geometry1.X1'/><Cell N='Y' V='0.8504809471616774' F='Geometry1.Y1'/></Row></Section></Shape><Shape ID='18' Type='Shape' LineStyle='8' FillStyle='8' TextStyle='8'><Cell N='PinX' V='0.3749944999193316' F='Sheet.15!Width*0.5'/><Cell N='PinY' V='1.066984122634728' F='Sheet.15!Height*0.83131646429829'/><Cell N='Width' V='0.7499889998386632' F='Sheet.15!Width*1'/><Cell N='Height' V='0.4330063509461114' F='Sheet.15!Height*0.33736707140342'/><Cell N='LocPinX' V='0.3749944999193316' F='Width*0.5'/><Cell N='LocPinY' V='0.2165031754730557' F='Height*0.5'/><Cell N='Angle' V='0'/><Cell N='FlipX' V='0'/><Cell N='FlipY' V='0'/><Cell N='ResizeMode' V='0'/><Cell N='LayerMember' V=''/><Cell N='FillForegnd' V='#23b8e9' F='Inh'/><Cell N='FillBkgnd' V='#23b8e9' F='Inh'/><Cell N='FillPattern' V='30' F='GUARD(30)'/><Cell N='ShdwForegnd' V='#000000' F='Inh'/><Cell N='ShdwPattern' V='0' F='GUARD(0)'/><Cell N='LineWeight' V='0.01' U='PT' F='GUARD(0.72PT)'/><Cell N='LineColor' V='#ffffff' F='GUARD(RGB(255,255,255))'/><Cell N='LinePattern' V='1' F='GUARD(1)'/><Cell N='Rounding' V='0' F='GUARD(0)'/><Cell N='BeginArrow' V='0' F='GUARD(0)'/><Cell N='EndArrow' V='0' F='GUARD(0)'/><Cell N='Copyright' V='Copyright (c) 2012 Microsoft Corporation.  All rights reserved.'/><Cell N='FillGradientDir' V='0' F='GUARD(0)'/><Cell N='FillGradientAngle' V='4.7123889803847' U='DEG' F='GUARD(270DEG)'/><Cell N='FillGradientEnabled' V='1' F='GUARD(TRUE)'/><Cell N='UseGroupGradient' V='0' F='GUARD(FALSE)'/><Section N='FillGradient'><Row IX='0'><Cell N='GradientStopColor' V='#23b8e9' F='Inh'/></Row><Row IX='1'><Cell N='GradientStopColor' V='#23b8e9' F='Inh'/></Row></Section><Section N='Character'><Row IX='0'><Cell N='Color' V='#1fa6d3' F='Inh'/></Row></Section><Section N='Geometry' IX='0'><Cell N='NoFill' V='0'/><Cell N='NoLine' V='0'/><Cell N='NoShow' V='0'/><Cell N='NoSnap' V='0'/><Cell N='NoQuickDrag' V='0' F='No Formula'/><Row T='MoveTo' IX='1'><Cell N='X' V='0' F='Width*0'/><Cell N='Y' V='0.2165000000000019' F='Height*0.49999266645155'/></Row><Row T='LineTo' IX='2'><Cell N='X' V='0.3749889998386643' F='Width*0.49999266645155'/><Cell N='Y' V='0' F='Height*0'/></Row><Row T='LineTo' IX='3'><Cell N='X' V='0.7499889998386632' F='Width*1'/><Cell N='Y' V='0.2165063509461095' F='Height*0.50000733354845'/></Row><Row T='LineTo' IX='4'><Cell N='X' V='0.3749999999999988' F='Width*0.50000733354845'/><Cell N='Y' V='0.4330063509461114' F='Height*1'/></Row><Row T='LineTo' IX='5'><Cell N='X' V='0' F='Geometry1.X1'/><Cell N='Y' V='0.2165000000000019' F='Geometry1.Y1'/></Row></Section></Shape><Shape ID='19' Type='Shape' LineStyle='10' FillStyle='10' TextStyle='10'><Cell N='PinX' V='0.1874944999193284' F='Sheet.15!Width*0.24999633322577'/><Cell N='PinY' V='0.5334904735808331' F='Sheet.15!Height*0.41565699510026'/><Cell N='Width' V='0.3749889998386643' F='Sheet.15!Width*0.49999266645155'/><Cell N='Height' V='1.066980947161679' F='Sheet.15!Height*0.83131399020053'/><Cell N='LocPinX' V='0.1874944999193322' F='Width*0.5'/><Cell N='LocPinY' V='0.5334904735808396' F='Height*0.5'/><Cell N='Angle' V='0'/><Cell N='FlipX' V='0'/><Cell N='FlipY' V='0'/><Cell N='ResizeMode' V='0'/><Cell N='LayerMember' V=''/><Cell N='FillForegnd' V='#23b8e9' F='Inh'/><Cell N='FillBkgnd' V='#23b8e9' F='Inh'/><Cell N='FillPattern' V='32' F='GUARD(32)'/><Cell N='ShdwForegnd' V='#000000' F='Inh'/><Cell N='ShdwPattern' V='0' F='GUARD(0)'/><Cell N='LineWeight' V='0.01' U='PT' F='GUARD(0.72PT)'/><Cell N='LineColor' V='#000000' F='GUARD(RGB(0,0,0))'/><Cell N='LinePattern' V='1' F='GUARD(1)'/><Cell N='Rounding' V='0' F='GUARD(0)'/><Cell N='BeginArrow' V='0' F='GUARD(0)'/><Cell N='EndArrow' V='0' F='GUARD(0)'/><Cell N='Copyright' V='Copyright (c) 2012 Microsoft Corporation.  All rights reserved.'/><Cell N='FillGradientDir' V='11' F='GUARD(11)'/><Cell N='FillGradientEnabled' V='1' F='GUARD(TRUE)'/><Cell N='UseGroupGradient' V='0' F='GUARD(FALSE)'/><Section N='FillGradient'><Row IX='0'><Cell N='GradientStopColor' V='#23b8e9' F='Inh'/></Row><Row IX='1'><Cell N='GradientStopColor' V='#23b8e9' F='Inh'/></Row></Section><Section N='Character'><Row IX='0'><Cell N='Color' V='#1fa6d3' F='Inh'/></Row></Section><Section N='Geometry' IX='0'><Cell N='NoFill' V='0'/><Cell N='NoLine' V='0'/><Cell N='NoShow' V='0'/><Cell N='NoSnap' V='0'/><Cell N='NoQuickDrag' V='0' F='No Formula'/><Row T='MoveTo' IX='1'><Cell N='X' V='0' F='Width*0'/><Cell N='Y' V='0.2165000000000032' F='Height*0.20290896531557'/></Row><Row T='LineTo' IX='2'><Cell N='X' V='0.3749889998386643' F='Width*1'/><Cell N='Y' V='0' F='Height*0'/></Row><Row T='LineTo' IX='3'><Cell N='X' V='0.3749889998386643' F='Width*1'/><Cell N='Y' V='0.850480947161676' F='Height*0.79709103468443'/></Row><Row T='LineTo' IX='4'><Cell N='X' V='0' F='Width*0'/><Cell N='Y' V='1.066980947161679' F='Height*1'/></Row><Row T='LineTo' IX='5'><Cell N='X' V='0' F='Geometry1.X1'/><Cell N='Y' V='0.2165000000000032' F='Geometry1.Y1'/></Row></Section></Shape><Shape ID='20' Type='Shape' LineStyle='12' FillStyle='12' TextStyle='12'><Cell N='PinX' V='0.3749944999193316' F='Sheet.15!Width*0.5'/><Cell N='PinY' V='0.641743649053892' F='Sheet.15!Height*0.5'/><Cell N='Width' V='0.7499889998386632' F='Sheet.15!Width*1'/><Cell N='Height' V='1.283487298107784' F='Sheet.15!Height*1'/><Cell N='LocPinX' V='0.3749944999193316' F='Width*0.5'/><Cell N='LocPinY' V='0.641743649053892' F='Height*0.5'/><Cell N='Angle' V='0'/><Cell N='FlipX' V='0'/><Cell N='FlipY' V='0'/><Cell N='ResizeMode' V='0'/><Cell N='LayerMember' V=''/><Cell N='FillForegnd' V='#23b8e9' F='Inh'/><Cell N='FillBkgnd' V='#23b8e9' F='Inh'/><Cell N='FillPattern' V='1' F='GUARD(1)'/><Cell N='ShdwForegnd' V='#000000' F='Inh'/><Cell N='ShdwPattern' V='0' F='GUARD(0)'/><Cell N='LineWeight' V='0.02083333333333333' U='PT' F='GUARD(1.5PT)'/><Cell N='LineColor' V='#bddff4' F='Inh'/><Cell N='LinePattern' V='1' F='GUARD(1)'/><Cell N='Rounding' V='0' F='GUARD(0)'/><Cell N='BeginArrow' V='0' F='GUARD(0)'/><Cell N='EndArrow' V='0' F='GUARD(0)'/><Cell N='Copyright' V='Copyright (c) 2012 Microsoft Corporation.  All rights reserved.'/><Cell N='FillGradientEnabled' V='0' F='GUARD(FALSE)'/><Section N='Character'><Row IX='0'><Cell N='Color' V='#1fa6d3' F='Inh'/></Row></Section><Section N='Geometry' IX='0'><Cell N='NoFill' V='1'/><Cell N='NoLine' V='0'/><Cell N='NoShow' V='0'/><Cell N='NoSnap' V='0'/><Cell N='NoQuickDrag' V='0' F='No Formula'/><Row T='MoveTo' IX='1'><Cell N='X' V='0' F='Width*0'/><Cell N='Y' V='1.066980947161679' F='Height*0.83131399020053'/></Row><Row T='LineTo' IX='2'><Cell N='X' V='0' F='Width*0'/><Cell N='Y' V='0.2164999999999936' F='Height*0.16868106160394'/></Row><Row T='LineTo' IX='3'><Cell N='X' V='0.3749889998386643' F='Width*0.49999266645155'/><Cell N='Y' V='0' F='Height*0'/></Row><Row T='LineTo' IX='4'><Cell N='X' V='0.7499889998386632' F='Width*1'/><Cell N='Y' V='0.2165063509461049' F='Height*0.16868600979947'/></Row><Row T='LineTo' IX='5'><Cell N='X' V='0.7499889998386632' F='Width*1'/><Cell N='Y' V='1.06698729810779' F='Height*0.83131893839606'/></Row><Row T='LineTo' IX='6'><Cell N='X' V='0.3749999999999988' F='Width*0.50000733354845'/><Cell N='Y' V='1.283487298107784' F='Height*1'/></Row><Row T='LineTo' IX='7'><Cell N='X' V='0' F='Geometry1.X1'/><Cell N='Y' V='1.066980947161679' F='Geometry1.Y1'/></Row></Section></Shape><Shape ID='21' Type='Shape' LineStyle='3' FillStyle='3' TextStyle='3'><Cell N='PinX' V='0.4824492654305706' F='Sheet.15!Width*0.64327512208093'/><Cell N='PinY' V='0.5904835622445301' F='Sheet.15!Height*0.46006186669324'/><Cell N='Width' V='0.5880162007078462' F='Sheet.15!Width*0.78403310026459'/><Cell N='Height' V='0.4990328755109529' F='Sheet.15!Height*0.38881013956793'/><Cell N='LocPinX' V='0.2940081003539231' F='Width*0.5'/><Cell N='LocPinY' V='0.2495164377554764' F='Height*0.5'/><Cell N='Angle' V='0'/><Cell N='FlipX' V='0'/><Cell N='FlipY' V='0'/><Cell N='ResizeMode' V='0'/><Cell N='LayerMember' V=''/><Cell N='LineWeight' V='0.003333333333333333' U='PT' F='GUARD(0.24PT)'/><Cell N='LineColor' V='0' F='GUARD(0)'/><Cell N='LinePattern' V='1' F='GUARD(1)'/><Cell N='Rounding' V='0' F='GUARD(0)'/><Cell N='BeginArrow' V='0' F='GUARD(0)'/><Cell N='EndArrow' V='0' F='GUARD(0)'/><Cell N='FillForegnd' V='2' F='GUARD(2)'/><Cell N='FillBkgnd' V='0' F='GUARD(0)'/><Cell N='FillPattern' V='1' F='GUARD(1)'/><Cell N='ShdwPattern' V='0' F='GUARD(0)'/><Cell N='Copyright' V='Copyright (c) 2012 Microsoft Corporation.  All rights reserved.'/><Cell N='FillGradientEnabled' V='0' F='GUARD(FALSE)'/><Cell N='QuickStyleVariation' V='2'/><Section N='Geometry' IX='0'><Cell N='NoFill' V='0'/><Cell N='NoLine' V='0'/><Cell N='NoShow' V='0'/><Cell N='NoSnap' V='0'/><Cell N='NoQuickDrag' V='0' F='No Formula'/><Row T='MoveTo' IX='1'><Cell N='X' V='0' F='Width*0'/><Cell N='Y' V='0.1848929787042826' F='Height*0.37050260168726'/></Row><Row T='LineTo' IX='2'><Cell N='X' V='0.1028043674643194' F='Width*0.17483254260778'/><Cell N='Y' V='0.2539699332878003' F='Height*0.50892425279149'/></Row><Row T='LineTo' IX='3'><Cell N='X' V='0.1030790814402114' F='Width*0.17529973037499'/><Cell N='Y' V='0.1612843958983542' F='Height*0.32319392932423'/></Row><Row T='LineTo' IX='4'><Cell N='X' V='0.1560285184110153' F='Width*0.26534731223934'/><Cell N='Y' V='0.1312066092167136' F='Height*0.26292177460728'/></Row><Row T='EllipticalArcTo' IX='5'><Cell N='X' V='0.5858487409014469' F='Width*0.99631394542567'/><Cell N='Y' V='0.3436247658437971' F='Height*0.68858141959478'/><Cell N='A' V='0.4242207639814637' U='DL' F='Width*0.72144400693517'/><Cell N='B' V='0.1296012747037582' U='DL' F='Height*0.25970488331267'/><Cell N='C' V='0' U='DA' F='_ELLIPSE_THETA(-1.4767963923727,1,0.73311935349296,0.62217785602832,Width,Height)'/><Cell N='D' V='1.00000000000001' F='_ELLIPSE_ECC(-1.4767963923727,1,0.73311935349296,0.62217785602832,Width,Height,Geometry1.C5)'/></Row><Row T='EllipticalArcTo' IX='6'><Cell N='X' V='0.5620786386131733' F='Width*0.95588971517545'/><Cell N='Y' V='0.4238384088068489' F='Height*0.84931961320762'/><Cell N='A' V='0.5775771599477838' U='DL' F='Width*0.98224701845375'/><Cell N='B' V='0.3794646268285076' U='DL' F='Height*0.76040005668961'/><Cell N='C' V='0' U='DA' F='_ELLIPSE_THETA(-1.6638821108518,1,0.73311935349296,0.62217785602832,Width,Height)'/><Cell N='D' V='1.00000000000001' F='_ELLIPSE_ECC(-1.6638821108518,1,0.73311935349296,0.62217785602832,Width,Height,Geometry1.C6)'/></Row><Row T='LineTo' IX='7'><Cell N='X' V='0.5620786386131733' F='Width*0.95588971517545'/><Cell N='Y' V='0.4990328755109529' F='Height*1'/></Row><Row T='EllipticalArcTo' IX='8'><Cell N='X' V='0.5846642358114462' F='Width*0.99429953648834'/><Cell N='Y' V='0.3434554427941321' F='Height*0.68824211720014'/><Cell N='A' V='0.585199273305915' U='DL' F='Width*0.99520943913018'/><Cell N='B' V='0.423618107507402' U='DL' F='Height*0.84887815672197'/><Cell N='C' V='0' U='DA'/><Cell N='D' V='0.9999999999999948' F='Width/Height*0.84867198371443'/></Row><Row T='EllipticalArcTo' IX='9'><Cell N='X' V='0.5871434608478772' F='Width*0.99851578943077'/><Cell N='Y' V='0.2765825781779773' F='Height*0.55423718907254'/><Cell N='A' V='0.5874947085077042' U='DL' F='Width*0.99911313293832'/><Cell N='B' V='0.3100779895713021' U='DL' F='Height*0.62135783990948'/><Cell N='C' V='0' U='DA'/><Cell N='D' V='0.9999999999999948' F='Width/Height*0.84867198371443'/></Row><Row T='EllipticalArcTo' IX='10'><Cell N='X' V='0.1560285184110153' F='Width*0.26534731223934'/><Cell N='Y' V='0.05601214251260958' F='Height*0.1122413878149'/><Cell N='A' V='0.3997839146434821' U='DL' F='Width*0.67988588437228'/><Cell N='B' V='0.03470704361311244' U='DL' F='Height*0.069548611557057'/><Cell N='C' V='0' U='DA'/><Cell N='D' V='0.9999999999999948' F='Width/Height*0.84867198371443'/></Row><Row T='LineTo' IX='11'><Cell N='X' V='0.1014228542413241' F='Width*0.17248309505628'/><Cell N='Y' V='0.08772861424116751' F='Height*0.17579726416089'/></Row><Row T='LineTo' IX='12'><Cell N='X' V='0.1011043627731665' F='Width*0.17194145782286'/><Cell N='Y' V='0' F='Height*0'/></Row><Row T='LineTo' IX='13'><Cell N='X' V='0' F='Geometry1.X1'/><Cell N='Y' V='0.1848929787042826' F='Geometry1.Y1'/></Row></Section></Shape><Shape ID='22' Type='Shape' LineStyle='3' FillStyle='3' TextStyle='3'><Cell N='PinX' V='0.0698019490484743' F='Sheet.15!Width*0.0930706304539'/><Cell N='PinY' V='0.5692029835700895' F='Sheet.15!Height*0.44348158677476'/><Cell N='Width' V='0.2287670099570293' F='Sheet.15!Width*0.30502715373991'/><Cell N='Height' V='0.2886782036646581' F='Sheet.15!Height*0.22491707092875'/><Cell N='LocPinX' V='0.1143835049785146' F='Width*0.5'/><Cell N='LocPinY' V='0.1443391018323291' F='Height*0.5'/><Cell N='Angle' V='0'/><Cell N='FlipX' V='0'/><Cell N='FlipY' V='0'/><Cell N='ResizeMode' V='0'/><Cell N='LayerMember' V=''/><Cell N='LineWeight' V='0.003333333333333333' U='PT' F='GUARD(0.24PT)'/><Cell N='LineColor' V='0' F='GUARD(0)'/><Cell N='LinePattern' V='1' F='GUARD(1)'/><Cell N='Rounding' V='0' F='GUARD(0)'/><Cell N='BeginArrow' V='0' F='GUARD(0)'/><Cell N='EndArrow' V='0' F='GUARD(0)'/><Cell N='FillForegnd' V='2' F='GUARD(2)'/><Cell N='FillBkgnd' V='0' F='GUARD(0)'/><Cell N='FillPattern' V='1' F='GUARD(1)'/><Cell N='ShdwPattern' V='0' F='GUARD(0)'/><Cell N='Copyright' V='Copyright (c) 2012 Microsoft Corporation.  All rights reserved.'/><Cell N='FillGradientEnabled' V='0' F='GUARD(FALSE)'/><Cell N='QuickStyleVariation' V='2'/><Section N='Geometry' IX='0'><Cell N='NoFill' V='0'/><Cell N='NoLine' V='0'/><Cell N='NoShow' V='0'/><Cell N='NoSnap' V='0'/><Cell N='NoQuickDrag' V='0' F='No Formula'/><Row T='MoveTo' IX='1'><Cell N='X' V='0.2287670099570293' F='Width*1'/><Cell N='Y' V='0.1023226659341004' F='Height*0.35445234394268'/></Row><Row T='LineTo' IX='2'><Cell N='X' V='0.1286362932654936' F='Width*0.56230263834657'/><Cell N='Y' V='0.2886782036646581' F='Height*1'/></Row><Row T='LineTo' IX='3'><Cell N='X' V='0.1290542207571547' F='Width*0.56412950792772'/><Cell N='Y' V='0.1964455442644673' F='Height*0.68050009238892'/></Row><Row T='LineTo' IX='4'><Cell N='X' V='0.07072799703699798' F='Width*0.30917043961139'/><Cell N='Y' V='0.230120205230114' F='Height*0.79715129964378'/></Row><Row T='EllipticalArcTo' IX='5'><Cell N='X' V='0.0007302240701464125' F='Width*0.0031919990136846'/><Cell N='Y' V='0.1739522985025869' F='Height*0.6025820318068'/><Cell N='A' V='0.04517267397528903' U='DL' F='Width*0.19746148705521'/><Cell N='B' V='0.2335495243478281' U='DL' F='Height*0.80903068324178'/><Cell N='C' V='0' U='DA'/><Cell N='D' V='1.000000000000012' F='Width/Height*1.2618873836699'/></Row><Row T='LineTo' IX='6'><Cell N='X' V='0.0008598050577676438' F='Width*0.0037584311563505'/><Cell N='Y' V='0.08106721642754228' F='Height*0.28082208978172'/></Row><Row T='EllipticalArcTo' IX='7'><Cell N='X' V='0.04472324396849522' F='Width*0.19549691180077'/><Cell N='Y' V='0' F='Height*0'/><Cell N='A' V='0.01809187034412497' U='DL' F='Width*0.079084262838087'/><Cell N='B' V='0.02643464570675225' U='DL' F='Height*0.091571325341417'/><Cell N='C' V='0' U='DA'/><Cell N='D' V='1.000000000000012' F='Width/Height*1.2618873836699'/></Row><Row T='LineTo' IX='8'><Cell N='X' V='0.04472324396849522' F='Width*0.19549691180077'/><Cell N='Y' V='0.07519446670410192' F='Height*0.2604785042637'/></Row><Row T='EllipticalArcTo' IX='9'><Cell N='X' V='0.001176039086855739' F='Width*0.0051407722078312'/><Cell N='Y' V='0.1324682905503211' F='Height*0.45887874064854'/><Cell N='A' V='0.01731305187047129' U='DL' F='Width*0.075679845069109'/><Cell N='B' V='0.09832351562345841' U='DL' F='Height*0.3405990281749'/><Cell N='C' V='0' U='DA' F='_ELLIPSE_THETA(-0.011550224397683,1,0.28521922055604,0.35991453599983,Width,Height)'/><Cell N='D' V='1.000000000000014' F='_ELLIPSE_ECC(-0.011550224397683,1,0.28521922055604,0.35991453599983,Width,Height,Geometry1.C9)'/></Row><Row T='EllipticalArcTo' IX='10'><Cell N='X' V='0.07072799703699798' F='Width*0.30917043961139'/><Cell N='Y' V='0.1549257385260092' F='Height*0.53667279538007'/><Cell N='A' V='0.03867919106912281' U='DL' F='Width*0.16907678723601'/><Cell N='B' V='0.1612625004851288' U='DL' F='Height*0.5586237493443'/><Cell N='C' V='0' U='DA' F='_ELLIPSE_THETA(-0.15402772526955,1,0.28521922055604,0.35991453599983,Width,Height)'/><Cell N='D' V='1.000000000000014' F='_ELLIPSE_ECC(-0.15402772526955,1,0.28521922055604,0.35991453599983,Width,Height,Geometry1.C10)'/></Row><Row T='LineTo' IX='11'><Cell N='X' V='0.1290542207571547' F='Width*0.56412950792772'/><Cell N='Y' V='0.1212510775603654' F='Height*0.42002158812522'/></Row><Row T='LineTo' IX='12'><Cell N='X' V='0.1276199119720144' F='Width*0.55785977180882'/><Cell N='Y' V='0.03352419973891319' F='Height*0.11612999981757'/></Row><Row T='LineTo' IX='13'><Cell N='X' V='0.2287670099570293' F='Geometry1.X1'/><Cell N='Y' V='0.1023226659341004' F='Geometry1.Y1'/></Row></Section></Shape><Shape ID='23' Type='Shape' LineStyle='3' FillStyle='3' TextStyle='3'><Cell N='PinX' V='0.7754184440699404' F='Sheet.15!Width*1.0339064229432'/><Cell N='PinY' V='0.2978848719836459' F='Sheet.15!Height*0.23209023760719'/><Cell N='Width' V='0.05832622372015496' F='Sheet.15!Width*0.077769438928707'/><Cell N='Height' V='0.1088691276697487' F='Sheet.15!Height*0.084822910074959'/><Cell N='LocPinX' V='0.02916311186007748' F='Width*0.5'/><Cell N='LocPinY' V='0.05443456383487433' F='Height*0.5'/><Cell N='Angle' V='0'/><Cell N='FlipX' V='0'/><Cell N='FlipY' V='0'/><Cell N='ResizeMode' V='0'/><Cell N='LayerMember' V=''/><Cell N='LineWeight' V='0.003333333333333333' U='PT' F='GUARD(0.24PT)'/><Cell N='LineColor' V='0' F='GUARD(0)'/><Cell N='LinePattern' V='1' F='GUARD(1)'/><Cell N='Rounding' V='0' F='GUARD(0)'/><Cell N='BeginArrow' V='0' F='GUARD(0)'/><Cell N='EndArrow' V='0' F='GUARD(0)'/><Cell N='FillForegnd' V='2' F='GUARD(2)'/><Cell N='FillBkgnd' V='0' F='GUARD(0)'/><Cell N='FillPattern' V='1' F='GUARD(1)'/><Cell N='ShdwPattern' V='0' F='GUARD(0)'/><Cell N='Copyright' V='Copyright (c) 2012 Microsoft Corporation.  All rights reserved.'/><Cell N='FillGradientEnabled' V='0' F='GUARD(FALSE)'/><Cell N='QuickStyleVariation' V='2'/><Section N='Geometry' IX='0'><Cell N='NoFill' V='0'/><Cell N='NoLine' V='0'/><Cell N='NoShow' V='0'/><Cell N='NoSnap' V='0'/><Cell N='NoQuickDrag' V='0' F='No Formula'/><Row T='MoveTo' IX='1'><Cell N='X' V='0' F='Width*0'/><Cell N='Y' V='0.03367466096564532' F='Height*0.30931322484549'/></Row><Row T='LineTo' IX='2'><Cell N='X' V='0.05832622372015496' F='Width*1'/><Cell N='Y' V='0' F='Height*0'/></Row><Row T='LineTo' IX='3'><Cell N='X' V='0.05832622372015496' F='Width*1'/><Cell N='Y' V='0.07519446670410333' F='Height*0.69068677515451'/></Row><Row T='LineTo' IX='4'><Cell N='X' V='0' F='Width*0'/><Cell N='Y' V='0.1088691276697487' F='Height*1'/></Row><Row T='LineTo' IX='5'><Cell N='X' V='0' F='Geometry1.X1'/><Cell N='Y' V='0.03367466096564532' F='Geometry1.Y1'/></Row></Section></Shape></Shapes></Shape></Shapes></Shape></Shapes></MasterContents>