<?xml version='1.0' encoding='utf-8' ?>
<MasterContents xmlns='http://schemas.microsoft.com/office/visio/2012/main' xmlns:r='http://schemas.openxmlformats.org/officeDocument/2006/relationships' xml:space='preserve'><Shapes><Shape ID='5' Type='Group' LineStyle='45' FillStyle='45' TextStyle='45' UniqueID='{2753E390-891E-4936-AA4E-1854C266A787}'><Cell N='PinX' V='0.4005'/><Cell N='PinY' V='0.5135'/><Cell N='Width' V='0.75' U='IN'/><Cell N='Height' V='0.75' U='IN'/><Cell N='LocPinX' V='0.375' U='IN' F='Width*0.5'/><Cell N='LocPinY' V='0.375' U='IN' F='Height*0.5'/><Cell N='Angle' V='0' U='DEG'/><Cell N='FlipX' V='0'/><Cell N='FlipY' V='0'/><Cell N='ResizeMode' V='0'/><Cell N='EventDblClick' V='0' F='OPENTEXTWIN()'/><Cell N='ShdwPattern' V='0' F='THEMEVAL("ShadowPattern",0)'/><Cell N='ObjType' V='9'/><Cell N='HelpTopic' V='Vis_SWFD.chm!#50515'/><Cell N='Copyright' V='Copyright (c) 2012 Microsoft Corporation.  All rights reserved.'/><Cell N='LayerMember' V='0'/><Cell N='IsSnapTarget' V='0'/><Cell N='IsTextEditTarget' V='0'/><Cell N='DontMoveChildren' V='1'/><Cell N='LockGroup' V='1'/><Cell N='ShapeSplit' V='1'/><Cell N='QuickStyleVariation' V='4'/><Section N='Control'><Row N='Row_1'><Cell N='X' V='0.375' U='IN' F='Width*0.5'/><Cell N='Y' V='-0.125' U='IN' F='-Sheet.8!Height/2'/><Cell N='XDyn' V='0.375' U='IN' F='Controls.Row_1'/><Cell N='YDyn' V='-0.125' U='IN' F='Controls.Row_1.Y'/><Cell N='XCon' V='0'/><Cell N='YCon' V='0'/><Cell N='CanGlue' V='1'/><Cell N='Prompt' V='Reposition Text'/></Row></Section><Section N='Connection'><Row T='Connection' IX='0'><Cell N='X' V='0.375' U='IN' F='Width/2'/><Cell N='Y' V='0' U='IN' F='Height*0'/><Cell N='DirX' V='0' F='No Formula'/><Cell N='DirY' V='0' F='No Formula'/><Cell N='Type' V='0' F='No Formula'/><Cell N='AutoGen' V='0' F='No Formula'/><Cell N='Prompt' V='' F='No Formula'/></Row><Row T='Connection' IX='1'><Cell N='X' V='0.375' U='IN' F='Width/2'/><Cell N='Y' V='0.75' U='IN' F='Height*1'/><Cell N='DirX' V='0' F='No Formula'/><Cell N='DirY' V='0' F='No Formula'/><Cell N='Type' V='0' F='No Formula'/><Cell N='AutoGen' V='0' F='No Formula'/><Cell N='Prompt' V='' F='No Formula'/></Row><Row T='Connection' IX='2'><Cell N='X' V='0' U='IN' F='Width*0'/><Cell N='Y' V='0.375' U='IN' F='Height/2'/><Cell N='DirX' V='0' F='No Formula'/><Cell N='DirY' V='0' F='No Formula'/><Cell N='Type' V='0' F='No Formula'/><Cell N='AutoGen' V='0' F='No Formula'/><Cell N='Prompt' V='' F='No Formula'/></Row><Row T='Connection' IX='3'><Cell N='X' V='0.75' U='IN' F='Width*1'/><Cell N='Y' V='0.375' U='IN' F='Height/2'/><Cell N='DirX' V='0' F='No Formula'/><Cell N='DirY' V='0' F='No Formula'/><Cell N='Type' V='0' F='No Formula'/><Cell N='AutoGen' V='0' F='No Formula'/><Cell N='Prompt' V='' F='No Formula'/></Row></Section><Section N='Property'><Row N='Cost'><Cell N='Value' V='0' F='No Formula'/><Cell N='Prompt' V='' F='No Formula'/><Cell N='Label' V='Cost'/><Cell N='Format' V='@'/><Cell N='SortKey' V='' F='No Formula'/><Cell N='Type' V='7'/><Cell N='Invisible' V='0' F='No Formula'/><Cell N='Verify' V='0' F='No Formula'/><Cell N='DataLinked' V='0' F='No Formula'/><Cell N='LangID' V='en-US'/><Cell N='Calendar' V='0' F='No Formula'/></Row><Row N='Duration'><Cell N='Value' V='0' F='No Formula'/><Cell N='Prompt' V='' F='No Formula'/><Cell N='Label' V='Duration'/><Cell N='Format' V='' F='No Formula'/><Cell N='SortKey' V='' F='No Formula'/><Cell N='Type' V='2'/><Cell N='Invisible' V='0' F='No Formula'/><Cell N='Verify' V='0' F='No Formula'/><Cell N='DataLinked' V='0' F='No Formula'/><Cell N='LangID' V='en-US'/><Cell N='Calendar' V='0' F='No Formula'/></Row><Row N='Resources'><Cell N='Value' V='0' F='No Formula'/><Cell N='Prompt' V='' F='No Formula'/><Cell N='Label' V='Resources'/><Cell N='Format' V='' F='No Formula'/><Cell N='SortKey' V='' F='No Formula'/><Cell N='Type' V='0' F='No Formula'/><Cell N='Invisible' V='0' F='No Formula'/><Cell N='Verify' V='0' F='No Formula'/><Cell N='DataLinked' V='0' F='No Formula'/><Cell N='LangID' V='en-US'/><Cell N='Calendar' V='0' F='No Formula'/></Row></Section><Section N='Actions'><Row N='Row_1'><Cell N='Menu' V='%P&amp;roperties'/><Cell N='Action' V='0' F='DOCMD(1312)'/><Cell N='Checked' V='0'/><Cell N='Disabled' V='0'/><Cell N='ReadOnly' V='0' F='No Formula'/><Cell N='Invisible' V='0' F='No Formula'/><Cell N='BeginGroup' V='0' F='No Formula'/><Cell N='FlyoutChild' V='0' F='No Formula'/><Cell N='TagName' V='' F='No Formula'/><Cell N='ButtonFace' V='' F='No Formula'/><Cell N='SortKey' V='' F='No Formula'/></Row></Section><Section N='User'><Row N='visVersion'><Cell N='Value' V='15'/><Cell N='Prompt' V='' F='No Formula'/></Row></Section><Shapes><Shape ID='6' Type='Shape' LineStyle='45' FillStyle='45' TextStyle='45'><Cell N='PinX' V='0.3749999963669925' U='IN' F='Sheet.5!Width*0.49999999515599'/><Cell N='PinY' V='0.592980291133005' U='IN' F='Sheet.5!Height*0.79064038817734'/><Cell N='Width' V='0.1687961750000025' U='IN' F='Sheet.5!Width*0.22506156666667'/><Cell N='Height' V='0.3140394' U='IN' F='Sheet.5!Height*0.4187192'/><Cell N='LocPinX' V='0.0843980875' U='IN' F='Width*0.5'/><Cell N='LocPinY' V='0.1570197000000012' U='IN' F='Height*0.5'/><Cell N='Angle' V='0' U='DEG'/><Cell N='FlipX' V='0'/><Cell N='FlipY' V='0'/><Cell N='ResizeMode' V='0'/><Cell N='LayerMember' V='0'/><Cell N='ShdwPattern' V='0' F='THEMEVAL("ShadowPattern",0)'/><Cell N='Copyright' V='Copyright (c) 2012 Microsoft Corporation.  All rights reserved.'/><Cell N='LockWidth' V='1'/><Cell N='LockHeight' V='1'/><Cell N='LockDelete' V='1' F='NOT(ISERROR(Sheet.5!Width))'/><Cell N='SelectMode' V='0'/><Section N='Geometry' IX='0'><Cell N='NoFill' V='0'/><Cell N='NoLine' V='0'/><Cell N='NoShow' V='0'/><Cell N='NoSnap' V='0' F='No Formula'/><Cell N='NoQuickDrag' V='0' F='No Formula'/><Row T='MoveTo' IX='1'><Cell N='X' V='0.1179703750000006' U='IN' F='Width*0.69889246601708'/><Cell N='Y' V='0.282635475' U='IN' F='Height*0.9000000477647'/></Row><Row T='EllipticalArcTo' IX='2'><Cell N='X' V='0.0549569' U='IN' F='Width*0.32558142979247'/><Cell N='Y' V='0.282635475' U='IN' F='Height*0.9000000477647'/><Cell N='A' V='0.08646362499999956' U='IN' F='Width*0.51223687385096'/><Cell N='B' V='0.3140393999999991' U='IN' F='Height*0.99999999999999'/><Cell N='C' V='-3.14159265358979' U='DA' F='_ELLIPSE_THETA(3.1415926535898,1.0032734,0.6751847,1.2561576,Width,Height)'/><Cell N='D' V='1.003273400000015' F='_ELLIPSE_ECC(3.1415926535898,1.0032734,0.6751847,1.2561576,Width,Height,Geometry1.C2)'/></Row><Row T='EllipticalArcTo' IX='3'><Cell N='X' V='0.1179703750000006' U='IN' F='Geometry1.X1'/><Cell N='Y' V='0.282635475' U='IN' F='Geometry1.Y1'/><Cell N='A' V='0.08646362499999956' U='IN' F='Width*0.51223687385096'/><Cell N='B' V='0.251231524999999' U='IN' F='Height*0.80000001592156'/><Cell N='C' V='-3.14159265358979' U='DA' F='_ELLIPSE_THETA(3.1415926535898,1.0032734,0.6751847,1.2561576,Width,Height)'/><Cell N='D' V='1.003273400000015' F='_ELLIPSE_ECC(3.1415926535898,1.0032734,0.6751847,1.2561576,Width,Height,Geometry1.C3)'/></Row></Section><Section N='Geometry' IX='1'><Cell N='NoFill' V='0'/><Cell N='NoLine' V='0'/><Cell N='NoShow' V='0'/><Cell N='NoSnap' V='0' F='No Formula'/><Cell N='NoQuickDrag' V='0' F='No Formula'/><Row T='MoveTo' IX='1'><Cell N='X' V='0.08636082499999917' U='IN' F='Width*0.51162785531129'/><Cell N='Y' V='0.121690275' U='IN' F='Height*0.38750002388235'/></Row><Row T='LineTo' IX='2'><Cell N='X' V='0.1256157749999994' U='IN' F='Width*0.74418614639816'/><Cell N='Y' V='0' U='IN' F='Height*0'/></Row><Row T='LineTo' IX='3'><Cell N='X' V='0.1570197' U='IN' F='Width*0.93023257191699'/><Cell N='Y' V='0' U='IN' F='Height*0'/></Row><Row T='LineTo' IX='4'><Cell N='X' V='0.1256157749999994' U='IN' F='Width*0.74418614639816'/><Cell N='Y' V='0.1413177250000008' U='IN' F='Height*0.44999998407843'/></Row><Row T='LineTo' IX='5'><Cell N='X' V='0.1256157749999994' U='IN' F='Width*0.74418614639816'/><Cell N='Y' V='0.223753075' U='IN' F='Height*0.71250000796078'/></Row><Row T='LineTo' IX='6'><Cell N='X' V='0.1491687250000005' U='IN' F='Width*0.88372100256419'/><Cell N='Y' V='0.1570197000000012' U='IN' F='Height*0.5'/></Row><Row T='LineTo' IX='7'><Cell N='X' V='0.168796175' U='IN' F='Width*1'/><Cell N='Y' V='0.168796175' U='IN' F='Height*0.53749999203921'/></Row><Row T='LineTo' IX='8'><Cell N='X' V='0.1413177250000008' U='IN' F='Width*0.83720928510377'/><Cell N='Y' V='0.251231524999999' U='IN' F='Height*0.80000001592156'/></Row><Row T='LineTo' IX='9'><Cell N='X' V='0.08636082499999917' U='IN' F='Width*0.51162785531129'/><Cell N='Y' V='0.247306025' U='IN' F='Height*0.78749999203921'/></Row><Row T='LineTo' IX='10'><Cell N='X' V='0.03140395000000064' U='IN' F='Width*0.18604657362645'/><Cell N='Y' V='0.251231524999999' U='IN' F='Height*0.80000001592156'/></Row><Row T='LineTo' IX='11'><Cell N='X' V='0' U='IN' F='Width*0'/><Cell N='Y' V='0.1648706999999989' U='IN' F='Height*0.5250000477647'/></Row><Row T='LineTo' IX='12'><Cell N='X' V='0.02355294999999934' U='IN' F='Width*0.13953485616602'/><Cell N='Y' V='0.1570197000000012' U='IN' F='Height*0.5'/></Row><Row T='LineTo' IX='13'><Cell N='X' V='0.04710590000000037' U='IN' F='Width*0.27906971233205'/><Cell N='Y' V='0.223753075' U='IN' F='Height*0.71250000796078'/></Row><Row T='LineTo' IX='14'><Cell N='X' V='0.04710590000000037' U='IN' F='Width*0.27906971233205'/><Cell N='Y' V='0.1413177250000008' U='IN' F='Height*0.44999998407843'/></Row><Row T='LineTo' IX='15'><Cell N='X' V='0.01570197499999948' U='IN' F='Width*0.09302328681322'/><Cell N='Y' V='0' U='IN' F='Height*0'/></Row><Row T='LineTo' IX='16'><Cell N='X' V='0.04710590000000037' U='IN' F='Width*0.27906971233205'/><Cell N='Y' V='0' U='IN' F='Height*0'/></Row><Row T='LineTo' IX='17'><Cell N='X' V='0.08636082499999917' U='IN' F='Geometry2.X1'/><Cell N='Y' V='0.121690275' U='IN' F='Geometry2.Y1'/></Row></Section></Shape><Shape ID='7' Type='Shape' LineStyle='46' FillStyle='45' TextStyle='46'><Cell N='PinX' V='0.375' U='IN' F='Sheet.5!Width*0.5'/><Cell N='PinY' V='0.2175293000000025' U='IN' F='Sheet.5!Height*0.29003906666667'/><Cell N='Width' V='0.75' U='IN' F='Sheet.5!Width*1'/><Cell N='Height' V='0.4350585999999975' U='IN' F='Sheet.5!Height*0.58007813333333'/><Cell N='LocPinX' V='0.375' U='IN' F='Width*0.5'/><Cell N='LocPinY' V='0.2175292999999988' U='IN' F='Height*0.5'/><Cell N='Angle' V='0' U='DEG'/><Cell N='FlipX' V='0'/><Cell N='FlipY' V='0'/><Cell N='ResizeMode' V='0'/><Cell N='LineColor' V='14' F='THEMEVAL("LineColor",14)'/><Cell N='ShdwPattern' V='0' F='THEMEVAL("ShadowPattern",0)'/><Cell N='LayerMember' V='0'/><Cell N='Copyright' V='Copyright (c) 2012 Microsoft Corporation.  All rights reserved.'/><Cell N='LockWidth' V='1'/><Cell N='LockHeight' V='1'/><Cell N='LockDelete' V='1' F='NOT(ISERROR(Sheet.5!Width))'/><Cell N='SelectMode' V='0'/><Section N='Geometry' IX='0'><Cell N='NoFill' V='0'/><Cell N='NoLine' V='0'/><Cell N='NoShow' V='0'/><Cell N='NoSnap' V='0' F='No Formula'/><Cell N='NoQuickDrag' V='0' F='No Formula'/><Row T='MoveTo' IX='1'><Cell N='X' V='0.66756465' U='IN' F='Width*0.8900862'/><Cell N='Y' V='0.1216902749999991' U='IN' F='Height*0.2797100781366'/></Row><Row T='LineTo' IX='2'><Cell N='X' V='0.706819575' U='IN' F='Width*0.9424261'/><Cell N='Y' V='0' U='IN' F='Height*0'/></Row><Row T='LineTo' IX='3'><Cell N='X' V='0.7382235249999976' U='IN' F='Width*0.98429803333333'/><Cell N='Y' V='0' U='IN' F='Height*0'/></Row><Row T='LineTo' IX='4'><Cell N='X' V='0.706819575' U='IN' F='Width*0.9424261'/><Cell N='Y' V='0.1413177250000012' U='IN' F='Height*0.32482457535606'/></Row><Row T='LineTo' IX='5'><Cell N='X' V='0.706819575' U='IN' F='Width*0.9424261'/><Cell N='Y' V='0.2237530749999976' U='IN' F='Height*0.51430560159022'/></Row><Row T='LineTo' IX='6'><Cell N='X' V='0.7303725249999975' U='IN' F='Width*0.97383003333333'/><Cell N='Y' V='0.1570196999999976' U='IN' F='Height*0.36091620760973'/></Row><Row T='LineTo' IX='7'><Cell N='X' V='0.75' U='IN' F='Width*1'/><Cell N='Y' V='0.1687961749999985' U='IN' F='Height*0.38798491743411'/></Row><Row T='LineTo' IX='8'><Cell N='X' V='0.7225215500000025' U='IN' F='Width*0.96336206666667'/><Cell N='Y' V='0.2512315249999993' U='IN' F='Height*0.57746594366828'/></Row><Row T='LineTo' IX='9'><Cell N='X' V='0.66756465' U='IN' F='Width*0.8900862'/><Cell N='Y' V='0.247306025' U='IN' F='Height*0.56844302123898'/></Row><Row T='LineTo' IX='10'><Cell N='X' V='0.6126077499999975' U='IN' F='Width*0.81681033333333'/><Cell N='Y' V='0.2512315249999993' U='IN' F='Height*0.57746594366828'/></Row><Row T='LineTo' IX='11'><Cell N='X' V='0.5812038249999976' U='IN' F='Width*0.77493843333333'/><Cell N='Y' V='0.1648706999999972' U='IN' F='Height*0.37896205246833'/></Row><Row T='LineTo' IX='12'><Cell N='X' V='0.6047567750000025' U='IN' F='Width*0.80634236666667'/><Cell N='Y' V='0.1570196999999976' U='IN' F='Height*0.36091620760973'/></Row><Row T='LineTo' IX='13'><Cell N='X' V='0.628309725' U='IN' F='Width*0.8377463'/><Cell N='Y' V='0.2237530749999976' U='IN' F='Height*0.51430560159022'/></Row><Row T='LineTo' IX='14'><Cell N='X' V='0.628309725' U='IN' F='Width*0.8377463'/><Cell N='Y' V='0.1413177250000012' U='IN' F='Height*0.32482457535606'/></Row><Row T='LineTo' IX='15'><Cell N='X' V='0.5969058' U='IN' F='Width*0.7958744'/><Cell N='Y' V='0' U='IN' F='Height*0'/></Row><Row T='LineTo' IX='16'><Cell N='X' V='0.628309725' U='IN' F='Width*0.8377463'/><Cell N='Y' V='0' U='IN' F='Height*0'/></Row><Row T='LineTo' IX='17'><Cell N='X' V='0.66756465' U='IN' F='Geometry1.X1'/><Cell N='Y' V='0.1216902749999991' U='IN' F='Geometry1.Y1'/></Row></Section><Section N='Geometry' IX='1'><Cell N='NoFill' V='0'/><Cell N='NoLine' V='0'/><Cell N='NoShow' V='0'/><Cell N='NoSnap' V='0' F='No Formula'/><Cell N='NoQuickDrag' V='0' F='No Formula'/><Row T='MoveTo' IX='1'><Cell N='X' V='0.6991742000000025' U='IN' F='Width*0.93223226666667'/><Cell N='Y' V='0.2826354749999965' U='IN' F='Height*0.64964920817563'/></Row><Row T='EllipticalArcTo' IX='2'><Cell N='X' V='0.636160725' U='IN' F='Width*0.8482143'/><Cell N='Y' V='0.2826354749999965' U='IN' F='Height*0.64964920817563'/><Cell N='A' V='0.6676674500000025' U='IN' F='Width*0.89022326666667'/><Cell N='B' V='0.3140394' U='IN' F='Height*0.72183241521947'/><Cell N='C' V='0' U='DA'/><Cell N='D' V='1.003273400000011' F='Width/Height*0.58197696109499'/></Row><Row T='EllipticalArcTo' IX='3'><Cell N='X' V='0.6991742000000025' U='IN' F='Geometry2.X1'/><Cell N='Y' V='0.2826354749999965' U='IN' F='Geometry2.Y1'/><Cell N='A' V='0.6676674500000025' U='IN' F='Width*0.89022326666667'/><Cell N='B' V='0.2512315249999993' U='IN' F='Height*0.57746594366828'/><Cell N='C' V='0' U='DA'/><Cell N='D' V='1.003273400000011' F='Width/Height*0.58197696109499'/></Row></Section><Section N='Geometry' IX='2'><Cell N='NoFill' V='0'/><Cell N='NoLine' V='0'/><Cell N='NoShow' V='0'/><Cell N='NoSnap' V='0' F='No Formula'/><Cell N='NoQuickDrag' V='0' F='No Formula'/><Row T='MoveTo' IX='1'><Cell N='X' V='0.37696275' U='IN' F='Width*0.502617'/><Cell N='Y' V='0.1216902749999991' U='IN' F='Height*0.2797100781366'/></Row><Row T='LineTo' IX='2'><Cell N='X' V='0.416217675' U='IN' F='Width*0.5549569'/><Cell N='Y' V='0' U='IN' F='Height*0'/></Row><Row T='LineTo' IX='3'><Cell N='X' V='0.4476216249999975' U='IN' F='Width*0.59682883333333'/><Cell N='Y' V='0' U='IN' F='Height*0'/></Row><Row T='LineTo' IX='4'><Cell N='X' V='0.416217675' U='IN' F='Width*0.5549569'/><Cell N='Y' V='0.1413177250000012' U='IN' F='Height*0.32482457535606'/></Row><Row T='LineTo' IX='5'><Cell N='X' V='0.416217675' U='IN' F='Width*0.5549569'/><Cell N='Y' V='0.2237530749999976' U='IN' F='Height*0.51430560159022'/></Row><Row T='LineTo' IX='6'><Cell N='X' V='0.4397706249999975' U='IN' F='Width*0.58636083333333'/><Cell N='Y' V='0.1570196999999976' U='IN' F='Height*0.36091620760973'/></Row><Row T='LineTo' IX='7'><Cell N='X' V='0.4593981' U='IN' F='Width*0.6125308'/><Cell N='Y' V='0.1687961749999985' U='IN' F='Height*0.38798491743411'/></Row><Row T='LineTo' IX='8'><Cell N='X' V='0.4319196500000024' U='IN' F='Width*0.57589286666667'/><Cell N='Y' V='0.2512315249999993' U='IN' F='Height*0.57746594366828'/></Row><Row T='LineTo' IX='9'><Cell N='X' V='0.37696275' U='IN' F='Width*0.502617'/><Cell N='Y' V='0.247306025' U='IN' F='Height*0.56844302123898'/></Row><Row T='LineTo' IX='10'><Cell N='X' V='0.3220058499999975' U='IN' F='Width*0.42934113333333'/><Cell N='Y' V='0.2512315249999993' U='IN' F='Height*0.57746594366828'/></Row><Row T='LineTo' IX='11'><Cell N='X' V='0.2906019' U='IN' F='Width*0.3874692'/><Cell N='Y' V='0.1648706999999972' U='IN' F='Height*0.37896205246833'/></Row><Row T='LineTo' IX='12'><Cell N='X' V='0.3141548750000025' U='IN' F='Width*0.41887316666667'/><Cell N='Y' V='0.1570196999999976' U='IN' F='Height*0.36091620760973'/></Row><Row T='LineTo' IX='13'><Cell N='X' V='0.337707825' U='IN' F='Width*0.4502771'/><Cell N='Y' V='0.2237530749999976' U='IN' F='Height*0.51430560159022'/></Row><Row T='LineTo' IX='14'><Cell N='X' V='0.337707825' U='IN' F='Width*0.4502771'/><Cell N='Y' V='0.1413177250000012' U='IN' F='Height*0.32482457535606'/></Row><Row T='LineTo' IX='15'><Cell N='X' V='0.3063038750000025' U='IN' F='Width*0.40840516666667'/><Cell N='Y' V='0' U='IN' F='Height*0'/></Row><Row T='LineTo' IX='16'><Cell N='X' V='0.337707825' U='IN' F='Width*0.4502771'/><Cell N='Y' V='0' U='IN' F='Height*0'/></Row><Row T='LineTo' IX='17'><Cell N='X' V='0.37696275' U='IN' F='Geometry3.X1'/><Cell N='Y' V='0.1216902749999991' U='IN' F='Geometry3.Y1'/></Row></Section><Section N='Geometry' IX='3'><Cell N='NoFill' V='0'/><Cell N='NoLine' V='0'/><Cell N='NoShow' V='0'/><Cell N='NoSnap' V='0' F='No Formula'/><Cell N='NoQuickDrag' V='0' F='No Formula'/><Row T='MoveTo' IX='1'><Cell N='X' V='0.4085722749999975' U='IN' F='Width*0.54476303333333'/><Cell N='Y' V='0.2826354749999965' U='IN' F='Height*0.64964920817563'/></Row><Row T='EllipticalArcTo' IX='2'><Cell N='X' V='0.3455588000000025' U='IN' F='Width*0.46074506666667'/><Cell N='Y' V='0.2826354749999965' U='IN' F='Height*0.64964920817563'/><Cell N='A' V='0.3770655500000025' U='IN' F='Width*0.50275406666667'/><Cell N='B' V='0.3140394' U='IN' F='Height*0.72183241521947'/><Cell N='C' V='0' U='DA'/><Cell N='D' V='1.003273400000011' F='Width/Height*0.58197696109499'/></Row><Row T='EllipticalArcTo' IX='3'><Cell N='X' V='0.4085722749999975' U='IN' F='Geometry4.X1'/><Cell N='Y' V='0.2826354749999965' U='IN' F='Geometry4.Y1'/><Cell N='A' V='0.3770655500000025' U='IN' F='Width*0.50275406666667'/><Cell N='B' V='0.2512315249999993' U='IN' F='Height*0.57746594366828'/><Cell N='C' V='0' U='DA'/><Cell N='D' V='1.003273400000011' F='Width/Height*0.58197696109499'/></Row></Section><Section N='Geometry' IX='4'><Cell N='NoFill' V='0'/><Cell N='NoLine' V='0'/><Cell N='NoShow' V='0'/><Cell N='NoSnap' V='0' F='No Formula'/><Cell N='NoQuickDrag' V='0' F='No Formula'/><Row T='MoveTo' IX='1'><Cell N='X' V='0.0863608250000025' U='IN' F='Width*0.11514776666667'/><Cell N='Y' V='0.1216902749999991' U='IN' F='Height*0.2797100781366'/></Row><Row T='LineTo' IX='2'><Cell N='X' V='0.125615775' U='IN' F='Width*0.1674877'/><Cell N='Y' V='0' U='IN' F='Height*0'/></Row><Row T='LineTo' IX='3'><Cell N='X' V='0.1570197' U='IN' F='Width*0.2093596'/><Cell N='Y' V='0' U='IN' F='Height*0'/></Row><Row T='LineTo' IX='4'><Cell N='X' V='0.125615775' U='IN' F='Width*0.1674877'/><Cell N='Y' V='0.1413177250000012' U='IN' F='Height*0.32482457535606'/></Row><Row T='LineTo' IX='5'><Cell N='X' V='0.125615775' U='IN' F='Width*0.1674877'/><Cell N='Y' V='0.2237530749999976' U='IN' F='Height*0.51430560159022'/></Row><Row T='LineTo' IX='6'><Cell N='X' V='0.1491687249999975' U='IN' F='Width*0.19889163333333'/><Cell N='Y' V='0.1570196999999976' U='IN' F='Height*0.36091620760973'/></Row><Row T='LineTo' IX='7'><Cell N='X' V='0.1687961750000025' U='IN' F='Width*0.22506156666667'/><Cell N='Y' V='0.1687961749999985' U='IN' F='Height*0.38798491743411'/></Row><Row T='LineTo' IX='8'><Cell N='X' V='0.1413177249999975' U='IN' F='Width*0.18842363333333'/><Cell N='Y' V='0.2512315249999993' U='IN' F='Height*0.57746594366828'/></Row><Row T='LineTo' IX='9'><Cell N='X' V='0.0863608250000025' U='IN' F='Width*0.11514776666667'/><Cell N='Y' V='0.247306025' U='IN' F='Height*0.56844302123898'/></Row><Row T='LineTo' IX='10'><Cell N='X' V='0.0314039499999975' U='IN' F='Width*0.04187193333333'/><Cell N='Y' V='0.2512315249999993' U='IN' F='Height*0.57746594366828'/></Row><Row T='LineTo' IX='11'><Cell N='X' V='0' U='IN' F='Width*0'/><Cell N='Y' V='0.1648706999999972' U='IN' F='Height*0.37896205246833'/></Row><Row T='LineTo' IX='12'><Cell N='X' V='0.0235529499999975' U='IN' F='Width*0.03140393333333'/><Cell N='Y' V='0.1570196999999976' U='IN' F='Height*0.36091620760973'/></Row><Row T='LineTo' IX='13'><Cell N='X' V='0.0471059000000025' U='IN' F='Width*0.06280786666667'/><Cell N='Y' V='0.2237530749999976' U='IN' F='Height*0.51430560159022'/></Row><Row T='LineTo' IX='14'><Cell N='X' V='0.0471059000000025' U='IN' F='Width*0.06280786666667'/><Cell N='Y' V='0.1413177250000012' U='IN' F='Height*0.32482457535606'/></Row><Row T='LineTo' IX='15'><Cell N='X' V='0.0157019750000025' U='IN' F='Width*0.02093596666667'/><Cell N='Y' V='0' U='IN' F='Height*0'/></Row><Row T='LineTo' IX='16'><Cell N='X' V='0.0471059000000025' U='IN' F='Width*0.06280786666667'/><Cell N='Y' V='0' U='IN' F='Height*0'/></Row><Row T='LineTo' IX='17'><Cell N='X' V='0.0863608250000025' U='IN' F='Geometry5.X1'/><Cell N='Y' V='0.1216902749999991' U='IN' F='Geometry5.Y1'/></Row></Section><Section N='Geometry' IX='5'><Cell N='NoFill' V='0'/><Cell N='NoLine' V='0'/><Cell N='NoShow' V='0'/><Cell N='NoSnap' V='0' F='No Formula'/><Cell N='NoQuickDrag' V='0' F='No Formula'/><Row T='MoveTo' IX='1'><Cell N='X' V='0.1179703749999975' U='IN' F='Width*0.15729383333333'/><Cell N='Y' V='0.2826354749999965' U='IN' F='Height*0.64964920817563'/></Row><Row T='EllipticalArcTo' IX='2'><Cell N='X' V='0.0549569000000025' U='IN' F='Width*0.07327586666667'/><Cell N='Y' V='0.2826354749999965' U='IN' F='Height*0.64964920817563'/><Cell N='A' V='0.0864636249999975' U='IN' F='Width*0.11528483333333'/><Cell N='B' V='0.3140394' U='IN' F='Height*0.72183241521947'/><Cell N='C' V='0' U='DA'/><Cell N='D' V='1.003273400000011' F='Width/Height*0.58197696109499'/></Row><Row T='EllipticalArcTo' IX='3'><Cell N='X' V='0.1179703749999975' U='IN' F='Geometry6.X1'/><Cell N='Y' V='0.2826354749999965' U='IN' F='Geometry6.Y1'/><Cell N='A' V='0.0864636249999975' U='IN' F='Width*0.11528483333333'/><Cell N='B' V='0.2512315249999993' U='IN' F='Height*0.57746594366828'/><Cell N='C' V='0' U='DA'/><Cell N='D' V='1.003273400000011' F='Width/Height*0.58197696109499'/></Row></Section><Section N='Geometry' IX='6'><Cell N='NoFill' V='1'/><Cell N='NoLine' V='0'/><Cell N='NoShow' V='0'/><Cell N='NoSnap' V='0' F='No Formula'/><Cell N='NoQuickDrag' V='0' F='No Formula'/><Row T='MoveTo' IX='1'><Cell N='X' V='0.0859374999999975' U='IN' F='Width*0.11458333333333'/><Cell N='Y' V='0.3749999999999979' U='IN' F='Height*0.86195284957015'/></Row><Row T='LineTo' IX='2'><Cell N='X' V='0.6640625000000024' U='IN' F='Width*0.88541666666667'/><Cell N='Y' V='0.3749999999999979' U='IN' F='Height*0.86195284957015'/></Row></Section><Section N='Geometry' IX='7'><Cell N='NoFill' V='1'/><Cell N='NoLine' V='0'/><Cell N='NoShow' V='0'/><Cell N='NoSnap' V='0' F='No Formula'/><Cell N='NoQuickDrag' V='0' F='No Formula'/><Row T='MoveTo' IX='1'><Cell N='X' V='0.0859374999999975' U='IN' F='Width*0.11458333333333'/><Cell N='Y' V='0.3749999999999979' U='IN' F='Height*0.86195284957015'/></Row><Row T='LineTo' IX='2'><Cell N='X' V='0.0859374999999975' U='IN' F='Width*0.11458333333333'/><Cell N='Y' V='0.312499999999999' U='IN' F='Height*0.71829404130846'/></Row></Section><Section N='Geometry' IX='8'><Cell N='NoFill' V='1'/><Cell N='NoLine' V='0'/><Cell N='NoShow' V='0'/><Cell N='NoSnap' V='0' F='No Formula'/><Cell N='NoQuickDrag' V='0' F='No Formula'/><Row T='MoveTo' IX='1'><Cell N='X' V='0.375' U='IN' F='Width*0.5'/><Cell N='Y' V='0.4350585999999975' U='IN' F='Height*1'/></Row><Row T='LineTo' IX='2'><Cell N='X' V='0.375' U='IN' F='Width*0.5'/><Cell N='Y' V='0.3140394' U='IN' F='Height*0.72183241521947'/></Row></Section><Section N='Geometry' IX='9'><Cell N='NoFill' V='1'/><Cell N='NoLine' V='0'/><Cell N='NoShow' V='0'/><Cell N='NoSnap' V='0' F='No Formula'/><Cell N='NoQuickDrag' V='0' F='No Formula'/><Row T='MoveTo' IX='1'><Cell N='X' V='0.66539985' U='IN' F='Width*0.8871998'/><Cell N='Y' V='0.3140394' U='IN' F='Height*0.72183241521947'/></Row><Row T='LineTo' IX='2'><Cell N='X' V='0.66580395' U='IN' F='Width*0.8877386'/><Cell N='Y' V='0.3749999999999979' U='IN' F='Height*0.86195284957015'/></Row></Section></Shape><Shape ID='8' Type='Shape' LineStyle='2' FillStyle='2' TextStyle='45'><Cell N='PinX' V='0.375' U='IN' F='GUARD(Sheet.5!Controls.Row_1)'/><Cell N='PinY' V='0' U='IN' F='GUARD(Sheet.5!Controls.Row_1.Y+Height/2)'/><Cell N='Width' V='0.75' U='IN' F='GUARD(MAX(Sheet.5!Width,TEXTWIDTH(TheText)))'/><Cell N='Height' V='0.25' U='IN' F='TxtHeight'/><Cell N='LocPinX' V='0.375' U='IN' F='Width*0.5'/><Cell N='LocPinY' V='0.25' U='IN' F='Height*1'/><Cell N='Angle' V='0' U='DEG'/><Cell N='FlipX' V='0'/><Cell N='FlipY' V='0'/><Cell N='ResizeMode' V='0'/><Cell N='ShdwPattern' V='0' F='THEMEVAL("ShadowPattern",0)'/><Cell N='LayerMember' V='0'/><Cell N='LockWidth' V='1'/><Cell N='LockHeight' V='1'/><Cell N='LockDelete' V='1' F='NOT(ISERROR(Sheet.5!Width))'/><Cell N='Copyright' V='Copyright (c) 2012 Microsoft Corporation.  All rights reserved.'/><Cell N='SelectMode' V='0'/><Cell N='TxtPinX' V='0.375' U='IN' F='Width*0.5'/><Cell N='TxtPinY' V='0.25' U='IN' F='Height*1'/><Cell N='TxtWidth' V='0.75' U='IN' F='Width*1'/><Cell N='TxtHeight' V='0.25' U='IN' F='GUARD(MAX(0.25IN*User.ScaleFactor,TEXTHEIGHT(TheText,Width)))'/><Cell N='TxtLocPinX' V='0.375' U='IN' F='TxtWidth*0.5'/><Cell N='TxtLocPinY' V='0.25' U='IN' F='TxtHeight*1'/><Cell N='TxtAngle' V='0'/><Cell N='QuickStyleVariation' V='6'/><Section N='User'><Row N='ScaleFactor'><Cell N='Value' V='1' F='ThePage!DrawingScale/ThePage!PageScale'/><Cell N='Prompt' V='' F='No Formula'/></Row></Section><Section N='Character'><Row IX='0'><Cell N='Size' V='0.1111111111111111' U='PT'/></Row></Section><Section N='Geometry' IX='0'><Cell N='NoFill' V='1'/><Cell N='NoLine' V='0'/><Cell N='NoShow' V='1'/><Cell N='NoSnap' V='0' F='No Formula'/><Cell N='NoQuickDrag' V='0' F='No Formula'/><Row T='MoveTo' IX='1'><Cell N='X' V='0' U='IN' F='Width*0'/><Cell N='Y' V='0' U='IN' F='Height*0'/></Row><Row T='LineTo' IX='2'><Cell N='X' V='0.75' U='IN' F='Width*1'/><Cell N='Y' V='0' U='IN' F='Height*0'/></Row><Row T='LineTo' IX='3'><Cell N='X' V='0.75' U='IN' F='Width*1'/><Cell N='Y' V='0.25' U='IN' F='Height*1'/></Row><Row T='LineTo' IX='4'><Cell N='X' V='0' U='IN' F='Width*0'/><Cell N='Y' V='0.25' U='IN' F='Height*1'/></Row><Row T='LineTo' IX='5'><Cell N='X' V='0' U='IN' F='Geometry1.X1'/><Cell N='Y' V='0' U='IN' F='Geometry1.Y1'/></Row></Section><Text><cp IX='0'/>Management
</Text></Shape></Shapes></Shape></Shapes></MasterContents>