<?xml version='1.0' encoding='utf-8' ?>
<MasterContents xmlns='http://schemas.microsoft.com/office/visio/2012/main' xmlns:r='http://schemas.openxmlformats.org/officeDocument/2006/relationships' xml:space='preserve'><Shapes><Shape ID='5' Type='Shape' LineStyle='1' FillStyle='1' TextStyle='3'><Cell N='PinX' V='18.18749995258722'/><Cell N='PinY' V='0.2812499641017485'/><Cell N='Width' V='4.374999905174434'/><Cell N='Height' V='0.5624999282034975'/><Cell N='LocPinX' V='2.187499952587217' F='Width*0.5'/><Cell N='LocPinY' V='0.2812499641017487' F='Height*0.5'/><Cell N='Angle' V='0'/><Cell N='FlipX' V='0'/><Cell N='FlipY' V='0'/><Cell N='ResizeMode' V='0'/><Cell N='EventDblClick' V='0' F='OPENTEXTWIN()'/><Cell N='LinePattern' V='0' F='THEMEGUARD(0)'/><Cell N='FillPattern' V='0' F='THEMEGUARD(0)'/><Cell N='ShdwPattern' V='0' F='THEMEGUARD(0)'/><Cell N='LineGradientEnabled' V='0' F='THEMEGUARD(FALSE)'/><Cell N='FillGradientEnabled' V='0' F='THEMEGUARD(FALSE)'/><Cell N='QuickStyleVariation' V='3'/><Cell N='ColorSchemeIndex' V='47'/><Cell N='EffectSchemeIndex' V='47'/><Cell N='ConnectorSchemeIndex' V='47'/><Cell N='FontSchemeIndex' V='47'/><Cell N='ThemeIndex' V='47'/><Section N='Character'><Row IX='0'><Cell N='Color' V='#000000' F='THEMEGUARD(RGB(0,0,0))'/><Cell N='Style' V='17'/><Cell N='Size' V='0.3333333333333333' U='PT'/></Row></Section><Section N='Paragraph'><Row IX='0'><Cell N='HorzAlign' V='0'/></Row></Section><Section N='Geometry' IX='0'><Cell N='NoFill' V='0'/><Cell N='NoLine' V='0'/><Cell N='NoShow' V='0'/><Cell N='NoSnap' V='0'/><Cell N='NoQuickDrag' V='0'/><Row T='RelMoveTo' IX='1'><Cell N='X' V='0'/><Cell N='Y' V='0'/></Row><Row T='RelLineTo' IX='2'><Cell N='X' V='1'/><Cell N='Y' V='0'/></Row><Row T='RelLineTo' IX='3'><Cell N='X' V='1'/><Cell N='Y' V='1'/></Row><Row T='RelLineTo' IX='4'><Cell N='X' V='0'/><Cell N='Y' V='1'/></Row><Row T='RelLineTo' IX='5'><Cell N='X' V='0'/><Cell N='Y' V='0'/></Row></Section><Text><cp IX='0'/><pp IX='0'/>Label Large
</Text></Shape></Shapes></MasterContents>