<?xml version='1.0' encoding='utf-8' ?>
<MasterContents xmlns='http://schemas.microsoft.com/office/visio/2012/main' xmlns:r='http://schemas.openxmlformats.org/officeDocument/2006/relationships' xml:space='preserve'><Shapes><Shape ID='5' Type='Group' LineStyle='3' FillStyle='3' TextStyle='3'><Cell N='PinX' V='1' U='IN'/><Cell N='PinY' V='1' U='IN'/><Cell N='Width' V='0.25' U='IN'/><Cell N='Height' V='0.625' U='IN'/><Cell N='LocPinX' V='0.125' U='IN' F='Width*0.5'/><Cell N='LocPinY' V='0.3125' U='IN' F='Height*0.5'/><Cell N='Angle' V='0'/><Cell N='FlipX' V='0'/><Cell N='FlipY' V='0'/><Cell N='ResizeMode' V='0'/><Cell N='ObjType' V='8'/><Cell N='Comment' V='&lt;no master&gt;' F='INDEX(0,INDEX(0,MASTERNAME(),":"),".")'/><Cell N='EventDblClick' V='0' F='OPENTEXTWIN()'/><Cell N='TxtPinX' V='0.125' U='IN' F='Controls.Row_1'/><Cell N='TxtPinY' V='-0.1555555555555556' F='Controls.Row_1.Y'/><Cell N='TxtWidth' V='0.1111111111111111' F='TEXTWIDTH(TheText)'/><Cell N='TxtHeight' V='0.3111111111111111' F='TEXTHEIGHT(TheText,TxtWidth)'/><Cell N='TxtLocPinX' V='0.05555555555555555' F='TxtWidth*0.5'/><Cell N='TxtLocPinY' V='0.1555555555555556' F='TxtHeight*0.5'/><Cell N='TxtAngle' V='0' F='IF(BITXOR(FlipX,FlipY),1,-1)*Angle'/><Cell N='SelectMode' V='0'/><Cell N='HelpTopic' V='Vis_PRXY.chm!#55471'/><Cell N='Copyright' V='Copyright (c) 2012 Microsoft Corporation.  All rights reserved.'/><Cell N='LayerMember' V='' F='No Formula'/><Cell N='LockAspect' V='1'/><Cell N='QuickStyleVariation' V='6'/><Section N='User'><Row N='HasText'><Cell N='Value' V='0' U='BOOL' F='NOT(OR(HideText,STRSAME(SHAPETEXT(TheText),"")))'/><Cell N='Prompt' V='' F='No Formula'/></Row><Row N='ShapeClass'><Cell N='Value' V='6'/><Cell N='Prompt' V='' F='No Formula'/></Row><Row N='ShapeType'><Cell N='Value' V='7'/><Cell N='Prompt' V='' F='No Formula'/></Row><Row N='SubShapeType'><Cell N='Value' V='1'/><Cell N='Prompt' V='' F='No Formula'/></Row><Row N='SolSH'><Cell N='Value' V='{BF0433D9-CD73-4EB5-8390-8653BE590246}' U='GUID'/><Cell N='Prompt' V='' F='No Formula'/></Row><Row N='visLegendShape'><Cell N='Value' V='2'/><Cell N='Prompt' V='' F='No Formula'/></Row><Row N='visVersion'><Cell N='Value' V='15'/><Cell N='Prompt' V=''/></Row></Section><Section N='Control'><Row N='Row_1'><Cell N='X' V='0.125' U='IN' F='Width*0.5'/><Cell N='Y' V='-0.1555555555555556' F='-TxtHeight*0.5'/><Cell N='XDyn' V='0.125' U='IN' F='Controls.Row_1'/><Cell N='YDyn' V='-0.1555555555555556' F='Controls.Row_1.Y'/><Cell N='XCon' V='2' F='(Controls.Row_1&gt;Width/2)*2+2'/><Cell N='YCon' V='7' F='(Controls.Row_1.Y&gt;Height/2)*2+2+5*NOT(User.HasText)'/><Cell N='CanGlue' V='1'/><Cell N='Prompt' V='Reposition Text'/></Row></Section><Section N='Connection'><Row T='Connection' N='Row_1'><Cell N='X' V='0.125' U='IN' F='Width*0.5'/><Cell N='Y' V='0.3125' U='IN' F='Height*0.5'/><Cell N='DirX' V='0'/><Cell N='DirY' V='0'/><Cell N='Type' V='0'/><Cell N='AutoGen' V='0'/><Cell N='Prompt' V='' F='No Formula'/></Row></Section><Section N='Property'><Row N='ShapeClass'><Cell N='Value' V='Equipment' U='STR'/><Cell N='Prompt' V='' F='No Formula'/><Cell N='Label' V='ShapeClass'/><Cell N='Format' V='' F='No Formula'/><Cell N='SortKey' V='' F='No Formula'/><Cell N='Type' V='0'/><Cell N='Invisible' V='1'/><Cell N='Verify' V='0'/><Cell N='DataLinked' V='0' F='No Formula'/><Cell N='LangID' V='en-US'/><Cell N='Calendar' V='0' F='No Formula'/></Row><Row N='ShapeType'><Cell N='Value' V='Device' U='STR'/><Cell N='Prompt' V='' F='No Formula'/><Cell N='Label' V='ShapeType'/><Cell N='Format' V='' F='No Formula'/><Cell N='SortKey' V='' F='No Formula'/><Cell N='Type' V='0'/><Cell N='Invisible' V='1'/><Cell N='Verify' V='0'/><Cell N='DataLinked' V='0' F='No Formula'/><Cell N='LangID' V='en-US'/><Cell N='Calendar' V='0' F='No Formula'/></Row><Row N='SubShapeType'><Cell N='Value' V='AccessPoint' U='STR'/><Cell N='Prompt' V='' F='No Formula'/><Cell N='Label' V='SubShapeType'/><Cell N='Format' V='' F='No Formula'/><Cell N='SortKey' V='' F='No Formula'/><Cell N='Type' V='0'/><Cell N='Invisible' V='1'/><Cell N='Verify' V='0'/><Cell N='DataLinked' V='0' F='No Formula'/><Cell N='LangID' V='en-US'/><Cell N='Calendar' V='0' F='No Formula'/></Row><Row N='Manufacturer'><Cell N='Value' V='0' F='No Formula'/><Cell N='Prompt' V='' F='No Formula'/><Cell N='Label' V='Manufacturer'/><Cell N='Format' V='' F='No Formula'/><Cell N='SortKey' V='Equipment'/><Cell N='Type' V='0'/><Cell N='Invisible' V='0'/><Cell N='Verify' V='0'/><Cell N='DataLinked' V='0' F='No Formula'/><Cell N='LangID' V='en-US'/><Cell N='Calendar' V='0' F='No Formula'/></Row><Row N='ProductNumber'><Cell N='Value' V='0' F='No Formula'/><Cell N='Prompt' V='' F='No Formula'/><Cell N='Label' V='Product Number'/><Cell N='Format' V='' F='No Formula'/><Cell N='SortKey' V='Equipment'/><Cell N='Type' V='0'/><Cell N='Invisible' V='0'/><Cell N='Verify' V='0'/><Cell N='DataLinked' V='0' F='No Formula'/><Cell N='LangID' V='en-US'/><Cell N='Calendar' V='0' F='No Formula'/></Row><Row N='PartNumber'><Cell N='Value' V='0' F='No Formula'/><Cell N='Prompt' V='' F='No Formula'/><Cell N='Label' V='Part Number'/><Cell N='Format' V='' F='No Formula'/><Cell N='SortKey' V='Equipment'/><Cell N='Type' V='0'/><Cell N='Invisible' V='0'/><Cell N='Verify' V='0'/><Cell N='DataLinked' V='0' F='No Formula'/><Cell N='LangID' V='en-US'/><Cell N='Calendar' V='0' F='No Formula'/></Row><Row N='ProductDescription'><Cell N='Value' V='0' F='No Formula'/><Cell N='Prompt' V='' F='No Formula'/><Cell N='Label' V='Product Description'/><Cell N='Format' V='' F='No Formula'/><Cell N='SortKey' V='Equipment'/><Cell N='Type' V='0'/><Cell N='Invisible' V='0'/><Cell N='Verify' V='0'/><Cell N='DataLinked' V='0' F='No Formula'/><Cell N='LangID' V='en-US'/><Cell N='Calendar' V='0' F='No Formula'/></Row><Row N='AssetNumber'><Cell N='Value' V='0' F='No Formula'/><Cell N='Prompt' V='' F='No Formula'/><Cell N='Label' V='Asset Number'/><Cell N='Format' V='' F='No Formula'/><Cell N='SortKey' V='Asset'/><Cell N='Type' V='0'/><Cell N='Invisible' V='0'/><Cell N='Verify' V='0'/><Cell N='DataLinked' V='0' F='No Formula'/><Cell N='LangID' V='en-US'/><Cell N='Calendar' V='0' F='No Formula'/></Row><Row N='SerialNumber'><Cell N='Value' V='0' F='No Formula'/><Cell N='Prompt' V='' F='No Formula'/><Cell N='Label' V='Serial Number'/><Cell N='Format' V='' F='No Formula'/><Cell N='SortKey' V='Asset'/><Cell N='Type' V='0'/><Cell N='Invisible' V='0'/><Cell N='Verify' V='0'/><Cell N='DataLinked' V='0' F='No Formula'/><Cell N='LangID' V='en-US'/><Cell N='Calendar' V='0' F='No Formula'/></Row><Row N='Location'><Cell N='Value' V='0' F='No Formula'/><Cell N='Prompt' V='' F='No Formula'/><Cell N='Label' V='Location'/><Cell N='Format' V='' F='No Formula'/><Cell N='SortKey' V='Asset'/><Cell N='Type' V='0'/><Cell N='Invisible' V='0'/><Cell N='Verify' V='0'/><Cell N='DataLinked' V='0' F='No Formula'/><Cell N='LangID' V='en-US'/><Cell N='Calendar' V='0' F='No Formula'/></Row><Row N='Building'><Cell N='Value' V='0' F='No Formula'/><Cell N='Prompt' V='' F='No Formula'/><Cell N='Label' V='Building'/><Cell N='Format' V='' F='No Formula'/><Cell N='SortKey' V='Asset'/><Cell N='Type' V='0'/><Cell N='Invisible' V='0'/><Cell N='Verify' V='0'/><Cell N='DataLinked' V='0' F='No Formula'/><Cell N='LangID' V='en-US'/><Cell N='Calendar' V='0' F='No Formula'/></Row><Row N='Room'><Cell N='Value' V='0' F='No Formula'/><Cell N='Prompt' V='' F='No Formula'/><Cell N='Label' V='Room'/><Cell N='Format' V='' F='No Formula'/><Cell N='SortKey' V='Asset'/><Cell N='Type' V='0'/><Cell N='Invisible' V='0'/><Cell N='Verify' V='0'/><Cell N='DataLinked' V='0' F='No Formula'/><Cell N='LangID' V='en-US'/><Cell N='Calendar' V='0' F='No Formula'/></Row><Row N='NetworkName'><Cell N='Value' V='0' F='No Formula'/><Cell N='Prompt' V='' F='No Formula'/><Cell N='Label' V='Network Name'/><Cell N='Format' V='' F='No Formula'/><Cell N='SortKey' V='Network'/><Cell N='Type' V='0'/><Cell N='Invisible' V='0'/><Cell N='Verify' V='0'/><Cell N='DataLinked' V='0' F='No Formula'/><Cell N='LangID' V='en-US'/><Cell N='Calendar' V='0' F='No Formula'/></Row><Row N='IPAddress'><Cell N='Value' V='0' F='No Formula'/><Cell N='Prompt' V='' F='No Formula'/><Cell N='Label' V='IP Address'/><Cell N='Format' V='' F='No Formula'/><Cell N='SortKey' V='Network'/><Cell N='Type' V='0'/><Cell N='Invisible' V='0'/><Cell N='Verify' V='0'/><Cell N='DataLinked' V='0' F='No Formula'/><Cell N='LangID' V='en-US'/><Cell N='Calendar' V='0' F='No Formula'/></Row><Row N='SubnetMask'><Cell N='Value' V='0' F='No Formula'/><Cell N='Prompt' V='' F='No Formula'/><Cell N='Label' V='Subnet Mask'/><Cell N='Format' V='' F='No Formula'/><Cell N='SortKey' V='Network'/><Cell N='Type' V='0'/><Cell N='Invisible' V='0'/><Cell N='Verify' V='0'/><Cell N='DataLinked' V='0' F='No Formula'/><Cell N='LangID' V='en-US'/><Cell N='Calendar' V='0' F='No Formula'/></Row><Row N='AdminInterface'><Cell N='Value' V='0' F='No Formula'/><Cell N='Prompt' V='' F='No Formula'/><Cell N='Label' V='Administrative Interface'/><Cell N='Format' V='' F='No Formula'/><Cell N='SortKey' V='Network'/><Cell N='Type' V='0'/><Cell N='Invisible' V='0'/><Cell N='Verify' V='0'/><Cell N='DataLinked' V='0' F='No Formula'/><Cell N='LangID' V='en-US'/><Cell N='Calendar' V='0' F='No Formula'/></Row><Row N='NumberOfPorts'><Cell N='Value' V='0' F='No Formula'/><Cell N='Prompt' V='' F='No Formula'/><Cell N='Label' V='Number of Ports'/><Cell N='Format' V='' F='No Formula'/><Cell N='SortKey' V='Network'/><Cell N='Type' V='0'/><Cell N='Invisible' V='0'/><Cell N='Verify' V='0'/><Cell N='DataLinked' V='0' F='No Formula'/><Cell N='LangID' V='en-US'/><Cell N='Calendar' V='0' F='No Formula'/></Row><Row N='MACAddress'><Cell N='Value' V='0' F='No Formula'/><Cell N='Prompt' V='' F='No Formula'/><Cell N='Label' V='MAC Address'/><Cell N='Format' V='' F='No Formula'/><Cell N='SortKey' V='Network'/><Cell N='Type' V='0'/><Cell N='Invisible' V='0'/><Cell N='Verify' V='0'/><Cell N='DataLinked' V='0' F='No Formula'/><Cell N='LangID' V='en-US'/><Cell N='Calendar' V='0' F='No Formula'/></Row><Row N='CommunityString'><Cell N='Value' V='0' F='No Formula'/><Cell N='Prompt' V='' F='No Formula'/><Cell N='Label' V='Community String'/><Cell N='Format' V='' F='No Formula'/><Cell N='SortKey' V='Network'/><Cell N='Type' V='0'/><Cell N='Invisible' V='0'/><Cell N='Verify' V='0'/><Cell N='DataLinked' V='0' F='No Formula'/><Cell N='LangID' V='en-US'/><Cell N='Calendar' V='0' F='No Formula'/></Row><Row N='NetworkDescription'><Cell N='Value' V='0' F='No Formula'/><Cell N='Prompt' V='' F='No Formula'/><Cell N='Label' V='Network Description'/><Cell N='Format' V='' F='No Formula'/><Cell N='SortKey' V='Network'/><Cell N='Type' V='0'/><Cell N='Invisible' V='0'/><Cell N='Verify' V='0'/><Cell N='DataLinked' V='0' F='No Formula'/><Cell N='LangID' V='en-US'/><Cell N='Calendar' V='0' F='No Formula'/></Row><Row N='SSID'><Cell N='Value' V='0' F='No Formula'/><Cell N='Prompt' V='' F='No Formula'/><Cell N='Label' V='SSID'/><Cell N='Format' V='' F='No Formula'/><Cell N='SortKey' V='Network'/><Cell N='Type' V='0'/><Cell N='Invisible' V='0'/><Cell N='Verify' V='0'/><Cell N='DataLinked' V='0' F='No Formula'/><Cell N='LangID' V='en-US'/><Cell N='Calendar' V='0' F='No Formula'/></Row></Section><Section N='Actions'><Row N='Properties'><Cell N='Menu' V='%_P&amp;roperties'/><Cell N='Action' V='0' F='RUNADDON("NETWORK SHAPE PROPERTIES")'/><Cell N='Checked' V='0'/><Cell N='Disabled' V='0'/><Cell N='ReadOnly' V='0'/><Cell N='Invisible' V='0'/><Cell N='BeginGroup' V='0'/><Cell N='FlyoutChild' V='0' F='No Formula'/><Cell N='TagName' V=''/><Cell N='ButtonFace' V=''/><Cell N='SortKey' V=''/></Row></Section><Shapes><Shape ID='7' Type='Shape' LineStyle='3' FillStyle='3' TextStyle='3'><Cell N='PinX' V='0.10000000044952' U='IN' F='Width/2'/><Cell N='PinY' V='0.2860881885587687' U='IN' F='Height/2'/><Cell N='Width' V='0.20000000089904' U='IN' F='Sheet.5!Width*0.80000000359616'/><Cell N='Height' V='0.5721763771175374' U='IN' F='Sheet.5!Height*0.91548220338806'/><Cell N='LocPinX' V='0.10000000044952' U='IN' F='Width*0.5'/><Cell N='LocPinY' V='0.2860881885587687' U='IN' F='Height*0.5'/><Cell N='Angle' V='0'/><Cell N='FlipX' V='0'/><Cell N='FlipY' V='0'/><Cell N='ResizeMode' V='0'/><Cell N='LineWeight' V='0.01' U='PT' F='GUARD(0.72PT)'/><Cell N='LinePattern' V='1' F='GUARD(1)'/><Cell N='Rounding' V='0' F='GUARD(0)'/><Cell N='BeginArrow' V='0' F='GUARD(0)'/><Cell N='EndArrow' V='0' F='GUARD(0)'/><Cell N='LineColorTrans' V='1' F='GUARD(100%)'/><Cell N='FillForegnd' V='6' F='GUARD(6)'/><Cell N='FillBkgnd' V='6' F='GUARD(6)'/><Cell N='FillPattern' V='1' F='GUARD(1)'/><Cell N='FillForegndTrans' V='1' F='GUARD(100%)'/><Cell N='FillBkgndTrans' V='1' F='GUARD(100%)'/><Cell N='Copyright' V='Copyright (c) 2012 Microsoft Corporation.  All rights reserved.'/><Cell N='FillGradientEnabled' V='0' F='GUARD(FALSE)'/><Section N='Geometry' IX='0'><Cell N='NoFill' V='0'/><Cell N='NoLine' V='0'/><Cell N='NoShow' V='0'/><Cell N='NoSnap' V='0'/><Cell N='NoQuickDrag' V='0' F='No Formula'/><Row T='Ellipse' IX='1'><Cell N='X' V='0.100000000448558' U='IN' F='Width*0.49999999999519'/><Cell N='Y' V='0.5513430438464422' U='IN' F='Height*0.96358931597972'/><Cell N='A' V='0.125000000448558' U='IN' F='Width*0.62499999943329'/><Cell N='B' V='0.5513430438464422' U='IN' F='Height*0.96358931597972'/><Cell N='C' V='0.100000000448558' U='IN' F='Width*0.49999999999519'/><Cell N='D' V='0.5721763771175374' U='IN' F='Height*1'/></Row></Section><Section N='Geometry' IX='1'><Cell N='NoFill' V='0'/><Cell N='NoLine' V='0'/><Cell N='NoShow' V='0'/><Cell N='NoSnap' V='0'/><Cell N='NoQuickDrag' V='0' F='No Formula'/><Row T='MoveTo' IX='1'><Cell N='X' V='0.1497896611078205' U='IN' F='Width*0.74894830217243'/><Cell N='Y' V='0.3355286127065534' U='IN' F='Height*0.58640766400887'/></Row><Row T='EllipticalArcTo' IX='2'><Cell N='X' V='0.05021198986994294' U='IN' F='Width*0.25105994822115'/><Cell N='Y' V='0.335537188479239' U='IN' F='Height*0.58642265199689'/><Cell N='A' V='0.1000089870337404' U='IN' F='Width*0.5000449329209'/><Cell N='B' V='0.3572916670794393' U='IN' F='Height*0.62444323353469'/><Cell N='C' V='0' U='DA'/><Cell N='D' V='2.086956527973603' F='Width/Height*5.9705361000499'/></Row><Row T='LineTo' IX='3'><Cell N='X' V='0.0008503206317160814' U='IN' F='Width*0.0042516031394686'/><Cell N='Y' V='0.05415211618358642' U='IN' F='Height*0.09464234866946'/></Row><Row T='EllipticalArcTo' IX='4'><Cell N='X' V='0.1991423993020729' U='IN' F='Width*0.99571199203444'/><Cell N='Y' V='0.05417864067318214' U='IN' F='Height*0.094688705860453'/><Cell N='A' V='0.1000279165696055' U='IN' F='Width*0.5001395805998'/><Cell N='B' V='1.867096255381313E-9' U='IN' F='Height*3.263148095675E-9'/><Cell N='C' V='0' U='DA'/><Cell N='D' V='2.086956527973603' F='Width/Height*5.9705361000499'/></Row><Row T='LineTo' IX='5'><Cell N='X' V='0.1501695274410881' U='IN' F='Width*0.75084763383023'/><Cell N='Y' V='0.3333630716210684' U='IN' F='Height*0.58262292005213'/></Row><Row T='LineTo' IX='6'><Cell N='X' V='0.1497896611078205' U='IN' F='Width*0.74894830217243'/><Cell N='Y' V='0.3355286127065534' U='IN' F='Height*0.58640766400887'/></Row></Section><Section N='Geometry' IX='2'><Cell N='NoFill' V='0'/><Cell N='NoLine' V='0'/><Cell N='NoShow' V='0'/><Cell N='NoSnap' V='0'/><Cell N='NoQuickDrag' V='0' F='No Formula'/><Row T='MoveTo' IX='1'><Cell N='X' V='0.09895500046276852' U='IN' F='Width*0.49477500008973'/><Cell N='Y' V='0.3093802341340597' U='IN' F='Height*0.54070780707975'/></Row><Row T='EllipticalArcTo' IX='2'><Cell N='X' V='0.1010629696110623' U='IN' F='Width*0.50531484578382'/><Cell N='Y' V='0.3093804156753994' U='IN' F='Height*0.54070812436188'/><Cell N='A' V='0.1000089870337484' U='IN' F='Width*0.50004493292094'/><Cell N='B' V='0.3093750013298541' U='IN' F='Height*0.54069866164066'/><Cell N='C' V='0' U='DA'/><Cell N='D' V='2.086956527973603' F='Width/Height*5.9705361000499'/></Row><Row T='EllipticalArcTo' IX='3'><Cell N='X' V='0.09895500046276852' U='IN' F='Width*0.49477500008973'/><Cell N='Y' V='0.3093802341340597' U='IN' F='Height*0.54070780707975'/><Cell N='A' V='0.1000089860773144' U='IN' F='Width*0.50004492813877'/><Cell N='B' V='0.3093719355893314' U='IN' F='Height*0.54069330360659'/><Cell N='C' V='0' U='DA'/><Cell N='D' V='1.200000003584824' F='Width/Height*3.4330582575287'/></Row></Section></Shape><Shape ID='12' Type='Shape' LineStyle='28' FillStyle='28' TextStyle='28'><Cell N='PinX' V='0.125' U='IN' F='Sheet.5!Width*0.5'/><Cell N='PinY' V='0.3333333342046438' U='IN' F='Sheet.5!Height*0.53333333472743'/><Cell N='Width' V='0.1' U='IN' F='Sheet.5!Width*0.4'/><Cell N='Height' V='0.0479166665235225' U='IN' F='Sheet.5!Height*0.076666666437636'/><Cell N='LocPinX' V='0.05' U='IN' F='Width*0.5'/><Cell N='LocPinY' V='0.02395833326176125' U='IN' F='Height*0.5'/><Cell N='Angle' V='0'/><Cell N='FlipX' V='0'/><Cell N='FlipY' V='0'/><Cell N='ResizeMode' V='0'/><Cell N='Copyright' V='Copyright (c) 2012 Microsoft Corporation.  All rights reserved.'/><Cell N='LayerMember' V='' F='No Formula'/><Cell N='FillPattern' V='30' F='GUARD(30)'/><Cell N='ShdwPattern' V='0' F='GUARD(0)'/><Cell N='LineWeight' V='0.01' U='PT' F='GUARD(0.72PT)'/><Cell N='LineColor' V='#ffffff' F='GUARD(RGB(255,255,255))'/><Cell N='LinePattern' V='1' F='GUARD(1)'/><Cell N='Rounding' V='0' F='GUARD(0)'/><Cell N='BeginArrow' V='0' F='GUARD(0)'/><Cell N='EndArrow' V='0' F='GUARD(0)'/><Cell N='FillGradientDir' V='0' F='GUARD(0)'/><Cell N='FillGradientAngle' V='4.7123889803847' U='DEG' F='GUARD(270DEG)'/><Cell N='FillGradientEnabled' V='1' F='GUARD(TRUE)'/><Cell N='UseGroupGradient' V='0' F='GUARD(FALSE)'/><Section N='Geometry' IX='0'><Cell N='NoFill' V='0'/><Cell N='NoLine' V='0'/><Cell N='NoShow' V='0'/><Cell N='NoSnap' V='0'/><Cell N='NoQuickDrag' V='0' F='No Formula'/><Row T='Ellipse' IX='1'><Cell N='X' V='0.05' U='IN' F='Width*0.5'/><Cell N='Y' V='0.02395833326176125' U='IN' F='Height*0.5'/><Cell N='A' V='0.1' U='IN' F='Width*1'/><Cell N='B' V='0.02395833326176125' U='IN' F='Height*0.5'/><Cell N='C' V='0.05' U='IN' F='Width*0.5'/><Cell N='D' V='0.0479166665235225' U='IN' F='Height*1'/></Row></Section></Shape><Shape ID='10' Type='Shape' LineStyle='30' FillStyle='30' TextStyle='30'><Cell N='PinX' V='0.1250000000009625' U='IN' F='Sheet.5!Width*0.50000000000385'/><Cell N='PinY' V='0.1677685942396187' U='IN' F='Sheet.5!Height*0.26842975078339'/><Cell N='Width' V='0.20000000089904' U='IN' F='Sheet.5!Width*0.80000000359616'/><Cell N='Height' V='0.3355371884792375' U='IN' F='Sheet.5!Height*0.53685950156678'/><Cell N='LocPinX' V='0.10000000044952' U='IN' F='Width*0.5'/><Cell N='LocPinY' V='0.1677685942396187' U='IN' F='Height*0.5'/><Cell N='Angle' V='0'/><Cell N='FlipX' V='0'/><Cell N='FlipY' V='0'/><Cell N='ResizeMode' V='0'/><Cell N='FillPattern' V='26' F='GUARD(26)'/><Cell N='ShdwPattern' V='0' F='GUARD(0)'/><Cell N='Copyright' V='Copyright (c) 2012 Microsoft Corporation.  All rights reserved.'/><Cell N='LayerMember' V='' F='No Formula'/><Cell N='LineWeight' V='0.01' U='PT' F='GUARD(0.72PT)'/><Cell N='LineColor' V='#000000' F='GUARD(RGB(0,0,0))'/><Cell N='LinePattern' V='1' F='GUARD(1)'/><Cell N='Rounding' V='0' F='GUARD(0)'/><Cell N='BeginArrow' V='0' F='GUARD(0)'/><Cell N='EndArrow' V='0' F='GUARD(0)'/><Cell N='FillGradientDir' V='0' F='GUARD(0)'/><Cell N='FillGradientAngle' V='3.1415926535898' U='DEG' F='GUARD(180DEG)'/><Cell N='FillGradientEnabled' V='1' F='GUARD(TRUE)'/><Cell N='UseGroupGradient' V='0' F='GUARD(FALSE)'/><Section N='FillGradient'><Row IX='0'><Cell N='GradientStopColor' V='#c0c0c0' F='THEMEVAL("FillStop1Color",RGB(192,192,192))'/><Cell N='GradientStopPosition' V='0.01' F='THEMEVAL("FillStop1Position",1%)'/></Row><Row IX='1'><Cell N='GradientStopColor' V='#ffffff' F='THEMEVAL("FillStop2Color",RGB(255,255,255))'/><Cell N='GradientStopPosition' V='0.5' F='THEMEVAL("FillStop2Position",50%)'/></Row><Row IX='2'><Cell N='GradientStopColor' V='#c0c0c0' F='THEMEVAL("FillStop3Color",RGB(192,192,192))'/><Cell N='GradientStopColorTrans' V='0' F='THEMEVAL("FillStop3Transparency",0%)'/><Cell N='GradientStopPosition' V='1' F='THEMEVAL("FillStop3Position",100%)'/></Row></Section><Section N='Geometry' IX='0'><Cell N='NoFill' V='0'/><Cell N='NoLine' V='0'/><Cell N='NoShow' V='0'/><Cell N='NoSnap' V='0'/><Cell N='NoQuickDrag' V='0' F='No Formula'/><Row T='MoveTo' IX='1'><Cell N='X' V='0.1991423993020749' U='IN' F='Width*0.99571199203445'/><Cell N='Y' V='0.05417864067318151' U='IN' F='Height*0.16146836336901'/></Row><Row T='LineTo' IX='2'><Cell N='X' V='0.1497896611078205' U='IN' F='Width*0.74894830217243'/><Cell N='Y' V='0.3355286127065507' U='IN' F='Height*0.99997444166256'/></Row><Row T='EllipticalArcTo' IX='3'><Cell N='X' V='0.05021198986994093' U='IN' F='Width*0.25105994822114'/><Cell N='Y' V='0.3355371884792375' U='IN' F='Height*1'/><Cell N='A' V='0.09895500046272251' U='IN' F='Width*0.4947750000895'/><Cell N='B' V='0.3093802341340532' U='IN' F='Height*0.92204454455932'/><Cell N='C' V='0' U='DA'/><Cell N='D' V='1.200000003584828' F='Width/Height*2.0132231278398'/></Row><Row T='LineTo' IX='4'><Cell N='X' V='0.0008503206317160213' U='IN' F='Width*0.0042516031394683'/><Cell N='Y' V='0.05415211618358701' U='IN' F='Height*0.16138931254989'/></Row><Row T='EllipticalArcTo' IX='5'><Cell N='X' V='0.1991423993020749' U='IN' F='Geometry1.X1'/><Cell N='Y' V='0.05417864067318151' U='IN' F='Geometry1.Y1'/><Cell N='A' V='0.1000279165685195' U='IN' F='Width*0.50013958059437'/><Cell N='B' V='1.867096160060552E-9' U='IN' F='Height*5.5644984346529E-9'/><Cell N='C' V='0' U='DA'/><Cell N='D' V='2.086956527973653' F='Width/Height*3.5012576136345'/></Row></Section></Shape><Shape ID='6' Type='Shape' LineStyle='30' FillStyle='30' TextStyle='30'><Cell N='PinX' V='0.125' U='IN' F='Sheet.5!Width*0.5'/><Cell N='PinY' V='0.5513430438464375' U='IN' F='Sheet.5!Height*0.8821488701543'/><Cell N='Width' V='0.05' U='IN' F='Sheet.5!Width*0.2'/><Cell N='Height' V='0.04166666654219375' U='IN' F='Sheet.5!Height*0.06666666646751'/><Cell N='LocPinX' V='0.025' U='IN' F='Width*0.5'/><Cell N='LocPinY' V='0.02083333327109688' U='IN' F='Height*0.5'/><Cell N='Angle' V='0'/><Cell N='FlipX' V='0'/><Cell N='FlipY' V='0'/><Cell N='ResizeMode' V='0'/><Cell N='Copyright' V='Copyright (c) 2012 Microsoft Corporation.  All rights reserved.'/><Cell N='LayerMember' V='' F='No Formula'/><Cell N='FillPattern' V='32' F='GUARD(32)'/><Cell N='ShdwPattern' V='0' F='GUARD(0)'/><Cell N='LineWeight' V='0.01' U='PT' F='GUARD(0.72PT)'/><Cell N='LinePattern' V='1' F='GUARD(1)'/><Cell N='Rounding' V='0' F='GUARD(0)'/><Cell N='BeginArrow' V='0' F='GUARD(0)'/><Cell N='EndArrow' V='0' F='GUARD(0)'/><Cell N='FillGradientDir' V='11' F='GUARD(11)'/><Cell N='FillGradientEnabled' V='1' F='GUARD(TRUE)'/><Cell N='UseGroupGradient' V='0' F='GUARD(FALSE)'/><Section N='Geometry' IX='0'><Cell N='NoFill' V='0'/><Cell N='NoLine' V='0'/><Cell N='NoShow' V='0'/><Cell N='NoSnap' V='0'/><Cell N='NoQuickDrag' V='0' F='No Formula'/><Row T='Ellipse' IX='1'><Cell N='X' V='0.025' U='IN' F='Width*0.5'/><Cell N='Y' V='0.02083333327109688' U='IN' F='Height*0.5'/><Cell N='A' V='0.05' U='IN' F='Width*1'/><Cell N='B' V='0.02083333327109688' U='IN' F='Height*0.5'/><Cell N='C' V='0.025' U='IN' F='Width*0.5'/><Cell N='D' V='0.04166666654219375' U='IN' F='Height*1'/></Row></Section></Shape><Shape ID='13' Type='Shape' LineStyle='30' FillStyle='30' TextStyle='30'><Cell N='PinX' V='0.125' U='IN' F='(BeginX+EndX)/2'/><Cell N='PinY' V='0.4319215223899938' U='IN' F='(BeginY+EndY)/2'/><Cell N='Width' V='0.1971763763707' U='IN' F='SQRT((EndX-BeginX)^2+(EndY-BeginY)^2)'/><Cell N='Height' V='0'/><Cell N='LocPinX' V='0.09858818818535001' U='IN' F='Width*0.5'/><Cell N='LocPinY' V='0' F='Height*0.5'/><Cell N='Angle' V='1.570796326794897' F='ATAN2(EndY-BeginY,EndX-BeginX)'/><Cell N='FlipX' V='0'/><Cell N='FlipY' V='0'/><Cell N='ResizeMode' V='0'/><Cell N='BeginX' V='0.125' U='IN' F='Sheet.5!Width*0.5'/><Cell N='BeginY' V='0.3333333342046438' U='IN' F='Sheet.5!Height*0.53333333472743'/><Cell N='EndX' V='0.125' U='IN' F='Sheet.5!Width*0.5'/><Cell N='EndY' V='0.5305097105753438' U='IN' F='Sheet.5!Height*0.84881553692055'/><Cell N='Copyright' V='Copyright (c) 2012 Microsoft Corporation.  All rights reserved.'/><Cell N='LayerMember' V='' F='No Formula'/><Cell N='FillPattern' V='32' F='GUARD(32)'/><Cell N='ShdwPattern' V='0' F='GUARD(0)'/><Cell N='LineWeight' V='0.01' U='PT' F='GUARD(0.72PT)'/><Cell N='LinePattern' V='1' F='GUARD(1)'/><Cell N='Rounding' V='0' F='GUARD(0)'/><Cell N='BeginArrow' V='0' F='GUARD(0)'/><Cell N='EndArrow' V='0' F='GUARD(0)'/><Cell N='FillGradientDir' V='11' F='GUARD(11)'/><Cell N='FillGradientEnabled' V='1' F='GUARD(TRUE)'/><Cell N='UseGroupGradient' V='0' F='GUARD(FALSE)'/><Cell N='TextBkgnd' V='#ffffff' F='THEMEGUARD(THEMEVAL("BackgroundColor")+1)'/><Cell N='QuickStyleLineMatrix' V='1'/><Cell N='QuickStyleFillMatrix' V='1'/><Cell N='QuickStyleEffectsMatrix' V='1'/><Cell N='QuickStyleFontMatrix' V='1'/><Section N='Geometry' IX='0'><Cell N='NoFill' V='1'/><Cell N='NoLine' V='0'/><Cell N='NoShow' V='0'/><Cell N='NoSnap' V='0'/><Cell N='NoQuickDrag' V='0' F='No Formula'/><Row T='MoveTo' IX='1'><Cell N='X' V='0' U='IN' F='Width*0'/><Cell N='Y' V='0' F='Height*0'/></Row><Row T='LineTo' IX='2'><Cell N='X' V='0.1971763763707' U='IN' F='Width*1'/><Cell N='Y' V='0' F='Height*0'/></Row></Section></Shape><Shape ID='11' Type='Shape' LineStyle='30' FillStyle='30' TextStyle='30'><Cell N='PinX' V='0.125' U='IN' F='Sheet.5!Width*0.5'/><Cell N='PinY' V='0.5513430438464375' U='IN' F='Sheet.5!Height*0.8821488701543'/><Cell N='Width' V='0.25' U='IN' F='Sheet.5!Width*1'/><Cell N='Height' V='0.1473139123071187' U='IN' F='Sheet.5!Height*0.23570225969139'/><Cell N='LocPinX' V='0.125' U='IN' F='Width*0.5'/><Cell N='LocPinY' V='0.07365695615355937' U='IN' F='Height*0.5'/><Cell N='Angle' V='0'/><Cell N='FlipX' V='0'/><Cell N='FlipY' V='0'/><Cell N='ResizeMode' V='0'/><Cell N='FillPattern' V='32' F='GUARD(32)'/><Cell N='ShdwPattern' V='0' F='GUARD(0)'/><Cell N='Copyright' V='Copyright (c) 2012 Microsoft Corporation.  All rights reserved.'/><Cell N='LayerMember' V='' F='No Formula'/><Cell N='LineWeight' V='0.01' U='PT' F='GUARD(0.72PT)'/><Cell N='LinePattern' V='1' F='GUARD(1)'/><Cell N='Rounding' V='0' F='GUARD(0)'/><Cell N='BeginArrow' V='0' F='GUARD(0)'/><Cell N='EndArrow' V='0' F='GUARD(0)'/><Cell N='FillGradientDir' V='11' F='GUARD(11)'/><Cell N='FillGradientEnabled' V='1' F='GUARD(TRUE)'/><Cell N='UseGroupGradient' V='0' F='GUARD(FALSE)'/><Section N='Geometry' IX='0'><Cell N='NoFill' V='1'/><Cell N='NoLine' V='0'/><Cell N='NoShow' V='0'/><Cell N='NoSnap' V='0'/><Cell N='NoQuickDrag' V='0' F='No Formula'/><Row T='MoveTo' IX='1'><Cell N='X' V='0.07196699141101' U='IN' F='Width*0.28786796564404'/><Cell N='Y' V='0.1178511298456935' U='IN' F='Height*0.79999999999999'/></Row><Row T='EllipticalArcTo' IX='2'><Cell N='X' V='0.07196699141101' U='IN' F='Width*0.28786796564404'/><Cell N='Y' V='0.02946278246142375' U='IN' F='Height*0.2'/><Cell N='A' V='0.05' U='IN' F='Width*0.2'/><Cell N='B' V='0.07365695615355937' U='IN' F='Height*0.5'/><Cell N='C' V='0' U='DA'/><Cell N='D' V='1.200000003584845' F='Width/Height*0.70710678118656'/></Row><Row T='MoveTo' IX='3'><Cell N='X' V='0.17804' U='IN' F='Width*0.71216'/><Cell N='Y' V='0.02946278246142375' U='IN' F='Height*0.2'/></Row><Row T='EllipticalArcTo' IX='4'><Cell N='X' V='0.17804' U='IN' F='Width*0.71216'/><Cell N='Y' V='0.1178511298456935' U='IN' F='Height*0.79999999999999'/><Cell N='A' V='0.2' U='IN' F='Width*0.8'/><Cell N='B' V='0.0736569561535579' U='IN' F='Height*0.49999999999999'/><Cell N='C' V='0' U='DA'/><Cell N='D' V='1.199988495529608' F='Width/Height*0.7071'/></Row></Section><Section N='Geometry' IX='1'><Cell N='NoFill' V='1'/><Cell N='NoLine' V='0'/><Cell N='NoShow' V='0'/><Cell N='NoSnap' V='0'/><Cell N='NoQuickDrag' V='0' F='No Formula'/><Row T='MoveTo' IX='1'><Cell N='X' V='0.0366116523516825' U='IN' F='Width*0.14644660940673'/><Cell N='Y' V='0.1473139123071173' U='IN' F='Height*0.99999999999999'/></Row><Row T='EllipticalArcTo' IX='2'><Cell N='X' V='0.0366116523516825' U='IN' F='Width*0.14644660940673'/><Cell N='Y' V='0' U='IN' F='Height*0'/><Cell N='A' V='0' U='IN' F='Width*0'/><Cell N='B' V='0.07365695615355937' U='IN' F='Height*0.5'/><Cell N='C' V='0' U='DA'/><Cell N='D' V='1.200000003584845' F='Width/Height*0.70710678118656'/></Row><Row T='MoveTo' IX='3'><Cell N='X' V='0.2134' U='IN' F='Width*0.8536'/><Cell N='Y' V='0' U='IN' F='Height*0'/></Row><Row T='EllipticalArcTo' IX='4'><Cell N='X' V='0.2134' U='IN' F='Width*0.8536'/><Cell N='Y' V='0.1473139123071173' U='IN' F='Height*0.99999999999999'/><Cell N='A' V='0.25' U='IN' F='Width*1'/><Cell N='B' V='0.0736569561535579' U='IN' F='Height*0.49999999999999'/><Cell N='C' V='0' U='DA'/><Cell N='D' V='1.199988495529608' F='Width/Height*0.7071'/></Row></Section></Shape><Shape ID='8' Type='Shape' LineStyle='21' FillStyle='21' TextStyle='21'><Cell N='PinX' V='0.12500000044952' U='IN' F='Sheet.5!Width*0.50000000179808'/><Cell N='PinY' V='0.2860881904258625' U='IN' F='Sheet.5!Height*0.45774110468138'/><Cell N='Width' V='0.20000000089904' U='IN' F='Sheet.5!Width*0.80000000359616'/><Cell N='Height' V='0.5721763771175374' U='IN' F='Sheet.5!Height*0.91548220338806'/><Cell N='LocPinX' V='0.10000000044952' U='IN' F='Width*0.5'/><Cell N='LocPinY' V='0.2860881885587687' U='IN' F='Height*0.5'/><Cell N='Angle' V='0'/><Cell N='FlipX' V='0'/><Cell N='FlipY' V='0'/><Cell N='ResizeMode' V='0'/><Cell N='LineWeight' V='0.02083333333333333' U='PT' F='GUARD(1.5PT)'/><Cell N='LinePattern' V='1' F='GUARD(1)'/><Cell N='Rounding' V='0' F='GUARD(0)'/><Cell N='BeginArrow' V='0' F='GUARD(0)'/><Cell N='EndArrow' V='0' F='GUARD(0)'/><Cell N='Copyright' V='Copyright (c) 2012 Microsoft Corporation.  All rights reserved.'/><Cell N='LayerMember' V='' F='No Formula'/><Cell N='FillPattern' V='1' F='GUARD(1)'/><Cell N='ShdwPattern' V='0' F='GUARD(0)'/><Cell N='FillGradientEnabled' V='0' F='GUARD(FALSE)'/><Section N='Geometry' IX='0'><Cell N='NoFill' V='1' F='GUARD(TRUE)'/><Cell N='NoLine' V='0'/><Cell N='NoShow' V='0'/><Cell N='NoSnap' V='0'/><Cell N='NoQuickDrag' V='0' F='No Formula'/><Row T='MoveTo' IX='1'><Cell N='X' V='0.100000000448558' U='IN' F='Width*0.49999999999519'/><Cell N='Y' V='0.3572916585791355' U='IN' F='Height*0.6244432186786'/></Row><Row T='EllipticalArcTo' IX='2'><Cell N='X' V='0.05021198986994093' U='IN' F='Width*0.25105994822114'/><Cell N='Y' V='0.3355371866121474' U='IN' F='Height*0.58642264873375'/><Cell N='A' V='0.06633127600800835' U='IN' F='Width*0.33165637854918'/><Cell N='B' V='0.3510252901403918' U='IN' F='Height*0.61349140610935'/><Cell N='C' V='0' U='DA'/><Cell N='D' V='2.086956527973603' F='Width/Height*5.9705361000499'/></Row><Row T='LineTo' IX='3'><Cell N='X' V='0.0008503206317161613' U='IN' F='Width*0.004251603139469'/><Cell N='Y' V='0.05415211431649021' U='IN' F='Height*0.094642345406312'/></Row><Row T='EllipticalArcTo' IX='4'><Cell N='X' V='0.1991423993020749' U='IN' F='Width*0.99571199203445'/><Cell N='Y' V='0.05417863880608593' U='IN' F='Height*0.094688702597305'/><Cell N='A' V='0.1000279165696055' U='IN' F='Width*0.5001395805998'/><Cell N='B' V='0' U='IN' F='Height*0'/><Cell N='C' V='0' U='DA'/><Cell N='D' V='2.086956527973603' F='Width/Height*5.9705361000499'/></Row><Row T='LineTo' IX='5'><Cell N='X' V='0.1501710879832431' U='IN' F='Width*0.75085543654097'/><Cell N='Y' V='0.3333541734189838' U='IN' F='Height*0.58260736855011'/></Row><Row T='EllipticalArcTo' IX='6'><Cell N='X' V='0.100000000448558' U='IN' F='Width*0.49999999999519'/><Cell N='Y' V='0.3572916585791355' U='IN' F='Height*0.6244432186786'/><Cell N='A' V='0.1354243654989176' U='IN' F='Width*0.67712182445079'/><Cell N='B' V='0.3502982153461237' U='IN' F='Height*0.61222068815708'/><Cell N='C' V='0' U='DA'/><Cell N='D' V='2.086956527973603' F='Width/Height*5.9705361000499'/></Row></Section><Section N='Geometry' IX='1'><Cell N='NoFill' V='1' F='GUARD(TRUE)'/><Cell N='NoLine' V='0'/><Cell N='NoShow' V='0'/><Cell N='NoSnap' V='0'/><Cell N='NoQuickDrag' V='0' F='No Formula'/><Row T='MoveTo' IX='1'><Cell N='X' V='0.100000000448558' U='IN' F='Width*0.49999999999519'/><Cell N='Y' V='0.3572916585791355' U='IN' F='Height*0.6244432186786'/></Row><Row T='LineTo' IX='2'><Cell N='X' V='0.100000000448558' U='IN' F='Width*0.49999999999519'/><Cell N='Y' V='0.5305097087082497' U='IN' F='Height*0.92717862869629'/></Row></Section><Section N='Geometry' IX='2'><Cell N='NoFill' V='1' F='GUARD(TRUE)'/><Cell N='NoLine' V='0'/><Cell N='NoShow' V='0'/><Cell N='NoSnap' V='0'/><Cell N='NoQuickDrag' V='0' F='No Formula'/><Row T='Ellipse' IX='1'><Cell N='X' V='0.100000000448558' U='IN' F='Width*0.49999999999519'/><Cell N='Y' V='0.5513430419793449' U='IN' F='Height*0.96358931271657'/><Cell N='A' V='0.125000000448558' U='IN' F='Width*0.62499999943329'/><Cell N='B' V='0.5513430419793449' U='IN' F='Height*0.96358931271657'/><Cell N='C' V='0.100000000448558' U='IN' F='Width*0.49999999999519'/><Cell N='D' V='0.5721763752504401' U='IN' F='Height*0.99999999673685'/></Row></Section></Shape></Shapes></Shape></Shapes></MasterContents>