<?xml version='1.0' encoding='utf-8' ?>
<MasterContents xmlns='http://schemas.microsoft.com/office/visio/2012/main' xmlns:r='http://schemas.openxmlformats.org/officeDocument/2006/relationships' xml:space='preserve'><Shapes><Shape ID='5' NameU='PA-5260 Front' IsCustomNameU='1' Name='PA-5260 Front' IsCustomName='1' Type='Group' LineStyle='3' FillStyle='3' TextStyle='3'><Cell N='PinX' V='16.95' F='(BeginX+EndX)/2'/><Cell N='PinY' V='0.5' F='(BeginY+EndY)/2'/><Cell N='Width' V='1.9' F='SQRT((EndX-BeginX)^2+(EndY-BeginY)^2)'/><Cell N='Height' V='0.5249999999999917' F='GUARD(Width*0.27631578947368)'/><Cell N='LocPinX' V='0.9499999999999993' F='Width*0.5'/><Cell N='LocPinY' V='0' F='Height*0'/><Cell N='Angle' V='0' F='ATAN2(EndY-BeginY,EndX-BeginX)'/><Cell N='FlipX' V='0'/><Cell N='FlipY' V='0'/><Cell N='ResizeMode' V='0'/><Cell N='BeginX' V='16'/><Cell N='BeginY' V='0.5'/><Cell N='EndX' V='17.9'/><Cell N='EndY' V='0.5'/><Cell N='EventDblClick' V='0' F='DOCMD(1312)'/><Cell N='HideText' V='1'/><Cell N='Comment' V='PA-5260: 5200 Series Firewall Platform'/><Cell N='DropOnPageScale' V='0.1'/><Cell N='TxtPinX' V='0.9499999999999993' F='Controls.RepositionText'/><Cell N='TxtPinY' V='-0.1000257629394531' F='Controls.RepositionText.Y'/><Cell N='TxtWidth' V='0.609180860375' F='TEXTWIDTH(TheText)'/><Cell N='TxtHeight' V='0.2000515258789062' F='TEXTHEIGHT(TheText,TxtWidth)'/><Cell N='TxtLocPinX' V='0.3045904301875' F='TxtWidth*0.5'/><Cell N='TxtLocPinY' V='0.1000257629394531' F='TxtHeight*0.5'/><Cell N='TxtAngle' V='0'/><Cell N='LeftMargin' V='0'/><Cell N='RightMargin' V='0'/><Cell N='TopMargin' V='0'/><Cell N='BottomMargin' V='0'/><Cell N='TextBkgnd' V='#ffffff' F='THEMEGUARD(THEMEVAL("BackgroundColor")+1)'/><Cell N='DefaultTabStop' V='0.05' U='IN'/><Cell N='QuickStyleLineMatrix' V='1'/><Cell N='QuickStyleFillMatrix' V='1'/><Cell N='QuickStyleEffectsMatrix' V='1'/><Cell N='QuickStyleFontMatrix' V='1'/><Cell N='LineWeight' V='0.006944444444444444' U='PT' F='THEMEVAL("LineWeight",0.075PT)'/><Cell N='ColorSchemeIndex' V='47'/><Cell N='EffectSchemeIndex' V='47'/><Cell N='ConnectorSchemeIndex' V='47'/><Cell N='FontSchemeIndex' V='47'/><Cell N='ThemeIndex' V='47'/><Cell N='Copyright' V='Copyright ©2017 Company Name. All rights Reserved.  Created by Visimation Inc.'/><Cell N='LockAspect' V='1'/><Cell N='LockTextEdit' V='1' F='GUARD(NOT(Actions.EnableTextLabelEdit.Checked))'/><Cell N='SelectMode' V='0'/><Cell N='IsSnapTarget' V='0'/><Section N='User'><Row N='CreatedWith'><Cell N='Value' V='Visimation NetPix' U='STR'/><Cell N='Prompt' V='Build #3.0.1115.0'/></Row><Row N='AntiScale'><Cell N='Value' V='0.1' U='PER' F='IF(DropOnPageScale=1,User.AntiScale.Prompt,DropOnPageScale)'/><Cell N='Prompt' V='1' F='ThePage!PageScale/ThePage!DrawingScale'/></Row><Row N='visDGDefaultPos'><Cell N='Value' V='PNT(6,3)' U='PNT' F='PNT(6,3)'/><Cell N='Prompt' V='' F='No Formula'/></Row><Row N='msvLayoutIncludeSubshapes'><Cell N='Value' V='1' U='BOOL' F='OR(TRUE,DEPENDSON(FALSE))'/><Cell N='Prompt' V='' F='No Formula'/></Row><Row N='visDGDisplayFormat'><Cell N='Value' V='254' F='USE({0B42BEAA-0063-0000-8E40-00608CF305B2})'/><Cell N='Prompt' V='' F='No Formula'/></Row></Section><Section N='Property'><Row N='Manufacturer'><Cell N='Value' V='Palo Alto Networks' U='STR'/><Cell N='Prompt' V='Manufacturer'/><Cell N='Label' V='Manufacturer'/><Cell N='Format' V=''/><Cell N='SortKey' V=''/><Cell N='Type' V='0'/><Cell N='Invisible' V='0'/><Cell N='Verify' V='0'/><Cell N='DataLinked' V='0'/><Cell N='LangID' V='en-US'/><Cell N='Calendar' V='0'/></Row><Row N='ProductNumber'><Cell N='Value' V='PA-5260' U='STR'/><Cell N='Prompt' V='Product Number'/><Cell N='Label' V='Product Number'/><Cell N='Format' V=''/><Cell N='SortKey' V=''/><Cell N='Type' V='0'/><Cell N='Invisible' V='0'/><Cell N='Verify' V='0'/><Cell N='DataLinked' V='0'/><Cell N='LangID' V='en-US'/><Cell N='Calendar' V='0'/></Row><Row N='PartNumber'><Cell N='Value' V='PA-5260' U='STR'/><Cell N='Prompt' V='Part Number'/><Cell N='Label' V='Part Number'/><Cell N='Format' V=''/><Cell N='SortKey' V=''/><Cell N='Type' V='0'/><Cell N='Invisible' V='0'/><Cell N='Verify' V='0'/><Cell N='DataLinked' V='0'/><Cell N='LangID' V='en-US'/><Cell N='Calendar' V='0'/></Row><Row N='View'><Cell N='Value' V='Front' U='STR'/><Cell N='Prompt' V='View'/><Cell N='Label' V='View'/><Cell N='Format' V=''/><Cell N='SortKey' V=''/><Cell N='Type' V='0'/><Cell N='Invisible' V='0'/><Cell N='Verify' V='0'/><Cell N='DataLinked' V='0'/><Cell N='LangID' V='en-US'/><Cell N='Calendar' V='0'/></Row><Row N='ProductDescription'><Cell N='Value' V='5200 Series Firewall Platform' U='STR'/><Cell N='Prompt' V='Product Description'/><Cell N='Label' V='Product Description'/><Cell N='Format' V=''/><Cell N='SortKey' V=''/><Cell N='Type' V='0'/><Cell N='Invisible' V='0'/><Cell N='Verify' V='0'/><Cell N='DataLinked' V='0'/><Cell N='LangID' V='en-US'/><Cell N='Calendar' V='0'/></Row><Row N='Ipadress'><Cell N='Value' V='' U='STR'/><Cell N='Prompt' V='IP Address'/><Cell N='Label' V='IP Address'/><Cell N='Format' V=''/><Cell N='SortKey' V=''/><Cell N='Type' V='0'/><Cell N='Invisible' V='0'/><Cell N='Verify' V='0'/><Cell N='DataLinked' V='0'/><Cell N='LangID' V='en-US'/><Cell N='Calendar' V='0'/></Row><Row N='NetworkName'><Cell N='Value' V='' U='STR'/><Cell N='Prompt' V='Network Name'/><Cell N='Label' V='Network Name'/><Cell N='Format' V=''/><Cell N='SortKey' V=''/><Cell N='Type' V='0'/><Cell N='Invisible' V='0'/><Cell N='Verify' V='0'/><Cell N='DataLinked' V='0'/><Cell N='LangID' V='en-US'/><Cell N='Calendar' V='0'/></Row><Row N='RackUnits'><Cell N='Value' V='3' U='STR'/><Cell N='Prompt' V='Rack Units'/><Cell N='Label' V='Rack Units'/><Cell N='Format' V=''/><Cell N='SortKey' V=''/><Cell N='Type' V='0'/><Cell N='Invisible' V='0'/><Cell N='Verify' V='0'/><Cell N='DataLinked' V='0'/><Cell N='LangID' V='en-US'/><Cell N='Calendar' V='0'/></Row><Row N='MountingPosition'><Cell N='Value' V='' U='STR'/><Cell N='Prompt' V='Mounting Position (RU)'/><Cell N='Label' V='Mounting Position (RU)'/><Cell N='Format' V=''/><Cell N='SortKey' V=''/><Cell N='Type' V='0'/><Cell N='Invisible' V='0'/><Cell N='Verify' V='0'/><Cell N='DataLinked' V='0'/><Cell N='LangID' V='en-US'/><Cell N='Calendar' V='0'/></Row><Row N='Bay'><Cell N='Value' V='27F' U='STR'/><Cell N='Prompt' V='Rack/Cab Bay'/><Cell N='Label' V='Rack/Cab Bay'/><Cell N='Format' V=''/><Cell N='SortKey' V=''/><Cell N='Type' V='0'/><Cell N='Invisible' V='0'/><Cell N='Verify' V='0'/><Cell N='DataLinked' V='0'/><Cell N='LangID' V='en-US'/><Cell N='Calendar' V='0'/></Row><Row N='RowLineup'><Cell N='Value' V='' U='STR'/><Cell N='Prompt' V='Row/Lineup'/><Cell N='Label' V='Row/Lineup'/><Cell N='Format' V=''/><Cell N='SortKey' V=''/><Cell N='Type' V='0'/><Cell N='Invisible' V='0'/><Cell N='Verify' V='0'/><Cell N='DataLinked' V='0'/><Cell N='LangID' V='en-US'/><Cell N='Calendar' V='0'/></Row><Row N='Room'><Cell N='Value' V='' U='STR'/><Cell N='Prompt' V='Room'/><Cell N='Label' V='Room'/><Cell N='Format' V=''/><Cell N='SortKey' V=''/><Cell N='Type' V='0'/><Cell N='Invisible' V='0'/><Cell N='Verify' V='0'/><Cell N='DataLinked' V='0'/><Cell N='LangID' V='en-US'/><Cell N='Calendar' V='0'/></Row><Row N='Floor'><Cell N='Value' V='' U='STR'/><Cell N='Prompt' V='Floor'/><Cell N='Label' V='Floor'/><Cell N='Format' V=''/><Cell N='SortKey' V=''/><Cell N='Type' V='0'/><Cell N='Invisible' V='0'/><Cell N='Verify' V='0'/><Cell N='DataLinked' V='0'/><Cell N='LangID' V='en-US'/><Cell N='Calendar' V='0'/></Row><Row N='Building'><Cell N='Value' V='' U='STR'/><Cell N='Prompt' V='Building'/><Cell N='Label' V='Building'/><Cell N='Format' V=''/><Cell N='SortKey' V=''/><Cell N='Type' V='0'/><Cell N='Invisible' V='0'/><Cell N='Verify' V='0'/><Cell N='DataLinked' V='0'/><Cell N='LangID' V='en-US'/><Cell N='Calendar' V='0'/></Row><Row N='LocationCode'><Cell N='Value' V='' U='STR'/><Cell N='Prompt' V='Location Code'/><Cell N='Label' V='Location Code'/><Cell N='Format' V=''/><Cell N='SortKey' V=''/><Cell N='Type' V='0'/><Cell N='Invisible' V='0'/><Cell N='Verify' V='0'/><Cell N='DataLinked' V='0'/><Cell N='LangID' V='en-US'/><Cell N='Calendar' V='0'/></Row><Row N='Department'><Cell N='Value' V='' U='STR'/><Cell N='Prompt' V='Department'/><Cell N='Label' V='Department'/><Cell N='Format' V=''/><Cell N='SortKey' V=''/><Cell N='Type' V='0'/><Cell N='Invisible' V='0'/><Cell N='Verify' V='0'/><Cell N='DataLinked' V='0'/><Cell N='LangID' V='en-US'/><Cell N='Calendar' V='0'/></Row><Row N='PurchaseDate'><Cell N='Value' V='' U='STR'/><Cell N='Prompt' V='Purchase Date'/><Cell N='Label' V='Purchase Date'/><Cell N='Format' V=''/><Cell N='SortKey' V=''/><Cell N='Type' V='0'/><Cell N='Invisible' V='0'/><Cell N='Verify' V='0'/><Cell N='DataLinked' V='0'/><Cell N='LangID' V='en-US'/><Cell N='Calendar' V='0'/></Row><Row N='InstalledDate'><Cell N='Value' V='' U='STR'/><Cell N='Prompt' V='Installed Date'/><Cell N='Label' V='Installed Date'/><Cell N='Format' V=''/><Cell N='SortKey' V=''/><Cell N='Type' V='0'/><Cell N='Invisible' V='0'/><Cell N='Verify' V='0'/><Cell N='DataLinked' V='0'/><Cell N='LangID' V='en-US'/><Cell N='Calendar' V='0'/></Row><Row N='WarrantyExp'><Cell N='Value' V='' U='STR'/><Cell N='Prompt' V='Warranty Exp'/><Cell N='Label' V='Warranty Exp'/><Cell N='Format' V=''/><Cell N='SortKey' V=''/><Cell N='Type' V='0'/><Cell N='Invisible' V='0'/><Cell N='Verify' V='0'/><Cell N='DataLinked' V='0'/><Cell N='LangID' V='en-US'/><Cell N='Calendar' V='0'/></Row><Row N='SupportAgreement'><Cell N='Value' V='' U='STR'/><Cell N='Prompt' V='Support Agreement'/><Cell N='Label' V='Support Agreement'/><Cell N='Format' V=''/><Cell N='SortKey' V=''/><Cell N='Type' V='0'/><Cell N='Invisible' V='0'/><Cell N='Verify' V='0'/><Cell N='DataLinked' V='0'/><Cell N='LangID' V='en-US'/><Cell N='Calendar' V='0'/></Row><Row N='SupportContactName'><Cell N='Value' V='' U='STR'/><Cell N='Prompt' V='Support Contact Name'/><Cell N='Label' V='Support Contact Name'/><Cell N='Format' V=''/><Cell N='SortKey' V=''/><Cell N='Type' V='0'/><Cell N='Invisible' V='0'/><Cell N='Verify' V='0'/><Cell N='DataLinked' V='0'/><Cell N='LangID' V='en-US'/><Cell N='Calendar' V='0'/></Row><Row N='ContactPhone'><Cell N='Value' V='(866) 898-9087' U='STR'/><Cell N='Prompt' V='Contact Phone'/><Cell N='Label' V='Contact Phone'/><Cell N='Format' V=''/><Cell N='SortKey' V=''/><Cell N='Type' V='0'/><Cell N='Invisible' V='0'/><Cell N='Verify' V='0'/><Cell N='DataLinked' V='0'/><Cell N='LangID' V='en-US'/><Cell N='Calendar' V='0'/></Row><Row N='Comments'><Cell N='Value' V='' U='STR'/><Cell N='Prompt' V='Comments'/><Cell N='Label' V='Comments'/><Cell N='Format' V=''/><Cell N='SortKey' V=''/><Cell N='Type' V='0'/><Cell N='Invisible' V='0'/><Cell N='Verify' V='0'/><Cell N='DataLinked' V='0'/><Cell N='LangID' V='en-US'/><Cell N='Calendar' V='0'/></Row><Row N='Cost'><Cell N='Value' V='' U='STR'/><Cell N='Prompt' V='Cost'/><Cell N='Label' V='Cost'/><Cell N='Format' V=''/><Cell N='SortKey' V=''/><Cell N='Type' V='0'/><Cell N='Invisible' V='0'/><Cell N='Verify' V='0'/><Cell N='DataLinked' V='0'/><Cell N='LangID' V='en-US'/><Cell N='Calendar' V='0'/></Row><Row N='AssetNumber'><Cell N='Value' V='' U='STR'/><Cell N='Prompt' V='Asset Number'/><Cell N='Label' V='Asset Number'/><Cell N='Format' V=''/><Cell N='SortKey' V=''/><Cell N='Type' V='0'/><Cell N='Invisible' V='0'/><Cell N='Verify' V='0'/><Cell N='DataLinked' V='0'/><Cell N='LangID' V='en-US'/><Cell N='Calendar' V='0'/></Row><Row N='SerialNumber'><Cell N='Value' V='1234567890' U='STR'/><Cell N='Prompt' V='Serial Number'/><Cell N='Label' V='Serial Number'/><Cell N='Format' V=''/><Cell N='SortKey' V=''/><Cell N='Type' V='0'/><Cell N='Invisible' V='0'/><Cell N='Verify' V='0'/><Cell N='DataLinked' V='0'/><Cell N='LangID' V='en-US'/><Cell N='Calendar' V='0'/></Row></Section><Section N='Field'><Row IX='0'><Cell N='Value' V='PA-5260' U='STR' F='Prop.ProductNumber'/><Cell N='Format' V='@' U='STR' F='FIELDPICTURE(37)'/><Cell N='Type' V='0'/><Cell N='UICat' V='0'/><Cell N='UICod' V='255'/><Cell N='UIFmt' V='37'/><Cell N='Calendar' V='0'/><Cell N='ObjectKind' V='0'/></Row></Section><Section N='Actions'><Row N='EquipmentLabel'><Cell N='Menu' V='Show E&amp;quipment Label' F='IF(HideText,"Show","Hide")&amp;" E&amp;quipment Label"'/><Cell N='Action' V='0' F='SETF(GetRef(HideText),NOT(HideText))'/><Cell N='Checked' V='0'/><Cell N='Disabled' V='0'/><Cell N='ReadOnly' V='0'/><Cell N='Invisible' V='0'/><Cell N='BeginGroup' V='0'/><Cell N='FlyoutChild' V='0'/><Cell N='TagName' V=''/><Cell N='ButtonFace' V=''/><Cell N='SortKey' V=''/></Row><Row N='EnableTextLabelEdit'><Cell N='Menu' V='Enable Text &amp;Label Editing'/><Cell N='Action' V='0' F='SETF(GetRef(Actions.EnableTextLabelEdit.Checked),NOT(Actions.EnableTextLabelEdit.Checked))'/><Cell N='Checked' V='0'/><Cell N='Disabled' V='0'/><Cell N='ReadOnly' V='0'/><Cell N='Invisible' V='0'/><Cell N='BeginGroup' V='0'/><Cell N='FlyoutChild' V='0'/><Cell N='TagName' V=''/><Cell N='ButtonFace' V=''/><Cell N='SortKey' V=''/></Row><Row N='CustomProps'><Cell N='Menu' V='Custom &amp;Properties...'/><Cell N='Action' V='0' F='DOCMD(1312)'/><Cell N='Checked' V='0'/><Cell N='Disabled' V='0'/><Cell N='ReadOnly' V='0'/><Cell N='Invisible' V='0'/><Cell N='BeginGroup' V='0'/><Cell N='FlyoutChild' V='0'/><Cell N='TagName' V=''/><Cell N='ButtonFace' V='9980' F='9980'/><Cell N='SortKey' V=''/></Row><Row N='Hyperlink1'><Cell N='Menu' V='_Palo Alto Networks Part Info Online'/><Cell N='Action' V='0' F='HYPERLINK("http://www.shapesource.com/shapelinks/LinkResolver.aspx?LinkID=1785&amp;MasterName=PA-5260+Front&amp;StencilName=Palo+Alto+Networks")'/><Cell N='Checked' V='0'/><Cell N='Disabled' V='0'/><Cell N='ReadOnly' V='0'/><Cell N='Invisible' V='0'/><Cell N='BeginGroup' V='0'/><Cell N='FlyoutChild' V='0'/><Cell N='TagName' V=''/><Cell N='ButtonFace' V='1576' F='1576'/><Cell N='SortKey' V=''/></Row></Section><Section N='Control'><Row N='RepositionText'><Cell N='X' V='0.9499999999999993' F='Width*0.5'/><Cell N='Y' V='-0.1000257629394531' F='-TxtHeight*0.5'/><Cell N='XDyn' V='0.9499999999999993' F='Controls.RepositionText'/><Cell N='YDyn' V='-0.1000257629394531' F='Controls.RepositionText.Y'/><Cell N='XCon' V='5' F='IF(OR(HideText,STRSAME(SHAPETEXT(TheText),"")),5,0)'/><Cell N='YCon' V='2'/><Cell N='CanGlue' V='1'/><Cell N='Prompt' V='Reposition Text'/></Row><Row N='msvDGPosition'><Cell N='X' V='2.85' F='BOUND(1.5*Width,0,FALSE,Width*-0.5,Width*-0.5,FALSE,0,0,FALSE,Width*0.25,Width*0.25,FALSE,Width*0.5,Width*0.5,FALSE,Width*0.75,Width*0.75,FALSE,Width,Width,FALSE,Width*1.5,Width*1.5)'/><Cell N='Y' V='0.2624999999999959' F='BOUND(0.5*Height,0,FALSE,Height*-0.5,Height*-0.5,FALSE,0,0,FALSE,Height*0.25,Height*0.25,FALSE,Height*0.5,Height*0.5,FALSE,Height*0.75,Height*0.75,FALSE,Height,Height,FALSE,Height*1.25,Height*1.25)'/><Cell N='XDyn' V='2.85' F='Controls.msvDGPosition'/><Cell N='YDyn' V='0.262499999999996' F='Controls.msvDGPosition.Y'/><Cell N='XCon' V='0'/><Cell N='YCon' V='0'/><Cell N='CanGlue' V='0'/><Cell N='Prompt' V='Reposition Data Graphic'/></Row></Section><Section N='Connection'><Row T='Connection' IX='0'><Cell N='X' V='0.3307364330042648' F='Width*0.17407180684435'/><Cell N='Y' V='0.29785156252025' F='Height*0.56733630956239'/><Cell N='DirX' V='0' U='IN'/><Cell N='DirY' V='0' U='IN'/><Cell N='Type' V='0'/><Cell N='AutoGen' V='0'/><Cell N='Prompt' V='' F='No Formula'/></Row><Row T='Connection' IX='1'><Cell N='X' V='0.3896426830042757' F='Width*0.20507509631804'/><Cell N='Y' V='0.29785156252025' F='Height*0.56733630956239'/><Cell N='DirX' V='0' U='IN'/><Cell N='DirY' V='0' U='IN'/><Cell N='Type' V='0'/><Cell N='AutoGen' V='0'/><Cell N='Prompt' V='' F='No Formula'/></Row><Row T='Connection' IX='2'><Cell N='X' V='0.3307364330042648' F='Width*0.17407180684435'/><Cell N='Y' V='0.2515625000458618' F='Height*0.47916666675403'/><Cell N='DirX' V='0' U='IN'/><Cell N='DirY' V='0' U='IN'/><Cell N='Type' V='0'/><Cell N='AutoGen' V='0'/><Cell N='Prompt' V='' F='No Formula'/></Row><Row T='Connection' IX='3'><Cell N='X' V='0.3896426830042757' F='Width*0.20507509631804'/><Cell N='Y' V='0.2515625000458618' F='Height*0.47916666675403'/><Cell N='DirX' V='0' U='IN'/><Cell N='DirY' V='0' U='IN'/><Cell N='Type' V='0'/><Cell N='AutoGen' V='0'/><Cell N='Prompt' V='' F='No Formula'/></Row><Row T='Connection' IX='4'><Cell N='X' V='1.243124999999992' F='Width*0.65427631578947'/><Cell N='Y' V='0.3012073863704383' F='Height*0.57372835499132'/><Cell N='DirX' V='0' U='IN'/><Cell N='DirY' V='0' U='IN'/><Cell N='Type' V='0'/><Cell N='AutoGen' V='0'/><Cell N='Prompt' V='' F='No Formula'/></Row><Row T='Connection' IX='5'><Cell N='X' V='1.243124999999992' F='Width*0.65427631578947'/><Cell N='Y' V='0.2491832386431688' F='Height*0.47463474027271'/><Cell N='DirX' V='0' U='IN'/><Cell N='DirY' V='0' U='IN'/><Cell N='Type' V='0'/><Cell N='AutoGen' V='0'/><Cell N='Prompt' V='' F='No Formula'/></Row><Row T='Connection' IX='6'><Cell N='X' V='1.324877058015138' F='Width*0.69730371474481'/><Cell N='Y' V='0.2978515625264135' F='Height*0.56733630957413'/><Cell N='DirX' V='0' U='IN'/><Cell N='DirY' V='0' U='IN'/><Cell N='Type' V='0'/><Cell N='AutoGen' V='0'/><Cell N='Prompt' V='' F='No Formula'/></Row><Row T='Connection' IX='7'><Cell N='X' V='1.324877058015138' F='Width*0.69730371474481'/><Cell N='Y' V='0.2515625000520253' F='Height*0.47916666676577'/><Cell N='DirX' V='0' U='IN'/><Cell N='DirY' V='0' U='IN'/><Cell N='Type' V='0'/><Cell N='AutoGen' V='0'/><Cell N='Prompt' V='' F='No Formula'/></Row><Row T='Connection' IX='8'><Cell N='X' V='0.4777343749999956' F='Width*0.25143914473684'/><Cell N='Y' V='0.3012073863704383' F='Height*0.57372835499132'/><Cell N='DirX' V='0' U='IN'/><Cell N='DirY' V='0' U='IN'/><Cell N='Type' V='0'/><Cell N='AutoGen' V='0'/><Cell N='Prompt' V='' F='No Formula'/></Row><Row T='Connection' IX='9'><Cell N='X' V='0.5338281249999965' F='Width*0.28096217105263'/><Cell N='Y' V='0.3012073863704383' F='Height*0.57372835499132'/><Cell N='DirX' V='0' U='IN'/><Cell N='DirY' V='0' U='IN'/><Cell N='Type' V='0'/><Cell N='AutoGen' V='0'/><Cell N='Prompt' V='' F='No Formula'/></Row><Row T='Connection' IX='10'><Cell N='X' V='0.5899218749999976' F='Width*0.31048519736842'/><Cell N='Y' V='0.3012073863704383' F='Height*0.57372835499132'/><Cell N='DirX' V='0' U='IN'/><Cell N='DirY' V='0' U='IN'/><Cell N='Type' V='0'/><Cell N='AutoGen' V='0'/><Cell N='Prompt' V='' F='No Formula'/></Row><Row T='Connection' IX='11'><Cell N='X' V='0.6460156249999985' F='Width*0.34000822368421'/><Cell N='Y' V='0.3012073863704383' F='Height*0.57372835499132'/><Cell N='DirX' V='0' U='IN'/><Cell N='DirY' V='0' U='IN'/><Cell N='Type' V='0'/><Cell N='AutoGen' V='0'/><Cell N='Prompt' V='' F='No Formula'/></Row><Row T='Connection' IX='12'><Cell N='X' V='0.4777343749999956' F='Width*0.25143914473684'/><Cell N='Y' V='0.2491832386431688' F='Height*0.47463474027271'/><Cell N='DirX' V='0' U='IN'/><Cell N='DirY' V='0' U='IN'/><Cell N='Type' V='0'/><Cell N='AutoGen' V='0'/><Cell N='Prompt' V='' F='No Formula'/></Row><Row T='Connection' IX='13'><Cell N='X' V='0.5338281249999965' F='Width*0.28096217105263'/><Cell N='Y' V='0.2491832386431688' F='Height*0.47463474027271'/><Cell N='DirX' V='0' U='IN'/><Cell N='DirY' V='0' U='IN'/><Cell N='Type' V='0'/><Cell N='AutoGen' V='0'/><Cell N='Prompt' V='' F='No Formula'/></Row><Row T='Connection' IX='14'><Cell N='X' V='0.5899218749999976' F='Width*0.31048519736842'/><Cell N='Y' V='0.2491832386431688' F='Height*0.47463474027271'/><Cell N='DirX' V='0' U='IN'/><Cell N='DirY' V='0' U='IN'/><Cell N='Type' V='0'/><Cell N='AutoGen' V='0'/><Cell N='Prompt' V='' F='No Formula'/></Row><Row T='Connection' IX='15'><Cell N='X' V='0.6460156249999985' F='Width*0.34000822368421'/><Cell N='Y' V='0.2491832386431688' F='Height*0.47463474027271'/><Cell N='DirX' V='0' U='IN'/><Cell N='DirY' V='0' U='IN'/><Cell N='Type' V='0'/><Cell N='AutoGen' V='0'/><Cell N='Prompt' V='' F='No Formula'/></Row><Row T='Connection' IX='16'><Cell N='X' V='1.499848384777632' F='Width*0.78939388672507'/><Cell N='Y' V='0.2541015624743885' F='Height*0.4840029761417'/><Cell N='DirX' V='0' U='IN'/><Cell N='DirY' V='0' U='IN'/><Cell N='Type' V='0'/><Cell N='AutoGen' V='0'/><Cell N='Prompt' V='' F='No Formula'/></Row><Row T='Connection' IX='17'><Cell N='X' V='0.7152343749999954' F='Width*0.37643914473684'/><Cell N='Y' V='0.3012073863704383' F='Height*0.57372835499132'/><Cell N='DirX' V='0' U='IN'/><Cell N='DirY' V='0' U='IN'/><Cell N='Type' V='0'/><Cell N='AutoGen' V='0'/><Cell N='Prompt' V='' F='No Formula'/></Row><Row T='Connection' IX='18'><Cell N='X' V='0.7713281249999964' F='Width*0.40596217105263'/><Cell N='Y' V='0.3012073863704383' F='Height*0.57372835499132'/><Cell N='DirX' V='0' U='IN'/><Cell N='DirY' V='0' U='IN'/><Cell N='Type' V='0'/><Cell N='AutoGen' V='0'/><Cell N='Prompt' V='' F='No Formula'/></Row><Row T='Connection' IX='19'><Cell N='X' V='0.8274218749999974' F='Width*0.43548519736842'/><Cell N='Y' V='0.3012073863704383' F='Height*0.57372835499132'/><Cell N='DirX' V='0' U='IN'/><Cell N='DirY' V='0' U='IN'/><Cell N='Type' V='0'/><Cell N='AutoGen' V='0'/><Cell N='Prompt' V='' F='No Formula'/></Row><Row T='Connection' IX='20'><Cell N='X' V='0.8835156249999984' F='Width*0.46500822368421'/><Cell N='Y' V='0.3012073863704383' F='Height*0.57372835499132'/><Cell N='DirX' V='0' U='IN'/><Cell N='DirY' V='0' U='IN'/><Cell N='Type' V='0'/><Cell N='AutoGen' V='0'/><Cell N='Prompt' V='' F='No Formula'/></Row><Row T='Connection' IX='21'><Cell N='X' V='0.7152343749999954' F='Width*0.37643914473684'/><Cell N='Y' V='0.2491832386431688' F='Height*0.47463474027271'/><Cell N='DirX' V='0' U='IN'/><Cell N='DirY' V='0' U='IN'/><Cell N='Type' V='0'/><Cell N='AutoGen' V='0'/><Cell N='Prompt' V='' F='No Formula'/></Row><Row T='Connection' IX='22'><Cell N='X' V='0.7713281249999964' F='Width*0.40596217105263'/><Cell N='Y' V='0.2491832386431688' F='Height*0.47463474027271'/><Cell N='DirX' V='0' U='IN'/><Cell N='DirY' V='0' U='IN'/><Cell N='Type' V='0'/><Cell N='AutoGen' V='0'/><Cell N='Prompt' V='' F='No Formula'/></Row><Row T='Connection' IX='23'><Cell N='X' V='0.8274218749999974' F='Width*0.43548519736842'/><Cell N='Y' V='0.2491832386431688' F='Height*0.47463474027271'/><Cell N='DirX' V='0' U='IN'/><Cell N='DirY' V='0' U='IN'/><Cell N='Type' V='0'/><Cell N='AutoGen' V='0'/><Cell N='Prompt' V='' F='No Formula'/></Row><Row T='Connection' IX='24'><Cell N='X' V='0.8835156249999984' F='Width*0.46500822368421'/><Cell N='Y' V='0.2491832386431688' F='Height*0.47463474027271'/><Cell N='DirX' V='0' U='IN'/><Cell N='DirY' V='0' U='IN'/><Cell N='Type' V='0'/><Cell N='AutoGen' V='0'/><Cell N='Prompt' V='' F='No Formula'/></Row><Row T='Connection' IX='25'><Cell N='X' V='1.412348384777646' F='Width*0.74334125514613'/><Cell N='Y' V='0.2822265624743888' F='Height*0.53757440471313'/><Cell N='DirX' V='0' U='IN'/><Cell N='DirY' V='0' U='IN'/><Cell N='Type' V='0'/><Cell N='AutoGen' V='0'/><Cell N='Prompt' V='' F='No Formula'/></Row><Row T='Connection' IX='26'><Cell N='X' V='1.412332589285707' F='Width*0.74333294172932'/><Cell N='Y' V='0.2416011160714267' F='Height*0.46019260204082'/><Cell N='DirX' V='0' U='IN'/><Cell N='DirY' V='0' U='IN'/><Cell N='Type' V='0'/><Cell N='AutoGen' V='0'/><Cell N='Prompt' V='' F='No Formula'/></Row><Row T='Connection' IX='27'><Cell N='X' V='0.9442382812500022' F='Width*0.49696751644737'/><Cell N='Y' V='0.2418945312568064' F='Height*0.46075148810821'/><Cell N='DirX' V='0' U='IN'/><Cell N='DirY' V='0' U='IN'/><Cell N='Type' V='0'/><Cell N='AutoGen' V='0'/><Cell N='Prompt' V='' F='No Formula'/></Row><Row T='Connection' IX='28'><Cell N='X' V='1.021386718749995' F='Width*0.53757195723684'/><Cell N='Y' V='0.2418945312568064' F='Height*0.46075148810821'/><Cell N='DirX' V='0' U='IN'/><Cell N='DirY' V='0' U='IN'/><Cell N='Type' V='0'/><Cell N='AutoGen' V='0'/><Cell N='Prompt' V='' F='No Formula'/></Row><Row T='Connection' IX='29'><Cell N='X' V='0.9840820312499982' F='Width*0.51793791118421'/><Cell N='Y' V='0.2429687500068059' F='Height*0.46279761906059'/><Cell N='DirX' V='0' U='IN'/><Cell N='DirY' V='0' U='IN'/><Cell N='Type' V='0'/><Cell N='AutoGen' V='0'/><Cell N='Prompt' V='' F='No Formula'/></Row><Row T='Connection' IX='30'><Cell N='X' V='0.9442382812500022' F='Width*0.49696751644737'/><Cell N='Y' V='0.3080078125068056' F='Height*0.58668154763202'/><Cell N='DirX' V='0' U='IN'/><Cell N='DirY' V='0' U='IN'/><Cell N='Type' V='0'/><Cell N='AutoGen' V='0'/><Cell N='Prompt' V='' F='No Formula'/></Row><Row T='Connection' IX='31'><Cell N='X' V='1.021386718749995' F='Width*0.53757195723684'/><Cell N='Y' V='0.3080078125068056' F='Height*0.58668154763202'/><Cell N='DirX' V='0' U='IN'/><Cell N='DirY' V='0' U='IN'/><Cell N='Type' V='0'/><Cell N='AutoGen' V='0'/><Cell N='Prompt' V='' F='No Formula'/></Row><Row T='Connection' IX='32'><Cell N='X' V='0.9840820312499982' F='Width*0.51793791118421'/><Cell N='Y' V='0.3090820312568051' F='Height*0.5887276785844'/><Cell N='DirX' V='0' U='IN'/><Cell N='DirY' V='0' U='IN'/><Cell N='Type' V='0'/><Cell N='AutoGen' V='0'/><Cell N='Prompt' V='' F='No Formula'/></Row><Row T='Connection' IX='33'><Cell N='X' V='1.022363281249999' F='Width*0.5380859375'/><Cell N='Y' V='0.2418945312568064' F='Height*0.46075148810821'/><Cell N='DirX' V='0' U='IN'/><Cell N='DirY' V='0' U='IN'/><Cell N='Type' V='0'/><Cell N='AutoGen' V='0'/><Cell N='Prompt' V='' F='No Formula'/></Row><Row T='Connection' IX='34'><Cell N='X' V='1.099511718749992' F='Width*0.57869037828947'/><Cell N='Y' V='0.2418945312568064' F='Height*0.46075148810821'/><Cell N='DirX' V='0' U='IN'/><Cell N='DirY' V='0' U='IN'/><Cell N='Type' V='0'/><Cell N='AutoGen' V='0'/><Cell N='Prompt' V='' F='No Formula'/></Row><Row T='Connection' IX='35'><Cell N='X' V='1.062207031249995' F='Width*0.55905633223684'/><Cell N='Y' V='0.2429687500068059' F='Height*0.46279761906059'/><Cell N='DirX' V='0' U='IN'/><Cell N='DirY' V='0' U='IN'/><Cell N='Type' V='0'/><Cell N='AutoGen' V='0'/><Cell N='Prompt' V='' F='No Formula'/></Row><Row T='Connection' IX='36'><Cell N='X' V='1.022363281249999' F='Width*0.5380859375'/><Cell N='Y' V='0.3080078125068056' F='Height*0.58668154763202'/><Cell N='DirX' V='0' U='IN'/><Cell N='DirY' V='0' U='IN'/><Cell N='Type' V='0'/><Cell N='AutoGen' V='0'/><Cell N='Prompt' V='' F='No Formula'/></Row><Row T='Connection' IX='37'><Cell N='X' V='1.099511718749992' F='Width*0.57869037828947'/><Cell N='Y' V='0.3080078125068056' F='Height*0.58668154763202'/><Cell N='DirX' V='0' U='IN'/><Cell N='DirY' V='0' U='IN'/><Cell N='Type' V='0'/><Cell N='AutoGen' V='0'/><Cell N='Prompt' V='' F='No Formula'/></Row><Row T='Connection' IX='38'><Cell N='X' V='1.062207031249995' F='Width*0.55905633223684'/><Cell N='Y' V='0.3090820312568051' F='Height*0.5887276785844'/><Cell N='DirX' V='0' U='IN'/><Cell N='DirY' V='0' U='IN'/><Cell N='Type' V='0'/><Cell N='AutoGen' V='0'/><Cell N='Prompt' V='' F='No Formula'/></Row><Row T='Connection' IX='39'><Cell N='X' V='1.116113281250003' F='Width*0.58742804276316'/><Cell N='Y' V='0.2438945312568044' F='Height*0.46456101191773'/><Cell N='DirX' V='0' U='IN'/><Cell N='DirY' V='0' U='IN'/><Cell N='Type' V='0'/><Cell N='AutoGen' V='0'/><Cell N='Prompt' V='' F='No Formula'/></Row><Row T='Connection' IX='40'><Cell N='X' V='1.193261718749996' F='Width*0.62803248355263'/><Cell N='Y' V='0.2438945312568044' F='Height*0.46456101191773'/><Cell N='DirX' V='0' U='IN'/><Cell N='DirY' V='0' U='IN'/><Cell N='Type' V='0'/><Cell N='AutoGen' V='0'/><Cell N='Prompt' V='' F='No Formula'/></Row><Row T='Connection' IX='41'><Cell N='X' V='1.155957031249999' F='Width*0.6083984375'/><Cell N='Y' V='0.2449687500068039' F='Height*0.46660714287011'/><Cell N='DirX' V='0' U='IN'/><Cell N='DirY' V='0' U='IN'/><Cell N='Type' V='0'/><Cell N='AutoGen' V='0'/><Cell N='Prompt' V='' F='No Formula'/></Row></Section><Section N='Character'><Row IX='0'><Cell N='Size' V='0.1666666666666667' U='PT' F='12PT*User.AntiScale*10'/></Row></Section><Text><cp IX='0'/><fld IX='0'>PA-5260</fld>
</Text><Shapes><Shape ID='6' Type='Foreign' LineStyle='2' FillStyle='2' TextStyle='2'><Cell N='PinX' V='0.9499999999999993' F='Sheet.5!Width*0.5'/><Cell N='PinY' V='0.2624999999999959' F='Sheet.5!Height*0.5'/><Cell N='Width' V='1.904166666666589' F='Sheet.5!Width*1.0021929824561'/><Cell N='Height' V='0.5291666666666541' F='Sheet.5!Height*1.0079365079365'/><Cell N='LocPinX' V='0.9520833333332943' F='Width*0.5'/><Cell N='LocPinY' V='0.2645833333333272' F='Height*0.5'/><Cell N='Angle' V='0'/><Cell N='FlipX' V='0'/><Cell N='FlipY' V='0'/><Cell N='ResizeMode' V='0'/><Cell N='ImgOffsetX' V='0' F='ImgWidth*0'/><Cell N='ImgOffsetY' V='0' F='ImgHeight*0'/><Cell N='ImgWidth' V='1.904166666666589' F='Width*1'/><Cell N='ImgHeight' V='0.5291666666666545' F='Height*1'/><Cell N='ClippingPath' V=''/><Cell N='TxtPinX' V='0.9520833333332943' F='Width*0.5'/><Cell N='TxtPinY' V='0' F='Height*0'/><Cell N='TxtWidth' V='1.904166666666589' F='Width*1'/><Cell N='TxtHeight' V='0' F='Height*0'/><Cell N='TxtLocPinX' V='0.9520833333332943' F='TxtWidth*0.5'/><Cell N='TxtLocPinY' V='0' F='TxtHeight*0.5'/><Cell N='TxtAngle' V='0'/><Cell N='LineWeight' V='0.01388888888888889' U='PT' F='THEMEVAL("LineWeight",0.075PT)'/><Cell N='LeftMargin' V='0.005555555555555556' U='PT'/><Cell N='RightMargin' V='0.005555555555555556' U='PT'/><Cell N='TopMargin' V='0.005555555555555556' U='PT'/><Cell N='BottomMargin' V='0.005555555555555556' U='PT'/><Cell N='VerticalAlign' V='0'/><Cell N='DefaultTabStop' V='0.05' U='IN'/><Cell N='Copyright' V='Copyright ©2017 Company Name. All rights Reserved.  Created by Visimation Inc.'/><Section N='Character'><Row IX='0'><Cell N='Size' V='0.01666666666666667' U='PT'/></Row></Section><Section N='Geometry' IX='0'><Cell N='NoFill' V='0'/><Cell N='NoLine' V='0'/><Cell N='NoShow' V='0'/><Cell N='NoSnap' V='0'/><Cell N='NoQuickDrag' V='0'/><Row T='MoveTo' IX='1'><Cell N='X' V='0' F='Width*0'/><Cell N='Y' V='0' F='Height*0'/></Row><Row T='LineTo' IX='2'><Cell N='X' V='1.904166666666589' F='Width*1'/><Cell N='Y' V='0' F='Height*0'/></Row><Row T='LineTo' IX='3'><Cell N='X' V='1.904166666666589' F='Width*1'/><Cell N='Y' V='0.5291666666666545' F='Height*1'/></Row><Row T='LineTo' IX='4'><Cell N='X' V='0' F='Width*0'/><Cell N='Y' V='0.5291666666666545' F='Height*1'/></Row><Row T='LineTo' IX='5'><Cell N='X' V='0' F='Width*0'/><Cell N='Y' V='0' F='Height*0'/></Row></Section><ForeignData ForeignType='EnhMetaFile' MappingMode='8' ExtentX='1368' ExtentY='380'><Rel r:id='rId1'/></ForeignData></Shape><Shape ID='7' NameU='Text callout' IsCustomNameU='1' Name='Text callout' IsCustomName='1' Type='Group' LineStyle='3' FillStyle='3' TextStyle='3'><Cell N='PinX' V='2.9125' F='IF(PNTX(User.visDGDefaultPos)&lt;2,PNTX(User.visDGDefaultPos)*Width*0.5,IF(PNTX(User.visDGDefaultPos)=2,Sheet.5!Width*0.5,(PNTX(User.visDGDefaultPos)-4)*Width*0.5+Sheet.5!Width))+IF(PNTX(User.visDGDefaultPos)&lt;0,-ThePage!User.msvDGCalloutGap,IF(PNTX(User.visDGDefaultPos)&gt;4,ThePage!User.msvDGCalloutGap,0))'/><Cell N='PinY' V='0.06133939751518693' U='IN' F='Sheet.9!PinY-Sheet.9!LocPinY-Height+LocPinY'/><Cell N='Width' V='1.9' F='IF(Prop.msvCalloutPropWidth&gt;0,Prop.msvCalloutPropWidth,IF(AND(PNTX(User.visDGDefaultPos)&gt;0,PNTX(User.visDGDefaultPos)&lt;4,PNTY(User.visDGDefaultPos)&gt;0,PNTY(User.visDGDefaultPos)&lt;4),Sheet.5!Width,MAX(Sheet.5!Width,1.25*DropOnPageScale)))'/><Cell N='Height' V='0.201160602484809' U='IN' F='GUARD(MAX(8PT,User.BottomHeight+User.MiddleHeight+User.TopHeight)+User.CalloutMargin*2)'/><Cell N='LocPinX' V='0.9499999999999993' U='IN' F='Width*0.5+INDEX(LOOKUP(Prop.msvCalloutPropOffset,Prop.msvCalloutPropOffset.Format),"1;0;-1")*User.CalloutOffset'/><Cell N='LocPinY' V='0.1005803012424045' U='IN' F='Height*0.5'/><Cell N='Angle' V='0'/><Cell N='FlipX' V='0' F='Sheet.5!FlipX'/><Cell N='FlipY' V='0' F='Sheet.5!FlipY'/><Cell N='ResizeMode' V='0'/><Cell N='EventDblClick' V='0' F='OPENTEXTWIN()'/><Cell N='LayerMember' V='0'/><Cell N='HideText' V='1' F='IF(User.LabelPosition=0,TRUE,FALSE)'/><Cell N='GlueType' V='8'/><Cell N='ObjType' V='4'/><Cell N='FillForegnd' V='#9cb084' F='IF(QuickStyleFillMatrix=255,THEMEVAL("Accentcolor2"),THEMEVAL())'/><Cell N='FillPattern' V='0' F='GUARD(IF(User.FillType=0,0,SETATREFEXPR(1)))'/><Cell N='ShdwPattern' V='0' F='GUARD(0)'/><Cell N='TxtPinX' V='0.02' U='IN' F='IF(User.LabelPosition=2,Width-User.CalloutMargin,User.CalloutMargin)'/><Cell N='TxtPinY' V='0.1005803012424045' U='IN' F='IF(User.LabelPosition=4,User.BottomHeight,IF(User.LabelPosition=3,User.BottomHeight+User.MiddleHeight,User.MiddleHeight*0.5))+User.CalloutMargin'/><Cell N='TxtWidth' V='1.86' U='IN' F='(Width-User.CalloutMargin*2)*IF(AND(OR(User.LabelPosition=1,User.LabelPosition=2),User.ValuePosition=5),0.625,1)'/><Cell N='TxtHeight' V='0.161160602484809' F='TEXTHEIGHT(TheText,TxtWidth)'/><Cell N='TxtLocPinX' V='0' U='IN' F='IF(User.LabelPosition=2,TxtWidth*1,TxtWidth*0)'/><Cell N='TxtLocPinY' V='0.08058030124240451' F='TxtHeight*IF(User.LabelPosition=4,1,IF(User.LabelPosition=3,0,0.5))'/><Cell N='TxtAngle' V='0'/><Cell N='LeftMargin' V='0.01388888888888889' U='PT'/><Cell N='RightMargin' V='0.01388888888888889' U='PT'/><Cell N='TopMargin' V='0.01388888888888889' U='PT'/><Cell N='BottomMargin' V='0.01388888888888889' U='PT'/><Cell N='VerticalAlign' V='0'/><Cell N='LockRotate' V='1'/><Cell N='LockGroup' V='1'/><Cell N='LockCalcWH' V='1'/><Cell N='LockCustProp' V='1'/><Cell N='LockFromGroupFormat' V='1'/><Cell N='DisplayMode' V='1'/><Cell N='IsSnapTarget' V='0'/><Cell N='DontMoveChildren' V='1'/><Cell N='LinePattern' V='1' F='GUARD(IF(User.BorderType=0,0,SETATREFEXPR(1)))'/><Cell N='Rounding' V='0' F='GUARD(0)'/><Cell N='QuickStyleFillMatrix' V='255'/><Cell N='FillGradientEnabled' V='0' F='IF(OR(User.FillType=0,QuickStyleFillMatrix=255),FALSE,THEMEVAL())'/><Cell N='HelpTopic' V='Vis_PRXY.chm!#60445'/><Section N='User'><Row N='msvCalloutType'><Cell N='Value' V='Text Callout' U='STR'/><Cell N='Prompt' V=''/></Row><Row N='ValueFormat'><Cell N='Value' V='esc(0)' U='STR' F='IF(STRSAME(Prop.msvCalloutPropValueFormat,""),IF(STRSAME(Prop.msvCalloutField.Format,""),FIELDPICTURE(0),Prop.msvCalloutField.Format),Prop.msvCalloutPropValueFormat)'/><Cell N='Prompt' V=''/></Row><Row N='BorderType'><Cell N='Value' V='1' F='LOOKUP(Prop.msvCalloutPropBorder,Prop.msvCalloutPropBorder.Format)'/><Cell N='Prompt' V=''/></Row><Row N='FillType'><Cell N='Value' V='0' F='LOOKUP(Prop.msvCalloutPropFill,Prop.msvCalloutPropFill.Format)'/><Cell N='Prompt' V=''/></Row><Row N='LabelText'><Cell N='Value' V='Serial Number' U='STR' F='IF(STRSAME(Prop.msvCalloutPropLabel,Prop.msvCalloutPropLabel.Format),Prop.msvCalloutField.SortKey,Prop.msvCalloutPropLabel)'/><Cell N='Prompt' V=''/></Row><Row N='LabelPosition'><Cell N='Value' V='0' F='IF(Para.Flags=0,User.LabelPosition2,IF(User.LabelPosition2=1,2,IF(User.LabelPosition2=2,1,User.LabelPosition2)))'/><Cell N='Prompt' V=''/></Row><Row N='ValueText'><Cell N='Value' V='1234567890' U='STR' F='FORMATEX(Prop.msvCalloutField,User.ValueFormat,,,User.ValueTextLangID,IF(STRSAME(Prop.msvCalloutPropValueFormat,""),Prop.msvCalloutField.Calendar,Prop.msvCalloutPropValueFormat.Calendar))'/><Cell N='Prompt' V=''/></Row><Row N='TopHeight'><Cell N='Value' V='0' F='IF(User.LabelPosition=3,TxtHeight,0)'/><Cell N='Prompt' V=''/></Row><Row N='MiddleHeight'><Cell N='Value' V='0.161160602484809' U='DL' F='MAX(IF(OR(User.LabelPosition=1,User.LabelPosition=2),TxtHeight,0),IF(User.ValuePosition=5,Sheet.8!TxtHeight,0))'/><Cell N='Prompt' V=''/></Row><Row N='BottomHeight'><Cell N='Value' V='0' F='IF(User.LabelPosition=4,TxtHeight,0)'/><Cell N='Prompt' V=''/></Row><Row N='visDGDefaultPos'><Cell N='Value' V='PNT(5,2)' U='PNT' F='PNT(BOUND(ROUND(Sheet.5!Controls.msvDGPosition*4/Sheet.5!Width,0),0,FALSE,-1,5),BOUND(ROUND(Sheet.5!Controls.msvDGPosition.Y*4/Sheet.5!Height,0),0,FALSE,-1,5))'/><Cell N='Prompt' V=''/></Row><Row N='visDGStackHeight'><Cell N='Value' V='0'/><Cell N='Prompt' V=''/></Row><Row N='ValuePosition'><Cell N='Value' V='5' F='IF(STRSAME(User.ValueText,""),0,IF(Prop.msvCalloutPropShowValue=TRUE,5,0))'/><Cell N='Prompt' V=''/></Row><Row N='ThemeColor'><Cell N='Value' V='#9cb084' U='COLOR' F='THEMEGUARD(THEMEVAL("AccentColor2"))'/><Cell N='Prompt' V=''/></Row><Row N='CalloutMargin'><Cell N='Value' V='0.02' U='IN' F='0.02IN*DropOnPageScale'/><Cell N='Prompt' V=''/></Row><Row N='CalloutOffset'><Cell N='Value' V='0.125' U='IN' F='0.125IN*DropOnPageScale'/><Cell N='Prompt' V=''/></Row><Row N='UnitSample'><Cell N='Value' V='12.3456' U='IN'/><Cell N='Prompt' V=''/></Row><Row N='TextSample'><Cell N='Value' V='Abc' U='STR'/><Cell N='Prompt' V=''/></Row><Row N='visDGCalloutItem'><Cell N='Value' V='0' U='BOOL' F='DEPENDSON(6)'/><Cell N='Prompt' V=''/></Row><Row N='ThemeColor2'><Cell N='Value' V='#ffffff' U='COLOR' F='IF(LUMDIFF(THEMEVAL("LineColor"),THEMEVAL("FillColor"))&lt;0,TINT(TONE(User.ThemeColor,-50),-80),TINT(TONE(User.ThemeColor,-50),120))'/><Cell N='Prompt' V=''/></Row><Row N='LabelTextLangID'><Cell N='Value' V='1033' F='IF(STRSAME(Prop.msvCalloutPropLabel,Prop.msvCalloutPropLabel.Format),Prop.msvCalloutField.LangID,Prop.msvCalloutPropLabel.LangID)'/><Cell N='Prompt' V=''/></Row><Row N='ValueTextLangID'><Cell N='Value' V='1033' F='IF(STRSAME(Prop.msvCalloutPropValueFormat,""),Prop.msvCalloutField.LangID,Prop.msvCalloutPropValueFormat.LangID)'/><Cell N='Prompt' V=''/></Row><Row N='LabelPosition2'><Cell N='Value' V='0' F='IF(STRSAME(User.LabelText,""),0,LOOKUP(Prop.msvCalloutPropLabelPosition,Prop.msvCalloutPropLabelPosition.Format))'/><Cell N='Prompt' V=''/></Row><Row N='visVersion'><Cell N='Value' V='15'/><Cell N='Prompt' V=''/></Row></Section><Section N='Property'><Row N='msvCalloutPropShowValue'><Cell N='Value' V='1' U='BOOL'/><Cell N='Prompt' V='Bool'/><Cell N='Label' V='Show Value'/><Cell N='Format' V=''/><Cell N='SortKey' V=''/><Cell N='Type' V='3'/><Cell N='Invisible' V='1'/><Cell N='Verify' V='0'/><Cell N='DataLinked' V='0' F='No Formula'/><Cell N='LangID' V='en-US'/><Cell N='Calendar' V='0'/></Row><Row N='msvCalloutPropValueFormat'><Cell N='Value' V='' U='STR'/><Cell N='Prompt' V='Format'/><Cell N='Label' V='Value Format'/><Cell N='Format' V=''/><Cell N='SortKey' V=''/><Cell N='Type' V='0'/><Cell N='Invisible' V='1'/><Cell N='Verify' V='0'/><Cell N='DataLinked' V='0' F='No Formula'/><Cell N='LangID' V='en-US'/><Cell N='Calendar' V='0'/></Row><Row N='msvCalloutPropValueSize'><Cell N='Value' V='0.1111111111111111' U='PT' F='SETATREF(Sheet.8!Char.Size)'/><Cell N='Prompt' V='Font'/><Cell N='Label' V='Value Font Size'/><Cell N='Format' V=''/><Cell N='SortKey' V=''/><Cell N='Type' V='2'/><Cell N='Invisible' V='1'/><Cell N='Verify' V='0'/><Cell N='DataLinked' V='0' F='No Formula'/><Cell N='LangID' V='en-US'/><Cell N='Calendar' V='0'/></Row><Row N='msvCalloutPropLabelPosition'><Cell N='Value' V='Not Shown' U='STR'/><Cell N='Prompt' V='List'/><Cell N='Label' V='Label Position'/><Cell N='Format' V='Not Shown;Left of Value;Right of Value;Above Value;Below Value'/><Cell N='SortKey' V=''/><Cell N='Type' V='1'/><Cell N='Invisible' V='1'/><Cell N='Verify' V='0'/><Cell N='DataLinked' V='0' F='No Formula'/><Cell N='LangID' V='en-US'/><Cell N='Calendar' V='0'/></Row><Row N='msvCalloutPropLabel'><Cell N='Value' V='[Default]' U='STR' F='Prop.msvCalloutPropLabel.Format'/><Cell N='Prompt' V='String'/><Cell N='Label' V='Label'/><Cell N='Format' V='[Default]'/><Cell N='SortKey' V=''/><Cell N='Type' V='0'/><Cell N='Invisible' V='1'/><Cell N='Verify' V='0'/><Cell N='DataLinked' V='0' F='No Formula'/><Cell N='LangID' V='en-US'/><Cell N='Calendar' V='0'/></Row><Row N='msvCalloutPropLabelSize'><Cell N='Value' V='0.1111111111111111' U='PT' F='SETATREF(Char.Size)'/><Cell N='Prompt' V='Font'/><Cell N='Label' V='Label Font Size'/><Cell N='Format' V=''/><Cell N='SortKey' V=''/><Cell N='Type' V='2'/><Cell N='Invisible' V='1'/><Cell N='Verify' V='0'/><Cell N='DataLinked' V='0' F='No Formula'/><Cell N='LangID' V='en-US'/><Cell N='Calendar' V='0'/></Row><Row N='msvCalloutPropBorder'><Cell N='Value' V='Bottom' U='STR' F='INDEX(1,Prop.msvCalloutPropBorder.Format)'/><Cell N='Prompt' V='List'/><Cell N='Label' V='Border Type'/><Cell N='Format' V='None;Bottom;Outline'/><Cell N='SortKey' V=''/><Cell N='Type' V='1'/><Cell N='Invisible' V='1'/><Cell N='Verify' V='0'/><Cell N='DataLinked' V='0' F='No Formula'/><Cell N='LangID' V='en-US'/><Cell N='Calendar' V='0'/></Row><Row N='msvCalloutPropFill'><Cell N='Value' V='None' U='STR' F='INDEX(0,Prop.msvCalloutPropFill.Format)'/><Cell N='Prompt' V='List'/><Cell N='Label' V='Fill Type'/><Cell N='Format' V='None;Filled'/><Cell N='SortKey' V=''/><Cell N='Type' V='1'/><Cell N='Invisible' V='1'/><Cell N='Verify' V='0'/><Cell N='DataLinked' V='0'/><Cell N='LangID' V='en-US'/><Cell N='Calendar' V='0'/></Row><Row N='msvCalloutPropOffset'><Cell N='Value' V='None' U='STR' F='INDEX(1,Prop.msvCalloutPropOffset.Format)'/><Cell N='Prompt' V='List'/><Cell N='Label' V='Callout Offset'/><Cell N='Format' V='Left;None;Right'/><Cell N='SortKey' V=''/><Cell N='Type' V='1'/><Cell N='Invisible' V='1'/><Cell N='Verify' V='0'/><Cell N='DataLinked' V='0' F='No Formula'/><Cell N='LangID' V='en-US'/><Cell N='Calendar' V='0'/></Row><Row N='msvCalloutPropWidth'><Cell N='Value' V='0'/><Cell N='Prompt' V='Number'/><Cell N='Label' V='Callout Width'/><Cell N='Format' V=''/><Cell N='SortKey' V=''/><Cell N='Type' V='2'/><Cell N='Invisible' V='1'/><Cell N='Verify' V='0'/><Cell N='DataLinked' V='0' F='No Formula'/><Cell N='LangID' V='en-US'/><Cell N='Calendar' V='0'/></Row><Row N='msvCalloutField'><Cell N='Value' V='1234567890' U='STR' F='Sheet.5!Prop.SerialNumber'/><Cell N='Prompt' V=''/><Cell N='Label' V=''/><Cell N='Format' V=''/><Cell N='SortKey' V='Serial Number'/><Cell N='Type' V='0'/><Cell N='Invisible' V='1'/><Cell N='Verify' V='0'/><Cell N='DataLinked' V='0' F='No Formula'/><Cell N='LangID' V='en-US'/><Cell N='Calendar' V='0'/></Row></Section><Section N='Field'><Row IX='0'><Cell N='Value' V='Serial Number' U='STR' F='User.LabelText'/><Cell N='Format' V='esc(0)' U='STR' F='FIELDPICTURE(0)'/><Cell N='Type' V='0'/><Cell N='UICat' V='0' F='No Formula'/><Cell N='UICod' V='0' F='No Formula'/><Cell N='UIFmt' V='0' F='No Formula'/><Cell N='Calendar' V='0'/><Cell N='ObjectKind' V='0'/></Row></Section><Section N='Character'><Row IX='0'><Cell N='Color' V='#000000' F='THEMEGUARD(IF(User.FillType=1,THEMEVAL("TextColor"),IF(LUM(THEMEVAL("BackgroundColor"))&gt;120,THEMEVAL("Dark"),THEMEVAL("Light"))))'/><Cell N='Size' V='0.1111111111111111' U='PT'/><Cell N='LangID' V='en-US' F='User.LabelTextLangID'/></Row></Section><Section N='Paragraph'><Row IX='0'><Cell N='HorzAlign' V='0' F='IF(OR(User.ValuePosition=0,User.LabelPosition=0,User.LabelPosition=3,User.LabelPosition=4),SETATREFEXPR(IF(Para.Flags+User.LabelPosition=2,2,0)),IF(Para.Flags+User.LabelPosition=2,2,0))'/></Row></Section><Section N='Geometry' IX='0'><Cell N='NoFill' V='1' F='IF(User.FillType=0,TRUE,FALSE)'/><Cell N='NoLine' V='1' F='IF(User.BorderType=1,TRUE,FALSE)'/><Cell N='NoShow' V='0'/><Cell N='NoSnap' V='0'/><Cell N='NoQuickDrag' V='0' F='No Formula'/><Row T='MoveTo' IX='1'><Cell N='X' V='0.02' U='IN' F='User.CalloutMargin'/><Cell N='Y' V='0.02' U='IN' F='User.CalloutMargin'/></Row><Row T='LineTo' IX='2'><Cell N='X' V='1.88' U='IN' F='Width*1-Geometry1.X1'/><Cell N='Y' V='0.02' U='IN' F='Geometry1.Y1'/></Row><Row T='LineTo' IX='3'><Cell N='X' V='1.88' U='IN' F='Geometry1.X2'/><Cell N='Y' V='0.181160602484809' U='IN' F='Height*1-Geometry1.Y1'/></Row><Row T='LineTo' IX='4'><Cell N='X' V='0.02' U='IN' F='Geometry1.X1'/><Cell N='Y' V='0.181160602484809' U='IN' F='Geometry1.Y3'/></Row><Row T='LineTo' IX='5'><Cell N='X' V='0.02' U='IN' F='Geometry1.X1'/><Cell N='Y' V='0.02' U='IN' F='Geometry1.Y1'/></Row></Section><Section N='Geometry' IX='1'><Cell N='NoFill' V='1'/><Cell N='NoLine' V='0'/><Cell N='NoShow' V='0' F='IF(User.BorderType=1,FALSE,TRUE)'/><Cell N='NoSnap' V='0'/><Cell N='NoQuickDrag' V='0' F='No Formula'/><Row T='MoveTo' IX='1'><Cell N='X' V='0.02' U='IN' F='User.CalloutMargin'/><Cell N='Y' V='0.02' U='IN' F='User.CalloutMargin'/></Row><Row T='LineTo' IX='2'><Cell N='X' V='1.88' U='IN' F='Width*1-Geometry2.X1'/><Cell N='Y' V='0.02' U='IN' F='Geometry2.Y1'/></Row></Section><Text><cp IX='0'/><pp IX='0'/><fld IX='0'>Serial Number</fld>
</Text><Shapes><Shape ID='8' Type='Shape' LineStyle='3' FillStyle='3' TextStyle='3'><Cell N='PinX' V='0.9499999999999993' F='Sheet.7!Width*0.5'/><Cell N='PinY' V='0.1005803012424045' U='IN' F='Sheet.7!Height*0.5'/><Cell N='Width' V='1.9' F='Sheet.7!Width*1'/><Cell N='Height' V='0.201160602484809' U='IN' F='Sheet.7!Height*1'/><Cell N='LocPinX' V='0.9499999999999993' F='Width*0.5'/><Cell N='LocPinY' V='0.1005803012424045' U='IN' F='Height*0.5'/><Cell N='Angle' V='0'/><Cell N='FlipX' V='0'/><Cell N='FlipY' V='0'/><Cell N='ResizeMode' V='0'/><Cell N='LayerMember' V='0'/><Cell N='LineWeight' V='0.01388888888888889' U='PT' F='THEMEVAL("LineWeight",0.0033333333333333DT)'/><Cell N='Rounding' V='0' U='IN' F='0IN*DropOnPageScale'/><Cell N='NoObjHandles' V='1'/><Cell N='HideText' V='0' F='IF(User.ValuePosition=0,TRUE,FALSE)'/><Cell N='GlueType' V='8'/><Cell N='ObjType' V='4'/><Cell N='TxtPinX' V='1.88' U='IN' F='IF(User.LabelPosition&lt;2,Width-User.CalloutMargin,User.CalloutMargin)'/><Cell N='TxtPinY' V='0.1005803012424045' U='IN' F='IF(User.LabelPosition=4,User.BottomHeight,IF(User.LabelPosition=3,User.BottomHeight+User.MiddleHeight,User.MiddleHeight*0.5))+User.CalloutMargin'/><Cell N='TxtWidth' V='1.86' U='IN' F='(Width-User.CalloutMargin*2)*IF(OR(User.LabelPosition=1,User.LabelPosition=2),1-TEXTWIDTH(Sheet.7!TheText,Sheet.7!TxtWidth)/(Width-User.CalloutMargin*2),1)'/><Cell N='TxtHeight' V='0.161160602484809' F='TEXTHEIGHT(TheText,TxtWidth)'/><Cell N='TxtLocPinX' V='1.86' U='IN' F='TxtWidth*IF(User.LabelPosition&lt;2,1,0)'/><Cell N='TxtLocPinY' V='0.08058030124240451' F='TxtHeight*IF(User.LabelPosition=4,0,IF(User.LabelPosition=3,1,0.5))'/><Cell N='TxtAngle' V='0'/><Cell N='ShdwPattern' V='0' F='GUARD(0)'/><Cell N='LeftMargin' V='0.01388888888888889' U='PT'/><Cell N='RightMargin' V='0.01388888888888889' U='PT'/><Cell N='TopMargin' V='0.01388888888888889' U='PT'/><Cell N='BottomMargin' V='0.01388888888888889' U='PT'/><Cell N='LockCalcWH' V='1'/><Section N='Field'><Row IX='0'><Cell N='Value' V='1234567890' U='STR' F='Sheet.7!User.ValueText'/><Cell N='Format' V='esc(0)' U='STR' F='FIELDPICTURE(0)'/><Cell N='Type' V='0'/><Cell N='UICat' V='0' F='No Formula'/><Cell N='UICod' V='0' F='No Formula'/><Cell N='UIFmt' V='0' F='No Formula'/><Cell N='Calendar' V='0'/><Cell N='ObjectKind' V='0'/></Row></Section><Section N='User'><Row N='LabelPosition'><Cell N='Value' V='0' F='Sheet.7!User.LabelPosition'/><Cell N='Prompt' V=''/></Row><Row N='ValuePosition'><Cell N='Value' V='5' F='Sheet.7!User.ValuePosition'/><Cell N='Prompt' V=''/></Row><Row N='BottomHeight'><Cell N='Value' V='0' F='Sheet.7!User.BottomHeight'/><Cell N='Prompt' V=''/></Row><Row N='MiddleHeight'><Cell N='Value' V='0.161160602484809' U='DL' F='Sheet.7!User.MiddleHeight'/><Cell N='Prompt' V=''/></Row><Row N='CalloutMargin'><Cell N='Value' V='0.02' U='IN' F='Sheet.7!User.CalloutMargin'/><Cell N='Prompt' V=''/></Row></Section><Section N='Character'><Row IX='0'><Cell N='Color' V='#000000' F='GUARD(Sheet.7!Char.Color)'/><Cell N='Size' V='0.1111111111111111' U='PT'/><Cell N='LangID' V='en-US' F='Sheet.7!User.ValueTextLangID'/></Row></Section><Section N='Paragraph'><Row IX='0'><Cell N='HorzAlign' V='2' F='IF(OR(User.ValuePosition=0,User.LabelPosition=0,User.LabelPosition=3,User.LabelPosition=4),SETATREFEXPR(IF(Para.Flags=0,IF(User.LabelPosition&lt;2,2,0),IF(User.LabelPosition=2,2,0))),IF(Para.Flags=0,IF(User.LabelPosition&lt;2,2,0),IF(User.LabelPosition=2,2,0)))'/><Cell N='Flags' V='0' F='GUARD(Sheet.7!Para.Flags)'/></Row></Section><Text><cp IX='0'/><pp IX='0'/><fld IX='0'>1234567890</fld>
</Text></Shape></Shapes></Shape><Shape ID='9' NameU='Text callout.1438' IsCustomNameU='1' Name='Text callout.1438' IsCustomName='1' Type='Group' LineStyle='3' FillStyle='3' TextStyle='3'><Cell N='PinX' V='2.9125' F='IF(PNTX(User.visDGDefaultPos)&lt;2,PNTX(User.visDGDefaultPos)*Width*0.5,IF(PNTX(User.visDGDefaultPos)=2,Sheet.5!Width*0.5,(PNTX(User.visDGDefaultPos)-4)*Width*0.5+Sheet.5!Width))+IF(PNTX(User.visDGDefaultPos)&lt;0,-ThePage!User.msvDGCalloutGap,IF(PNTX(User.visDGDefaultPos)&gt;4,ThePage!User.msvDGCalloutGap,0))'/><Cell N='PinY' V='0.262499999999996' U='IN' F='Sheet.11!PinY-Sheet.11!LocPinY-Height+LocPinY'/><Cell N='Width' V='1.9' F='IF(Prop.msvCalloutPropWidth&gt;0,Prop.msvCalloutPropWidth,IF(AND(PNTX(User.visDGDefaultPos)&gt;0,PNTX(User.visDGDefaultPos)&lt;4,PNTY(User.visDGDefaultPos)&gt;0,PNTY(User.visDGDefaultPos)&lt;4),Sheet.5!Width,MAX(Sheet.5!Width,1.25*DropOnPageScale)))'/><Cell N='Height' V='0.201160602484809' U='IN' F='GUARD(MAX(8PT,User.BottomHeight+User.MiddleHeight+User.TopHeight)+User.CalloutMargin*2)'/><Cell N='LocPinX' V='0.9499999999999993' U='IN' F='Width*0.5+INDEX(LOOKUP(Prop.msvCalloutPropOffset,Prop.msvCalloutPropOffset.Format),"1;0;-1")*User.CalloutOffset'/><Cell N='LocPinY' V='0.1005803012424045' U='IN' F='Height*0.5'/><Cell N='Angle' V='0'/><Cell N='FlipX' V='0' F='Sheet.5!FlipX'/><Cell N='FlipY' V='0' F='Sheet.5!FlipY'/><Cell N='ResizeMode' V='0'/><Cell N='EventDblClick' V='0' F='OPENTEXTWIN()'/><Cell N='LayerMember' V='0'/><Cell N='HideText' V='1' F='IF(User.LabelPosition=0,TRUE,FALSE)'/><Cell N='GlueType' V='8'/><Cell N='ObjType' V='4'/><Cell N='FillForegnd' V='#9cb084' F='IF(QuickStyleFillMatrix=255,THEMEVAL("Accentcolor2"),THEMEVAL())'/><Cell N='FillPattern' V='0' F='GUARD(IF(User.FillType=0,0,SETATREFEXPR(1)))'/><Cell N='ShdwPattern' V='0' F='GUARD(0)'/><Cell N='TxtPinX' V='0.02' U='IN' F='IF(User.LabelPosition=2,Width-User.CalloutMargin,User.CalloutMargin)'/><Cell N='TxtPinY' V='0.1005803012424045' U='IN' F='IF(User.LabelPosition=4,User.BottomHeight,IF(User.LabelPosition=3,User.BottomHeight+User.MiddleHeight,User.MiddleHeight*0.5))+User.CalloutMargin'/><Cell N='TxtWidth' V='1.86' U='IN' F='(Width-User.CalloutMargin*2)*IF(AND(OR(User.LabelPosition=1,User.LabelPosition=2),User.ValuePosition=5),0.625,1)'/><Cell N='TxtHeight' V='0.161160602484809' F='TEXTHEIGHT(TheText,TxtWidth)'/><Cell N='TxtLocPinX' V='0' U='IN' F='IF(User.LabelPosition=2,TxtWidth*1,TxtWidth*0)'/><Cell N='TxtLocPinY' V='0.08058030124240451' F='TxtHeight*IF(User.LabelPosition=4,1,IF(User.LabelPosition=3,0,0.5))'/><Cell N='TxtAngle' V='0'/><Cell N='LeftMargin' V='0.01388888888888889' U='PT'/><Cell N='RightMargin' V='0.01388888888888889' U='PT'/><Cell N='TopMargin' V='0.01388888888888889' U='PT'/><Cell N='BottomMargin' V='0.01388888888888889' U='PT'/><Cell N='VerticalAlign' V='0'/><Cell N='LockRotate' V='1'/><Cell N='LockGroup' V='1'/><Cell N='LockCalcWH' V='1'/><Cell N='LockCustProp' V='1'/><Cell N='LockFromGroupFormat' V='1'/><Cell N='DisplayMode' V='1'/><Cell N='IsSnapTarget' V='0'/><Cell N='DontMoveChildren' V='1'/><Cell N='LinePattern' V='1' F='GUARD(IF(User.BorderType=0,0,SETATREFEXPR(1)))'/><Cell N='Rounding' V='0' F='GUARD(0)'/><Cell N='QuickStyleFillMatrix' V='255'/><Cell N='FillGradientEnabled' V='0' F='IF(OR(User.FillType=0,QuickStyleFillMatrix=255),FALSE,THEMEVAL())'/><Cell N='HelpTopic' V='Vis_PRXY.chm!#60445'/><Section N='User'><Row N='msvCalloutType'><Cell N='Value' V='Text Callout' U='STR'/><Cell N='Prompt' V=''/></Row><Row N='ValueFormat'><Cell N='Value' V='esc(0)' U='STR' F='IF(STRSAME(Prop.msvCalloutPropValueFormat,""),IF(STRSAME(Prop.msvCalloutField.Format,""),FIELDPICTURE(0),Prop.msvCalloutField.Format),Prop.msvCalloutPropValueFormat)'/><Cell N='Prompt' V=''/></Row><Row N='BorderType'><Cell N='Value' V='1' F='LOOKUP(Prop.msvCalloutPropBorder,Prop.msvCalloutPropBorder.Format)'/><Cell N='Prompt' V=''/></Row><Row N='FillType'><Cell N='Value' V='0' F='LOOKUP(Prop.msvCalloutPropFill,Prop.msvCalloutPropFill.Format)'/><Cell N='Prompt' V=''/></Row><Row N='LabelText'><Cell N='Value' V='Rack/Cab Bay' U='STR' F='IF(STRSAME(Prop.msvCalloutPropLabel,Prop.msvCalloutPropLabel.Format),Prop.msvCalloutField.SortKey,Prop.msvCalloutPropLabel)'/><Cell N='Prompt' V=''/></Row><Row N='LabelPosition'><Cell N='Value' V='0' F='IF(Para.Flags=0,User.LabelPosition2,IF(User.LabelPosition2=1,2,IF(User.LabelPosition2=2,1,User.LabelPosition2)))'/><Cell N='Prompt' V=''/></Row><Row N='ValueText'><Cell N='Value' V='27F' U='STR' F='FORMATEX(Prop.msvCalloutField,User.ValueFormat,,,User.ValueTextLangID,IF(STRSAME(Prop.msvCalloutPropValueFormat,""),Prop.msvCalloutField.Calendar,Prop.msvCalloutPropValueFormat.Calendar))'/><Cell N='Prompt' V=''/></Row><Row N='TopHeight'><Cell N='Value' V='0' F='IF(User.LabelPosition=3,TxtHeight,0)'/><Cell N='Prompt' V=''/></Row><Row N='MiddleHeight'><Cell N='Value' V='0.161160602484809' U='DL' F='MAX(IF(OR(User.LabelPosition=1,User.LabelPosition=2),TxtHeight,0),IF(User.ValuePosition=5,Sheet.10!TxtHeight,0))'/><Cell N='Prompt' V=''/></Row><Row N='BottomHeight'><Cell N='Value' V='0' F='IF(User.LabelPosition=4,TxtHeight,0)'/><Cell N='Prompt' V=''/></Row><Row N='visDGDefaultPos'><Cell N='Value' V='PNT(5,2)' U='PNT' F='PNT(BOUND(ROUND(Sheet.5!Controls.msvDGPosition*4/Sheet.5!Width,0),0,FALSE,-1,5),BOUND(ROUND(Sheet.5!Controls.msvDGPosition.Y*4/Sheet.5!Height,0),0,FALSE,-1,5))'/><Cell N='Prompt' V=''/></Row><Row N='visDGStackHeight'><Cell N='Value' V='0'/><Cell N='Prompt' V=''/></Row><Row N='ValuePosition'><Cell N='Value' V='5' F='IF(STRSAME(User.ValueText,""),0,IF(Prop.msvCalloutPropShowValue=TRUE,5,0))'/><Cell N='Prompt' V=''/></Row><Row N='ThemeColor'><Cell N='Value' V='#9cb084' U='COLOR' F='THEMEGUARD(THEMEVAL("AccentColor2"))'/><Cell N='Prompt' V=''/></Row><Row N='CalloutMargin'><Cell N='Value' V='0.02' U='IN' F='0.02IN*DropOnPageScale'/><Cell N='Prompt' V=''/></Row><Row N='CalloutOffset'><Cell N='Value' V='0.125' U='IN' F='0.125IN*DropOnPageScale'/><Cell N='Prompt' V=''/></Row><Row N='UnitSample'><Cell N='Value' V='12.3456' U='IN'/><Cell N='Prompt' V=''/></Row><Row N='TextSample'><Cell N='Value' V='Abc' U='STR'/><Cell N='Prompt' V=''/></Row><Row N='visDGCalloutItem'><Cell N='Value' V='0' U='BOOL' F='DEPENDSON(8)'/><Cell N='Prompt' V=''/></Row><Row N='ThemeColor2'><Cell N='Value' V='#ffffff' U='COLOR' F='IF(LUMDIFF(THEMEVAL("LineColor"),THEMEVAL("FillColor"))&lt;0,TINT(TONE(User.ThemeColor,-50),-80),TINT(TONE(User.ThemeColor,-50),120))'/><Cell N='Prompt' V=''/></Row><Row N='LabelTextLangID'><Cell N='Value' V='1033' F='IF(STRSAME(Prop.msvCalloutPropLabel,Prop.msvCalloutPropLabel.Format),Prop.msvCalloutField.LangID,Prop.msvCalloutPropLabel.LangID)'/><Cell N='Prompt' V=''/></Row><Row N='ValueTextLangID'><Cell N='Value' V='1033' F='IF(STRSAME(Prop.msvCalloutPropValueFormat,""),Prop.msvCalloutField.LangID,Prop.msvCalloutPropValueFormat.LangID)'/><Cell N='Prompt' V=''/></Row><Row N='LabelPosition2'><Cell N='Value' V='0' F='IF(STRSAME(User.LabelText,""),0,LOOKUP(Prop.msvCalloutPropLabelPosition,Prop.msvCalloutPropLabelPosition.Format))'/><Cell N='Prompt' V=''/></Row><Row N='visVersion'><Cell N='Value' V='15'/><Cell N='Prompt' V=''/></Row></Section><Section N='Property'><Row N='msvCalloutPropShowValue'><Cell N='Value' V='1' U='BOOL'/><Cell N='Prompt' V='Bool'/><Cell N='Label' V='Show Value'/><Cell N='Format' V=''/><Cell N='SortKey' V=''/><Cell N='Type' V='3'/><Cell N='Invisible' V='1'/><Cell N='Verify' V='0'/><Cell N='DataLinked' V='0' F='No Formula'/><Cell N='LangID' V='en-US'/><Cell N='Calendar' V='0'/></Row><Row N='msvCalloutPropValueFormat'><Cell N='Value' V='' U='STR'/><Cell N='Prompt' V='Format'/><Cell N='Label' V='Value Format'/><Cell N='Format' V=''/><Cell N='SortKey' V=''/><Cell N='Type' V='0'/><Cell N='Invisible' V='1'/><Cell N='Verify' V='0'/><Cell N='DataLinked' V='0' F='No Formula'/><Cell N='LangID' V='en-US'/><Cell N='Calendar' V='0'/></Row><Row N='msvCalloutPropValueSize'><Cell N='Value' V='0.1111111111111111' U='PT' F='SETATREF(Sheet.10!Char.Size)'/><Cell N='Prompt' V='Font'/><Cell N='Label' V='Value Font Size'/><Cell N='Format' V=''/><Cell N='SortKey' V=''/><Cell N='Type' V='2'/><Cell N='Invisible' V='1'/><Cell N='Verify' V='0'/><Cell N='DataLinked' V='0' F='No Formula'/><Cell N='LangID' V='en-US'/><Cell N='Calendar' V='0'/></Row><Row N='msvCalloutPropLabelPosition'><Cell N='Value' V='Not Shown' U='STR'/><Cell N='Prompt' V='List'/><Cell N='Label' V='Label Position'/><Cell N='Format' V='Not Shown;Left of Value;Right of Value;Above Value;Below Value'/><Cell N='SortKey' V=''/><Cell N='Type' V='1'/><Cell N='Invisible' V='1'/><Cell N='Verify' V='0'/><Cell N='DataLinked' V='0' F='No Formula'/><Cell N='LangID' V='en-US'/><Cell N='Calendar' V='0'/></Row><Row N='msvCalloutPropLabel'><Cell N='Value' V='[Default]' U='STR' F='Prop.msvCalloutPropLabel.Format'/><Cell N='Prompt' V='String'/><Cell N='Label' V='Label'/><Cell N='Format' V='[Default]'/><Cell N='SortKey' V=''/><Cell N='Type' V='0'/><Cell N='Invisible' V='1'/><Cell N='Verify' V='0'/><Cell N='DataLinked' V='0' F='No Formula'/><Cell N='LangID' V='en-US'/><Cell N='Calendar' V='0'/></Row><Row N='msvCalloutPropLabelSize'><Cell N='Value' V='0.1111111111111111' U='PT' F='SETATREF(Char.Size)'/><Cell N='Prompt' V='Font'/><Cell N='Label' V='Label Font Size'/><Cell N='Format' V=''/><Cell N='SortKey' V=''/><Cell N='Type' V='2'/><Cell N='Invisible' V='1'/><Cell N='Verify' V='0'/><Cell N='DataLinked' V='0' F='No Formula'/><Cell N='LangID' V='en-US'/><Cell N='Calendar' V='0'/></Row><Row N='msvCalloutPropBorder'><Cell N='Value' V='Bottom' U='STR' F='INDEX(1,Prop.msvCalloutPropBorder.Format)'/><Cell N='Prompt' V='List'/><Cell N='Label' V='Border Type'/><Cell N='Format' V='None;Bottom;Outline'/><Cell N='SortKey' V=''/><Cell N='Type' V='1'/><Cell N='Invisible' V='1'/><Cell N='Verify' V='0'/><Cell N='DataLinked' V='0' F='No Formula'/><Cell N='LangID' V='en-US'/><Cell N='Calendar' V='0'/></Row><Row N='msvCalloutPropFill'><Cell N='Value' V='None' U='STR' F='INDEX(0,Prop.msvCalloutPropFill.Format)'/><Cell N='Prompt' V='List'/><Cell N='Label' V='Fill Type'/><Cell N='Format' V='None;Filled'/><Cell N='SortKey' V=''/><Cell N='Type' V='1'/><Cell N='Invisible' V='1'/><Cell N='Verify' V='0'/><Cell N='DataLinked' V='0'/><Cell N='LangID' V='en-US'/><Cell N='Calendar' V='0'/></Row><Row N='msvCalloutPropOffset'><Cell N='Value' V='None' U='STR' F='INDEX(1,Prop.msvCalloutPropOffset.Format)'/><Cell N='Prompt' V='List'/><Cell N='Label' V='Callout Offset'/><Cell N='Format' V='Left;None;Right'/><Cell N='SortKey' V=''/><Cell N='Type' V='1'/><Cell N='Invisible' V='1'/><Cell N='Verify' V='0'/><Cell N='DataLinked' V='0' F='No Formula'/><Cell N='LangID' V='en-US'/><Cell N='Calendar' V='0'/></Row><Row N='msvCalloutPropWidth'><Cell N='Value' V='0'/><Cell N='Prompt' V='Number'/><Cell N='Label' V='Callout Width'/><Cell N='Format' V=''/><Cell N='SortKey' V=''/><Cell N='Type' V='2'/><Cell N='Invisible' V='1'/><Cell N='Verify' V='0'/><Cell N='DataLinked' V='0' F='No Formula'/><Cell N='LangID' V='en-US'/><Cell N='Calendar' V='0'/></Row><Row N='msvCalloutField'><Cell N='Value' V='27F' U='STR' F='Sheet.5!Prop.Bay'/><Cell N='Prompt' V=''/><Cell N='Label' V=''/><Cell N='Format' V=''/><Cell N='SortKey' V='Rack/Cab Bay'/><Cell N='Type' V='0'/><Cell N='Invisible' V='1'/><Cell N='Verify' V='0'/><Cell N='DataLinked' V='0' F='No Formula'/><Cell N='LangID' V='en-US'/><Cell N='Calendar' V='0'/></Row></Section><Section N='Field'><Row IX='0'><Cell N='Value' V='Rack/Cab Bay' U='STR' F='User.LabelText'/><Cell N='Format' V='esc(0)' U='STR' F='FIELDPICTURE(0)'/><Cell N='Type' V='0'/><Cell N='UICat' V='0' F='No Formula'/><Cell N='UICod' V='0' F='No Formula'/><Cell N='UIFmt' V='0' F='No Formula'/><Cell N='Calendar' V='0'/><Cell N='ObjectKind' V='0'/></Row></Section><Section N='Character'><Row IX='0'><Cell N='Color' V='#000000' F='THEMEGUARD(IF(User.FillType=1,THEMEVAL("TextColor"),IF(LUM(THEMEVAL("BackgroundColor"))&gt;120,THEMEVAL("Dark"),THEMEVAL("Light"))))'/><Cell N='Size' V='0.1111111111111111' U='PT'/><Cell N='LangID' V='en-US' F='User.LabelTextLangID'/></Row></Section><Section N='Paragraph'><Row IX='0'><Cell N='HorzAlign' V='0' F='IF(OR(User.ValuePosition=0,User.LabelPosition=0,User.LabelPosition=3,User.LabelPosition=4),SETATREFEXPR(IF(Para.Flags+User.LabelPosition=2,2,0)),IF(Para.Flags+User.LabelPosition=2,2,0))'/></Row></Section><Section N='Geometry' IX='0'><Cell N='NoFill' V='1' F='IF(User.FillType=0,TRUE,FALSE)'/><Cell N='NoLine' V='1' F='IF(User.BorderType=1,TRUE,FALSE)'/><Cell N='NoShow' V='0'/><Cell N='NoSnap' V='0'/><Cell N='NoQuickDrag' V='0' F='No Formula'/><Row T='MoveTo' IX='1'><Cell N='X' V='0.02' U='IN' F='User.CalloutMargin'/><Cell N='Y' V='0.02' U='IN' F='User.CalloutMargin'/></Row><Row T='LineTo' IX='2'><Cell N='X' V='1.88' U='IN' F='Width*1-Geometry1.X1'/><Cell N='Y' V='0.02' U='IN' F='Geometry1.Y1'/></Row><Row T='LineTo' IX='3'><Cell N='X' V='1.88' U='IN' F='Geometry1.X2'/><Cell N='Y' V='0.181160602484809' U='IN' F='Height*1-Geometry1.Y1'/></Row><Row T='LineTo' IX='4'><Cell N='X' V='0.02' U='IN' F='Geometry1.X1'/><Cell N='Y' V='0.181160602484809' U='IN' F='Geometry1.Y3'/></Row><Row T='LineTo' IX='5'><Cell N='X' V='0.02' U='IN' F='Geometry1.X1'/><Cell N='Y' V='0.02' U='IN' F='Geometry1.Y1'/></Row></Section><Section N='Geometry' IX='1'><Cell N='NoFill' V='1'/><Cell N='NoLine' V='0'/><Cell N='NoShow' V='0' F='IF(User.BorderType=1,FALSE,TRUE)'/><Cell N='NoSnap' V='0'/><Cell N='NoQuickDrag' V='0' F='No Formula'/><Row T='MoveTo' IX='1'><Cell N='X' V='0.02' U='IN' F='User.CalloutMargin'/><Cell N='Y' V='0.02' U='IN' F='User.CalloutMargin'/></Row><Row T='LineTo' IX='2'><Cell N='X' V='1.88' U='IN' F='Width*1-Geometry2.X1'/><Cell N='Y' V='0.02' U='IN' F='Geometry2.Y1'/></Row></Section><Text><cp IX='0'/><pp IX='0'/><fld IX='0'>Rack/Cab Bay</fld>
</Text><Shapes><Shape ID='10' Type='Shape' LineStyle='3' FillStyle='3' TextStyle='3'><Cell N='PinX' V='0.9499999999999993' F='Sheet.9!Width*0.5'/><Cell N='PinY' V='0.1005803012424045' U='IN' F='Sheet.9!Height*0.5'/><Cell N='Width' V='1.9' F='Sheet.9!Width*1'/><Cell N='Height' V='0.201160602484809' U='IN' F='Sheet.9!Height*1'/><Cell N='LocPinX' V='0.9499999999999993' F='Width*0.5'/><Cell N='LocPinY' V='0.1005803012424045' U='IN' F='Height*0.5'/><Cell N='Angle' V='0'/><Cell N='FlipX' V='0'/><Cell N='FlipY' V='0'/><Cell N='ResizeMode' V='0'/><Cell N='LayerMember' V='0'/><Cell N='LineWeight' V='0.01388888888888889' U='PT' F='THEMEVAL("LineWeight",0.0033333333333333DT)'/><Cell N='Rounding' V='0' U='IN' F='0IN*DropOnPageScale'/><Cell N='NoObjHandles' V='1'/><Cell N='HideText' V='0' F='IF(User.ValuePosition=0,TRUE,FALSE)'/><Cell N='GlueType' V='8'/><Cell N='ObjType' V='4'/><Cell N='TxtPinX' V='1.88' U='IN' F='IF(User.LabelPosition&lt;2,Width-User.CalloutMargin,User.CalloutMargin)'/><Cell N='TxtPinY' V='0.1005803012424045' U='IN' F='IF(User.LabelPosition=4,User.BottomHeight,IF(User.LabelPosition=3,User.BottomHeight+User.MiddleHeight,User.MiddleHeight*0.5))+User.CalloutMargin'/><Cell N='TxtWidth' V='1.86' U='IN' F='(Width-User.CalloutMargin*2)*IF(OR(User.LabelPosition=1,User.LabelPosition=2),1-TEXTWIDTH(Sheet.9!TheText,Sheet.9!TxtWidth)/(Width-User.CalloutMargin*2),1)'/><Cell N='TxtHeight' V='0.161160602484809' F='TEXTHEIGHT(TheText,TxtWidth)'/><Cell N='TxtLocPinX' V='1.86' U='IN' F='TxtWidth*IF(User.LabelPosition&lt;2,1,0)'/><Cell N='TxtLocPinY' V='0.08058030124240451' F='TxtHeight*IF(User.LabelPosition=4,0,IF(User.LabelPosition=3,1,0.5))'/><Cell N='TxtAngle' V='0'/><Cell N='ShdwPattern' V='0' F='GUARD(0)'/><Cell N='LeftMargin' V='0.01388888888888889' U='PT'/><Cell N='RightMargin' V='0.01388888888888889' U='PT'/><Cell N='TopMargin' V='0.01388888888888889' U='PT'/><Cell N='BottomMargin' V='0.01388888888888889' U='PT'/><Cell N='LockCalcWH' V='1'/><Section N='Field'><Row IX='0'><Cell N='Value' V='27F' U='STR' F='Sheet.9!User.ValueText'/><Cell N='Format' V='esc(0)' U='STR' F='FIELDPICTURE(0)'/><Cell N='Type' V='0'/><Cell N='UICat' V='0' F='No Formula'/><Cell N='UICod' V='0' F='No Formula'/><Cell N='UIFmt' V='0' F='No Formula'/><Cell N='Calendar' V='0'/><Cell N='ObjectKind' V='0'/></Row></Section><Section N='User'><Row N='LabelPosition'><Cell N='Value' V='0' F='Sheet.9!User.LabelPosition'/><Cell N='Prompt' V=''/></Row><Row N='ValuePosition'><Cell N='Value' V='5' F='Sheet.9!User.ValuePosition'/><Cell N='Prompt' V=''/></Row><Row N='BottomHeight'><Cell N='Value' V='0' F='Sheet.9!User.BottomHeight'/><Cell N='Prompt' V=''/></Row><Row N='MiddleHeight'><Cell N='Value' V='0.161160602484809' U='DL' F='Sheet.9!User.MiddleHeight'/><Cell N='Prompt' V=''/></Row><Row N='CalloutMargin'><Cell N='Value' V='0.02' U='IN' F='Sheet.9!User.CalloutMargin'/><Cell N='Prompt' V=''/></Row></Section><Section N='Character'><Row IX='0'><Cell N='Color' V='#000000' F='GUARD(Sheet.9!Char.Color)'/><Cell N='Size' V='0.1111111111111111' U='PT'/><Cell N='LangID' V='en-US' F='Sheet.9!User.ValueTextLangID'/></Row></Section><Section N='Paragraph'><Row IX='0'><Cell N='HorzAlign' V='2' F='IF(OR(User.ValuePosition=0,User.LabelPosition=0,User.LabelPosition=3,User.LabelPosition=4),SETATREFEXPR(IF(Para.Flags=0,IF(User.LabelPosition&lt;2,2,0),IF(User.LabelPosition=2,2,0))),IF(Para.Flags=0,IF(User.LabelPosition&lt;2,2,0),IF(User.LabelPosition=2,2,0)))'/><Cell N='Flags' V='0' F='GUARD(Sheet.9!Para.Flags)'/></Row></Section><Text><cp IX='0'/><pp IX='0'/><fld IX='0'>27F</fld>
</Text></Shape></Shapes></Shape><Shape ID='11' NameU='Text callout.1440' IsCustomNameU='1' Name='Text callout.1440' IsCustomName='1' Type='Group' LineStyle='3' FillStyle='3' TextStyle='3'><Cell N='PinX' V='2.9125' F='IF(PNTX(User.visDGDefaultPos)&lt;2,PNTX(User.visDGDefaultPos)*Width*0.5,IF(PNTX(User.visDGDefaultPos)=2,Sheet.5!Width*0.5,(PNTX(User.visDGDefaultPos)-4)*Width*0.5+Sheet.5!Width))+IF(PNTX(User.visDGDefaultPos)&lt;0,-ThePage!User.msvDGCalloutGap,IF(PNTX(User.visDGDefaultPos)&gt;4,ThePage!User.msvDGCalloutGap,0))'/><Cell N='PinY' V='0.4636606024848049' U='IN' F='IF(PNTY(User.visDGDefaultPos)&lt;2,PNTY(User.visDGDefaultPos)*Height*0.5,IF(PNTY(User.visDGDefaultPos)=2,Sheet.5!Height*0.5,(PNTY(User.visDGDefaultPos)-4)*Height*0.5+Sheet.5!Height))+IF(PNTY(User.visDGDefaultPos)&lt;0,-ThePage!User.msvDGCalloutGap,IF(PNTY(User.visDGDefaultPos)&gt;4,ThePage!User.msvDGCalloutGap,0))+(LocPinY-Sheet.7!LocPinY+Sheet.7!Height-Height*0.5+User.visDGStackHeight)*IF(MODULUS(PNTY(User.visDGDefaultPos)+1,4)=0,0,IF(MODULUS(PNTY(User.visDGDefaultPos),2)=0,0.5,1))'/><Cell N='Width' V='1.9' F='IF(Prop.msvCalloutPropWidth&gt;0,Prop.msvCalloutPropWidth,IF(AND(PNTX(User.visDGDefaultPos)&gt;0,PNTX(User.visDGDefaultPos)&lt;4,PNTY(User.visDGDefaultPos)&gt;0,PNTY(User.visDGDefaultPos)&lt;4),Sheet.5!Width,MAX(Sheet.5!Width,1.25*DropOnPageScale)))'/><Cell N='Height' V='0.201160602484809' U='IN' F='GUARD(MAX(8PT,User.BottomHeight+User.MiddleHeight+User.TopHeight)+User.CalloutMargin*2)'/><Cell N='LocPinX' V='0.9499999999999993' U='IN' F='Width*0.5+INDEX(LOOKUP(Prop.msvCalloutPropOffset,Prop.msvCalloutPropOffset.Format),"1;0;-1")*User.CalloutOffset'/><Cell N='LocPinY' V='0.1005803012424045' U='IN' F='Height*0.5'/><Cell N='Angle' V='0'/><Cell N='FlipX' V='0' F='Sheet.5!FlipX'/><Cell N='FlipY' V='0' F='Sheet.5!FlipY'/><Cell N='ResizeMode' V='0'/><Cell N='EventDblClick' V='0' F='OPENTEXTWIN()'/><Cell N='LayerMember' V='0'/><Cell N='HideText' V='1' F='IF(User.LabelPosition=0,TRUE,FALSE)'/><Cell N='GlueType' V='8'/><Cell N='ObjType' V='4'/><Cell N='FillForegnd' V='#9cb084' F='IF(QuickStyleFillMatrix=255,THEMEVAL("Accentcolor2"),THEMEVAL())'/><Cell N='FillPattern' V='0' F='GUARD(IF(User.FillType=0,0,SETATREFEXPR(1)))'/><Cell N='ShdwPattern' V='0' F='GUARD(0)'/><Cell N='TxtPinX' V='0.02' U='IN' F='IF(User.LabelPosition=2,Width-User.CalloutMargin,User.CalloutMargin)'/><Cell N='TxtPinY' V='0.1005803012424045' U='IN' F='IF(User.LabelPosition=4,User.BottomHeight,IF(User.LabelPosition=3,User.BottomHeight+User.MiddleHeight,User.MiddleHeight*0.5))+User.CalloutMargin'/><Cell N='TxtWidth' V='1.86' U='IN' F='(Width-User.CalloutMargin*2)*IF(AND(OR(User.LabelPosition=1,User.LabelPosition=2),User.ValuePosition=5),0.625,1)'/><Cell N='TxtHeight' V='0.161160602484809' F='TEXTHEIGHT(TheText,TxtWidth)'/><Cell N='TxtLocPinX' V='0' U='IN' F='IF(User.LabelPosition=2,TxtWidth*1,TxtWidth*0)'/><Cell N='TxtLocPinY' V='0.08058030124240451' F='TxtHeight*IF(User.LabelPosition=4,1,IF(User.LabelPosition=3,0,0.5))'/><Cell N='TxtAngle' V='0'/><Cell N='LeftMargin' V='0.01388888888888889' U='PT'/><Cell N='RightMargin' V='0.01388888888888889' U='PT'/><Cell N='TopMargin' V='0.01388888888888889' U='PT'/><Cell N='BottomMargin' V='0.01388888888888889' U='PT'/><Cell N='VerticalAlign' V='0'/><Cell N='LockRotate' V='1'/><Cell N='LockGroup' V='1'/><Cell N='LockCalcWH' V='1'/><Cell N='LockCustProp' V='1'/><Cell N='LockFromGroupFormat' V='1'/><Cell N='DisplayMode' V='1'/><Cell N='IsSnapTarget' V='0'/><Cell N='DontMoveChildren' V='1'/><Cell N='LinePattern' V='1' F='GUARD(IF(User.BorderType=0,0,SETATREFEXPR(1)))'/><Cell N='Rounding' V='0' F='GUARD(0)'/><Cell N='QuickStyleFillMatrix' V='255'/><Cell N='FillGradientEnabled' V='0' F='IF(OR(User.FillType=0,QuickStyleFillMatrix=255),FALSE,THEMEVAL())'/><Cell N='HelpTopic' V='Vis_PRXY.chm!#60445'/><Section N='User'><Row N='msvCalloutType'><Cell N='Value' V='Text Callout' U='STR'/><Cell N='Prompt' V=''/></Row><Row N='ValueFormat'><Cell N='Value' V='esc(0)' U='STR' F='IF(STRSAME(Prop.msvCalloutPropValueFormat,""),IF(STRSAME(Prop.msvCalloutField.Format,""),FIELDPICTURE(0),Prop.msvCalloutField.Format),Prop.msvCalloutPropValueFormat)'/><Cell N='Prompt' V=''/></Row><Row N='BorderType'><Cell N='Value' V='1' F='LOOKUP(Prop.msvCalloutPropBorder,Prop.msvCalloutPropBorder.Format)'/><Cell N='Prompt' V=''/></Row><Row N='FillType'><Cell N='Value' V='0' F='LOOKUP(Prop.msvCalloutPropFill,Prop.msvCalloutPropFill.Format)'/><Cell N='Prompt' V=''/></Row><Row N='LabelText'><Cell N='Value' V='Part Number' U='STR' F='IF(STRSAME(Prop.msvCalloutPropLabel,Prop.msvCalloutPropLabel.Format),Prop.msvCalloutField.SortKey,Prop.msvCalloutPropLabel)'/><Cell N='Prompt' V=''/></Row><Row N='LabelPosition'><Cell N='Value' V='0' F='IF(Para.Flags=0,User.LabelPosition2,IF(User.LabelPosition2=1,2,IF(User.LabelPosition2=2,1,User.LabelPosition2)))'/><Cell N='Prompt' V=''/></Row><Row N='ValueText'><Cell N='Value' V='PA-5260' U='STR' F='FORMATEX(Prop.msvCalloutField,User.ValueFormat,,,User.ValueTextLangID,IF(STRSAME(Prop.msvCalloutPropValueFormat,""),Prop.msvCalloutField.Calendar,Prop.msvCalloutPropValueFormat.Calendar))'/><Cell N='Prompt' V=''/></Row><Row N='TopHeight'><Cell N='Value' V='0' F='IF(User.LabelPosition=3,TxtHeight,0)'/><Cell N='Prompt' V=''/></Row><Row N='MiddleHeight'><Cell N='Value' V='0.161160602484809' U='DL' F='MAX(IF(OR(User.LabelPosition=1,User.LabelPosition=2),TxtHeight,0),IF(User.ValuePosition=5,Sheet.12!TxtHeight,0))'/><Cell N='Prompt' V=''/></Row><Row N='BottomHeight'><Cell N='Value' V='0' F='IF(User.LabelPosition=4,TxtHeight,0)'/><Cell N='Prompt' V=''/></Row><Row N='visDGDefaultPos'><Cell N='Value' V='PNT(5,2)' U='PNT' F='PNT(BOUND(ROUND(Sheet.5!Controls.msvDGPosition*4/Sheet.5!Width,0),0,FALSE,-1,5),BOUND(ROUND(Sheet.5!Controls.msvDGPosition.Y*4/Sheet.5!Height,0),0,FALSE,-1,5))'/><Cell N='Prompt' V=''/></Row><Row N='visDGStackHeight'><Cell N='Value' V='0.402321204969618' U='IN' F='SUM(Sheet.9!Height,Sheet.7!Height)'/><Cell N='Prompt' V=''/></Row><Row N='ValuePosition'><Cell N='Value' V='5' F='IF(STRSAME(User.ValueText,""),0,IF(Prop.msvCalloutPropShowValue=TRUE,5,0))'/><Cell N='Prompt' V=''/></Row><Row N='ThemeColor'><Cell N='Value' V='#9cb084' U='COLOR' F='THEMEGUARD(THEMEVAL("AccentColor2"))'/><Cell N='Prompt' V=''/></Row><Row N='CalloutMargin'><Cell N='Value' V='0.02' U='IN' F='0.02IN*DropOnPageScale'/><Cell N='Prompt' V=''/></Row><Row N='CalloutOffset'><Cell N='Value' V='0.125' U='IN' F='0.125IN*DropOnPageScale'/><Cell N='Prompt' V=''/></Row><Row N='UnitSample'><Cell N='Value' V='12.3456' U='IN'/><Cell N='Prompt' V=''/></Row><Row N='TextSample'><Cell N='Value' V='Abc' U='STR'/><Cell N='Prompt' V=''/></Row><Row N='visDGCalloutItem'><Cell N='Value' V='0' U='BOOL' F='DEPENDSON(10)'/><Cell N='Prompt' V=''/></Row><Row N='ThemeColor2'><Cell N='Value' V='#ffffff' U='COLOR' F='IF(LUMDIFF(THEMEVAL("LineColor"),THEMEVAL("FillColor"))&lt;0,TINT(TONE(User.ThemeColor,-50),-80),TINT(TONE(User.ThemeColor,-50),120))'/><Cell N='Prompt' V=''/></Row><Row N='LabelTextLangID'><Cell N='Value' V='1033' F='IF(STRSAME(Prop.msvCalloutPropLabel,Prop.msvCalloutPropLabel.Format),Prop.msvCalloutField.LangID,Prop.msvCalloutPropLabel.LangID)'/><Cell N='Prompt' V=''/></Row><Row N='ValueTextLangID'><Cell N='Value' V='1033' F='IF(STRSAME(Prop.msvCalloutPropValueFormat,""),Prop.msvCalloutField.LangID,Prop.msvCalloutPropValueFormat.LangID)'/><Cell N='Prompt' V=''/></Row><Row N='LabelPosition2'><Cell N='Value' V='0' F='IF(STRSAME(User.LabelText,""),0,LOOKUP(Prop.msvCalloutPropLabelPosition,Prop.msvCalloutPropLabelPosition.Format))'/><Cell N='Prompt' V=''/></Row><Row N='visVersion'><Cell N='Value' V='15'/><Cell N='Prompt' V=''/></Row></Section><Section N='Property'><Row N='msvCalloutPropShowValue'><Cell N='Value' V='1' U='BOOL'/><Cell N='Prompt' V='Bool'/><Cell N='Label' V='Show Value'/><Cell N='Format' V=''/><Cell N='SortKey' V=''/><Cell N='Type' V='3'/><Cell N='Invisible' V='1'/><Cell N='Verify' V='0'/><Cell N='DataLinked' V='0' F='No Formula'/><Cell N='LangID' V='en-US'/><Cell N='Calendar' V='0'/></Row><Row N='msvCalloutPropValueFormat'><Cell N='Value' V='' U='STR'/><Cell N='Prompt' V='Format'/><Cell N='Label' V='Value Format'/><Cell N='Format' V=''/><Cell N='SortKey' V=''/><Cell N='Type' V='0'/><Cell N='Invisible' V='1'/><Cell N='Verify' V='0'/><Cell N='DataLinked' V='0' F='No Formula'/><Cell N='LangID' V='en-US'/><Cell N='Calendar' V='0'/></Row><Row N='msvCalloutPropValueSize'><Cell N='Value' V='0.1111111111111111' U='PT' F='SETATREF(Sheet.12!Char.Size)'/><Cell N='Prompt' V='Font'/><Cell N='Label' V='Value Font Size'/><Cell N='Format' V=''/><Cell N='SortKey' V=''/><Cell N='Type' V='2'/><Cell N='Invisible' V='1'/><Cell N='Verify' V='0'/><Cell N='DataLinked' V='0' F='No Formula'/><Cell N='LangID' V='en-US'/><Cell N='Calendar' V='0'/></Row><Row N='msvCalloutPropLabelPosition'><Cell N='Value' V='Not Shown' U='STR'/><Cell N='Prompt' V='List'/><Cell N='Label' V='Label Position'/><Cell N='Format' V='Not Shown;Left of Value;Right of Value;Above Value;Below Value'/><Cell N='SortKey' V=''/><Cell N='Type' V='1'/><Cell N='Invisible' V='1'/><Cell N='Verify' V='0'/><Cell N='DataLinked' V='0' F='No Formula'/><Cell N='LangID' V='en-US'/><Cell N='Calendar' V='0'/></Row><Row N='msvCalloutPropLabel'><Cell N='Value' V='[Default]' U='STR' F='Prop.msvCalloutPropLabel.Format'/><Cell N='Prompt' V='String'/><Cell N='Label' V='Label'/><Cell N='Format' V='[Default]'/><Cell N='SortKey' V=''/><Cell N='Type' V='0'/><Cell N='Invisible' V='1'/><Cell N='Verify' V='0'/><Cell N='DataLinked' V='0' F='No Formula'/><Cell N='LangID' V='en-US'/><Cell N='Calendar' V='0'/></Row><Row N='msvCalloutPropLabelSize'><Cell N='Value' V='0.1111111111111111' U='PT' F='SETATREF(Char.Size)'/><Cell N='Prompt' V='Font'/><Cell N='Label' V='Label Font Size'/><Cell N='Format' V=''/><Cell N='SortKey' V=''/><Cell N='Type' V='2'/><Cell N='Invisible' V='1'/><Cell N='Verify' V='0'/><Cell N='DataLinked' V='0' F='No Formula'/><Cell N='LangID' V='en-US'/><Cell N='Calendar' V='0'/></Row><Row N='msvCalloutPropBorder'><Cell N='Value' V='Bottom' U='STR' F='INDEX(1,Prop.msvCalloutPropBorder.Format)'/><Cell N='Prompt' V='List'/><Cell N='Label' V='Border Type'/><Cell N='Format' V='None;Bottom;Outline'/><Cell N='SortKey' V=''/><Cell N='Type' V='1'/><Cell N='Invisible' V='1'/><Cell N='Verify' V='0'/><Cell N='DataLinked' V='0' F='No Formula'/><Cell N='LangID' V='en-US'/><Cell N='Calendar' V='0'/></Row><Row N='msvCalloutPropFill'><Cell N='Value' V='None' U='STR' F='INDEX(0,Prop.msvCalloutPropFill.Format)'/><Cell N='Prompt' V='List'/><Cell N='Label' V='Fill Type'/><Cell N='Format' V='None;Filled'/><Cell N='SortKey' V=''/><Cell N='Type' V='1'/><Cell N='Invisible' V='1'/><Cell N='Verify' V='0'/><Cell N='DataLinked' V='0'/><Cell N='LangID' V='en-US'/><Cell N='Calendar' V='0'/></Row><Row N='msvCalloutPropOffset'><Cell N='Value' V='None' U='STR' F='INDEX(1,Prop.msvCalloutPropOffset.Format)'/><Cell N='Prompt' V='List'/><Cell N='Label' V='Callout Offset'/><Cell N='Format' V='Left;None;Right'/><Cell N='SortKey' V=''/><Cell N='Type' V='1'/><Cell N='Invisible' V='1'/><Cell N='Verify' V='0'/><Cell N='DataLinked' V='0' F='No Formula'/><Cell N='LangID' V='en-US'/><Cell N='Calendar' V='0'/></Row><Row N='msvCalloutPropWidth'><Cell N='Value' V='0'/><Cell N='Prompt' V='Number'/><Cell N='Label' V='Callout Width'/><Cell N='Format' V=''/><Cell N='SortKey' V=''/><Cell N='Type' V='2'/><Cell N='Invisible' V='1'/><Cell N='Verify' V='0'/><Cell N='DataLinked' V='0' F='No Formula'/><Cell N='LangID' V='en-US'/><Cell N='Calendar' V='0'/></Row><Row N='msvCalloutField'><Cell N='Value' V='PA-5260' U='STR' F='Sheet.5!Prop.PartNumber'/><Cell N='Prompt' V=''/><Cell N='Label' V=''/><Cell N='Format' V=''/><Cell N='SortKey' V='Part Number'/><Cell N='Type' V='0'/><Cell N='Invisible' V='1'/><Cell N='Verify' V='0'/><Cell N='DataLinked' V='0' F='No Formula'/><Cell N='LangID' V='en-US'/><Cell N='Calendar' V='0'/></Row></Section><Section N='Field'><Row IX='0'><Cell N='Value' V='Part Number' U='STR' F='User.LabelText'/><Cell N='Format' V='esc(0)' U='STR' F='FIELDPICTURE(0)'/><Cell N='Type' V='0'/><Cell N='UICat' V='0' F='No Formula'/><Cell N='UICod' V='0' F='No Formula'/><Cell N='UIFmt' V='0' F='No Formula'/><Cell N='Calendar' V='0'/><Cell N='ObjectKind' V='0'/></Row></Section><Section N='Character'><Row IX='0'><Cell N='Color' V='#000000' F='THEMEGUARD(IF(User.FillType=1,THEMEVAL("TextColor"),IF(LUM(THEMEVAL("BackgroundColor"))&gt;120,THEMEVAL("Dark"),THEMEVAL("Light"))))'/><Cell N='Size' V='0.1111111111111111' U='PT'/><Cell N='LangID' V='en-US' F='User.LabelTextLangID'/></Row></Section><Section N='Paragraph'><Row IX='0'><Cell N='HorzAlign' V='0' F='IF(OR(User.ValuePosition=0,User.LabelPosition=0,User.LabelPosition=3,User.LabelPosition=4),SETATREFEXPR(IF(Para.Flags+User.LabelPosition=2,2,0)),IF(Para.Flags+User.LabelPosition=2,2,0))'/></Row></Section><Section N='Geometry' IX='0'><Cell N='NoFill' V='1' F='IF(User.FillType=0,TRUE,FALSE)'/><Cell N='NoLine' V='1' F='IF(User.BorderType=1,TRUE,FALSE)'/><Cell N='NoShow' V='0'/><Cell N='NoSnap' V='0'/><Cell N='NoQuickDrag' V='0' F='No Formula'/><Row T='MoveTo' IX='1'><Cell N='X' V='0.02' U='IN' F='User.CalloutMargin'/><Cell N='Y' V='0.02' U='IN' F='User.CalloutMargin'/></Row><Row T='LineTo' IX='2'><Cell N='X' V='1.88' U='IN' F='Width*1-Geometry1.X1'/><Cell N='Y' V='0.02' U='IN' F='Geometry1.Y1'/></Row><Row T='LineTo' IX='3'><Cell N='X' V='1.88' U='IN' F='Geometry1.X2'/><Cell N='Y' V='0.181160602484809' U='IN' F='Height*1-Geometry1.Y1'/></Row><Row T='LineTo' IX='4'><Cell N='X' V='0.02' U='IN' F='Geometry1.X1'/><Cell N='Y' V='0.181160602484809' U='IN' F='Geometry1.Y3'/></Row><Row T='LineTo' IX='5'><Cell N='X' V='0.02' U='IN' F='Geometry1.X1'/><Cell N='Y' V='0.02' U='IN' F='Geometry1.Y1'/></Row></Section><Section N='Geometry' IX='1'><Cell N='NoFill' V='1'/><Cell N='NoLine' V='0'/><Cell N='NoShow' V='0' F='IF(User.BorderType=1,FALSE,TRUE)'/><Cell N='NoSnap' V='0'/><Cell N='NoQuickDrag' V='0' F='No Formula'/><Row T='MoveTo' IX='1'><Cell N='X' V='0.02' U='IN' F='User.CalloutMargin'/><Cell N='Y' V='0.02' U='IN' F='User.CalloutMargin'/></Row><Row T='LineTo' IX='2'><Cell N='X' V='1.88' U='IN' F='Width*1-Geometry2.X1'/><Cell N='Y' V='0.02' U='IN' F='Geometry2.Y1'/></Row></Section><Text><cp IX='0'/><pp IX='0'/><fld IX='0'>Part Number</fld>
</Text><Shapes><Shape ID='12' Type='Shape' LineStyle='3' FillStyle='3' TextStyle='3'><Cell N='PinX' V='0.9499999999999993' F='Sheet.11!Width*0.5'/><Cell N='PinY' V='0.1005803012424045' U='IN' F='Sheet.11!Height*0.5'/><Cell N='Width' V='1.9' F='Sheet.11!Width*1'/><Cell N='Height' V='0.201160602484809' U='IN' F='Sheet.11!Height*1'/><Cell N='LocPinX' V='0.9499999999999993' F='Width*0.5'/><Cell N='LocPinY' V='0.1005803012424045' U='IN' F='Height*0.5'/><Cell N='Angle' V='0'/><Cell N='FlipX' V='0'/><Cell N='FlipY' V='0'/><Cell N='ResizeMode' V='0'/><Cell N='LayerMember' V='0'/><Cell N='LineWeight' V='0.01388888888888889' U='PT' F='THEMEVAL("LineWeight",0.0033333333333333DT)'/><Cell N='Rounding' V='0' U='IN' F='0IN*DropOnPageScale'/><Cell N='NoObjHandles' V='1'/><Cell N='HideText' V='0' F='IF(User.ValuePosition=0,TRUE,FALSE)'/><Cell N='GlueType' V='8'/><Cell N='ObjType' V='4'/><Cell N='TxtPinX' V='1.88' U='IN' F='IF(User.LabelPosition&lt;2,Width-User.CalloutMargin,User.CalloutMargin)'/><Cell N='TxtPinY' V='0.1005803012424045' U='IN' F='IF(User.LabelPosition=4,User.BottomHeight,IF(User.LabelPosition=3,User.BottomHeight+User.MiddleHeight,User.MiddleHeight*0.5))+User.CalloutMargin'/><Cell N='TxtWidth' V='1.86' U='IN' F='(Width-User.CalloutMargin*2)*IF(OR(User.LabelPosition=1,User.LabelPosition=2),1-TEXTWIDTH(Sheet.11!TheText,Sheet.11!TxtWidth)/(Width-User.CalloutMargin*2),1)'/><Cell N='TxtHeight' V='0.161160602484809' F='TEXTHEIGHT(TheText,TxtWidth)'/><Cell N='TxtLocPinX' V='1.86' U='IN' F='TxtWidth*IF(User.LabelPosition&lt;2,1,0)'/><Cell N='TxtLocPinY' V='0.08058030124240451' F='TxtHeight*IF(User.LabelPosition=4,0,IF(User.LabelPosition=3,1,0.5))'/><Cell N='TxtAngle' V='0'/><Cell N='ShdwPattern' V='0' F='GUARD(0)'/><Cell N='LeftMargin' V='0.01388888888888889' U='PT'/><Cell N='RightMargin' V='0.01388888888888889' U='PT'/><Cell N='TopMargin' V='0.01388888888888889' U='PT'/><Cell N='BottomMargin' V='0.01388888888888889' U='PT'/><Cell N='LockCalcWH' V='1'/><Section N='Field'><Row IX='0'><Cell N='Value' V='PA-5260' U='STR' F='Sheet.11!User.ValueText'/><Cell N='Format' V='esc(0)' U='STR' F='FIELDPICTURE(0)'/><Cell N='Type' V='0'/><Cell N='UICat' V='0' F='No Formula'/><Cell N='UICod' V='0' F='No Formula'/><Cell N='UIFmt' V='0' F='No Formula'/><Cell N='Calendar' V='0'/><Cell N='ObjectKind' V='0'/></Row></Section><Section N='User'><Row N='LabelPosition'><Cell N='Value' V='0' F='Sheet.11!User.LabelPosition'/><Cell N='Prompt' V=''/></Row><Row N='ValuePosition'><Cell N='Value' V='5' F='Sheet.11!User.ValuePosition'/><Cell N='Prompt' V=''/></Row><Row N='BottomHeight'><Cell N='Value' V='0' F='Sheet.11!User.BottomHeight'/><Cell N='Prompt' V=''/></Row><Row N='MiddleHeight'><Cell N='Value' V='0.161160602484809' U='DL' F='Sheet.11!User.MiddleHeight'/><Cell N='Prompt' V=''/></Row><Row N='CalloutMargin'><Cell N='Value' V='0.02' U='IN' F='Sheet.11!User.CalloutMargin'/><Cell N='Prompt' V=''/></Row></Section><Section N='Character'><Row IX='0'><Cell N='Color' V='#000000' F='GUARD(Sheet.11!Char.Color)'/><Cell N='Size' V='0.1111111111111111' U='PT'/><Cell N='LangID' V='en-US' F='Sheet.11!User.ValueTextLangID'/></Row></Section><Section N='Paragraph'><Row IX='0'><Cell N='HorzAlign' V='2' F='IF(OR(User.ValuePosition=0,User.LabelPosition=0,User.LabelPosition=3,User.LabelPosition=4),SETATREFEXPR(IF(Para.Flags=0,IF(User.LabelPosition&lt;2,2,0),IF(User.LabelPosition=2,2,0))),IF(Para.Flags=0,IF(User.LabelPosition&lt;2,2,0),IF(User.LabelPosition=2,2,0)))'/><Cell N='Flags' V='0' F='GUARD(Sheet.11!Para.Flags)'/></Row></Section><Text><cp IX='0'/><pp IX='0'/><fld IX='0'>PA-5260</fld>
</Text></Shape></Shapes></Shape></Shapes></Shape></Shapes></MasterContents>