<?xml version='1.0' encoding='utf-8' ?>
<MasterContents xmlns='http://schemas.microsoft.com/office/visio/2012/main' xmlns:r='http://schemas.openxmlformats.org/officeDocument/2006/relationships' xml:space='preserve'><Shapes><Shape ID='5' Type='Group' LineStyle='3' FillStyle='3' TextStyle='3'><Cell N='PinX' V='1'/><Cell N='PinY' V='1'/><Cell N='Width' V='1.125'/><Cell N='Height' V='1.5'/><Cell N='LocPinX' V='0.5625' F='Width*0.5'/><Cell N='LocPinY' V='0.75' F='Height*0.5'/><Cell N='Angle' V='0'/><Cell N='FlipX' V='0'/><Cell N='FlipY' V='0'/><Cell N='ResizeMode' V='0'/><Cell N='LineWeight' V='0.003333333333333333' U='PT' F='THEMEVAL("LineWeight",0.24PT)'/><Cell N='ObjType' V='8'/><Cell N='Comment' V='&lt;no master&gt;' F='INDEX(0,INDEX(0,MASTERNAME(),":"),".")'/><Cell N='EventDblClick' V='0' F='OPENTEXTWIN()'/><Cell N='TxtPinX' V='0.5625' F='Controls.Row_1'/><Cell N='TxtPinY' V='-0.1555555555555556' F='Controls.Row_1.Y'/><Cell N='TxtWidth' V='0.1111111111111111' F='TEXTWIDTH(TheText)'/><Cell N='TxtHeight' V='0.3111111111111111' F='TEXTHEIGHT(TheText,TxtWidth)'/><Cell N='TxtLocPinX' V='0.05555555555555555' F='TxtWidth*0.5'/><Cell N='TxtLocPinY' V='0.1555555555555556' F='TxtHeight*0.5'/><Cell N='TxtAngle' V='0' F='IF(BITXOR(FlipX,FlipY),1,-1)*Angle'/><Cell N='SelectMode' V='0'/><Cell N='HelpTopic' V='Vis_PRXY.chm!#55180'/><Cell N='Copyright' V='Copyright (c) 2012 Microsoft Corporation.  All rights reserved.'/><Cell N='LayerMember' V='' F='No Formula'/><Cell N='LockAspect' V='1'/><Cell N='QuickStyleVariation' V='6'/><Section N='User'><Row N='HasText'><Cell N='Value' V='0' U='BOOL' F='NOT(OR(HideText,STRSAME(SHAPETEXT(TheText),"")))'/><Cell N='Prompt' V='' F='No Formula'/></Row><Row N='ShapeClass'><Cell N='Value' V='5'/><Cell N='Prompt' V='' F='No Formula'/></Row><Row N='ShapeType'><Cell N='Value' V='24'/><Cell N='Prompt' V='' F='No Formula'/></Row><Row N='SubShapeType'><Cell N='Value' V='9'/><Cell N='Prompt' V='' F='No Formula'/></Row><Row N='visLegendShape'><Cell N='Value' V='2'/><Cell N='Prompt' V='' F='No Formula'/></Row><Row N='SolSH'><Cell N='Value' V='{BF0433D9-CD73-4EB5-8390-8653BE590246}' U='GUID'/><Cell N='Prompt' V='' F='No Formula'/></Row><Row N='visVersion'><Cell N='Value' V='15'/><Cell N='Prompt' V=''/></Row></Section><Section N='Actions'><Row N='Properties'><Cell N='Menu' V='%_P&amp;roperties'/><Cell N='Action' V='0' F='RUNADDON("NETWORK SHAPE PROPERTIES")'/><Cell N='Checked' V='0'/><Cell N='Disabled' V='0'/><Cell N='ReadOnly' V='0'/><Cell N='Invisible' V='0'/><Cell N='BeginGroup' V='0'/><Cell N='FlyoutChild' V='0' F='No Formula'/><Cell N='TagName' V=''/><Cell N='ButtonFace' V=''/><Cell N='SortKey' V=''/></Row></Section><Section N='Connection'><Row T='Connection' N='Row_1'><Cell N='X' V='0.5625' F='Width*0.5'/><Cell N='Y' V='0.75' F='Height*0.5'/><Cell N='DirX' V='0'/><Cell N='DirY' V='0'/><Cell N='Type' V='0'/><Cell N='AutoGen' V='0'/><Cell N='Prompt' V='' F='No Formula'/></Row></Section><Section N='Control'><Row N='Row_1'><Cell N='X' V='0.5625' F='Width*0.5'/><Cell N='Y' V='-0.1555555555555556' F='-TxtHeight*0.5'/><Cell N='XDyn' V='0.5625' F='Controls.Row_1'/><Cell N='YDyn' V='-0.1555555555555556' F='Controls.Row_1.Y'/><Cell N='XCon' V='2' F='(Controls.Row_1&gt;Width/2)*2+2'/><Cell N='YCon' V='7' F='(Controls.Row_1.Y&gt;Height/2)*2+2+5*NOT(User.HasText)'/><Cell N='CanGlue' V='1'/><Cell N='Prompt' V='Reposition Text'/></Row></Section><Section N='Property'><Row N='ShapeClass'><Cell N='Value' V='Equipment' U='STR'/><Cell N='Prompt' V='' F='No Formula'/><Cell N='Label' V='ShapeClass'/><Cell N='Format' V='' F='No Formula'/><Cell N='SortKey' V='' F='No Formula'/><Cell N='Type' V='0'/><Cell N='Invisible' V='1'/><Cell N='Verify' V='0'/><Cell N='DataLinked' V='0' F='No Formula'/><Cell N='LangID' V='en-US'/><Cell N='Calendar' V='0' F='No Formula'/></Row><Row N='ShapeType'><Cell N='Value' V='Server' U='STR'/><Cell N='Prompt' V='' F='No Formula'/><Cell N='Label' V='ShapeType'/><Cell N='Format' V='' F='No Formula'/><Cell N='SortKey' V='' F='No Formula'/><Cell N='Type' V='0'/><Cell N='Invisible' V='1'/><Cell N='Verify' V='0'/><Cell N='DataLinked' V='0' F='No Formula'/><Cell N='LangID' V='en-US'/><Cell N='Calendar' V='0' F='No Formula'/></Row><Row N='SubShapeType'><Cell N='Value' V='Comm' U='STR'/><Cell N='Prompt' V='' F='No Formula'/><Cell N='Label' V='SubShapeType'/><Cell N='Format' V='' F='No Formula'/><Cell N='SortKey' V='' F='No Formula'/><Cell N='Type' V='0'/><Cell N='Invisible' V='1'/><Cell N='Verify' V='0'/><Cell N='DataLinked' V='0' F='No Formula'/><Cell N='LangID' V='en-US'/><Cell N='Calendar' V='0' F='No Formula'/></Row><Row N='Manufacturer'><Cell N='Value' V='0' F='No Formula'/><Cell N='Prompt' V='' F='No Formula'/><Cell N='Label' V='Manufacturer'/><Cell N='Format' V='' F='No Formula'/><Cell N='SortKey' V='Equipment'/><Cell N='Type' V='0'/><Cell N='Invisible' V='0'/><Cell N='Verify' V='0'/><Cell N='DataLinked' V='0' F='No Formula'/><Cell N='LangID' V='en-US'/><Cell N='Calendar' V='0' F='No Formula'/></Row><Row N='ProductNumber'><Cell N='Value' V='0' F='No Formula'/><Cell N='Prompt' V='' F='No Formula'/><Cell N='Label' V='Product Number'/><Cell N='Format' V='' F='No Formula'/><Cell N='SortKey' V='Equipment'/><Cell N='Type' V='0'/><Cell N='Invisible' V='0'/><Cell N='Verify' V='0'/><Cell N='DataLinked' V='0' F='No Formula'/><Cell N='LangID' V='en-US'/><Cell N='Calendar' V='0' F='No Formula'/></Row><Row N='PartNumber'><Cell N='Value' V='0' F='No Formula'/><Cell N='Prompt' V='' F='No Formula'/><Cell N='Label' V='Part Number'/><Cell N='Format' V='' F='No Formula'/><Cell N='SortKey' V='Equipment'/><Cell N='Type' V='0'/><Cell N='Invisible' V='0'/><Cell N='Verify' V='0'/><Cell N='DataLinked' V='0' F='No Formula'/><Cell N='LangID' V='en-US'/><Cell N='Calendar' V='0' F='No Formula'/></Row><Row N='ProductDescription'><Cell N='Value' V='0' F='No Formula'/><Cell N='Prompt' V='' F='No Formula'/><Cell N='Label' V='Product Description'/><Cell N='Format' V='' F='No Formula'/><Cell N='SortKey' V='Equipment'/><Cell N='Type' V='0'/><Cell N='Invisible' V='0'/><Cell N='Verify' V='0'/><Cell N='DataLinked' V='0' F='No Formula'/><Cell N='LangID' V='en-US'/><Cell N='Calendar' V='0' F='No Formula'/></Row><Row N='AssetNumber'><Cell N='Value' V='0' F='No Formula'/><Cell N='Prompt' V='' F='No Formula'/><Cell N='Label' V='Asset Number'/><Cell N='Format' V='' F='No Formula'/><Cell N='SortKey' V='Asset'/><Cell N='Type' V='0'/><Cell N='Invisible' V='0'/><Cell N='Verify' V='0'/><Cell N='DataLinked' V='0' F='No Formula'/><Cell N='LangID' V='en-US'/><Cell N='Calendar' V='0' F='No Formula'/></Row><Row N='SerialNumber'><Cell N='Value' V='0' F='No Formula'/><Cell N='Prompt' V='' F='No Formula'/><Cell N='Label' V='Serial Number'/><Cell N='Format' V='' F='No Formula'/><Cell N='SortKey' V='Asset'/><Cell N='Type' V='0'/><Cell N='Invisible' V='0'/><Cell N='Verify' V='0'/><Cell N='DataLinked' V='0' F='No Formula'/><Cell N='LangID' V='en-US'/><Cell N='Calendar' V='0' F='No Formula'/></Row><Row N='Location'><Cell N='Value' V='0' F='No Formula'/><Cell N='Prompt' V='' F='No Formula'/><Cell N='Label' V='Location'/><Cell N='Format' V='' F='No Formula'/><Cell N='SortKey' V='Asset'/><Cell N='Type' V='0'/><Cell N='Invisible' V='0'/><Cell N='Verify' V='0'/><Cell N='DataLinked' V='0' F='No Formula'/><Cell N='LangID' V='en-US'/><Cell N='Calendar' V='0' F='No Formula'/></Row><Row N='Building'><Cell N='Value' V='0' F='No Formula'/><Cell N='Prompt' V='' F='No Formula'/><Cell N='Label' V='Building'/><Cell N='Format' V='' F='No Formula'/><Cell N='SortKey' V='Asset'/><Cell N='Type' V='0'/><Cell N='Invisible' V='0'/><Cell N='Verify' V='0'/><Cell N='DataLinked' V='0' F='No Formula'/><Cell N='LangID' V='en-US'/><Cell N='Calendar' V='0' F='No Formula'/></Row><Row N='Room'><Cell N='Value' V='0' F='No Formula'/><Cell N='Prompt' V='' F='No Formula'/><Cell N='Label' V='Room'/><Cell N='Format' V='' F='No Formula'/><Cell N='SortKey' V='Asset'/><Cell N='Type' V='0'/><Cell N='Invisible' V='0'/><Cell N='Verify' V='0'/><Cell N='DataLinked' V='0' F='No Formula'/><Cell N='LangID' V='en-US'/><Cell N='Calendar' V='0' F='No Formula'/></Row><Row N='NetworkName'><Cell N='Value' V='0' F='No Formula'/><Cell N='Prompt' V='' F='No Formula'/><Cell N='Label' V='Network Name'/><Cell N='Format' V='' F='No Formula'/><Cell N='SortKey' V='Network'/><Cell N='Type' V='0'/><Cell N='Invisible' V='0'/><Cell N='Verify' V='0'/><Cell N='DataLinked' V='0' F='No Formula'/><Cell N='LangID' V='en-US'/><Cell N='Calendar' V='0' F='No Formula'/></Row><Row N='IPAddress'><Cell N='Value' V='0' F='No Formula'/><Cell N='Prompt' V='' F='No Formula'/><Cell N='Label' V='IP Address'/><Cell N='Format' V='' F='No Formula'/><Cell N='SortKey' V='Network'/><Cell N='Type' V='0'/><Cell N='Invisible' V='0'/><Cell N='Verify' V='0'/><Cell N='DataLinked' V='0' F='No Formula'/><Cell N='LangID' V='en-US'/><Cell N='Calendar' V='0' F='No Formula'/></Row><Row N='SubnetMask'><Cell N='Value' V='0' F='No Formula'/><Cell N='Prompt' V='' F='No Formula'/><Cell N='Label' V='Subnet Mask'/><Cell N='Format' V='' F='No Formula'/><Cell N='SortKey' V='Network'/><Cell N='Type' V='0'/><Cell N='Invisible' V='0'/><Cell N='Verify' V='0'/><Cell N='DataLinked' V='0' F='No Formula'/><Cell N='LangID' V='en-US'/><Cell N='Calendar' V='0' F='No Formula'/></Row><Row N='AdminInterface'><Cell N='Value' V='0' F='No Formula'/><Cell N='Prompt' V='' F='No Formula'/><Cell N='Label' V='Administrative Interface'/><Cell N='Format' V='' F='No Formula'/><Cell N='SortKey' V='Network'/><Cell N='Type' V='0'/><Cell N='Invisible' V='0'/><Cell N='Verify' V='0'/><Cell N='DataLinked' V='0' F='No Formula'/><Cell N='LangID' V='en-US'/><Cell N='Calendar' V='0' F='No Formula'/></Row><Row N='NumberOfPorts'><Cell N='Value' V='0' F='No Formula'/><Cell N='Prompt' V='' F='No Formula'/><Cell N='Label' V='Number of Ports'/><Cell N='Format' V='' F='No Formula'/><Cell N='SortKey' V='Network'/><Cell N='Type' V='0'/><Cell N='Invisible' V='0'/><Cell N='Verify' V='0'/><Cell N='DataLinked' V='0' F='No Formula'/><Cell N='LangID' V='en-US'/><Cell N='Calendar' V='0' F='No Formula'/></Row><Row N='MACAddress'><Cell N='Value' V='0' F='No Formula'/><Cell N='Prompt' V='' F='No Formula'/><Cell N='Label' V='MAC Address'/><Cell N='Format' V='' F='No Formula'/><Cell N='SortKey' V='Network'/><Cell N='Type' V='0'/><Cell N='Invisible' V='0'/><Cell N='Verify' V='0'/><Cell N='DataLinked' V='0' F='No Formula'/><Cell N='LangID' V='en-US'/><Cell N='Calendar' V='0' F='No Formula'/></Row><Row N='CommunityString'><Cell N='Value' V='0' F='No Formula'/><Cell N='Prompt' V='' F='No Formula'/><Cell N='Label' V='Community String'/><Cell N='Format' V='' F='No Formula'/><Cell N='SortKey' V='Network'/><Cell N='Type' V='0'/><Cell N='Invisible' V='0'/><Cell N='Verify' V='0'/><Cell N='DataLinked' V='0' F='No Formula'/><Cell N='LangID' V='en-US'/><Cell N='Calendar' V='0' F='No Formula'/></Row><Row N='NetworkDescription'><Cell N='Value' V='0' F='No Formula'/><Cell N='Prompt' V='' F='No Formula'/><Cell N='Label' V='Network Description'/><Cell N='Format' V='' F='No Formula'/><Cell N='SortKey' V='Network'/><Cell N='Type' V='0'/><Cell N='Invisible' V='0'/><Cell N='Verify' V='0'/><Cell N='DataLinked' V='0' F='No Formula'/><Cell N='LangID' V='en-US'/><Cell N='Calendar' V='0' F='No Formula'/></Row><Row N='HardDriveSize'><Cell N='Value' V='0' F='No Formula'/><Cell N='Prompt' V='' F='No Formula'/><Cell N='Label' V='Hard Drive Capacity'/><Cell N='Format' V='' F='No Formula'/><Cell N='SortKey' V='Workstation'/><Cell N='Type' V='0'/><Cell N='Invisible' V='0'/><Cell N='Verify' V='0'/><Cell N='DataLinked' V='0' F='No Formula'/><Cell N='LangID' V='en-US'/><Cell N='Calendar' V='0' F='No Formula'/></Row><Row N='CPU'><Cell N='Value' V='0' F='No Formula'/><Cell N='Prompt' V='' F='No Formula'/><Cell N='Label' V='CPU'/><Cell N='Format' V='' F='No Formula'/><Cell N='SortKey' V='Workstation'/><Cell N='Type' V='0'/><Cell N='Invisible' V='0'/><Cell N='Verify' V='0'/><Cell N='DataLinked' V='0' F='No Formula'/><Cell N='LangID' V='en-US'/><Cell N='Calendar' V='0' F='No Formula'/></Row><Row N='Memory'><Cell N='Value' V='0' F='No Formula'/><Cell N='Prompt' V='' F='No Formula'/><Cell N='Label' V='Memory'/><Cell N='Format' V='' F='No Formula'/><Cell N='SortKey' V='Workstation'/><Cell N='Type' V='0'/><Cell N='Invisible' V='0'/><Cell N='Verify' V='0'/><Cell N='DataLinked' V='0' F='No Formula'/><Cell N='LangID' V='en-US'/><Cell N='Calendar' V='0' F='No Formula'/></Row><Row N='OperatingSystem'><Cell N='Value' V='0' F='No Formula'/><Cell N='Prompt' V='' F='No Formula'/><Cell N='Label' V='Operating System'/><Cell N='Format' V='' F='No Formula'/><Cell N='SortKey' V='Workstation'/><Cell N='Type' V='0'/><Cell N='Invisible' V='0'/><Cell N='Verify' V='0'/><Cell N='DataLinked' V='0' F='No Formula'/><Cell N='LangID' V='en-US'/><Cell N='Calendar' V='0' F='No Formula'/></Row></Section><Shapes><Shape ID='9' Type='Shape' LineStyle='3' FillStyle='3' TextStyle='3'><Cell N='PinX' V='0.5625' F='Width/2'/><Cell N='PinY' V='0.75' F='Height/2'/><Cell N='Width' V='1.125' F='Sheet.5!Width*1'/><Cell N='Height' V='1.5' F='Sheet.5!Height*1'/><Cell N='LocPinX' V='0.5625' F='Width*0.5'/><Cell N='LocPinY' V='0.75' F='Height*0.5'/><Cell N='Angle' V='0'/><Cell N='FlipX' V='0'/><Cell N='FlipY' V='0'/><Cell N='ResizeMode' V='0'/><Cell N='LineWeight' V='0.003333333333333333' U='PT' F='GUARD(0.24PT)'/><Cell N='LinePattern' V='1' F='GUARD(1)'/><Cell N='Rounding' V='0' F='GUARD(0)'/><Cell N='BeginArrow' V='0' F='GUARD(0)'/><Cell N='EndArrow' V='0' F='GUARD(0)'/><Cell N='LineColorTrans' V='1' F='GUARD(100%)'/><Cell N='FillForegnd' V='6' F='GUARD(6)'/><Cell N='FillBkgnd' V='6' F='GUARD(6)'/><Cell N='FillPattern' V='1' F='GUARD(1)'/><Cell N='FillForegndTrans' V='1' F='GUARD(100%)'/><Cell N='FillBkgndTrans' V='1' F='GUARD(100%)'/><Cell N='Copyright' V='Copyright (c) 2012 Microsoft Corporation.  All rights reserved.'/><Cell N='FillGradientEnabled' V='0' F='GUARD(FALSE)'/><Section N='Geometry' IX='0'><Cell N='NoFill' V='0'/><Cell N='NoLine' V='0'/><Cell N='NoShow' V='0'/><Cell N='NoSnap' V='0'/><Cell N='NoQuickDrag' V='0' F='No Formula'/><Row T='MoveTo' IX='1'><Cell N='X' V='0.7500000000000037' F='Width*0.66666666666667'/><Cell N='Y' V='0' F='Height*0'/></Row><Row T='LineTo' IX='2'><Cell N='X' V='1.125' F='Width*1'/><Cell N='Y' V='0.216506350946115' F='Height*0.14433756729741'/></Row><Row T='LineTo' IX='3'><Cell N='X' V='1.125' F='Width*1'/><Cell N='Y' V='1.066987298107785' F='Height*0.71132486540519'/></Row><Row T='LineTo' IX='4'><Cell N='X' V='0.3749999999999962' F='Width*0.33333333333333'/><Cell N='Y' V='1.5' F='Height*1'/></Row><Row T='LineTo' IX='5'><Cell N='X' V='0' F='Width*0'/><Cell N='Y' V='1.283493649053885' F='Height*0.85566243270259'/></Row><Row T='LineTo' IX='6'><Cell N='X' V='0' F='Width*0'/><Cell N='Y' V='0.433012701892215' F='Height*0.28867513459481'/></Row><Row T='LineTo' IX='7'><Cell N='X' V='0.7500000000000037' F='Width*0.66666666666667'/><Cell N='Y' V='0' F='Height*0'/></Row></Section></Shape><Shape ID='6' Type='Shape' LineStyle='14' FillStyle='14' TextStyle='14'><Cell N='PinX' V='0.9374999999999963' F='Sheet.5!Width*0.83333333333333'/><Cell N='PinY' V='0.5334936490539' F='Sheet.5!Height*0.3556624327026'/><Cell N='Width' V='0.3749999999999962' F='Sheet.5!Width*0.33333333333333'/><Cell N='Height' V='1.066987298107785' F='Sheet.5!Height*0.71132486540519'/><Cell N='LocPinX' V='0.1874999999999981' F='Width*0.5'/><Cell N='LocPinY' V='0.5334936490538925' F='Height*0.5'/><Cell N='Angle' V='0'/><Cell N='FlipX' V='0'/><Cell N='FlipY' V='0'/><Cell N='ResizeMode' V='0'/><Cell N='LineWeight' V='0.01' U='PT' F='GUARD(0.72PT)'/><Cell N='LineColor' V='#ffffff' F='GUARD(RGB(255,255,255))'/><Cell N='LinePattern' V='1' F='GUARD(1)'/><Cell N='Rounding' V='0' F='GUARD(0)'/><Cell N='BeginArrow' V='0' F='GUARD(0)'/><Cell N='EndArrow' V='0' F='GUARD(0)'/><Cell N='Copyright' V='Copyright (c) 2012 Microsoft Corporation.  All rights reserved.'/><Cell N='LayerMember' V='' F='No Formula'/><Cell N='FillPattern' V='31' F='GUARD(31)'/><Cell N='ShdwPattern' V='0' F='GUARD(0)'/><Cell N='FillGradientDir' V='12' F='GUARD(12)'/><Cell N='FillGradientEnabled' V='1' F='GUARD(TRUE)'/><Cell N='UseGroupGradient' V='0' F='GUARD(FALSE)'/><Section N='Geometry' IX='0'><Cell N='NoFill' V='0'/><Cell N='NoLine' V='0'/><Cell N='NoShow' V='0'/><Cell N='NoSnap' V='0'/><Cell N='NoQuickDrag' V='0' F='No Formula'/><Row T='MoveTo' IX='1'><Cell N='X' V='0' F='Width*0'/><Cell N='Y' V='0.8504809471616732' F='Height*0.79708629022101'/></Row><Row T='LineTo' IX='2'><Cell N='X' V='0' F='Width*0'/><Cell N='Y' V='0' F='Height*0'/></Row><Row T='LineTo' IX='3'><Cell N='X' V='0.3749999999999962' F='Width*1'/><Cell N='Y' V='0.2165063509461118' F='Height*0.20291370977899'/></Row><Row T='LineTo' IX='4'><Cell N='X' V='0.3749999999999962' F='Width*1'/><Cell N='Y' V='1.066987298107785' F='Height*1'/></Row><Row T='LineTo' IX='5'><Cell N='X' V='0' F='Geometry1.X1'/><Cell N='Y' V='0.8504809471616732' F='Geometry1.Y1'/></Row></Section></Shape><Shape ID='7' Type='Shape' LineStyle='8' FillStyle='8' TextStyle='8'><Cell N='PinX' V='0.5625' F='Sheet.5!Width*0.5'/><Cell N='PinY' V='1.175240473580835' F='Sheet.5!Height*0.78349364905389'/><Cell N='Width' V='1.125' F='Sheet.5!Width*1'/><Cell N='Height' V='0.64951905283833' F='Sheet.5!Height*0.43301270189222'/><Cell N='LocPinX' V='0.5625' F='Width*0.5'/><Cell N='LocPinY' V='0.324759526419165' F='Height*0.5'/><Cell N='Angle' V='0'/><Cell N='FlipX' V='0'/><Cell N='FlipY' V='0'/><Cell N='ResizeMode' V='0'/><Cell N='LineWeight' V='0.01' U='PT' F='GUARD(0.72PT)'/><Cell N='LineColor' V='#ffffff' F='GUARD(RGB(255,255,255))'/><Cell N='LinePattern' V='1' F='GUARD(1)'/><Cell N='Rounding' V='0' F='GUARD(0)'/><Cell N='BeginArrow' V='0' F='GUARD(0)'/><Cell N='EndArrow' V='0' F='GUARD(0)'/><Cell N='Copyright' V='Copyright (c) 2012 Microsoft Corporation.  All rights reserved.'/><Cell N='LayerMember' V='' F='No Formula'/><Cell N='FillPattern' V='30' F='GUARD(30)'/><Cell N='ShdwPattern' V='0' F='GUARD(0)'/><Cell N='FillGradientDir' V='0' F='GUARD(0)'/><Cell N='FillGradientAngle' V='4.7123889803847' U='DEG' F='GUARD(270DEG)'/><Cell N='FillGradientEnabled' V='1' F='GUARD(TRUE)'/><Cell N='UseGroupGradient' V='0' F='GUARD(FALSE)'/><Section N='Geometry' IX='0'><Cell N='NoFill' V='0'/><Cell N='NoLine' V='0'/><Cell N='NoShow' V='0'/><Cell N='NoSnap' V='0'/><Cell N='NoQuickDrag' V='0' F='No Formula'/><Row T='MoveTo' IX='1'><Cell N='X' V='0' F='Width*0'/><Cell N='Y' V='0.4330127018922156' F='Height*0.66666666666666'/></Row><Row T='LineTo' IX='2'><Cell N='X' V='0.7500000000000037' F='Width*0.66666666666667'/><Cell N='Y' V='0' F='Height*0'/></Row><Row T='LineTo' IX='3'><Cell N='X' V='1.125' F='Width*1'/><Cell N='Y' V='0.2165063509461143' F='Height*0.33333333333334'/></Row><Row T='LineTo' IX='4'><Cell N='X' V='0.3749999999999962' F='Width*0.33333333333333'/><Cell N='Y' V='0.64951905283833' F='Height*1'/></Row><Row T='LineTo' IX='5'><Cell N='X' V='0' F='Geometry1.X1'/><Cell N='Y' V='0.4330127018922156' F='Geometry1.Y1'/></Row></Section></Shape><Shape ID='8' Type='Shape' LineStyle='10' FillStyle='10' TextStyle='10'><Cell N='PinX' V='0.3749999999999962' F='Sheet.5!Width*0.33333333333333'/><Cell N='PinY' V='0.64174682452695' F='Sheet.5!Height*0.4278312163513'/><Cell N='Width' V='0.7500000000000037' F='Sheet.5!Width*0.66666666666667'/><Cell N='Height' V='1.283493649053885' F='Sheet.5!Height*0.85566243270259'/><Cell N='LocPinX' V='0.3750000000000018' F='Width*0.5'/><Cell N='LocPinY' V='0.6417468245269425' F='Height*0.5'/><Cell N='Angle' V='0'/><Cell N='FlipX' V='0'/><Cell N='FlipY' V='0'/><Cell N='ResizeMode' V='0'/><Cell N='LineWeight' V='0.01' U='PT' F='GUARD(0.72PT)'/><Cell N='LineColor' V='#000000' F='GUARD(RGB(0,0,0))'/><Cell N='LinePattern' V='1' F='GUARD(1)'/><Cell N='Rounding' V='0' F='GUARD(0)'/><Cell N='BeginArrow' V='0' F='GUARD(0)'/><Cell N='EndArrow' V='0' F='GUARD(0)'/><Cell N='Copyright' V='Copyright (c) 2012 Microsoft Corporation.  All rights reserved.'/><Cell N='LayerMember' V='' F='No Formula'/><Cell N='FillPattern' V='32' F='GUARD(32)'/><Cell N='ShdwPattern' V='0' F='GUARD(0)'/><Cell N='FillGradientDir' V='11' F='GUARD(11)'/><Cell N='FillGradientEnabled' V='1' F='GUARD(TRUE)'/><Cell N='UseGroupGradient' V='0' F='GUARD(FALSE)'/><Section N='Geometry' IX='0'><Cell N='NoFill' V='0'/><Cell N='NoLine' V='0'/><Cell N='NoShow' V='0'/><Cell N='NoSnap' V='0'/><Cell N='NoQuickDrag' V='0' F='No Formula'/><Row T='MoveTo' IX='1'><Cell N='X' V='0' F='Width*0'/><Cell N='Y' V='0.4330127018922179' F='Height*0.33737035022449'/></Row><Row T='LineTo' IX='2'><Cell N='X' V='0.7500000000000037' F='Width*1'/><Cell N='Y' V='0' F='Height*0'/></Row><Row T='LineTo' IX='3'><Cell N='X' V='0.7500000000000037' F='Width*1'/><Cell N='Y' V='0.8504809471616672' F='Height*0.66262964977551'/></Row><Row T='LineTo' IX='4'><Cell N='X' V='0' F='Width*0'/><Cell N='Y' V='1.283493649053885' F='Height*1'/></Row><Row T='LineTo' IX='5'><Cell N='X' V='0' F='Geometry1.X1'/><Cell N='Y' V='0.4330127018922179' F='Geometry1.Y1'/></Row></Section></Shape><Shape ID='11' Type='Shape' LineStyle='12' FillStyle='12' TextStyle='12'><Cell N='PinX' V='0.5625' F='Sheet.5!Width*0.5'/><Cell N='PinY' V='0.75' F='Sheet.5!Height*0.5'/><Cell N='Width' V='1.125' F='Sheet.5!Width*1'/><Cell N='Height' V='1.5' F='Sheet.5!Height*1'/><Cell N='LocPinX' V='0.5625' F='Width*0.5'/><Cell N='LocPinY' V='0.75' F='Height*0.5'/><Cell N='Angle' V='0'/><Cell N='FlipX' V='0'/><Cell N='FlipY' V='0'/><Cell N='ResizeMode' V='0'/><Cell N='LineWeight' V='0.02083333333333333' U='PT' F='GUARD(1.5PT)'/><Cell N='LinePattern' V='1' F='GUARD(1)'/><Cell N='Rounding' V='0' F='GUARD(0)'/><Cell N='BeginArrow' V='0' F='GUARD(0)'/><Cell N='EndArrow' V='0' F='GUARD(0)'/><Cell N='FillPattern' V='1' F='GUARD(1)'/><Cell N='ShdwPattern' V='0' F='GUARD(0)'/><Cell N='Copyright' V='Copyright (c) 2012 Microsoft Corporation.  All rights reserved.'/><Cell N='LayerMember' V='' F='No Formula'/><Cell N='FillGradientEnabled' V='0' F='GUARD(FALSE)'/><Section N='Geometry' IX='0'><Cell N='NoFill' V='1'/><Cell N='NoLine' V='0'/><Cell N='NoShow' V='0'/><Cell N='NoSnap' V='0'/><Cell N='NoQuickDrag' V='0' F='No Formula'/><Row T='MoveTo' IX='1'><Cell N='X' V='0' F='Width*0'/><Cell N='Y' V='1.283493649053885' F='Height*0.85566243270259'/></Row><Row T='LineTo' IX='2'><Cell N='X' V='0' F='Width*0'/><Cell N='Y' V='0.433012701892215' F='Height*0.28867513459481'/></Row><Row T='LineTo' IX='3'><Cell N='X' V='0.7500000000000037' F='Width*0.66666666666667'/><Cell N='Y' V='0' F='Height*0'/></Row><Row T='LineTo' IX='4'><Cell N='X' V='1.125' F='Width*1'/><Cell N='Y' V='0.216506350946115' F='Height*0.14433756729741'/></Row><Row T='LineTo' IX='5'><Cell N='X' V='1.125' F='Width*1'/><Cell N='Y' V='1.066987298107785' F='Height*0.71132486540519'/></Row><Row T='LineTo' IX='6'><Cell N='X' V='0.3749999999999962' F='Width*0.33333333333333'/><Cell N='Y' V='1.5' F='Height*1'/></Row><Row T='LineTo' IX='7'><Cell N='X' V='0' F='Geometry1.X1'/><Cell N='Y' V='1.283493649053885' F='Geometry1.Y1'/></Row></Section></Shape><Shape ID='13' Type='Shape' LineStyle='10' FillStyle='10' TextStyle='10'><Cell N='PinX' V='0.3770292448450688' F='Sheet.5!Width*0.33513710652895'/><Cell N='PinY' V='0.64202591348865' F='Sheet.5!Height*0.4280172756591'/><Cell N='Width' V='0.66310997840973' F='Sheet.5!Width*0.58943109191976'/><Cell N='Height' V='1.01308420269711' F='Sheet.5!Height*0.67538946846474'/><Cell N='LocPinX' V='0.331554989204865' F='Width*0.5'/><Cell N='LocPinY' V='0.506542101348555' F='Height*0.5'/><Cell N='Angle' V='0'/><Cell N='FlipX' V='0'/><Cell N='FlipY' V='0'/><Cell N='ResizeMode' V='0'/><Cell N='LineWeight' V='0.01' U='PT' F='GUARD(0.72PT)'/><Cell N='LineColor' V='#000000' F='GUARD(RGB(0,0,0))'/><Cell N='LinePattern' V='1' F='GUARD(1)'/><Cell N='Rounding' V='0' F='GUARD(0)'/><Cell N='BeginArrow' V='0' F='GUARD(0)'/><Cell N='EndArrow' V='0' F='GUARD(0)'/><Cell N='Copyright' V='Copyright (c) 2012 Microsoft Corporation.  All rights reserved.'/><Cell N='LayerMember' V='' F='No Formula'/><Cell N='FillPattern' V='32' F='GUARD(32)'/><Cell N='ShdwPattern' V='0' F='GUARD(0)'/><Cell N='FillGradientDir' V='11' F='GUARD(11)'/><Cell N='FillGradientEnabled' V='1' F='GUARD(TRUE)'/><Cell N='UseGroupGradient' V='0' F='GUARD(FALSE)'/><Section N='Geometry' IX='0'><Cell N='NoFill' V='0'/><Cell N='NoLine' V='0'/><Cell N='NoShow' V='0'/><Cell N='NoSnap' V='0'/><Cell N='NoQuickDrag' V='0' F='No Formula'/><Row T='Ellipse' IX='1'><Cell N='X' V='0.3320286813936975' F='Width*0.50071434936022'/><Cell N='Y' V='0.5061884036884599' F='Height*0.49965087042207'/><Cell N='A' V='0.4614879710421767' U='DL' F='Width*0.69594484484899'/><Cell N='B' V='0.2809234372682387' U='DL' F='Height*0.27729525001016'/><Cell N='C' V='0.2019763064681327' U='DL' F='Width*0.30458945430517'/><Cell N='D' V='0.4314475097372205' U='DL' F='Height*0.42587527136302'/></Row></Section><Section N='Geometry' IX='1'><Cell N='NoFill' V='0'/><Cell N='NoLine' V='0'/><Cell N='NoShow' V='0'/><Cell N='NoSnap' V='0'/><Cell N='NoQuickDrag' V='0' F='No Formula'/><Row T='MoveTo' IX='1'><Cell N='X' V='0.1173031409426036' F='Width*0.17689847048286'/><Cell N='Y' V='1.01308420269711' F='Height*1'/></Row><Row T='LineTo' IX='2'><Cell N='X' V='0.009049965469549131' F='Width*0.01364775944294'/><Cell N='Y' V='0.975584202697114' F='Height*0.96298432065157'/></Row><Row T='LineTo' IX='3'><Cell N='X' V='0.08660254037844618' F='Width*0.13060056883194'/><Cell N='Y' V='0.9308092026971039' F='Height*0.91878759950953'/></Row><Row T='LineTo' IX='4'><Cell N='X' V='0.08660254037843955' F='Width*0.13060056883193'/><Cell N='Y' V='0.6480123473903939' F='Height*0.6396431270621'/></Row><Row T='EllipticalArcTo' IX='5'><Cell N='X' V='0.1697300511968785' F='Width*0.25596063507282'/><Cell N='Y' V='0.38763978391671' F='Height*0.38263333184419'/><Cell N='A' V='0.1105599683718151' U='DL' F='Width*0.16672945962442'/><Cell N='B' V='0.5122050042283112' U='DL' F='Height*0.50558976525809'/><Cell N='C' V='0' U='DA'/><Cell N='D' V='1.000000000000021' F='Width/Height*1.5277770440534'/></Row><Row T='LineTo' IX='6'><Cell N='X' V='0.08660254037844618' F='Width*0.13060056883194'/><Cell N='Y' V='0.4356334746647947' F='Height*0.43000717364363'/></Row><Row T='LineTo' IX='7'><Cell N='X' V='0.08660254037844618' F='Width*0.13060056883194'/><Cell N='Y' V='0.5253834746647997' F='Height*0.51859803288422'/></Row><Row T='LineTo' IX='8'><Cell N='X' V='0' F='Width*0'/><Cell N='Y' V='0.4503834746647974' F='Height*0.44456667418735'/></Row><Row T='LineTo' IX='9'><Cell N='X' V='0.08660254037844618' F='Width*0.13060056883194'/><Cell N='Y' V='0.2753834746647954' F='Height*0.27182683722799'/></Row><Row T='LineTo' IX='10'><Cell N='X' V='0.08660254037844618' F='Width*0.13060056883194'/><Cell N='Y' V='0.3651157449634738' F='Height*0.3604001957502'/></Row><Row T='LineTo' IX='11'><Cell N='X' V='0.3315496417474224' F='Width*0.49999193579102'/><Cell N='Y' V='0.2236954700508816' F='Height*0.22080639442935'/></Row><Row T='EllipticalArcTo' IX='12'><Cell N='X' V='0.5150525787073091' F='Width*0.77672270886725'/><Cell N='Y' V='0.2132217730519597' F='Height*0.21046796750389'/><Cell N='A' V='0.4216937473826178' U='DL' F='Width*0.63593334607017'/><Cell N='B' V='0.1902970466269663' U='DL' F='Height*0.18783931890394'/><Cell N='C' V='0' U='DA' F='_ELLIPSE_THETA(-1.6402582025293,1,0.66310997840973,1.0130842026971,Width,Height)'/><Cell N='D' V='0.9999999999999902' F='_ELLIPSE_ECC(-1.6402582025293,1,0.66310997840973,1.0130842026971,Width,Height,Geometry2.C12)'/></Row><Row T='LineTo' IX='13'><Cell N='X' V='0.5150525787073091' F='Width*0.77672270886725'/><Cell N='Y' V='0.1177499999999977' F='Height*0.11622923315408'/></Row><Row T='LineTo' IX='14'><Cell N='X' V='0.437543305068604' F='Width*0.65983519976267'/><Cell N='Y' V='0.1625000000000033' F='Height*0.16040127717655'/></Row><Row T='LineTo' IX='15'><Cell N='X' V='0.5457964805416583' F='Width*0.82308591080259'/><Cell N='Y' V='0' F='Height*0'/></Row><Row T='LineTo' IX='16'><Cell N='X' V='0.6540496560147128' F='Width*0.98633662184251'/><Cell N='Y' V='0.03750000000000014' F='Height*0.037015679348434'/></Row><Row T='LineTo' IX='17'><Cell N='X' V='0.5765074380312838' F='Width*0.86939943116806'/><Cell N='Y' V='0.08226902042629287' F='Height*0.081206498144251'/></Row><Row T='LineTo' IX='18'><Cell N='X' V='0.5765074380312838' F='Width*0.86939943116806'/><Cell N='Y' V='0.365165622853212' F='Height*0.36044942945615'/></Row><Row T='EllipticalArcTo' IX='19'><Cell N='X' V='0.4932817192285195' F='Width*0.74389126282115'/><Cell N='Y' V='0.6255948867330871' F='Height*0.61751519278218'/><Cell N='A' V='0.5523596981248145' U='DL' F='Width*0.83298354135687'/><Cell N='B' V='0.5009616057607174' U='DL' F='Height*0.49449157772574'/><Cell N='C' V='0' U='DA' F='_ELLIPSE_THETA(-1.5457775434395,1,0.66310997840973,1.0130842026971,Width,Height)'/><Cell N='D' V='0.9999999999999902' F='_ELLIPSE_ECC(-1.5457775434395,1,0.66310997840973,1.0130842026971,Width,Height,Geometry2.C19)'/></Row><Row T='LineTo' IX='20'><Cell N='X' V='0.5765074380312838' F='Width*0.86939943116806'/><Cell N='Y' V='0.5775444955788111' F='Height*0.57008538287462'/></Row><Row T='LineTo' IX='21'><Cell N='X' V='0.5765074380312838' F='Width*0.86939943116806'/><Cell N='Y' V='0.4877444955788074' F='Height*0.4814451693949'/></Row><Row T='LineTo' IX='22'><Cell N='X' V='0.66310997840973' F='Width*1'/><Cell N='Y' V='0.5627444955788097' F='Height*0.55547652809177'/></Row><Row T='LineTo' IX='23'><Cell N='X' V='0.5765074380312838' F='Width*0.86939943116806'/><Cell N='Y' V='0.7377444955788116' F='Height*0.72821636505113'/></Row><Row T='LineTo' IX='24'><Cell N='X' V='0.5765074380312838' F='Width*0.86939943116806'/><Cell N='Y' V='0.6479624781599321' F='Height*0.63959390190359'/></Row><Row T='LineTo' IX='25'><Cell N='X' V='0.3315496417474157' F='Width*0.49999193579101'/><Cell N='Y' V='0.7893889277845118' F='Height*0.77919379818868'/></Row><Row T='EllipticalArcTo' IX='26'><Cell N='X' V='0.1480467047875224' F='Width*0.22326116271477'/><Cell N='Y' V='0.7998486553980854' F='Height*0.78951843614644'/><Cell N='A' V='0.2413133630212072' U='DL' F='Width*0.36391152429937'/><Cell N='B' V='0.8212009149632996' U='DL' F='Height*0.81059492663792'/><Cell N='C' V='0' U='DA'/><Cell N='D' V='1.000000000000021' F='Width/Height*1.5277770440534'/></Row><Row T='LineTo' IX='27'><Cell N='X' V='0.1480467047875224' F='Width*0.22326116271477'/><Cell N='Y' V='0.8953343978353958' F='Height*0.88377095946395'/></Row><Row T='LineTo' IX='28'><Cell N='X' V='0.225556316415658' F='Width*0.34014918152278'/><Cell N='Y' V='0.8505842026971068' F='Height*0.83959872282345'/></Row><Row T='LineTo' IX='29'><Cell N='X' V='0.1173031409426036' F='Width*0.17689847048286'/><Cell N='Y' V='1.01308420269711' F='Height*1'/></Row></Section></Shape></Shapes></Shape></Shapes></MasterContents>