<?xml version='1.0' encoding='utf-8' ?>
<MasterContents xmlns='http://schemas.microsoft.com/office/visio/2012/main' xmlns:r='http://schemas.openxmlformats.org/officeDocument/2006/relationships' xml:space='preserve'><Shapes><Shape ID='5' Type='Group' LineStyle='3' FillStyle='3' TextStyle='3'><Cell N='PinX' V='0.189999999999999' F='(BeginX+EndX)/2'/><Cell N='PinY' V='0.28875' F='(BeginY+EndY)/2'/><Cell N='Width' V='0.5625' F='SQRT((EndX-BeginX)^2+(EndY-BeginY)^2)'/><Cell N='Height' V='0.3486328125000018' F='GUARD(Width*0.61979166666667)'/><Cell N='LocPinX' V='0.28125' F='Width*0.5'/><Cell N='LocPinY' V='0.1743164062500009' F='Height*0.5'/><Cell N='Angle' V='-1.5707963267949' F='ATAN2(EndY-BeginY,EndX-BeginX)'/><Cell N='FlipX' V='0'/><Cell N='FlipY' V='0'/><Cell N='ResizeMode' V='0'/><Cell N='BeginX' V='0.19'/><Cell N='BeginY' V='0.57'/><Cell N='EndX' V='0.189999999999998'/><Cell N='EndY' V='0.007500000000000062'/><Cell N='LeftMargin' V='0'/><Cell N='RightMargin' V='0'/><Cell N='TopMargin' V='0'/><Cell N='BottomMargin' V='0'/><Cell N='TextBkgnd' V='#ffffff' F='THEMEGUARD(THEMEVAL("BackgroundColor")+1)'/><Cell N='DefaultTabStop' V='0.05' U='IN'/><Cell N='HideText' V='1'/><Cell N='Comment' V='Fiber SFP: Fiber SFP'/><Cell N='Copyright' V='Copyright ©2010 Gigamon. All rights Reserved.  Created by Visimation Inc.'/><Cell N='LockAspect' V='1'/><Cell N='LockTextEdit' V='1' F='GUARD(NOT(Actions.Row_2.Checked))'/><Cell N='SelectMode' V='0'/><Cell N='IsSnapTarget' V='0'/><Cell N='LineWeight' V='0.001' U='PT' F='THEMEVAL("LineWeight",0.072PT)'/><Cell N='TxtPinX' V='0.28125' F='Controls.Row_1'/><Cell N='TxtPinY' V='-1.000257629394531' F='Controls.Row_1.Y'/><Cell N='TxtWidth' V='7.403721131371093' F='TEXTWIDTH(TheText)'/><Cell N='TxtHeight' V='2.000515258789062' F='TEXTHEIGHT(TheText,TxtWidth)'/><Cell N='TxtLocPinX' V='3.701860565685546' F='TxtWidth*0.5'/><Cell N='TxtLocPinY' V='1.000257629394526' F='TxtHeight*0.5'/><Cell N='TxtAngle' V='0'/><Cell N='EventDblClick' V='0' F='DOCMD(1312)'/><Cell N='QuickStyleLineMatrix' V='1'/><Cell N='QuickStyleFillMatrix' V='1'/><Cell N='QuickStyleEffectsMatrix' V='1'/><Cell N='QuickStyleFontMatrix' V='1'/><Section N='Connection'><Row T='Connection' IX='0'><Cell N='X' V='0.28125' F='Width*0.5'/><Cell N='Y' V='0.17431640625' F='Height*0.5'/><Cell N='DirX' V='0' U='IN'/><Cell N='DirY' V='0' U='IN'/><Cell N='Type' V='0'/><Cell N='AutoGen' V='0'/><Cell N='Prompt' V='' F='No Formula'/></Row></Section><Section N='User'><Row N='CreatedWith'><Cell N='Value' V='Visimation NetPix' U='STR'/><Cell N='Prompt' V='Build #3.0.1100.0'/></Row><Row N='AntiScale'><Cell N='Value' V='0.1' U='STR' F='IF(DropOnPageScale=1,User.AntiScale.Prompt,DropOnPageScale)'/><Cell N='Prompt' V='0.1' F='ThePage!PageScale/ThePage!DrawingScale'/></Row></Section><Section N='Property'><Row N='Manufacturer'><Cell N='Value' V='Gigamon' U='STR'/><Cell N='Prompt' V='Manufacturer'/><Cell N='Label' V='Manufacturer'/><Cell N='Format' V=''/><Cell N='SortKey' V=''/><Cell N='Type' V='0'/><Cell N='Invisible' V='0'/><Cell N='Verify' V='0'/><Cell N='DataLinked' V='0' F='No Formula'/><Cell N='LangID' V='en-US'/><Cell N='Calendar' V='0'/></Row><Row N='ProductNumber'><Cell N='Value' V='Fiber SFP' U='STR'/><Cell N='Prompt' V='Product Number'/><Cell N='Label' V='Product Number'/><Cell N='Format' V=''/><Cell N='SortKey' V=''/><Cell N='Type' V='0'/><Cell N='Invisible' V='0'/><Cell N='Verify' V='0'/><Cell N='DataLinked' V='0' F='No Formula'/><Cell N='LangID' V='en-US'/><Cell N='Calendar' V='0'/></Row><Row N='PartNumber'><Cell N='Value' V='Fiber SFP' U='STR'/><Cell N='Prompt' V='Part Number'/><Cell N='Label' V='Part Number'/><Cell N='Format' V=''/><Cell N='SortKey' V=''/><Cell N='Type' V='0'/><Cell N='Invisible' V='0'/><Cell N='Verify' V='0'/><Cell N='DataLinked' V='0' F='No Formula'/><Cell N='LangID' V='en-US'/><Cell N='Calendar' V='0'/></Row><Row N='View'><Cell N='Value' V='' U='STR'/><Cell N='Prompt' V='View'/><Cell N='Label' V='View'/><Cell N='Format' V=''/><Cell N='SortKey' V=''/><Cell N='Type' V='0'/><Cell N='Invisible' V='0'/><Cell N='Verify' V='0'/><Cell N='DataLinked' V='0' F='No Formula'/><Cell N='LangID' V='en-US'/><Cell N='Calendar' V='0'/></Row><Row N='ProductDescription'><Cell N='Value' V='Fiber SFP' U='STR'/><Cell N='Prompt' V='Product Description'/><Cell N='Label' V='Product Description'/><Cell N='Format' V=''/><Cell N='SortKey' V=''/><Cell N='Type' V='0'/><Cell N='Invisible' V='0'/><Cell N='Verify' V='0'/><Cell N='DataLinked' V='0' F='No Formula'/><Cell N='LangID' V='en-US'/><Cell N='Calendar' V='0'/></Row><Row N='Ipadress'><Cell N='Value' V='' U='STR'/><Cell N='Prompt' V='IP Address'/><Cell N='Label' V='IP Address'/><Cell N='Format' V=''/><Cell N='SortKey' V=''/><Cell N='Type' V='0'/><Cell N='Invisible' V='0'/><Cell N='Verify' V='0'/><Cell N='DataLinked' V='0' F='No Formula'/><Cell N='LangID' V='en-US'/><Cell N='Calendar' V='0'/></Row><Row N='NetworkName'><Cell N='Value' V='' U='STR'/><Cell N='Prompt' V='Network Name'/><Cell N='Label' V='Network Name'/><Cell N='Format' V=''/><Cell N='SortKey' V=''/><Cell N='Type' V='0'/><Cell N='Invisible' V='0'/><Cell N='Verify' V='0'/><Cell N='DataLinked' V='0' F='No Formula'/><Cell N='LangID' V='en-US'/><Cell N='Calendar' V='0'/></Row><Row N='RackUnits'><Cell N='Value' V='' U='STR'/><Cell N='Prompt' V='Rack Units'/><Cell N='Label' V='Rack Units'/><Cell N='Format' V=''/><Cell N='SortKey' V=''/><Cell N='Type' V='0'/><Cell N='Invisible' V='0'/><Cell N='Verify' V='0'/><Cell N='DataLinked' V='0' F='No Formula'/><Cell N='LangID' V='en-US'/><Cell N='Calendar' V='0'/></Row><Row N='MountingPosition'><Cell N='Value' V='' U='STR'/><Cell N='Prompt' V='Mounting Position (RU)'/><Cell N='Label' V='Mounting Position (RU)'/><Cell N='Format' V=''/><Cell N='SortKey' V=''/><Cell N='Type' V='0'/><Cell N='Invisible' V='0'/><Cell N='Verify' V='0'/><Cell N='DataLinked' V='0' F='No Formula'/><Cell N='LangID' V='en-US'/><Cell N='Calendar' V='0'/></Row><Row N='Bay'><Cell N='Value' V='' U='STR'/><Cell N='Prompt' V='Rack/Cab Bay'/><Cell N='Label' V='Rack/Cab Bay'/><Cell N='Format' V=''/><Cell N='SortKey' V=''/><Cell N='Type' V='0'/><Cell N='Invisible' V='0'/><Cell N='Verify' V='0'/><Cell N='DataLinked' V='0' F='No Formula'/><Cell N='LangID' V='en-US'/><Cell N='Calendar' V='0'/></Row><Row N='RowLineup'><Cell N='Value' V='' U='STR'/><Cell N='Prompt' V='Row/Lineup'/><Cell N='Label' V='Row/Lineup'/><Cell N='Format' V=''/><Cell N='SortKey' V=''/><Cell N='Type' V='0'/><Cell N='Invisible' V='0'/><Cell N='Verify' V='0'/><Cell N='DataLinked' V='0' F='No Formula'/><Cell N='LangID' V='en-US'/><Cell N='Calendar' V='0'/></Row><Row N='Room'><Cell N='Value' V='' U='STR'/><Cell N='Prompt' V='Room'/><Cell N='Label' V='Room'/><Cell N='Format' V=''/><Cell N='SortKey' V=''/><Cell N='Type' V='0'/><Cell N='Invisible' V='0'/><Cell N='Verify' V='0'/><Cell N='DataLinked' V='0' F='No Formula'/><Cell N='LangID' V='en-US'/><Cell N='Calendar' V='0'/></Row><Row N='Floor'><Cell N='Value' V='' U='STR'/><Cell N='Prompt' V='Floor'/><Cell N='Label' V='Floor'/><Cell N='Format' V=''/><Cell N='SortKey' V=''/><Cell N='Type' V='0'/><Cell N='Invisible' V='0'/><Cell N='Verify' V='0'/><Cell N='DataLinked' V='0' F='No Formula'/><Cell N='LangID' V='en-US'/><Cell N='Calendar' V='0'/></Row><Row N='Building'><Cell N='Value' V='' U='STR'/><Cell N='Prompt' V='Building'/><Cell N='Label' V='Building'/><Cell N='Format' V=''/><Cell N='SortKey' V=''/><Cell N='Type' V='0'/><Cell N='Invisible' V='0'/><Cell N='Verify' V='0'/><Cell N='DataLinked' V='0' F='No Formula'/><Cell N='LangID' V='en-US'/><Cell N='Calendar' V='0'/></Row><Row N='LocationCode'><Cell N='Value' V='' U='STR'/><Cell N='Prompt' V='Location Code'/><Cell N='Label' V='Location Code'/><Cell N='Format' V=''/><Cell N='SortKey' V=''/><Cell N='Type' V='0'/><Cell N='Invisible' V='0'/><Cell N='Verify' V='0'/><Cell N='DataLinked' V='0' F='No Formula'/><Cell N='LangID' V='en-US'/><Cell N='Calendar' V='0'/></Row><Row N='Department'><Cell N='Value' V='' U='STR'/><Cell N='Prompt' V='Department'/><Cell N='Label' V='Department'/><Cell N='Format' V=''/><Cell N='SortKey' V=''/><Cell N='Type' V='0'/><Cell N='Invisible' V='0'/><Cell N='Verify' V='0'/><Cell N='DataLinked' V='0' F='No Formula'/><Cell N='LangID' V='en-US'/><Cell N='Calendar' V='0'/></Row><Row N='PurchaseDate'><Cell N='Value' V='' U='STR'/><Cell N='Prompt' V='Purchase Date'/><Cell N='Label' V='Purchase Date'/><Cell N='Format' V=''/><Cell N='SortKey' V=''/><Cell N='Type' V='0'/><Cell N='Invisible' V='0'/><Cell N='Verify' V='0'/><Cell N='DataLinked' V='0' F='No Formula'/><Cell N='LangID' V='en-US'/><Cell N='Calendar' V='0'/></Row><Row N='InstalledDate'><Cell N='Value' V='' U='STR'/><Cell N='Prompt' V='Installed Date'/><Cell N='Label' V='Installed Date'/><Cell N='Format' V=''/><Cell N='SortKey' V=''/><Cell N='Type' V='0'/><Cell N='Invisible' V='0'/><Cell N='Verify' V='0'/><Cell N='DataLinked' V='0' F='No Formula'/><Cell N='LangID' V='en-US'/><Cell N='Calendar' V='0'/></Row><Row N='WarrantyExp'><Cell N='Value' V='' U='STR'/><Cell N='Prompt' V='Warranty Exp'/><Cell N='Label' V='Warranty Exp'/><Cell N='Format' V=''/><Cell N='SortKey' V=''/><Cell N='Type' V='0'/><Cell N='Invisible' V='0'/><Cell N='Verify' V='0'/><Cell N='DataLinked' V='0' F='No Formula'/><Cell N='LangID' V='en-US'/><Cell N='Calendar' V='0'/></Row><Row N='SupportAgreement'><Cell N='Value' V='' U='STR'/><Cell N='Prompt' V='Support Agreement'/><Cell N='Label' V='Support Agreement'/><Cell N='Format' V=''/><Cell N='SortKey' V=''/><Cell N='Type' V='0'/><Cell N='Invisible' V='0'/><Cell N='Verify' V='0'/><Cell N='DataLinked' V='0' F='No Formula'/><Cell N='LangID' V='en-US'/><Cell N='Calendar' V='0'/></Row><Row N='SupportContactName'><Cell N='Value' V='' U='STR'/><Cell N='Prompt' V='Support Contact Name'/><Cell N='Label' V='Support Contact Name'/><Cell N='Format' V=''/><Cell N='SortKey' V=''/><Cell N='Type' V='0'/><Cell N='Invisible' V='0'/><Cell N='Verify' V='0'/><Cell N='DataLinked' V='0' F='No Formula'/><Cell N='LangID' V='en-US'/><Cell N='Calendar' V='0'/></Row><Row N='ContactPhone'><Cell N='Value' V='' U='STR'/><Cell N='Prompt' V='Contact Phone'/><Cell N='Label' V='Contact Phone'/><Cell N='Format' V=''/><Cell N='SortKey' V=''/><Cell N='Type' V='0'/><Cell N='Invisible' V='0'/><Cell N='Verify' V='0'/><Cell N='DataLinked' V='0' F='No Formula'/><Cell N='LangID' V='en-US'/><Cell N='Calendar' V='0'/></Row><Row N='Comments'><Cell N='Value' V='' U='STR'/><Cell N='Prompt' V='Comments'/><Cell N='Label' V='Comments'/><Cell N='Format' V=''/><Cell N='SortKey' V=''/><Cell N='Type' V='0'/><Cell N='Invisible' V='0'/><Cell N='Verify' V='0'/><Cell N='DataLinked' V='0' F='No Formula'/><Cell N='LangID' V='en-US'/><Cell N='Calendar' V='0'/></Row><Row N='Cost'><Cell N='Value' V='' U='STR'/><Cell N='Prompt' V='Cost'/><Cell N='Label' V='Cost'/><Cell N='Format' V=''/><Cell N='SortKey' V=''/><Cell N='Type' V='0'/><Cell N='Invisible' V='0'/><Cell N='Verify' V='0'/><Cell N='DataLinked' V='0' F='No Formula'/><Cell N='LangID' V='en-US'/><Cell N='Calendar' V='0'/></Row><Row N='AssetNumber'><Cell N='Value' V='' U='STR'/><Cell N='Prompt' V='Asset Number'/><Cell N='Label' V='Asset Number'/><Cell N='Format' V=''/><Cell N='SortKey' V=''/><Cell N='Type' V='0'/><Cell N='Invisible' V='0'/><Cell N='Verify' V='0'/><Cell N='DataLinked' V='0' F='No Formula'/><Cell N='LangID' V='en-US'/><Cell N='Calendar' V='0'/></Row><Row N='SerialNumber'><Cell N='Value' V='' U='STR'/><Cell N='Prompt' V='Serial Number'/><Cell N='Label' V='Serial Number'/><Cell N='Format' V=''/><Cell N='SortKey' V=''/><Cell N='Type' V='0'/><Cell N='Invisible' V='0'/><Cell N='Verify' V='0'/><Cell N='DataLinked' V='0' F='No Formula'/><Cell N='LangID' V='en-US'/><Cell N='Calendar' V='0'/></Row></Section><Section N='Field'><Row IX='0'><Cell N='Value' V='Fiber SFP: ' U='STR' F='Prop.ProductNumber&amp;": "&amp;Prop.View'/><Cell N='Format' V='@' U='STR' F='FIELDPICTURE(37)'/><Cell N='Type' V='0'/><Cell N='UICat' V='0'/><Cell N='UICod' V='255'/><Cell N='UIFmt' V='255'/><Cell N='Calendar' V='0'/><Cell N='ObjectKind' V='0'/></Row></Section><Section N='Actions'><Row N='Row_1'><Cell N='Menu' V='Show E&amp;quipment Label' F='IF(HideText,"Show","Hide")&amp;" E&amp;quipment Label"'/><Cell N='Action' V='0' F='SETF(GetRef(HideText),NOT(HideText))'/><Cell N='Checked' V='0'/><Cell N='Disabled' V='0'/><Cell N='ReadOnly' V='0'/><Cell N='Invisible' V='0'/><Cell N='BeginGroup' V='0'/><Cell N='FlyoutChild' V='0' F='No Formula'/><Cell N='TagName' V=''/><Cell N='ButtonFace' V=''/><Cell N='SortKey' V=''/></Row><Row N='Row_2'><Cell N='Menu' V='Enable Text &amp;Label Editing'/><Cell N='Action' V='0' F='SETF(GetRef(Actions.Row_2.Checked),NOT(Actions.Row_2.Checked))'/><Cell N='Checked' V='0'/><Cell N='Disabled' V='0'/><Cell N='ReadOnly' V='0'/><Cell N='Invisible' V='0'/><Cell N='BeginGroup' V='0'/><Cell N='FlyoutChild' V='0' F='No Formula'/><Cell N='TagName' V=''/><Cell N='ButtonFace' V=''/><Cell N='SortKey' V=''/></Row><Row N='Row_3'><Cell N='Menu' V='Custom &amp;Properties...'/><Cell N='Action' V='0' F='DOCMD(1312)'/><Cell N='Checked' V='0'/><Cell N='Disabled' V='0'/><Cell N='ReadOnly' V='0'/><Cell N='Invisible' V='0'/><Cell N='BeginGroup' V='0'/><Cell N='FlyoutChild' V='0' F='No Formula'/><Cell N='TagName' V=''/><Cell N='ButtonFace' V='9980' F='9980'/><Cell N='SortKey' V=''/></Row><Row N='Row_4'><Cell N='Menu' V='_Gigamon Part Info Online'/><Cell N='Action' V='0' F='HYPERLINK("http://www.shapesource.com/shapelinks/LinkResolver.aspx?LinkID=668&amp;MasterName=Fiber+SFP&amp;StencilName=Gigamon+GigaVUE+420")'/><Cell N='Checked' V='0'/><Cell N='Disabled' V='0'/><Cell N='ReadOnly' V='0'/><Cell N='Invisible' V='0'/><Cell N='BeginGroup' V='0'/><Cell N='FlyoutChild' V='0' F='No Formula'/><Cell N='TagName' V=''/><Cell N='ButtonFace' V='1576' F='1576'/><Cell N='SortKey' V=''/></Row></Section><Section N='Control'><Row N='Row_1'><Cell N='X' V='0.28125' F='Width*0.5'/><Cell N='Y' V='-1.000257629394531' F='-TxtHeight*0.5'/><Cell N='XDyn' V='0.28125' F='Controls.Row_1'/><Cell N='YDyn' V='-1.000257629394531' F='Controls.Row_1.Y'/><Cell N='XCon' V='5' F='IF(OR(HideText,STRSAME(SHAPETEXT(TheText),"")),5,0)'/><Cell N='YCon' V='2'/><Cell N='CanGlue' V='1'/><Cell N='Prompt' V='Reposition Text'/></Row></Section><Section N='Character'><Row IX='0'><Cell N='Font' V='Arial Unicode MS' F='THEMEVAL("LatinFont",1)'/><Cell N='Size' V='0.1666666666666667' U='PT' F='12PT*User.AntiScale*10'/></Row></Section><Text><cp IX='0'/><fld IX='0'>Fiber SFP: </fld>
</Text><Shapes><Shape ID='6' Type='Foreign' LineStyle='2' FillStyle='2' TextStyle='2'><Cell N='PinX' V='0.28125' F='Sheet.5!Width*0.5'/><Cell N='PinY' V='0.1743164062500009' F='Sheet.5!Height*0.5'/><Cell N='Width' V='0.6037499999999981' F='Sheet.5!Width*1.0733333333333'/><Cell N='Height' V='0.3898828125000012' F='Sheet.5!Height*1.1183193277311'/><Cell N='LocPinX' V='0.3018749999999991' F='Width*0.5'/><Cell N='LocPinY' V='0.1949414062500006' F='Height*0.5'/><Cell N='Angle' V='0'/><Cell N='FlipX' V='0'/><Cell N='FlipY' V='0'/><Cell N='ResizeMode' V='0'/><Cell N='ImgOffsetX' V='0' F='ImgWidth*0'/><Cell N='ImgOffsetY' V='0' F='ImgHeight*0'/><Cell N='ImgWidth' V='0.6037499999999981' F='Width*1'/><Cell N='ImgHeight' V='0.3898828125000013' F='Height*1'/><Cell N='ClippingPath' V='' F='No Formula'/><Cell N='TxtPinX' V='0.3018749999999991' F='Width*0.5'/><Cell N='TxtPinY' V='0' F='Height*0'/><Cell N='TxtWidth' V='0.6037499999999981' F='Width*1'/><Cell N='TxtHeight' V='0' F='Height*0'/><Cell N='TxtLocPinX' V='0.3018749999999991' F='TxtWidth*0.5'/><Cell N='TxtLocPinY' V='0' F='TxtHeight*0.5'/><Cell N='TxtAngle' V='0'/><Cell N='LeftMargin' V='0.005555555555555556' U='PT'/><Cell N='RightMargin' V='0.005555555555555556' U='PT'/><Cell N='TopMargin' V='0.005555555555555556' U='PT'/><Cell N='BottomMargin' V='0.005555555555555556' U='PT'/><Cell N='VerticalAlign' V='0'/><Cell N='DefaultTabStop' V='0.05' U='IN'/><Cell N='Copyright' V='Copyright ©2010 Gigamon. All rights Reserved.  Created by Visimation Inc.'/><Cell N='LineWeight' V='0.001' U='PT' F='THEMEVAL("LineWeight",0.072PT)'/><Section N='Character'><Row IX='0'><Cell N='Font' V='Arial Unicode MS' F='THEMEVAL("LatinFont",1)'/><Cell N='Size' V='0.01666666666666667' U='PT'/></Row></Section><Section N='Geometry' IX='0'><Cell N='NoFill' V='0'/><Cell N='NoLine' V='0'/><Cell N='NoShow' V='0'/><Cell N='NoSnap' V='0'/><Cell N='NoQuickDrag' V='0' F='No Formula'/><Row T='MoveTo' IX='1'><Cell N='X' V='0' F='Width*0'/><Cell N='Y' V='0' F='Height*0'/></Row><Row T='LineTo' IX='2'><Cell N='X' V='0.6037499999999981' F='Width*1'/><Cell N='Y' V='0' F='Height*0'/></Row><Row T='LineTo' IX='3'><Cell N='X' V='0.6037499999999981' F='Width*1'/><Cell N='Y' V='0.3898828125000012' F='Height*1'/></Row><Row T='LineTo' IX='4'><Cell N='X' V='0' F='Width*0'/><Cell N='Y' V='0.3898828125000012' F='Height*1'/></Row><Row T='LineTo' IX='5'><Cell N='X' V='0' F='Width*0'/><Cell N='Y' V='0' F='Height*0'/></Row></Section><ForeignData ForeignType='EnhMetaFile' MappingMode='8' ExtentX='57' ExtentY='37'><Rel r:id='rId1'/></ForeignData></Shape></Shapes></Shape></Shapes></MasterContents>