<?xml version='1.0' encoding='utf-8' ?>
<MasterContents xmlns='http://schemas.microsoft.com/office/visio/2012/main' xmlns:r='http://schemas.openxmlformats.org/officeDocument/2006/relationships' xml:space='preserve'><Shapes><Shape ID='5' NameU='Router.1147' IsCustomNameU='1' Name='Router.1147' IsCustomName='1' Type='Group' LineStyle='3' FillStyle='3' TextStyle='3'><Cell N='PinX' V='16.5'/><Cell N='PinY' V='0.5'/><Cell N='Width' V='1'/><Cell N='Height' V='1'/><Cell N='LocPinX' V='0.5' F='Width*0.5'/><Cell N='LocPinY' V='0.5' F='Height*0.5'/><Cell N='Angle' V='0'/><Cell N='FlipX' V='0'/><Cell N='FlipY' V='0'/><Cell N='ResizeMode' V='0'/><Cell N='EventDblClick' V='0' F='OPENTEXTWIN()'/><Cell N='LayerMember' V=''/><Cell N='ObjType' V='8'/><Cell N='Comment' V='&lt;no master&gt;' F='INDEX(0,INDEX(0,MASTERNAME(),":"),".")'/><Cell N='TxtPinX' V='0.5' F='Controls.Row_1'/><Cell N='TxtPinY' V='-0.1555555555555556' F='Controls.Row_1.Y'/><Cell N='TxtWidth' V='0.1111111111111111' F='TEXTWIDTH(TheText)'/><Cell N='TxtHeight' V='0.3111111111111111' F='TEXTHEIGHT(TheText,TxtWidth)'/><Cell N='TxtLocPinX' V='0.05555555555555555' F='TxtWidth*0.5'/><Cell N='TxtLocPinY' V='0.1555555555555556' F='TxtHeight*0.5'/><Cell N='TxtAngle' V='0' F='IF(BITXOR(FlipX,FlipY),1,-1)*Angle'/><Cell N='ColorSchemeIndex' V='47'/><Cell N='EffectSchemeIndex' V='47'/><Cell N='ConnectorSchemeIndex' V='47'/><Cell N='FontSchemeIndex' V='47'/><Cell N='ThemeIndex' V='47'/><Cell N='SelectMode' V='0'/><Cell N='HelpTopic' V='Vis_PRXY.chm!#55170'/><Cell N='Copyright' V='Copyright (c) 2012 Microsoft Corporation.  All rights reserved.'/><Cell N='LockAspect' V='1'/><Cell N='QuickStyleVariation' V='6'/><Section N='User'><Row N='HasText'><Cell N='Value' V='0' U='BOOL' F='NOT(OR(HideText,STRSAME(SHAPETEXT(TheText),"")))'/><Cell N='Prompt' V='' F='No Formula'/></Row><Row N='ShapeClass'><Cell N='Value' V='5'/><Cell N='Prompt' V='' F='No Formula'/></Row><Row N='ShapeType'><Cell N='Value' V='8'/><Cell N='Prompt' V='' F='No Formula'/></Row><Row N='SubShapeType'><Cell N='Value' V='66'/><Cell N='Prompt' V='' F='No Formula'/></Row><Row N='visLegendShape'><Cell N='Value' V='2'/><Cell N='Prompt' V='' F='No Formula'/></Row><Row N='SolSH'><Cell N='Value' V='{BF0433D9-CD73-4EB5-8390-8653BE590246}' U='GUID'/><Cell N='Prompt' V='' F='No Formula'/></Row><Row N='visVersion'><Cell N='Value' V='15'/><Cell N='Prompt' V=''/></Row><Row N='visDGDefaultPos'><Cell N='Value' V='PNT(6,3)' U='PNT' F='PNT(6,3)'/><Cell N='Prompt' V='' F='No Formula'/></Row><Row N='msvLayoutIncludeSubshapes'><Cell N='Value' V='1' U='BOOL' F='OR(TRUE,DEPENDSON(FALSE))'/><Cell N='Prompt' V='' F='No Formula'/></Row><Row N='visDGDisplayFormat'><Cell N='Value' V='254' F='USE({0B215DDD-0049-0000-8E40-00608CF305B2})'/><Cell N='Prompt' V='' F='No Formula'/></Row></Section><Section N='Actions'><Row N='Properties'><Cell N='Menu' V='%_P&amp;roperties'/><Cell N='Action' V='0' F='RUNADDON("NETWORK SHAPE PROPERTIES")'/><Cell N='Checked' V='0'/><Cell N='Disabled' V='0'/><Cell N='ReadOnly' V='0'/><Cell N='Invisible' V='0'/><Cell N='BeginGroup' V='0'/><Cell N='FlyoutChild' V='0' F='No Formula'/><Cell N='TagName' V=''/><Cell N='ButtonFace' V=''/><Cell N='SortKey' V=''/></Row></Section><Section N='Connection'><Row T='Connection' N='Row_1'><Cell N='X' V='0.5' F='Width*0.5'/><Cell N='Y' V='0.5' F='Height*0.5'/><Cell N='DirX' V='0'/><Cell N='DirY' V='0'/><Cell N='Type' V='0'/><Cell N='AutoGen' V='0'/><Cell N='Prompt' V='' F='No Formula'/></Row></Section><Section N='Control'><Row N='Row_1'><Cell N='X' V='0.5' F='Width*0.5'/><Cell N='Y' V='-0.1555555555555556' F='-TxtHeight*0.5'/><Cell N='XDyn' V='0.5' F='Controls.Row_1'/><Cell N='YDyn' V='-0.1555555555555556' F='Controls.Row_1.Y'/><Cell N='XCon' V='2' F='(Controls.Row_1&gt;Width/2)*2+2'/><Cell N='YCon' V='7' F='(Controls.Row_1.Y&gt;Height/2)*2+2+5*NOT(User.HasText)'/><Cell N='CanGlue' V='1'/><Cell N='Prompt' V='Reposition Text'/></Row><Row N='msvDGPosition'><Cell N='X' V='1.5' F='BOUND(Width*1.5,0,FALSE,Width*-0.5,Width*-0.5,FALSE,0,0,FALSE,Width*0.25,Width*0.25,FALSE,Width*0.5,Width*0.5,FALSE,Width*0.75,Width*0.75,FALSE,Width,Width,FALSE,Width*1.5,Width*1.5)'/><Cell N='Y' V='0.5' F='BOUND(Height*0.5,0,FALSE,Height*-0.5,Height*-0.5,FALSE,0,0,FALSE,Height*0.25,Height*0.25,FALSE,Height*0.5,Height*0.5,FALSE,Height*0.75,Height*0.75,FALSE,Height,Height,FALSE,Height*1.25,Height*1.25)'/><Cell N='XDyn' V='1.5' F='Controls.msvDGPosition'/><Cell N='YDyn' V='0.5' F='Controls.msvDGPosition.Y'/><Cell N='XCon' V='0'/><Cell N='YCon' V='0'/><Cell N='CanGlue' V='0'/><Cell N='Prompt' V='Reposition Data Graphic'/></Row></Section><Section N='Property'><Row N='Row_21'><Cell N='Value' V='Portland POP' U='STR'/><Cell N='Prompt' V='' F='No Formula'/><Cell N='Label' V='Name'/><Cell N='Format' V='' F='No Formula'/><Cell N='SortKey' V='' F='No Formula'/><Cell N='Type' V='0'/><Cell N='Invisible' V='0' F='No Formula'/><Cell N='Verify' V='0' F='No Formula'/><Cell N='DataLinked' V='0' F='No Formula'/><Cell N='LangID' V='en-US'/><Cell N='Calendar' V='0' F='No Formula'/></Row><Row N='Row_22'><Cell N='Value' V='PDX' U='STR'/><Cell N='Prompt' V='' F='No Formula'/><Cell N='Label' V='Location'/><Cell N='Format' V='' F='No Formula'/><Cell N='SortKey' V='' F='No Formula'/><Cell N='Type' V='0'/><Cell N='Invisible' V='0' F='No Formula'/><Cell N='Verify' V='0' F='No Formula'/><Cell N='DataLinked' V='0' F='No Formula'/><Cell N='LangID' V='en-US'/><Cell N='Calendar' V='0' F='No Formula'/></Row><Row N='Row_23'><Cell N='Value' V='Cisco Catalyst 8500' U='STR'/><Cell N='Prompt' V='' F='No Formula'/><Cell N='Label' V='Make/Model'/><Cell N='Format' V='' F='No Formula'/><Cell N='SortKey' V='' F='No Formula'/><Cell N='Type' V='0'/><Cell N='Invisible' V='0' F='No Formula'/><Cell N='Verify' V='0' F='No Formula'/><Cell N='DataLinked' V='0' F='No Formula'/><Cell N='LangID' V='en-US'/><Cell N='Calendar' V='0' F='No Formula'/></Row><Row N='Row_24'><Cell N='Value' V='1/1/2019' U='STR'/><Cell N='Prompt' V='' F='No Formula'/><Cell N='Label' V='Install Date'/><Cell N='Format' V='' F='No Formula'/><Cell N='SortKey' V='' F='No Formula'/><Cell N='Type' V='0'/><Cell N='Invisible' V='0' F='No Formula'/><Cell N='Verify' V='0' F='No Formula'/><Cell N='DataLinked' V='0' F='No Formula'/><Cell N='LangID' V='en-US'/><Cell N='Calendar' V='0' F='No Formula'/></Row></Section><Shapes><Shape ID='6' Type='Shape' LineStyle='3' FillStyle='3' TextStyle='3'><Cell N='PinX' V='0.5' F='Width/2'/><Cell N='PinY' V='0.5' F='Height/2'/><Cell N='Width' V='1' F='Sheet.5!Width*1'/><Cell N='Height' V='1' F='Sheet.5!Height*1'/><Cell N='LocPinX' V='0.5' F='Width*0.5'/><Cell N='LocPinY' V='0.5' F='Height*0.5'/><Cell N='Angle' V='0'/><Cell N='FlipX' V='0'/><Cell N='FlipY' V='0'/><Cell N='ResizeMode' V='0'/><Cell N='LineWeight' V='0.01' U='PT' F='GUARD(0.72PT)'/><Cell N='LinePattern' V='1' F='GUARD(1)'/><Cell N='Rounding' V='0' F='GUARD(0)'/><Cell N='BeginArrow' V='0' F='GUARD(0)'/><Cell N='EndArrow' V='0' F='GUARD(0)'/><Cell N='LineColorTrans' V='1' F='GUARD(100%)'/><Cell N='FillForegnd' V='6' F='GUARD(6)'/><Cell N='FillBkgnd' V='6' F='GUARD(6)'/><Cell N='FillPattern' V='1' F='GUARD(1)'/><Cell N='FillForegndTrans' V='1' F='GUARD(100%)'/><Cell N='FillBkgndTrans' V='1' F='GUARD(100%)'/><Cell N='Copyright' V='Copyright (c) 2012 Microsoft Corporation.  All rights reserved.'/><Cell N='FillGradientEnabled' V='0' F='GUARD(FALSE)'/><Section N='Geometry' IX='0'><Cell N='NoFill' V='0'/><Cell N='NoLine' V='0'/><Cell N='NoShow' V='0'/><Cell N='NoSnap' V='0'/><Cell N='NoQuickDrag' V='0' F='No Formula'/><Row T='MoveTo' IX='1'><Cell N='X' V='1' F='Width*1'/><Cell N='Y' V='0.7' F='Height*0.7'/></Row><Row T='EllipticalArcTo' IX='2'><Cell N='X' V='0' F='Width*0'/><Cell N='Y' V='0.7' F='Height*0.7'/><Cell N='A' V='0.5' U='DL' F='Width*0.5'/><Cell N='B' V='1' U='DL' F='Height*1'/><Cell N='C' V='0' U='DA'/><Cell N='D' V='1.6666666666667' F='Width/Height*1.6666666666667'/></Row><Row T='LineTo' IX='3'><Cell N='X' V='0' F='Width*0'/><Cell N='Y' V='0.3' F='Height*0.3'/></Row><Row T='EllipticalArcTo' IX='4'><Cell N='X' V='1' F='Width*1'/><Cell N='Y' V='0.3' F='Height*0.3'/><Cell N='A' V='0.5' U='DL' F='Width*0.5'/><Cell N='B' V='0' U='DL' F='Height*0'/><Cell N='C' V='0' U='DA'/><Cell N='D' V='1.6666666666667' F='Width/Height*1.6666666666667'/></Row><Row T='LineTo' IX='5'><Cell N='X' V='1' F='Width*1'/><Cell N='Y' V='0.7' F='Height*0.7'/></Row></Section></Shape><Shape ID='7' Type='Shape' LineStyle='8' FillStyle='8' TextStyle='8'><Cell N='PinX' V='0.5' F='Sheet.5!Width*0.5'/><Cell N='PinY' V='0.7' F='Sheet.5!Height*0.7'/><Cell N='Width' V='1' F='Sheet.5!Width*1'/><Cell N='Height' V='0.6' F='Sheet.5!Height*0.6'/><Cell N='LocPinX' V='0.5' F='Width*0.5'/><Cell N='LocPinY' V='0.3' F='Height*0.5'/><Cell N='Angle' V='0'/><Cell N='FlipX' V='0'/><Cell N='FlipY' V='0'/><Cell N='ResizeMode' V='0'/><Cell N='LayerMember' V=''/><Cell N='FillForegnd' V='#6bb1c9' F='Inh'/><Cell N='FillBkgnd' V='#6bb1c9' F='Inh'/><Cell N='FillPattern' V='30' F='GUARD(30)'/><Cell N='ShdwForegnd' V='#000000' F='Inh'/><Cell N='ShdwPattern' V='0' F='GUARD(0)'/><Cell N='LineWeight' V='0.01' U='PT' F='GUARD(0.72PT)'/><Cell N='LineColor' V='#ffffff' F='GUARD(RGB(255,255,255))'/><Cell N='LinePattern' V='1' F='GUARD(1)'/><Cell N='Rounding' V='0' F='GUARD(0)'/><Cell N='BeginArrow' V='0' F='GUARD(0)'/><Cell N='EndArrow' V='0' F='GUARD(0)'/><Cell N='Copyright' V='Copyright (c) 2012 Microsoft Corporation.  All rights reserved.'/><Cell N='FillGradientDir' V='0' F='GUARD(0)'/><Cell N='FillGradientAngle' V='4.7123889803847' U='DEG' F='GUARD(270DEG)'/><Cell N='FillGradientEnabled' V='1' F='GUARD(TRUE)'/><Cell N='UseGroupGradient' V='0' F='GUARD(FALSE)'/><Section N='FillGradient'><Row IX='0'><Cell N='GradientStopColor' V='#6bb1c9' F='Inh'/></Row><Row IX='1'><Cell N='GradientStopColor' V='#6bb1c9' F='Inh'/></Row></Section><Section N='Character'><Row IX='0'><Cell N='Color' V='#60a0b6' F='Inh'/></Row></Section><Section N='Geometry' IX='0'><Cell N='NoFill' V='0'/><Cell N='NoLine' V='0'/><Cell N='NoShow' V='0'/><Cell N='NoSnap' V='0'/><Cell N='NoQuickDrag' V='0' F='No Formula'/><Row T='Ellipse' IX='1'><Cell N='X' V='0.5' F='Width*0.5'/><Cell N='Y' V='0.3' F='Height*0.5'/><Cell N='A' V='1' U='DL' F='Width*1'/><Cell N='B' V='0.3' U='DL' F='Height*0.5'/><Cell N='C' V='0.5' U='DL' F='Width*0.5'/><Cell N='D' V='0.6' U='DL' F='Height*1'/></Row></Section></Shape><Shape ID='8' Type='Shape' LineStyle='10' FillStyle='10' TextStyle='10'><Cell N='PinX' V='0.67104001724743' F='Sheet.5!Width*0.67104001724743'/><Cell N='PinY' V='0.79875' F='Sheet.5!Height*0.79875'/><Cell N='Width' V='0.34208003449486' F='Sheet.5!Width*0.34208003449486'/><Cell N='Height' V='0.1975' F='Sheet.5!Height*0.1975'/><Cell N='LocPinX' V='0.17104001724743' F='Width*0.5'/><Cell N='LocPinY' V='0.09875' F='Height*0.5'/><Cell N='Angle' V='0'/><Cell N='FlipX' V='1'/><Cell N='FlipY' V='0'/><Cell N='ResizeMode' V='0'/><Cell N='LayerMember' V=''/><Cell N='FillForegnd' V='2' F='GUARD(2)'/><Cell N='FillBkgnd' V='#c0c0c0' F='GUARD(RGB(192,192,192))'/><Cell N='FillPattern' V='1' F='GUARD(1)'/><Cell N='ShdwForegnd' V='#000000' F='Inh'/><Cell N='ShdwPattern' V='0' F='GUARD(0)'/><Cell N='LineWeight' V='0.003333333333333333' U='PT' F='GUARD(0.24PT)'/><Cell N='LineColor' V='#000000' F='GUARD(RGB(0,0,0))'/><Cell N='LinePattern' V='1' F='GUARD(1)'/><Cell N='Rounding' V='0' F='GUARD(0)'/><Cell N='BeginArrow' V='0' F='GUARD(0)'/><Cell N='EndArrow' V='0' F='GUARD(0)'/><Cell N='Copyright' V='Copyright (c) 2012 Microsoft Corporation.  All rights reserved.'/><Cell N='FillGradientEnabled' V='0' F='GUARD(FALSE)'/><Section N='FillGradient'><Row IX='0'><Cell N='GradientStopColor' V='#6bb1c9' F='Inh'/></Row><Row IX='1'><Cell N='GradientStopColor' V='#6bb1c9' F='Inh'/></Row></Section><Section N='Character'><Row IX='0'><Cell N='Color' V='#60a0b6' F='Inh'/></Row></Section><Section N='Geometry' IX='0'><Cell N='NoFill' V='0'/><Cell N='NoLine' V='0'/><Cell N='NoShow' V='0'/><Cell N='NoSnap' V='0'/><Cell N='NoQuickDrag' V='0' F='No Formula'/><Row T='MoveTo' IX='1'><Cell N='X' V='0' F='Width*0'/><Cell N='Y' V='0.05750000000000018' F='Height*0.29113924050633'/></Row><Row T='LineTo' IX='2'><Cell N='X' V='0' F='Width*0'/><Cell N='Y' V='0.1975' F='Height*1'/></Row><Row T='LineTo' IX='3'><Cell N='X' V='0.2424871130596507' F='Width*0.70886075949368'/><Cell N='Y' V='0.1974999999999961' F='Height*0.99999999999998'/></Row><Row T='LineTo' IX='4'><Cell N='X' V='0.142894191624438' F='Width*0.41772151898735'/><Cell N='Y' V='0.1399999999999979' F='Height*0.70886075949366'/></Row><Row T='LineTo' IX='5'><Cell N='X' V='0.34208003449486' F='Width*1'/><Cell N='Y' V='0.02499999999999948' F='Height*0.12658227848101'/></Row><Row T='LineTo' IX='6'><Cell N='X' V='0.2987787643056382' F='Width*0.87341772151899'/><Cell N='Y' V='0' F='Height*0'/></Row><Row T='LineTo' IX='7'><Cell N='X' V='0.09959292143521613' F='Width*0.29113924050634'/><Cell N='Y' V='0.1149999999999984' F='Height*0.58227848101265'/></Row><Row T='LineTo' IX='8'><Cell N='X' V='0' F='Geometry1.X1'/><Cell N='Y' V='0.05750000000000018' F='Geometry1.Y1'/></Row></Section></Shape><Shape ID='9' Type='Shape' LineStyle='10' FillStyle='10' TextStyle='10'><Cell N='PinX' V='0.31813466520527' F='Sheet.5!Width*0.31813466520527'/><Cell N='PinY' V='0.805' F='Sheet.5!Height*0.805'/><Cell N='Width' V='0.36373066958947' F='Sheet.5!Width*0.36373066958947'/><Cell N='Height' V='0.21' F='Sheet.5!Height*0.21'/><Cell N='LocPinX' V='0.181865334794735' F='Width*0.5'/><Cell N='LocPinY' V='0.105' F='Height*0.5'/><Cell N='Angle' V='0'/><Cell N='FlipX' V='0'/><Cell N='FlipY' V='0'/><Cell N='ResizeMode' V='0'/><Cell N='LayerMember' V=''/><Cell N='FillForegnd' V='2' F='GUARD(2)'/><Cell N='FillBkgnd' V='#c0c0c0' F='GUARD(RGB(192,192,192))'/><Cell N='FillPattern' V='1' F='GUARD(1)'/><Cell N='ShdwForegnd' V='#000000' F='Inh'/><Cell N='ShdwPattern' V='0' F='GUARD(0)'/><Cell N='LineWeight' V='0.003333333333333333' U='PT' F='GUARD(0.24PT)'/><Cell N='LineColor' V='#000000' F='GUARD(RGB(0,0,0))'/><Cell N='LinePattern' V='1' F='GUARD(1)'/><Cell N='Rounding' V='0' F='GUARD(0)'/><Cell N='BeginArrow' V='0' F='GUARD(0)'/><Cell N='EndArrow' V='0' F='GUARD(0)'/><Cell N='Copyright' V='Copyright (c) 2012 Microsoft Corporation.  All rights reserved.'/><Cell N='FillGradientEnabled' V='0' F='GUARD(FALSE)'/><Section N='FillGradient'><Row IX='0'><Cell N='GradientStopColor' V='#6bb1c9' F='Inh'/></Row><Row IX='1'><Cell N='GradientStopColor' V='#6bb1c9' F='Inh'/></Row></Section><Section N='Character'><Row IX='0'><Cell N='Color' V='#60a0b6' F='Inh'/></Row></Section><Section N='Geometry' IX='0'><Cell N='NoFill' V='0'/><Cell N='NoLine' V='0'/><Cell N='NoShow' V='0'/><Cell N='NoSnap' V='0'/><Cell N='NoQuickDrag' V='0' F='No Formula'/><Row T='MoveTo' IX='1'><Cell N='X' V='0.36373066958947' F='Width*1'/><Cell N='Y' V='0.1400000000000007' F='Height*0.66666666666667'/></Row><Row T='LineTo' IX='2'><Cell N='X' V='0.3420800344948585' F='Width*0.94047619047619'/><Cell N='Y' V='0.01250000000000052' F='Height*0.059523809523812'/></Row><Row T='LineTo' IX='3'><Cell N='X' V='0.1212435565298257' F='Width*0.33333333333334'/><Cell N='Y' V='0' F='Height*0'/></Row><Row T='LineTo' IX='4'><Cell N='X' V='0.2208364779650364' F='Width*0.60714285714286'/><Cell N='Y' V='0.0575000000000013' F='Height*0.27380952380953'/></Row><Row T='LineTo' IX='5'><Cell N='X' V='0' F='Width*0'/><Cell N='Y' V='0.185' F='Height*0.88095238095238'/></Row><Row T='LineTo' IX='6'><Cell N='X' V='0.04330127018922296' F='Width*0.11904761904762'/><Cell N='Y' V='0.21' F='Height*1'/></Row><Row T='LineTo' IX='7'><Cell N='X' V='0.2641377481542594' F='Width*0.72619047619048'/><Cell N='Y' V='0.08249999999999941' F='Height*0.39285714285714'/></Row><Row T='LineTo' IX='8'><Cell N='X' V='0.36373066958947' F='Geometry1.X1'/><Cell N='Y' V='0.1400000000000007' F='Geometry1.Y1'/></Row></Section></Shape><Shape ID='10' Type='Shape' LineStyle='10' FillStyle='10' TextStyle='10'><Cell N='PinX' V='0.68186533479473' F='Sheet.5!Width*0.68186533479473'/><Cell N='PinY' V='0.595' F='Sheet.5!Height*0.595'/><Cell N='Width' V='0.36373066958947' F='Sheet.5!Width*0.36373066958947'/><Cell N='Height' V='0.21' F='Sheet.5!Height*0.21'/><Cell N='LocPinX' V='0.181865334794735' F='Width*0.5'/><Cell N='LocPinY' V='0.105' F='Height*0.5'/><Cell N='Angle' V='0'/><Cell N='FlipX' V='0'/><Cell N='FlipY' V='0'/><Cell N='ResizeMode' V='0'/><Cell N='LayerMember' V=''/><Cell N='FillForegnd' V='2' F='GUARD(2)'/><Cell N='FillBkgnd' V='#c0c0c0' F='GUARD(RGB(192,192,192))'/><Cell N='FillPattern' V='1' F='GUARD(1)'/><Cell N='ShdwForegnd' V='#000000' F='Inh'/><Cell N='ShdwPattern' V='0' F='GUARD(0)'/><Cell N='LineWeight' V='0.003333333333333333' U='PT' F='GUARD(0.24PT)'/><Cell N='LineColor' V='#000000' F='GUARD(RGB(0,0,0))'/><Cell N='LinePattern' V='1' F='GUARD(1)'/><Cell N='Rounding' V='0' F='GUARD(0)'/><Cell N='BeginArrow' V='0' F='GUARD(0)'/><Cell N='EndArrow' V='0' F='GUARD(0)'/><Cell N='Copyright' V='Copyright (c) 2012 Microsoft Corporation.  All rights reserved.'/><Cell N='FillGradientEnabled' V='0' F='GUARD(FALSE)'/><Section N='FillGradient'><Row IX='0'><Cell N='GradientStopColor' V='#6bb1c9' F='Inh'/></Row><Row IX='1'><Cell N='GradientStopColor' V='#6bb1c9' F='Inh'/></Row></Section><Section N='Character'><Row IX='0'><Cell N='Color' V='#60a0b6' F='Inh'/></Row></Section><Section N='Geometry' IX='0'><Cell N='NoFill' V='0'/><Cell N='NoLine' V='0'/><Cell N='NoShow' V='0'/><Cell N='NoSnap' V='0'/><Cell N='NoQuickDrag' V='0' F='No Formula'/><Row T='MoveTo' IX='1'><Cell N='X' V='0' F='Width*0'/><Cell N='Y' V='0.0699999999999993' F='Height*0.33333333333333'/></Row><Row T='LineTo' IX='2'><Cell N='X' V='0.02165063509461112' F='Width*0.059523809523809'/><Cell N='Y' V='0.1974999999999978' F='Height*0.94047619047618'/></Row><Row T='LineTo' IX='3'><Cell N='X' V='0.2424871130596442' F='Width*0.66666666666666'/><Cell N='Y' V='0.21' F='Height*1'/></Row><Row T='LineTo' IX='4'><Cell N='X' V='0.1428941916244336' F='Width*0.39285714285714'/><Cell N='Y' V='0.1524999999999987' F='Height*0.72619047619047'/></Row><Row T='LineTo' IX='5'><Cell N='X' V='0.36373066958947' F='Width*1'/><Cell N='Y' V='0.0250000000000002' F='Height*0.11904761904762'/></Row><Row T='LineTo' IX='6'><Cell N='X' V='0.320429399400247' F='Width*0.88095238095238'/><Cell N='Y' V='0' F='Height*0'/></Row><Row T='LineTo' IX='7'><Cell N='X' V='0.09959292143521063' F='Width*0.27380952380952'/><Cell N='Y' V='0.1274999999999985' F='Height*0.60714285714285'/></Row><Row T='LineTo' IX='8'><Cell N='X' V='0' F='Geometry1.X1'/><Cell N='Y' V='0.0699999999999993' F='Geometry1.Y1'/></Row></Section></Shape><Shape ID='11' Type='Shape' LineStyle='10' FillStyle='10' TextStyle='10'><Cell N='PinX' V='0.32895998275257' F='Sheet.5!Width*0.32895998275257'/><Cell N='PinY' V='0.60125' F='Sheet.5!Height*0.60125'/><Cell N='Width' V='0.34208003449485' F='Sheet.5!Width*0.34208003449485'/><Cell N='Height' V='0.1975' F='Sheet.5!Height*0.1975'/><Cell N='LocPinX' V='0.171040017247425' F='Width*0.5'/><Cell N='LocPinY' V='0.09875' F='Height*0.5'/><Cell N='Angle' V='3.1415926535898'/><Cell N='FlipX' V='1'/><Cell N='FlipY' V='0'/><Cell N='ResizeMode' V='0'/><Cell N='LayerMember' V=''/><Cell N='FillForegnd' V='2' F='GUARD(2)'/><Cell N='FillBkgnd' V='#c0c0c0' F='GUARD(RGB(192,192,192))'/><Cell N='FillPattern' V='1' F='GUARD(1)'/><Cell N='ShdwForegnd' V='#000000' F='Inh'/><Cell N='ShdwPattern' V='0' F='GUARD(0)'/><Cell N='LineWeight' V='0.003333333333333333' U='PT' F='GUARD(0.24PT)'/><Cell N='LineColor' V='#000000' F='GUARD(RGB(0,0,0))'/><Cell N='LinePattern' V='1' F='GUARD(1)'/><Cell N='Rounding' V='0' F='GUARD(0)'/><Cell N='BeginArrow' V='0' F='GUARD(0)'/><Cell N='EndArrow' V='0' F='GUARD(0)'/><Cell N='Copyright' V='Copyright (c) 2012 Microsoft Corporation.  All rights reserved.'/><Cell N='FillGradientEnabled' V='0' F='GUARD(FALSE)'/><Section N='FillGradient'><Row IX='0'><Cell N='GradientStopColor' V='#6bb1c9' F='Inh'/></Row><Row IX='1'><Cell N='GradientStopColor' V='#6bb1c9' F='Inh'/></Row></Section><Section N='Character'><Row IX='0'><Cell N='Color' V='#60a0b6' F='Inh'/></Row></Section><Section N='Geometry' IX='0'><Cell N='NoFill' V='0'/><Cell N='NoLine' V='0'/><Cell N='NoShow' V='0'/><Cell N='NoSnap' V='0'/><Cell N='NoQuickDrag' V='0' F='No Formula'/><Row T='MoveTo' IX='1'><Cell N='X' V='0' F='Width*0'/><Cell N='Y' V='0.05749999999999821' F='Height*0.29113924050632'/></Row><Row T='LineTo' IX='2'><Cell N='X' V='0' F='Width*0'/><Cell N='Y' V='0.197499999999998' F='Height*0.99999999999999'/></Row><Row T='LineTo' IX='3'><Cell N='X' V='0.2424871130596402' F='Width*0.70886075949367'/><Cell N='Y' V='0.1975' F='Height*1'/></Row><Row T='LineTo' IX='4'><Cell N='X' V='0.1428941916244304' F='Width*0.41772151898734'/><Cell N='Y' V='0.14' F='Height*0.70886075949367'/></Row><Row T='LineTo' IX='5'><Cell N='X' V='0.34208003449485' F='Width*1'/><Cell N='Y' V='0.02499999999999948' F='Height*0.12658227848101'/></Row><Row T='LineTo' IX='6'><Cell N='X' V='0.2987787643056294' F='Width*0.87341772151899'/><Cell N='Y' V='0' F='Height*0'/></Row><Row T='LineTo' IX='7'><Cell N='X' V='0.0995929214352098' F='Width*0.29113924050633'/><Cell N='Y' V='0.115' F='Height*0.58227848101266'/></Row><Row T='LineTo' IX='8'><Cell N='X' V='0' F='Geometry1.X1'/><Cell N='Y' V='0.05749999999999821' F='Geometry1.Y1'/></Row></Section></Shape><Shape ID='12' Type='Shape' LineStyle='10' FillStyle='10' TextStyle='10'><Cell N='PinX' V='0.5' F='Sheet.5!Width*0.5'/><Cell N='PinY' V='0.35' F='Sheet.5!Height*0.35'/><Cell N='Width' V='1' F='Sheet.5!Width*1'/><Cell N='Height' V='0.7' F='Sheet.5!Height*0.7'/><Cell N='LocPinX' V='0.5' F='Width*0.5'/><Cell N='LocPinY' V='0.35' F='Height*0.5'/><Cell N='Angle' V='0'/><Cell N='FlipX' V='0'/><Cell N='FlipY' V='0'/><Cell N='ResizeMode' V='0'/><Cell N='LayerMember' V=''/><Cell N='FillForegnd' V='#6bb1c9' F='Inh'/><Cell N='FillBkgnd' V='#6bb1c9' F='Inh'/><Cell N='FillPattern' V='26' F='GUARD(26)'/><Cell N='ShdwForegnd' V='#000000' F='Inh'/><Cell N='ShdwPattern' V='0' F='GUARD(0)'/><Cell N='LineWeight' V='0.01' U='PT' F='GUARD(0.72PT)'/><Cell N='LineColor' V='#000000' F='GUARD(RGB(0,0,0))'/><Cell N='LinePattern' V='1' F='GUARD(1)'/><Cell N='Rounding' V='0' F='GUARD(0)'/><Cell N='BeginArrow' V='0' F='GUARD(0)'/><Cell N='EndArrow' V='0' F='GUARD(0)'/><Cell N='Copyright' V='Copyright (c) 2012 Microsoft Corporation.  All rights reserved.'/><Cell N='FillGradientDir' V='0' F='GUARD(0)'/><Cell N='FillGradientAngle' V='3.1415926535898' U='DEG' F='GUARD(180DEG)'/><Cell N='FillGradientEnabled' V='1' F='GUARD(TRUE)'/><Cell N='UseGroupGradient' V='0' F='GUARD(FALSE)'/><Section N='FillGradient'><Row IX='0'><Cell N='GradientStopColor' V='#f0f5f8' F='THEMEVAL("FillStop1Color",RGB(192,192,192))'/><Cell N='GradientStopPosition' V='0' F='THEMEVAL("FillStop1Position",1%)'/></Row><Row IX='1'><Cell N='GradientStopColor' V='#c7dde6' F='THEMEVAL("FillStop2Color",RGB(255,255,255))'/><Cell N='GradientStopPosition' V='0.78' F='THEMEVAL("FillStop2Position",50%)'/></Row><Row IX='2'><Cell N='GradientStopColor' V='#c7dde6' F='THEMEVAL("FillStop3Color",RGB(192,192,192))'/><Cell N='GradientStopColorTrans' V='0' F='THEMEVAL("FillStop3Transparency",0%)'/><Cell N='GradientStopPosition' V='0.86' F='THEMEVAL("FillStop3Position",100%)'/></Row></Section><Section N='Character'><Row IX='0'><Cell N='Color' V='#60a0b6' F='Inh'/></Row></Section><Section N='Geometry' IX='0'><Cell N='NoFill' V='0'/><Cell N='NoLine' V='0'/><Cell N='NoShow' V='0'/><Cell N='NoSnap' V='0'/><Cell N='NoQuickDrag' V='0' F='No Formula'/><Row T='MoveTo' IX='1'><Cell N='X' V='0' F='Width*0'/><Cell N='Y' V='0.7' F='Height*1'/></Row><Row T='LineTo' IX='2'><Cell N='X' V='0' F='Width*0'/><Cell N='Y' V='0.300000000000001' F='Height*0.42857142857143'/></Row><Row T='EllipticalArcTo' IX='3'><Cell N='X' V='1' F='Width*1'/><Cell N='Y' V='0.300000000000001' F='Height*0.42857142857143'/><Cell N='A' V='0.5' U='DL' F='Width*0.5'/><Cell N='B' V='0' U='DL' F='Height*0'/><Cell N='C' V='0' U='DA'/><Cell N='D' V='1.666666666666715' F='Width/Height*1.1666666666667'/></Row><Row T='LineTo' IX='4'><Cell N='X' V='1' F='Width*1'/><Cell N='Y' V='0.7' F='Height*1'/></Row><Row T='EllipticalArcTo' IX='5'><Cell N='X' V='0' F='Width*0'/><Cell N='Y' V='0.699999999999993' F='Height*0.99999999999999'/><Cell N='A' V='0.50000000000001' U='DL' F='Width*0.50000000000001'/><Cell N='B' V='0.399999999999999' U='DL' F='Height*0.57142857142857'/><Cell N='C' V='0' U='DA'/><Cell N='D' V='1.666666666666715' F='Width/Height*1.1666666666667'/></Row></Section></Shape><Shape ID='13' Type='Shape' LineStyle='12' FillStyle='12' TextStyle='12'><Cell N='PinX' V='0.5' F='Sheet.5!Width*0.5'/><Cell N='PinY' V='0.5' F='Sheet.5!Height*0.5'/><Cell N='Width' V='1' F='Sheet.5!Width*1'/><Cell N='Height' V='1' F='Sheet.5!Height*1'/><Cell N='LocPinX' V='0.5' F='Width*0.5'/><Cell N='LocPinY' V='0.5' F='Height*0.5'/><Cell N='Angle' V='0'/><Cell N='FlipX' V='0'/><Cell N='FlipY' V='0'/><Cell N='ResizeMode' V='0'/><Cell N='LayerMember' V=''/><Cell N='FillForegnd' V='#6bb1c9' F='Inh'/><Cell N='FillBkgnd' V='#6bb1c9' F='Inh'/><Cell N='FillPattern' V='1' F='GUARD(1)'/><Cell N='ShdwForegnd' V='#000000' F='Inh'/><Cell N='ShdwPattern' V='0' F='GUARD(0)'/><Cell N='LineWeight' V='0.02083333333333333' U='PT' F='GUARD(1.5PT)'/><Cell N='LineColor' V='#c7dde6' F='Inh'/><Cell N='LinePattern' V='1' F='GUARD(1)'/><Cell N='Rounding' V='0' F='GUARD(0)'/><Cell N='BeginArrow' V='0' F='GUARD(0)'/><Cell N='EndArrow' V='0' F='GUARD(0)'/><Cell N='Copyright' V='Copyright (c) 2012 Microsoft Corporation.  All rights reserved.'/><Cell N='FillGradientEnabled' V='0' F='GUARD(FALSE)'/><Section N='Character'><Row IX='0'><Cell N='Color' V='#60a0b6' F='Inh'/></Row></Section><Section N='Geometry' IX='0'><Cell N='NoFill' V='1' F='GUARD(TRUE)'/><Cell N='NoLine' V='0'/><Cell N='NoShow' V='0'/><Cell N='NoSnap' V='0'/><Cell N='NoQuickDrag' V='0' F='No Formula'/><Row T='MoveTo' IX='1'><Cell N='X' V='1' F='Width*1'/><Cell N='Y' V='0.7' F='Height*0.7'/></Row><Row T='EllipticalArcTo' IX='2'><Cell N='X' V='0' F='Width*0'/><Cell N='Y' V='0.7' F='Height*0.7'/><Cell N='A' V='0.5' U='DL' F='Width*0.5'/><Cell N='B' V='1' U='DL' F='Height*1'/><Cell N='C' V='0' U='DA'/><Cell N='D' V='1.6666666666667' F='Width/Height*1.6666666666667'/></Row><Row T='LineTo' IX='3'><Cell N='X' V='0' F='Width*0'/><Cell N='Y' V='0.3' F='Height*0.3'/></Row><Row T='EllipticalArcTo' IX='4'><Cell N='X' V='1' F='Width*1'/><Cell N='Y' V='0.3' F='Height*0.3'/><Cell N='A' V='0.5' U='DL' F='Width*0.5'/><Cell N='B' V='0' U='DL' F='Height*0'/><Cell N='C' V='0' U='DA'/><Cell N='D' V='1.6666666666667' F='Width/Height*1.6666666666667'/></Row><Row T='LineTo' IX='5'><Cell N='X' V='1' F='Width*1'/><Cell N='Y' V='0.7' F='Height*0.7'/></Row></Section></Shape><Shape ID='14' NameU='Text callout' IsCustomNameU='1' Name='Text callout' IsCustomName='1' Type='Group' LineStyle='3' FillStyle='3' TextStyle='3'><Cell N='PinX' V='1.6875' F='IF(PNTX(User.visDGDefaultPos)&lt;2,PNTX(User.visDGDefaultPos)*Width*0.5,IF(PNTX(User.visDGDefaultPos)=2,Sheet.5!Width*0.5,(PNTX(User.visDGDefaultPos)-4)*Width*0.5+Sheet.5!Width))+IF(PNTX(User.visDGDefaultPos)&lt;0,-ThePage!User.msvDGCalloutGap,IF(PNTX(User.visDGDefaultPos)&gt;4,ThePage!User.msvDGCalloutGap,0))'/><Cell N='PinY' V='0.2988393975151908' U='IN' F='Sheet.16!PinY-Sheet.16!LocPinY-Height+LocPinY'/><Cell N='Width' V='1.25' F='IF(Prop.msvCalloutPropWidth&gt;0,Prop.msvCalloutPropWidth,IF(AND(PNTX(User.visDGDefaultPos)&gt;0,PNTX(User.visDGDefaultPos)&lt;4,PNTY(User.visDGDefaultPos)&gt;0,PNTY(User.visDGDefaultPos)&lt;4),Sheet.5!Width,MAX(Sheet.5!Width,1.25*DropOnPageScale)))'/><Cell N='Height' V='0.201160602484809' U='IN' F='GUARD(MAX(8PT,User.BottomHeight+User.MiddleHeight+User.TopHeight)+User.CalloutMargin*2)'/><Cell N='LocPinX' V='0.625' U='IN' F='Width*0.5+INDEX(LOOKUP(Prop.msvCalloutPropOffset,Prop.msvCalloutPropOffset.Format),"1;0;-1")*User.CalloutOffset'/><Cell N='LocPinY' V='0.1005803012424045' U='IN' F='Height*0.5'/><Cell N='Angle' V='0'/><Cell N='FlipX' V='0' F='Sheet.5!FlipX'/><Cell N='FlipY' V='0' F='Sheet.5!FlipY'/><Cell N='ResizeMode' V='0'/><Cell N='EventDblClick' V='0' F='OPENTEXTWIN()'/><Cell N='LayerMember' V='0'/><Cell N='HideText' V='1' F='IF(User.LabelPosition=0,TRUE,FALSE)'/><Cell N='GlueType' V='8'/><Cell N='ObjType' V='4'/><Cell N='FillForegnd' V='#9cb084' F='IF(QuickStyleFillMatrix=255,THEMEVAL("Accentcolor2"),THEMEVAL())'/><Cell N='FillPattern' V='0' F='GUARD(IF(User.FillType=0,0,SETATREFEXPR(1)))'/><Cell N='ShdwPattern' V='0' F='GUARD(0)'/><Cell N='TxtPinX' V='0.02' U='IN' F='IF(User.LabelPosition=2,Width-User.CalloutMargin,User.CalloutMargin)'/><Cell N='TxtPinY' V='0.1005803012424045' U='IN' F='IF(User.LabelPosition=4,User.BottomHeight,IF(User.LabelPosition=3,User.BottomHeight+User.MiddleHeight,User.MiddleHeight*0.5))+User.CalloutMargin'/><Cell N='TxtWidth' V='1.21' U='IN' F='(Width-User.CalloutMargin*2)*IF(AND(OR(User.LabelPosition=1,User.LabelPosition=2),User.ValuePosition=5),0.625,1)'/><Cell N='TxtHeight' V='0.161160602484809' F='TEXTHEIGHT(TheText,TxtWidth)'/><Cell N='TxtLocPinX' V='0' U='IN' F='IF(User.LabelPosition=2,TxtWidth*1,TxtWidth*0)'/><Cell N='TxtLocPinY' V='0.08058030124240451' F='TxtHeight*IF(User.LabelPosition=4,1,IF(User.LabelPosition=3,0,0.5))'/><Cell N='TxtAngle' V='0'/><Cell N='LeftMargin' V='0.01388888888888889' U='PT'/><Cell N='RightMargin' V='0.01388888888888889' U='PT'/><Cell N='TopMargin' V='0.01388888888888889' U='PT'/><Cell N='BottomMargin' V='0.01388888888888889' U='PT'/><Cell N='VerticalAlign' V='0'/><Cell N='LockRotate' V='1'/><Cell N='LockGroup' V='1'/><Cell N='LockCalcWH' V='1'/><Cell N='LockCustProp' V='1'/><Cell N='LockFromGroupFormat' V='1'/><Cell N='DisplayMode' V='1'/><Cell N='IsSnapTarget' V='0'/><Cell N='DontMoveChildren' V='1'/><Cell N='LinePattern' V='1' F='GUARD(IF(User.BorderType=0,0,SETATREFEXPR(1)))'/><Cell N='Rounding' V='0' F='GUARD(0)'/><Cell N='QuickStyleFillMatrix' V='255'/><Cell N='FillGradientEnabled' V='0' F='IF(OR(User.FillType=0,QuickStyleFillMatrix=255),FALSE,THEMEVAL())'/><Cell N='HelpTopic' V='Vis_PRXY.chm!#60445'/><Section N='User'><Row N='msvCalloutType'><Cell N='Value' V='Text Callout' U='STR'/><Cell N='Prompt' V=''/></Row><Row N='ValueFormat'><Cell N='Value' V='esc(0)' U='STR' F='IF(STRSAME(Prop.msvCalloutPropValueFormat,""),IF(STRSAME(Prop.msvCalloutField.Format,""),FIELDPICTURE(0),Prop.msvCalloutField.Format),Prop.msvCalloutPropValueFormat)'/><Cell N='Prompt' V=''/></Row><Row N='BorderType'><Cell N='Value' V='1' F='LOOKUP(Prop.msvCalloutPropBorder,Prop.msvCalloutPropBorder.Format)'/><Cell N='Prompt' V=''/></Row><Row N='FillType'><Cell N='Value' V='0' F='LOOKUP(Prop.msvCalloutPropFill,Prop.msvCalloutPropFill.Format)'/><Cell N='Prompt' V=''/></Row><Row N='LabelText'><Cell N='Value' V='Make/Model' U='STR' F='IF(STRSAME(Prop.msvCalloutPropLabel,Prop.msvCalloutPropLabel.Format),Prop.msvCalloutField.SortKey,Prop.msvCalloutPropLabel)'/><Cell N='Prompt' V=''/></Row><Row N='LabelPosition'><Cell N='Value' V='0' F='IF(Para.Flags=0,User.LabelPosition2,IF(User.LabelPosition2=1,2,IF(User.LabelPosition2=2,1,User.LabelPosition2)))'/><Cell N='Prompt' V=''/></Row><Row N='ValueText'><Cell N='Value' V='Cisco Catalyst 8500' U='STR' F='FORMATEX(Prop.msvCalloutField,User.ValueFormat,,,User.ValueTextLangID,IF(STRSAME(Prop.msvCalloutPropValueFormat,""),Prop.msvCalloutField.Calendar,Prop.msvCalloutPropValueFormat.Calendar))'/><Cell N='Prompt' V=''/></Row><Row N='TopHeight'><Cell N='Value' V='0' F='IF(User.LabelPosition=3,TxtHeight,0)'/><Cell N='Prompt' V=''/></Row><Row N='MiddleHeight'><Cell N='Value' V='0.161160602484809' U='DL' F='MAX(IF(OR(User.LabelPosition=1,User.LabelPosition=2),TxtHeight,0),IF(User.ValuePosition=5,Sheet.15!TxtHeight,0))'/><Cell N='Prompt' V=''/></Row><Row N='BottomHeight'><Cell N='Value' V='0' F='IF(User.LabelPosition=4,TxtHeight,0)'/><Cell N='Prompt' V=''/></Row><Row N='visDGDefaultPos'><Cell N='Value' V='PNT(5,2)' U='PNT' F='PNT(BOUND(ROUND(Sheet.5!Controls.msvDGPosition*4/Sheet.5!Width,0),0,FALSE,-1,5),BOUND(ROUND(Sheet.5!Controls.msvDGPosition.Y*4/Sheet.5!Height,0),0,FALSE,-1,5))'/><Cell N='Prompt' V=''/></Row><Row N='visDGStackHeight'><Cell N='Value' V='0'/><Cell N='Prompt' V=''/></Row><Row N='ValuePosition'><Cell N='Value' V='5' F='IF(STRSAME(User.ValueText,""),0,IF(Prop.msvCalloutPropShowValue=TRUE,5,0))'/><Cell N='Prompt' V=''/></Row><Row N='ThemeColor'><Cell N='Value' V='#9cb084' U='COLOR' F='THEMEGUARD(THEMEVAL("AccentColor2"))'/><Cell N='Prompt' V=''/></Row><Row N='CalloutMargin'><Cell N='Value' V='0.02' U='IN' F='0.02IN*DropOnPageScale'/><Cell N='Prompt' V=''/></Row><Row N='CalloutOffset'><Cell N='Value' V='0.125' U='IN' F='0.125IN*DropOnPageScale'/><Cell N='Prompt' V=''/></Row><Row N='UnitSample'><Cell N='Value' V='12.3456' U='IN'/><Cell N='Prompt' V=''/></Row><Row N='TextSample'><Cell N='Value' V='Abc' U='STR'/><Cell N='Prompt' V=''/></Row><Row N='visDGCalloutItem'><Cell N='Value' V='0' U='BOOL' F='DEPENDSON(6)'/><Cell N='Prompt' V=''/></Row><Row N='ThemeColor2'><Cell N='Value' V='#ffffff' U='COLOR' F='IF(LUMDIFF(THEMEVAL("LineColor"),THEMEVAL("FillColor"))&lt;0,TINT(TONE(User.ThemeColor,-50),-80),TINT(TONE(User.ThemeColor,-50),120))'/><Cell N='Prompt' V=''/></Row><Row N='LabelTextLangID'><Cell N='Value' V='1033' F='IF(STRSAME(Prop.msvCalloutPropLabel,Prop.msvCalloutPropLabel.Format),Prop.msvCalloutField.LangID,Prop.msvCalloutPropLabel.LangID)'/><Cell N='Prompt' V=''/></Row><Row N='ValueTextLangID'><Cell N='Value' V='1033' F='IF(STRSAME(Prop.msvCalloutPropValueFormat,""),Prop.msvCalloutField.LangID,Prop.msvCalloutPropValueFormat.LangID)'/><Cell N='Prompt' V=''/></Row><Row N='LabelPosition2'><Cell N='Value' V='0' F='IF(STRSAME(User.LabelText,""),0,LOOKUP(Prop.msvCalloutPropLabelPosition,Prop.msvCalloutPropLabelPosition.Format))'/><Cell N='Prompt' V=''/></Row><Row N='visVersion'><Cell N='Value' V='15'/><Cell N='Prompt' V=''/></Row></Section><Section N='Property'><Row N='msvCalloutPropShowValue'><Cell N='Value' V='1' U='BOOL'/><Cell N='Prompt' V='Bool'/><Cell N='Label' V='Show Value'/><Cell N='Format' V=''/><Cell N='SortKey' V=''/><Cell N='Type' V='3'/><Cell N='Invisible' V='1'/><Cell N='Verify' V='0'/><Cell N='DataLinked' V='0' F='No Formula'/><Cell N='LangID' V='en-US'/><Cell N='Calendar' V='0'/></Row><Row N='msvCalloutPropValueFormat'><Cell N='Value' V='' U='STR'/><Cell N='Prompt' V='Format'/><Cell N='Label' V='Value Format'/><Cell N='Format' V=''/><Cell N='SortKey' V=''/><Cell N='Type' V='0'/><Cell N='Invisible' V='1'/><Cell N='Verify' V='0'/><Cell N='DataLinked' V='0' F='No Formula'/><Cell N='LangID' V='en-US'/><Cell N='Calendar' V='0'/></Row><Row N='msvCalloutPropValueSize'><Cell N='Value' V='0.1111111111111111' U='PT' F='SETATREF(Sheet.15!Char.Size)'/><Cell N='Prompt' V='Font'/><Cell N='Label' V='Value Font Size'/><Cell N='Format' V=''/><Cell N='SortKey' V=''/><Cell N='Type' V='2'/><Cell N='Invisible' V='1'/><Cell N='Verify' V='0'/><Cell N='DataLinked' V='0' F='No Formula'/><Cell N='LangID' V='en-US'/><Cell N='Calendar' V='0'/></Row><Row N='msvCalloutPropLabelPosition'><Cell N='Value' V='Not Shown' U='STR'/><Cell N='Prompt' V='List'/><Cell N='Label' V='Label Position'/><Cell N='Format' V='Not Shown;Left of Value;Right of Value;Above Value;Below Value'/><Cell N='SortKey' V=''/><Cell N='Type' V='1'/><Cell N='Invisible' V='1'/><Cell N='Verify' V='0'/><Cell N='DataLinked' V='0' F='No Formula'/><Cell N='LangID' V='en-US'/><Cell N='Calendar' V='0'/></Row><Row N='msvCalloutPropLabel'><Cell N='Value' V='[Default]' U='STR' F='Prop.msvCalloutPropLabel.Format'/><Cell N='Prompt' V='String'/><Cell N='Label' V='Label'/><Cell N='Format' V='[Default]'/><Cell N='SortKey' V=''/><Cell N='Type' V='0'/><Cell N='Invisible' V='1'/><Cell N='Verify' V='0'/><Cell N='DataLinked' V='0' F='No Formula'/><Cell N='LangID' V='en-US'/><Cell N='Calendar' V='0'/></Row><Row N='msvCalloutPropLabelSize'><Cell N='Value' V='0.1111111111111111' U='PT' F='SETATREF(Char.Size)'/><Cell N='Prompt' V='Font'/><Cell N='Label' V='Label Font Size'/><Cell N='Format' V=''/><Cell N='SortKey' V=''/><Cell N='Type' V='2'/><Cell N='Invisible' V='1'/><Cell N='Verify' V='0'/><Cell N='DataLinked' V='0' F='No Formula'/><Cell N='LangID' V='en-US'/><Cell N='Calendar' V='0'/></Row><Row N='msvCalloutPropBorder'><Cell N='Value' V='Bottom' U='STR' F='INDEX(1,Prop.msvCalloutPropBorder.Format)'/><Cell N='Prompt' V='List'/><Cell N='Label' V='Border Type'/><Cell N='Format' V='None;Bottom;Outline'/><Cell N='SortKey' V=''/><Cell N='Type' V='1'/><Cell N='Invisible' V='1'/><Cell N='Verify' V='0'/><Cell N='DataLinked' V='0' F='No Formula'/><Cell N='LangID' V='en-US'/><Cell N='Calendar' V='0'/></Row><Row N='msvCalloutPropFill'><Cell N='Value' V='None' U='STR' F='INDEX(0,Prop.msvCalloutPropFill.Format)'/><Cell N='Prompt' V='List'/><Cell N='Label' V='Fill Type'/><Cell N='Format' V='None;Filled'/><Cell N='SortKey' V=''/><Cell N='Type' V='1'/><Cell N='Invisible' V='1'/><Cell N='Verify' V='0'/><Cell N='DataLinked' V='0'/><Cell N='LangID' V='en-US'/><Cell N='Calendar' V='0'/></Row><Row N='msvCalloutPropOffset'><Cell N='Value' V='None' U='STR' F='INDEX(1,Prop.msvCalloutPropOffset.Format)'/><Cell N='Prompt' V='List'/><Cell N='Label' V='Callout Offset'/><Cell N='Format' V='Left;None;Right'/><Cell N='SortKey' V=''/><Cell N='Type' V='1'/><Cell N='Invisible' V='1'/><Cell N='Verify' V='0'/><Cell N='DataLinked' V='0' F='No Formula'/><Cell N='LangID' V='en-US'/><Cell N='Calendar' V='0'/></Row><Row N='msvCalloutPropWidth'><Cell N='Value' V='0'/><Cell N='Prompt' V='Number'/><Cell N='Label' V='Callout Width'/><Cell N='Format' V=''/><Cell N='SortKey' V=''/><Cell N='Type' V='2'/><Cell N='Invisible' V='1'/><Cell N='Verify' V='0'/><Cell N='DataLinked' V='0' F='No Formula'/><Cell N='LangID' V='en-US'/><Cell N='Calendar' V='0'/></Row><Row N='msvCalloutField'><Cell N='Value' V='Cisco Catalyst 8500' U='STR' F='Sheet.5!Prop.Row_23'/><Cell N='Prompt' V=''/><Cell N='Label' V=''/><Cell N='Format' V=''/><Cell N='SortKey' V='Make/Model'/><Cell N='Type' V='0'/><Cell N='Invisible' V='1'/><Cell N='Verify' V='0'/><Cell N='DataLinked' V='0' F='No Formula'/><Cell N='LangID' V='en-US'/><Cell N='Calendar' V='0'/></Row></Section><Section N='Field'><Row IX='0'><Cell N='Value' V='Make/Model' U='STR' F='User.LabelText'/><Cell N='Format' V='esc(0)' U='STR' F='FIELDPICTURE(0)'/><Cell N='Type' V='0'/><Cell N='UICat' V='0' F='No Formula'/><Cell N='UICod' V='0' F='No Formula'/><Cell N='UIFmt' V='0' F='No Formula'/><Cell N='Calendar' V='0'/><Cell N='ObjectKind' V='0'/></Row></Section><Section N='Character'><Row IX='0'><Cell N='Color' V='#000000' F='THEMEGUARD(IF(User.FillType=1,THEMEVAL("TextColor"),IF(LUM(THEMEVAL("BackgroundColor"))&gt;120,THEMEVAL("Dark"),THEMEVAL("Light"))))'/><Cell N='Size' V='0.1111111111111111' U='PT'/><Cell N='LangID' V='en-US' F='User.LabelTextLangID'/></Row></Section><Section N='Paragraph'><Row IX='0'><Cell N='HorzAlign' V='0' F='IF(OR(User.ValuePosition=0,User.LabelPosition=0,User.LabelPosition=3,User.LabelPosition=4),SETATREFEXPR(IF(Para.Flags+User.LabelPosition=2,2,0)),IF(Para.Flags+User.LabelPosition=2,2,0))'/></Row></Section><Section N='Geometry' IX='0'><Cell N='NoFill' V='1' F='IF(User.FillType=0,TRUE,FALSE)'/><Cell N='NoLine' V='1' F='IF(User.BorderType=1,TRUE,FALSE)'/><Cell N='NoShow' V='0'/><Cell N='NoSnap' V='0'/><Cell N='NoQuickDrag' V='0' F='No Formula'/><Row T='MoveTo' IX='1'><Cell N='X' V='0.02' U='IN' F='User.CalloutMargin'/><Cell N='Y' V='0.02' U='IN' F='User.CalloutMargin'/></Row><Row T='LineTo' IX='2'><Cell N='X' V='1.23' U='IN' F='Width*1-Geometry1.X1'/><Cell N='Y' V='0.02' U='IN' F='Geometry1.Y1'/></Row><Row T='LineTo' IX='3'><Cell N='X' V='1.23' U='IN' F='Geometry1.X2'/><Cell N='Y' V='0.181160602484809' U='IN' F='Height*1-Geometry1.Y1'/></Row><Row T='LineTo' IX='4'><Cell N='X' V='0.02' U='IN' F='Geometry1.X1'/><Cell N='Y' V='0.181160602484809' U='IN' F='Geometry1.Y3'/></Row><Row T='LineTo' IX='5'><Cell N='X' V='0.02' U='IN' F='Geometry1.X1'/><Cell N='Y' V='0.02' U='IN' F='Geometry1.Y1'/></Row></Section><Section N='Geometry' IX='1'><Cell N='NoFill' V='1'/><Cell N='NoLine' V='0'/><Cell N='NoShow' V='0' F='IF(User.BorderType=1,FALSE,TRUE)'/><Cell N='NoSnap' V='0'/><Cell N='NoQuickDrag' V='0' F='No Formula'/><Row T='MoveTo' IX='1'><Cell N='X' V='0.02' U='IN' F='User.CalloutMargin'/><Cell N='Y' V='0.02' U='IN' F='User.CalloutMargin'/></Row><Row T='LineTo' IX='2'><Cell N='X' V='1.23' U='IN' F='Width*1-Geometry2.X1'/><Cell N='Y' V='0.02' U='IN' F='Geometry2.Y1'/></Row></Section><Text><cp IX='0'/><pp IX='0'/><fld IX='0'>Make/Model</fld>
</Text><Shapes><Shape ID='15' Type='Shape' LineStyle='3' FillStyle='3' TextStyle='3'><Cell N='PinX' V='0.625' F='Sheet.14!Width*0.5'/><Cell N='PinY' V='0.1005803012424045' U='IN' F='Sheet.14!Height*0.5'/><Cell N='Width' V='1.25' F='Sheet.14!Width*1'/><Cell N='Height' V='0.201160602484809' U='IN' F='Sheet.14!Height*1'/><Cell N='LocPinX' V='0.625' F='Width*0.5'/><Cell N='LocPinY' V='0.1005803012424045' U='IN' F='Height*0.5'/><Cell N='Angle' V='0'/><Cell N='FlipX' V='0'/><Cell N='FlipY' V='0'/><Cell N='ResizeMode' V='0'/><Cell N='LayerMember' V='0'/><Cell N='LineWeight' V='0.01388888888888889' U='PT' F='THEMEVAL("LineWeight",0.0033333333333333DT)'/><Cell N='Rounding' V='0' U='IN' F='0IN*DropOnPageScale'/><Cell N='NoObjHandles' V='1'/><Cell N='HideText' V='0' F='IF(User.ValuePosition=0,TRUE,FALSE)'/><Cell N='GlueType' V='8'/><Cell N='ObjType' V='4'/><Cell N='TxtPinX' V='1.23' U='IN' F='IF(User.LabelPosition&lt;2,Width-User.CalloutMargin,User.CalloutMargin)'/><Cell N='TxtPinY' V='0.1005803012424045' U='IN' F='IF(User.LabelPosition=4,User.BottomHeight,IF(User.LabelPosition=3,User.BottomHeight+User.MiddleHeight,User.MiddleHeight*0.5))+User.CalloutMargin'/><Cell N='TxtWidth' V='1.21' U='IN' F='(Width-User.CalloutMargin*2)*IF(OR(User.LabelPosition=1,User.LabelPosition=2),1-TEXTWIDTH(Sheet.14!TheText,Sheet.14!TxtWidth)/(Width-User.CalloutMargin*2),1)'/><Cell N='TxtHeight' V='0.161160602484809' F='TEXTHEIGHT(TheText,TxtWidth)'/><Cell N='TxtLocPinX' V='1.21' U='IN' F='TxtWidth*IF(User.LabelPosition&lt;2,1,0)'/><Cell N='TxtLocPinY' V='0.08058030124240451' F='TxtHeight*IF(User.LabelPosition=4,0,IF(User.LabelPosition=3,1,0.5))'/><Cell N='TxtAngle' V='0'/><Cell N='ShdwPattern' V='0' F='GUARD(0)'/><Cell N='LeftMargin' V='0.01388888888888889' U='PT'/><Cell N='RightMargin' V='0.01388888888888889' U='PT'/><Cell N='TopMargin' V='0.01388888888888889' U='PT'/><Cell N='BottomMargin' V='0.01388888888888889' U='PT'/><Cell N='LockCalcWH' V='1'/><Section N='Field'><Row IX='0'><Cell N='Value' V='Cisco Catalyst 8500' U='STR' F='Sheet.14!User.ValueText'/><Cell N='Format' V='esc(0)' U='STR' F='FIELDPICTURE(0)'/><Cell N='Type' V='0'/><Cell N='UICat' V='0' F='No Formula'/><Cell N='UICod' V='0' F='No Formula'/><Cell N='UIFmt' V='0' F='No Formula'/><Cell N='Calendar' V='0'/><Cell N='ObjectKind' V='0'/></Row></Section><Section N='User'><Row N='LabelPosition'><Cell N='Value' V='0' F='Sheet.14!User.LabelPosition'/><Cell N='Prompt' V=''/></Row><Row N='ValuePosition'><Cell N='Value' V='5' F='Sheet.14!User.ValuePosition'/><Cell N='Prompt' V=''/></Row><Row N='BottomHeight'><Cell N='Value' V='0' F='Sheet.14!User.BottomHeight'/><Cell N='Prompt' V=''/></Row><Row N='MiddleHeight'><Cell N='Value' V='0.161160602484809' U='DL' F='Sheet.14!User.MiddleHeight'/><Cell N='Prompt' V=''/></Row><Row N='CalloutMargin'><Cell N='Value' V='0.02' U='IN' F='Sheet.14!User.CalloutMargin'/><Cell N='Prompt' V=''/></Row></Section><Section N='Character'><Row IX='0'><Cell N='Color' V='#000000' F='GUARD(Sheet.14!Char.Color)'/><Cell N='Size' V='0.1111111111111111' U='PT'/><Cell N='LangID' V='en-US' F='Sheet.14!User.ValueTextLangID'/></Row></Section><Section N='Paragraph'><Row IX='0'><Cell N='HorzAlign' V='2' F='IF(OR(User.ValuePosition=0,User.LabelPosition=0,User.LabelPosition=3,User.LabelPosition=4),SETATREFEXPR(IF(Para.Flags=0,IF(User.LabelPosition&lt;2,2,0),IF(User.LabelPosition=2,2,0))),IF(Para.Flags=0,IF(User.LabelPosition&lt;2,2,0),IF(User.LabelPosition=2,2,0)))'/><Cell N='Flags' V='0' F='GUARD(Sheet.14!Para.Flags)'/></Row></Section><Text><cp IX='0'/><pp IX='0'/><fld IX='0'>Cisco Catalyst 8500</fld>
</Text></Shape></Shapes></Shape><Shape ID='16' NameU='Text callout.1290' IsCustomNameU='1' Name='Text callout.1290' IsCustomName='1' Type='Group' LineStyle='3' FillStyle='3' TextStyle='3'><Cell N='PinX' V='1.6875' F='IF(PNTX(User.visDGDefaultPos)&lt;2,PNTX(User.visDGDefaultPos)*Width*0.5,IF(PNTX(User.visDGDefaultPos)=2,Sheet.5!Width*0.5,(PNTX(User.visDGDefaultPos)-4)*Width*0.5+Sheet.5!Width))+IF(PNTX(User.visDGDefaultPos)&lt;0,-ThePage!User.msvDGCalloutGap,IF(PNTX(User.visDGDefaultPos)&gt;4,ThePage!User.msvDGCalloutGap,0))'/><Cell N='PinY' V='0.5' U='IN' F='Sheet.18!PinY-Sheet.18!LocPinY-Height+LocPinY'/><Cell N='Width' V='1.25' F='IF(Prop.msvCalloutPropWidth&gt;0,Prop.msvCalloutPropWidth,IF(AND(PNTX(User.visDGDefaultPos)&gt;0,PNTX(User.visDGDefaultPos)&lt;4,PNTY(User.visDGDefaultPos)&gt;0,PNTY(User.visDGDefaultPos)&lt;4),Sheet.5!Width,MAX(Sheet.5!Width,1.25*DropOnPageScale)))'/><Cell N='Height' V='0.201160602484809' U='IN' F='GUARD(MAX(8PT,User.BottomHeight+User.MiddleHeight+User.TopHeight)+User.CalloutMargin*2)'/><Cell N='LocPinX' V='0.625' U='IN' F='Width*0.5+INDEX(LOOKUP(Prop.msvCalloutPropOffset,Prop.msvCalloutPropOffset.Format),"1;0;-1")*User.CalloutOffset'/><Cell N='LocPinY' V='0.1005803012424045' U='IN' F='Height*0.5'/><Cell N='Angle' V='0'/><Cell N='FlipX' V='0' F='Sheet.5!FlipX'/><Cell N='FlipY' V='0' F='Sheet.5!FlipY'/><Cell N='ResizeMode' V='0'/><Cell N='EventDblClick' V='0' F='OPENTEXTWIN()'/><Cell N='LayerMember' V='0'/><Cell N='HideText' V='1' F='IF(User.LabelPosition=0,TRUE,FALSE)'/><Cell N='GlueType' V='8'/><Cell N='ObjType' V='4'/><Cell N='FillForegnd' V='#9cb084' F='IF(QuickStyleFillMatrix=255,THEMEVAL("Accentcolor2"),THEMEVAL())'/><Cell N='FillPattern' V='0' F='GUARD(IF(User.FillType=0,0,SETATREFEXPR(1)))'/><Cell N='ShdwPattern' V='0' F='GUARD(0)'/><Cell N='TxtPinX' V='0.02' U='IN' F='IF(User.LabelPosition=2,Width-User.CalloutMargin,User.CalloutMargin)'/><Cell N='TxtPinY' V='0.1005803012424045' U='IN' F='IF(User.LabelPosition=4,User.BottomHeight,IF(User.LabelPosition=3,User.BottomHeight+User.MiddleHeight,User.MiddleHeight*0.5))+User.CalloutMargin'/><Cell N='TxtWidth' V='1.21' U='IN' F='(Width-User.CalloutMargin*2)*IF(AND(OR(User.LabelPosition=1,User.LabelPosition=2),User.ValuePosition=5),0.625,1)'/><Cell N='TxtHeight' V='0.161160602484809' F='TEXTHEIGHT(TheText,TxtWidth)'/><Cell N='TxtLocPinX' V='0' U='IN' F='IF(User.LabelPosition=2,TxtWidth*1,TxtWidth*0)'/><Cell N='TxtLocPinY' V='0.08058030124240451' F='TxtHeight*IF(User.LabelPosition=4,1,IF(User.LabelPosition=3,0,0.5))'/><Cell N='TxtAngle' V='0'/><Cell N='LeftMargin' V='0.01388888888888889' U='PT'/><Cell N='RightMargin' V='0.01388888888888889' U='PT'/><Cell N='TopMargin' V='0.01388888888888889' U='PT'/><Cell N='BottomMargin' V='0.01388888888888889' U='PT'/><Cell N='VerticalAlign' V='0'/><Cell N='LockRotate' V='1'/><Cell N='LockGroup' V='1'/><Cell N='LockCalcWH' V='1'/><Cell N='LockCustProp' V='1'/><Cell N='LockFromGroupFormat' V='1'/><Cell N='DisplayMode' V='1'/><Cell N='IsSnapTarget' V='0'/><Cell N='DontMoveChildren' V='1'/><Cell N='LinePattern' V='1' F='GUARD(IF(User.BorderType=0,0,SETATREFEXPR(1)))'/><Cell N='Rounding' V='0' F='GUARD(0)'/><Cell N='QuickStyleFillMatrix' V='255'/><Cell N='FillGradientEnabled' V='0' F='IF(OR(User.FillType=0,QuickStyleFillMatrix=255),FALSE,THEMEVAL())'/><Cell N='HelpTopic' V='Vis_PRXY.chm!#60445'/><Section N='User'><Row N='msvCalloutType'><Cell N='Value' V='Text Callout' U='STR'/><Cell N='Prompt' V=''/></Row><Row N='ValueFormat'><Cell N='Value' V='esc(0)' U='STR' F='IF(STRSAME(Prop.msvCalloutPropValueFormat,""),IF(STRSAME(Prop.msvCalloutField.Format,""),FIELDPICTURE(0),Prop.msvCalloutField.Format),Prop.msvCalloutPropValueFormat)'/><Cell N='Prompt' V=''/></Row><Row N='BorderType'><Cell N='Value' V='1' F='LOOKUP(Prop.msvCalloutPropBorder,Prop.msvCalloutPropBorder.Format)'/><Cell N='Prompt' V=''/></Row><Row N='FillType'><Cell N='Value' V='0' F='LOOKUP(Prop.msvCalloutPropFill,Prop.msvCalloutPropFill.Format)'/><Cell N='Prompt' V=''/></Row><Row N='LabelText'><Cell N='Value' V='Location' U='STR' F='IF(STRSAME(Prop.msvCalloutPropLabel,Prop.msvCalloutPropLabel.Format),Prop.msvCalloutField.SortKey,Prop.msvCalloutPropLabel)'/><Cell N='Prompt' V=''/></Row><Row N='LabelPosition'><Cell N='Value' V='0' F='IF(Para.Flags=0,User.LabelPosition2,IF(User.LabelPosition2=1,2,IF(User.LabelPosition2=2,1,User.LabelPosition2)))'/><Cell N='Prompt' V=''/></Row><Row N='ValueText'><Cell N='Value' V='PDX' U='STR' F='FORMATEX(Prop.msvCalloutField,User.ValueFormat,,,User.ValueTextLangID,IF(STRSAME(Prop.msvCalloutPropValueFormat,""),Prop.msvCalloutField.Calendar,Prop.msvCalloutPropValueFormat.Calendar))'/><Cell N='Prompt' V=''/></Row><Row N='TopHeight'><Cell N='Value' V='0' F='IF(User.LabelPosition=3,TxtHeight,0)'/><Cell N='Prompt' V=''/></Row><Row N='MiddleHeight'><Cell N='Value' V='0.161160602484809' U='DL' F='MAX(IF(OR(User.LabelPosition=1,User.LabelPosition=2),TxtHeight,0),IF(User.ValuePosition=5,Sheet.17!TxtHeight,0))'/><Cell N='Prompt' V=''/></Row><Row N='BottomHeight'><Cell N='Value' V='0' F='IF(User.LabelPosition=4,TxtHeight,0)'/><Cell N='Prompt' V=''/></Row><Row N='visDGDefaultPos'><Cell N='Value' V='PNT(5,2)' U='PNT' F='PNT(BOUND(ROUND(Sheet.5!Controls.msvDGPosition*4/Sheet.5!Width,0),0,FALSE,-1,5),BOUND(ROUND(Sheet.5!Controls.msvDGPosition.Y*4/Sheet.5!Height,0),0,FALSE,-1,5))'/><Cell N='Prompt' V=''/></Row><Row N='visDGStackHeight'><Cell N='Value' V='0'/><Cell N='Prompt' V=''/></Row><Row N='ValuePosition'><Cell N='Value' V='5' F='IF(STRSAME(User.ValueText,""),0,IF(Prop.msvCalloutPropShowValue=TRUE,5,0))'/><Cell N='Prompt' V=''/></Row><Row N='ThemeColor'><Cell N='Value' V='#9cb084' U='COLOR' F='THEMEGUARD(THEMEVAL("AccentColor2"))'/><Cell N='Prompt' V=''/></Row><Row N='CalloutMargin'><Cell N='Value' V='0.02' U='IN' F='0.02IN*DropOnPageScale'/><Cell N='Prompt' V=''/></Row><Row N='CalloutOffset'><Cell N='Value' V='0.125' U='IN' F='0.125IN*DropOnPageScale'/><Cell N='Prompt' V=''/></Row><Row N='UnitSample'><Cell N='Value' V='12.3456' U='IN'/><Cell N='Prompt' V=''/></Row><Row N='TextSample'><Cell N='Value' V='Abc' U='STR'/><Cell N='Prompt' V=''/></Row><Row N='visDGCalloutItem'><Cell N='Value' V='0' U='BOOL' F='DEPENDSON(8)'/><Cell N='Prompt' V=''/></Row><Row N='ThemeColor2'><Cell N='Value' V='#ffffff' U='COLOR' F='IF(LUMDIFF(THEMEVAL("LineColor"),THEMEVAL("FillColor"))&lt;0,TINT(TONE(User.ThemeColor,-50),-80),TINT(TONE(User.ThemeColor,-50),120))'/><Cell N='Prompt' V=''/></Row><Row N='LabelTextLangID'><Cell N='Value' V='1033' F='IF(STRSAME(Prop.msvCalloutPropLabel,Prop.msvCalloutPropLabel.Format),Prop.msvCalloutField.LangID,Prop.msvCalloutPropLabel.LangID)'/><Cell N='Prompt' V=''/></Row><Row N='ValueTextLangID'><Cell N='Value' V='1033' F='IF(STRSAME(Prop.msvCalloutPropValueFormat,""),Prop.msvCalloutField.LangID,Prop.msvCalloutPropValueFormat.LangID)'/><Cell N='Prompt' V=''/></Row><Row N='LabelPosition2'><Cell N='Value' V='0' F='IF(STRSAME(User.LabelText,""),0,LOOKUP(Prop.msvCalloutPropLabelPosition,Prop.msvCalloutPropLabelPosition.Format))'/><Cell N='Prompt' V=''/></Row><Row N='visVersion'><Cell N='Value' V='15'/><Cell N='Prompt' V=''/></Row></Section><Section N='Property'><Row N='msvCalloutPropShowValue'><Cell N='Value' V='1' U='BOOL'/><Cell N='Prompt' V='Bool'/><Cell N='Label' V='Show Value'/><Cell N='Format' V=''/><Cell N='SortKey' V=''/><Cell N='Type' V='3'/><Cell N='Invisible' V='1'/><Cell N='Verify' V='0'/><Cell N='DataLinked' V='0' F='No Formula'/><Cell N='LangID' V='en-US'/><Cell N='Calendar' V='0'/></Row><Row N='msvCalloutPropValueFormat'><Cell N='Value' V='' U='STR'/><Cell N='Prompt' V='Format'/><Cell N='Label' V='Value Format'/><Cell N='Format' V=''/><Cell N='SortKey' V=''/><Cell N='Type' V='0'/><Cell N='Invisible' V='1'/><Cell N='Verify' V='0'/><Cell N='DataLinked' V='0' F='No Formula'/><Cell N='LangID' V='en-US'/><Cell N='Calendar' V='0'/></Row><Row N='msvCalloutPropValueSize'><Cell N='Value' V='0.1111111111111111' U='PT' F='SETATREF(Sheet.17!Char.Size)'/><Cell N='Prompt' V='Font'/><Cell N='Label' V='Value Font Size'/><Cell N='Format' V=''/><Cell N='SortKey' V=''/><Cell N='Type' V='2'/><Cell N='Invisible' V='1'/><Cell N='Verify' V='0'/><Cell N='DataLinked' V='0' F='No Formula'/><Cell N='LangID' V='en-US'/><Cell N='Calendar' V='0'/></Row><Row N='msvCalloutPropLabelPosition'><Cell N='Value' V='Not Shown' U='STR'/><Cell N='Prompt' V='List'/><Cell N='Label' V='Label Position'/><Cell N='Format' V='Not Shown;Left of Value;Right of Value;Above Value;Below Value'/><Cell N='SortKey' V=''/><Cell N='Type' V='1'/><Cell N='Invisible' V='1'/><Cell N='Verify' V='0'/><Cell N='DataLinked' V='0' F='No Formula'/><Cell N='LangID' V='en-US'/><Cell N='Calendar' V='0'/></Row><Row N='msvCalloutPropLabel'><Cell N='Value' V='[Default]' U='STR' F='Prop.msvCalloutPropLabel.Format'/><Cell N='Prompt' V='String'/><Cell N='Label' V='Label'/><Cell N='Format' V='[Default]'/><Cell N='SortKey' V=''/><Cell N='Type' V='0'/><Cell N='Invisible' V='1'/><Cell N='Verify' V='0'/><Cell N='DataLinked' V='0' F='No Formula'/><Cell N='LangID' V='en-US'/><Cell N='Calendar' V='0'/></Row><Row N='msvCalloutPropLabelSize'><Cell N='Value' V='0.1111111111111111' U='PT' F='SETATREF(Char.Size)'/><Cell N='Prompt' V='Font'/><Cell N='Label' V='Label Font Size'/><Cell N='Format' V=''/><Cell N='SortKey' V=''/><Cell N='Type' V='2'/><Cell N='Invisible' V='1'/><Cell N='Verify' V='0'/><Cell N='DataLinked' V='0' F='No Formula'/><Cell N='LangID' V='en-US'/><Cell N='Calendar' V='0'/></Row><Row N='msvCalloutPropBorder'><Cell N='Value' V='Bottom' U='STR' F='INDEX(1,Prop.msvCalloutPropBorder.Format)'/><Cell N='Prompt' V='List'/><Cell N='Label' V='Border Type'/><Cell N='Format' V='None;Bottom;Outline'/><Cell N='SortKey' V=''/><Cell N='Type' V='1'/><Cell N='Invisible' V='1'/><Cell N='Verify' V='0'/><Cell N='DataLinked' V='0' F='No Formula'/><Cell N='LangID' V='en-US'/><Cell N='Calendar' V='0'/></Row><Row N='msvCalloutPropFill'><Cell N='Value' V='None' U='STR' F='INDEX(0,Prop.msvCalloutPropFill.Format)'/><Cell N='Prompt' V='List'/><Cell N='Label' V='Fill Type'/><Cell N='Format' V='None;Filled'/><Cell N='SortKey' V=''/><Cell N='Type' V='1'/><Cell N='Invisible' V='1'/><Cell N='Verify' V='0'/><Cell N='DataLinked' V='0'/><Cell N='LangID' V='en-US'/><Cell N='Calendar' V='0'/></Row><Row N='msvCalloutPropOffset'><Cell N='Value' V='None' U='STR' F='INDEX(1,Prop.msvCalloutPropOffset.Format)'/><Cell N='Prompt' V='List'/><Cell N='Label' V='Callout Offset'/><Cell N='Format' V='Left;None;Right'/><Cell N='SortKey' V=''/><Cell N='Type' V='1'/><Cell N='Invisible' V='1'/><Cell N='Verify' V='0'/><Cell N='DataLinked' V='0' F='No Formula'/><Cell N='LangID' V='en-US'/><Cell N='Calendar' V='0'/></Row><Row N='msvCalloutPropWidth'><Cell N='Value' V='0'/><Cell N='Prompt' V='Number'/><Cell N='Label' V='Callout Width'/><Cell N='Format' V=''/><Cell N='SortKey' V=''/><Cell N='Type' V='2'/><Cell N='Invisible' V='1'/><Cell N='Verify' V='0'/><Cell N='DataLinked' V='0' F='No Formula'/><Cell N='LangID' V='en-US'/><Cell N='Calendar' V='0'/></Row><Row N='msvCalloutField'><Cell N='Value' V='PDX' U='STR' F='Sheet.5!Prop.Row_22'/><Cell N='Prompt' V=''/><Cell N='Label' V=''/><Cell N='Format' V=''/><Cell N='SortKey' V='Location'/><Cell N='Type' V='0'/><Cell N='Invisible' V='1'/><Cell N='Verify' V='0'/><Cell N='DataLinked' V='0' F='No Formula'/><Cell N='LangID' V='en-US'/><Cell N='Calendar' V='0'/></Row></Section><Section N='Field'><Row IX='0'><Cell N='Value' V='Location' U='STR' F='User.LabelText'/><Cell N='Format' V='esc(0)' U='STR' F='FIELDPICTURE(0)'/><Cell N='Type' V='0'/><Cell N='UICat' V='0' F='No Formula'/><Cell N='UICod' V='0' F='No Formula'/><Cell N='UIFmt' V='0' F='No Formula'/><Cell N='Calendar' V='0'/><Cell N='ObjectKind' V='0'/></Row></Section><Section N='Character'><Row IX='0'><Cell N='Color' V='#000000' F='THEMEGUARD(IF(User.FillType=1,THEMEVAL("TextColor"),IF(LUM(THEMEVAL("BackgroundColor"))&gt;120,THEMEVAL("Dark"),THEMEVAL("Light"))))'/><Cell N='Size' V='0.1111111111111111' U='PT'/><Cell N='LangID' V='en-US' F='User.LabelTextLangID'/></Row></Section><Section N='Paragraph'><Row IX='0'><Cell N='HorzAlign' V='0' F='IF(OR(User.ValuePosition=0,User.LabelPosition=0,User.LabelPosition=3,User.LabelPosition=4),SETATREFEXPR(IF(Para.Flags+User.LabelPosition=2,2,0)),IF(Para.Flags+User.LabelPosition=2,2,0))'/></Row></Section><Section N='Geometry' IX='0'><Cell N='NoFill' V='1' F='IF(User.FillType=0,TRUE,FALSE)'/><Cell N='NoLine' V='1' F='IF(User.BorderType=1,TRUE,FALSE)'/><Cell N='NoShow' V='0'/><Cell N='NoSnap' V='0'/><Cell N='NoQuickDrag' V='0' F='No Formula'/><Row T='MoveTo' IX='1'><Cell N='X' V='0.02' U='IN' F='User.CalloutMargin'/><Cell N='Y' V='0.02' U='IN' F='User.CalloutMargin'/></Row><Row T='LineTo' IX='2'><Cell N='X' V='1.23' U='IN' F='Width*1-Geometry1.X1'/><Cell N='Y' V='0.02' U='IN' F='Geometry1.Y1'/></Row><Row T='LineTo' IX='3'><Cell N='X' V='1.23' U='IN' F='Geometry1.X2'/><Cell N='Y' V='0.181160602484809' U='IN' F='Height*1-Geometry1.Y1'/></Row><Row T='LineTo' IX='4'><Cell N='X' V='0.02' U='IN' F='Geometry1.X1'/><Cell N='Y' V='0.181160602484809' U='IN' F='Geometry1.Y3'/></Row><Row T='LineTo' IX='5'><Cell N='X' V='0.02' U='IN' F='Geometry1.X1'/><Cell N='Y' V='0.02' U='IN' F='Geometry1.Y1'/></Row></Section><Section N='Geometry' IX='1'><Cell N='NoFill' V='1'/><Cell N='NoLine' V='0'/><Cell N='NoShow' V='0' F='IF(User.BorderType=1,FALSE,TRUE)'/><Cell N='NoSnap' V='0'/><Cell N='NoQuickDrag' V='0' F='No Formula'/><Row T='MoveTo' IX='1'><Cell N='X' V='0.02' U='IN' F='User.CalloutMargin'/><Cell N='Y' V='0.02' U='IN' F='User.CalloutMargin'/></Row><Row T='LineTo' IX='2'><Cell N='X' V='1.23' U='IN' F='Width*1-Geometry2.X1'/><Cell N='Y' V='0.02' U='IN' F='Geometry2.Y1'/></Row></Section><Text><cp IX='0'/><pp IX='0'/><fld IX='0'>Location</fld>
</Text><Shapes><Shape ID='17' Type='Shape' LineStyle='3' FillStyle='3' TextStyle='3'><Cell N='PinX' V='0.625' F='Sheet.16!Width*0.5'/><Cell N='PinY' V='0.1005803012424045' U='IN' F='Sheet.16!Height*0.5'/><Cell N='Width' V='1.25' F='Sheet.16!Width*1'/><Cell N='Height' V='0.201160602484809' U='IN' F='Sheet.16!Height*1'/><Cell N='LocPinX' V='0.625' F='Width*0.5'/><Cell N='LocPinY' V='0.1005803012424045' U='IN' F='Height*0.5'/><Cell N='Angle' V='0'/><Cell N='FlipX' V='0'/><Cell N='FlipY' V='0'/><Cell N='ResizeMode' V='0'/><Cell N='LayerMember' V='0'/><Cell N='LineWeight' V='0.01388888888888889' U='PT' F='THEMEVAL("LineWeight",0.0033333333333333DT)'/><Cell N='Rounding' V='0' U='IN' F='0IN*DropOnPageScale'/><Cell N='NoObjHandles' V='1'/><Cell N='HideText' V='0' F='IF(User.ValuePosition=0,TRUE,FALSE)'/><Cell N='GlueType' V='8'/><Cell N='ObjType' V='4'/><Cell N='TxtPinX' V='1.23' U='IN' F='IF(User.LabelPosition&lt;2,Width-User.CalloutMargin,User.CalloutMargin)'/><Cell N='TxtPinY' V='0.1005803012424045' U='IN' F='IF(User.LabelPosition=4,User.BottomHeight,IF(User.LabelPosition=3,User.BottomHeight+User.MiddleHeight,User.MiddleHeight*0.5))+User.CalloutMargin'/><Cell N='TxtWidth' V='1.21' U='IN' F='(Width-User.CalloutMargin*2)*IF(OR(User.LabelPosition=1,User.LabelPosition=2),1-TEXTWIDTH(Sheet.16!TheText,Sheet.16!TxtWidth)/(Width-User.CalloutMargin*2),1)'/><Cell N='TxtHeight' V='0.161160602484809' F='TEXTHEIGHT(TheText,TxtWidth)'/><Cell N='TxtLocPinX' V='1.21' U='IN' F='TxtWidth*IF(User.LabelPosition&lt;2,1,0)'/><Cell N='TxtLocPinY' V='0.08058030124240451' F='TxtHeight*IF(User.LabelPosition=4,0,IF(User.LabelPosition=3,1,0.5))'/><Cell N='TxtAngle' V='0'/><Cell N='ShdwPattern' V='0' F='GUARD(0)'/><Cell N='LeftMargin' V='0.01388888888888889' U='PT'/><Cell N='RightMargin' V='0.01388888888888889' U='PT'/><Cell N='TopMargin' V='0.01388888888888889' U='PT'/><Cell N='BottomMargin' V='0.01388888888888889' U='PT'/><Cell N='LockCalcWH' V='1'/><Section N='Field'><Row IX='0'><Cell N='Value' V='PDX' U='STR' F='Sheet.16!User.ValueText'/><Cell N='Format' V='esc(0)' U='STR' F='FIELDPICTURE(0)'/><Cell N='Type' V='0'/><Cell N='UICat' V='0' F='No Formula'/><Cell N='UICod' V='0' F='No Formula'/><Cell N='UIFmt' V='0' F='No Formula'/><Cell N='Calendar' V='0'/><Cell N='ObjectKind' V='0'/></Row></Section><Section N='User'><Row N='LabelPosition'><Cell N='Value' V='0' F='Sheet.16!User.LabelPosition'/><Cell N='Prompt' V=''/></Row><Row N='ValuePosition'><Cell N='Value' V='5' F='Sheet.16!User.ValuePosition'/><Cell N='Prompt' V=''/></Row><Row N='BottomHeight'><Cell N='Value' V='0' F='Sheet.16!User.BottomHeight'/><Cell N='Prompt' V=''/></Row><Row N='MiddleHeight'><Cell N='Value' V='0.161160602484809' U='DL' F='Sheet.16!User.MiddleHeight'/><Cell N='Prompt' V=''/></Row><Row N='CalloutMargin'><Cell N='Value' V='0.02' U='IN' F='Sheet.16!User.CalloutMargin'/><Cell N='Prompt' V=''/></Row></Section><Section N='Character'><Row IX='0'><Cell N='Color' V='#000000' F='GUARD(Sheet.16!Char.Color)'/><Cell N='Size' V='0.1111111111111111' U='PT'/><Cell N='LangID' V='en-US' F='Sheet.16!User.ValueTextLangID'/></Row></Section><Section N='Paragraph'><Row IX='0'><Cell N='HorzAlign' V='2' F='IF(OR(User.ValuePosition=0,User.LabelPosition=0,User.LabelPosition=3,User.LabelPosition=4),SETATREFEXPR(IF(Para.Flags=0,IF(User.LabelPosition&lt;2,2,0),IF(User.LabelPosition=2,2,0))),IF(Para.Flags=0,IF(User.LabelPosition&lt;2,2,0),IF(User.LabelPosition=2,2,0)))'/><Cell N='Flags' V='0' F='GUARD(Sheet.16!Para.Flags)'/></Row></Section><Text><cp IX='0'/><pp IX='0'/><fld IX='0'>PDX</fld>
</Text></Shape></Shapes></Shape><Shape ID='18' NameU='Text callout.1292' IsCustomNameU='1' Name='Text callout.1292' IsCustomName='1' Type='Group' LineStyle='3' FillStyle='3' TextStyle='3'><Cell N='PinX' V='1.6875' F='IF(PNTX(User.visDGDefaultPos)&lt;2,PNTX(User.visDGDefaultPos)*Width*0.5,IF(PNTX(User.visDGDefaultPos)=2,Sheet.5!Width*0.5,(PNTX(User.visDGDefaultPos)-4)*Width*0.5+Sheet.5!Width))+IF(PNTX(User.visDGDefaultPos)&lt;0,-ThePage!User.msvDGCalloutGap,IF(PNTX(User.visDGDefaultPos)&gt;4,ThePage!User.msvDGCalloutGap,0))'/><Cell N='PinY' V='0.7011606024848091' U='IN' F='IF(PNTY(User.visDGDefaultPos)&lt;2,PNTY(User.visDGDefaultPos)*Height*0.5,IF(PNTY(User.visDGDefaultPos)=2,Sheet.5!Height*0.5,(PNTY(User.visDGDefaultPos)-4)*Height*0.5+Sheet.5!Height))+IF(PNTY(User.visDGDefaultPos)&lt;0,-ThePage!User.msvDGCalloutGap,IF(PNTY(User.visDGDefaultPos)&gt;4,ThePage!User.msvDGCalloutGap,0))+(LocPinY-Sheet.14!LocPinY+Sheet.14!Height-Height*0.5+User.visDGStackHeight)*IF(MODULUS(PNTY(User.visDGDefaultPos)+1,4)=0,0,IF(MODULUS(PNTY(User.visDGDefaultPos),2)=0,0.5,1))'/><Cell N='Width' V='1.25' F='IF(Prop.msvCalloutPropWidth&gt;0,Prop.msvCalloutPropWidth,IF(AND(PNTX(User.visDGDefaultPos)&gt;0,PNTX(User.visDGDefaultPos)&lt;4,PNTY(User.visDGDefaultPos)&gt;0,PNTY(User.visDGDefaultPos)&lt;4),Sheet.5!Width,MAX(Sheet.5!Width,1.25*DropOnPageScale)))'/><Cell N='Height' V='0.201160602484809' U='IN' F='GUARD(MAX(8PT,User.BottomHeight+User.MiddleHeight+User.TopHeight)+User.CalloutMargin*2)'/><Cell N='LocPinX' V='0.625' U='IN' F='Width*0.5+INDEX(LOOKUP(Prop.msvCalloutPropOffset,Prop.msvCalloutPropOffset.Format),"1;0;-1")*User.CalloutOffset'/><Cell N='LocPinY' V='0.1005803012424045' U='IN' F='Height*0.5'/><Cell N='Angle' V='0'/><Cell N='FlipX' V='0' F='Sheet.5!FlipX'/><Cell N='FlipY' V='0' F='Sheet.5!FlipY'/><Cell N='ResizeMode' V='0'/><Cell N='EventDblClick' V='0' F='OPENTEXTWIN()'/><Cell N='LayerMember' V='0'/><Cell N='HideText' V='1' F='IF(User.LabelPosition=0,TRUE,FALSE)'/><Cell N='GlueType' V='8'/><Cell N='ObjType' V='4'/><Cell N='FillForegnd' V='#9cb084' F='IF(QuickStyleFillMatrix=255,THEMEVAL("Accentcolor2"),THEMEVAL())'/><Cell N='FillPattern' V='0' F='GUARD(IF(User.FillType=0,0,SETATREFEXPR(1)))'/><Cell N='ShdwPattern' V='0' F='GUARD(0)'/><Cell N='TxtPinX' V='0.02' U='IN' F='IF(User.LabelPosition=2,Width-User.CalloutMargin,User.CalloutMargin)'/><Cell N='TxtPinY' V='0.1005803012424045' U='IN' F='IF(User.LabelPosition=4,User.BottomHeight,IF(User.LabelPosition=3,User.BottomHeight+User.MiddleHeight,User.MiddleHeight*0.5))+User.CalloutMargin'/><Cell N='TxtWidth' V='1.21' U='IN' F='(Width-User.CalloutMargin*2)*IF(AND(OR(User.LabelPosition=1,User.LabelPosition=2),User.ValuePosition=5),0.625,1)'/><Cell N='TxtHeight' V='0.161160602484809' F='TEXTHEIGHT(TheText,TxtWidth)'/><Cell N='TxtLocPinX' V='0' U='IN' F='IF(User.LabelPosition=2,TxtWidth*1,TxtWidth*0)'/><Cell N='TxtLocPinY' V='0.08058030124240451' F='TxtHeight*IF(User.LabelPosition=4,1,IF(User.LabelPosition=3,0,0.5))'/><Cell N='TxtAngle' V='0'/><Cell N='LeftMargin' V='0.01388888888888889' U='PT'/><Cell N='RightMargin' V='0.01388888888888889' U='PT'/><Cell N='TopMargin' V='0.01388888888888889' U='PT'/><Cell N='BottomMargin' V='0.01388888888888889' U='PT'/><Cell N='VerticalAlign' V='0'/><Cell N='LockRotate' V='1'/><Cell N='LockGroup' V='1'/><Cell N='LockCalcWH' V='1'/><Cell N='LockCustProp' V='1'/><Cell N='LockFromGroupFormat' V='1'/><Cell N='DisplayMode' V='1'/><Cell N='IsSnapTarget' V='0'/><Cell N='DontMoveChildren' V='1'/><Cell N='LinePattern' V='1' F='GUARD(IF(User.BorderType=0,0,SETATREFEXPR(1)))'/><Cell N='Rounding' V='0' F='GUARD(0)'/><Cell N='QuickStyleFillMatrix' V='255'/><Cell N='FillGradientEnabled' V='0' F='IF(OR(User.FillType=0,QuickStyleFillMatrix=255),FALSE,THEMEVAL())'/><Cell N='HelpTopic' V='Vis_PRXY.chm!#60445'/><Section N='User'><Row N='msvCalloutType'><Cell N='Value' V='Text Callout' U='STR'/><Cell N='Prompt' V=''/></Row><Row N='ValueFormat'><Cell N='Value' V='esc(0)' U='STR' F='IF(STRSAME(Prop.msvCalloutPropValueFormat,""),IF(STRSAME(Prop.msvCalloutField.Format,""),FIELDPICTURE(0),Prop.msvCalloutField.Format),Prop.msvCalloutPropValueFormat)'/><Cell N='Prompt' V=''/></Row><Row N='BorderType'><Cell N='Value' V='1' F='LOOKUP(Prop.msvCalloutPropBorder,Prop.msvCalloutPropBorder.Format)'/><Cell N='Prompt' V=''/></Row><Row N='FillType'><Cell N='Value' V='0' F='LOOKUP(Prop.msvCalloutPropFill,Prop.msvCalloutPropFill.Format)'/><Cell N='Prompt' V=''/></Row><Row N='LabelText'><Cell N='Value' V='Name' U='STR' F='IF(STRSAME(Prop.msvCalloutPropLabel,Prop.msvCalloutPropLabel.Format),Prop.msvCalloutField.SortKey,Prop.msvCalloutPropLabel)'/><Cell N='Prompt' V=''/></Row><Row N='LabelPosition'><Cell N='Value' V='0' F='IF(Para.Flags=0,User.LabelPosition2,IF(User.LabelPosition2=1,2,IF(User.LabelPosition2=2,1,User.LabelPosition2)))'/><Cell N='Prompt' V=''/></Row><Row N='ValueText'><Cell N='Value' V='Portland POP' U='STR' F='FORMATEX(Prop.msvCalloutField,User.ValueFormat,,,User.ValueTextLangID,IF(STRSAME(Prop.msvCalloutPropValueFormat,""),Prop.msvCalloutField.Calendar,Prop.msvCalloutPropValueFormat.Calendar))'/><Cell N='Prompt' V=''/></Row><Row N='TopHeight'><Cell N='Value' V='0' F='IF(User.LabelPosition=3,TxtHeight,0)'/><Cell N='Prompt' V=''/></Row><Row N='MiddleHeight'><Cell N='Value' V='0.161160602484809' U='DL' F='MAX(IF(OR(User.LabelPosition=1,User.LabelPosition=2),TxtHeight,0),IF(User.ValuePosition=5,Sheet.19!TxtHeight,0))'/><Cell N='Prompt' V=''/></Row><Row N='BottomHeight'><Cell N='Value' V='0' F='IF(User.LabelPosition=4,TxtHeight,0)'/><Cell N='Prompt' V=''/></Row><Row N='visDGDefaultPos'><Cell N='Value' V='PNT(5,2)' U='PNT' F='PNT(BOUND(ROUND(Sheet.5!Controls.msvDGPosition*4/Sheet.5!Width,0),0,FALSE,-1,5),BOUND(ROUND(Sheet.5!Controls.msvDGPosition.Y*4/Sheet.5!Height,0),0,FALSE,-1,5))'/><Cell N='Prompt' V=''/></Row><Row N='visDGStackHeight'><Cell N='Value' V='0.402321204969618' U='IN' F='SUM(Sheet.16!Height,Sheet.14!Height)'/><Cell N='Prompt' V=''/></Row><Row N='ValuePosition'><Cell N='Value' V='5' F='IF(STRSAME(User.ValueText,""),0,IF(Prop.msvCalloutPropShowValue=TRUE,5,0))'/><Cell N='Prompt' V=''/></Row><Row N='ThemeColor'><Cell N='Value' V='#9cb084' U='COLOR' F='THEMEGUARD(THEMEVAL("AccentColor2"))'/><Cell N='Prompt' V=''/></Row><Row N='CalloutMargin'><Cell N='Value' V='0.02' U='IN' F='0.02IN*DropOnPageScale'/><Cell N='Prompt' V=''/></Row><Row N='CalloutOffset'><Cell N='Value' V='0.125' U='IN' F='0.125IN*DropOnPageScale'/><Cell N='Prompt' V=''/></Row><Row N='UnitSample'><Cell N='Value' V='12.3456' U='IN'/><Cell N='Prompt' V=''/></Row><Row N='TextSample'><Cell N='Value' V='Abc' U='STR'/><Cell N='Prompt' V=''/></Row><Row N='visDGCalloutItem'><Cell N='Value' V='0' U='BOOL' F='DEPENDSON(10)'/><Cell N='Prompt' V=''/></Row><Row N='ThemeColor2'><Cell N='Value' V='#ffffff' U='COLOR' F='IF(LUMDIFF(THEMEVAL("LineColor"),THEMEVAL("FillColor"))&lt;0,TINT(TONE(User.ThemeColor,-50),-80),TINT(TONE(User.ThemeColor,-50),120))'/><Cell N='Prompt' V=''/></Row><Row N='LabelTextLangID'><Cell N='Value' V='1033' F='IF(STRSAME(Prop.msvCalloutPropLabel,Prop.msvCalloutPropLabel.Format),Prop.msvCalloutField.LangID,Prop.msvCalloutPropLabel.LangID)'/><Cell N='Prompt' V=''/></Row><Row N='ValueTextLangID'><Cell N='Value' V='1033' F='IF(STRSAME(Prop.msvCalloutPropValueFormat,""),Prop.msvCalloutField.LangID,Prop.msvCalloutPropValueFormat.LangID)'/><Cell N='Prompt' V=''/></Row><Row N='LabelPosition2'><Cell N='Value' V='0' F='IF(STRSAME(User.LabelText,""),0,LOOKUP(Prop.msvCalloutPropLabelPosition,Prop.msvCalloutPropLabelPosition.Format))'/><Cell N='Prompt' V=''/></Row><Row N='visVersion'><Cell N='Value' V='15'/><Cell N='Prompt' V=''/></Row></Section><Section N='Property'><Row N='msvCalloutPropShowValue'><Cell N='Value' V='1' U='BOOL'/><Cell N='Prompt' V='Bool'/><Cell N='Label' V='Show Value'/><Cell N='Format' V=''/><Cell N='SortKey' V=''/><Cell N='Type' V='3'/><Cell N='Invisible' V='1'/><Cell N='Verify' V='0'/><Cell N='DataLinked' V='0' F='No Formula'/><Cell N='LangID' V='en-US'/><Cell N='Calendar' V='0'/></Row><Row N='msvCalloutPropValueFormat'><Cell N='Value' V='' U='STR'/><Cell N='Prompt' V='Format'/><Cell N='Label' V='Value Format'/><Cell N='Format' V=''/><Cell N='SortKey' V=''/><Cell N='Type' V='0'/><Cell N='Invisible' V='1'/><Cell N='Verify' V='0'/><Cell N='DataLinked' V='0' F='No Formula'/><Cell N='LangID' V='en-US'/><Cell N='Calendar' V='0'/></Row><Row N='msvCalloutPropValueSize'><Cell N='Value' V='0.1111111111111111' U='PT' F='SETATREF(Sheet.19!Char.Size)'/><Cell N='Prompt' V='Font'/><Cell N='Label' V='Value Font Size'/><Cell N='Format' V=''/><Cell N='SortKey' V=''/><Cell N='Type' V='2'/><Cell N='Invisible' V='1'/><Cell N='Verify' V='0'/><Cell N='DataLinked' V='0' F='No Formula'/><Cell N='LangID' V='en-US'/><Cell N='Calendar' V='0'/></Row><Row N='msvCalloutPropLabelPosition'><Cell N='Value' V='Not Shown' U='STR'/><Cell N='Prompt' V='List'/><Cell N='Label' V='Label Position'/><Cell N='Format' V='Not Shown;Left of Value;Right of Value;Above Value;Below Value'/><Cell N='SortKey' V=''/><Cell N='Type' V='1'/><Cell N='Invisible' V='1'/><Cell N='Verify' V='0'/><Cell N='DataLinked' V='0' F='No Formula'/><Cell N='LangID' V='en-US'/><Cell N='Calendar' V='0'/></Row><Row N='msvCalloutPropLabel'><Cell N='Value' V='[Default]' U='STR' F='Prop.msvCalloutPropLabel.Format'/><Cell N='Prompt' V='String'/><Cell N='Label' V='Label'/><Cell N='Format' V='[Default]'/><Cell N='SortKey' V=''/><Cell N='Type' V='0'/><Cell N='Invisible' V='1'/><Cell N='Verify' V='0'/><Cell N='DataLinked' V='0' F='No Formula'/><Cell N='LangID' V='en-US'/><Cell N='Calendar' V='0'/></Row><Row N='msvCalloutPropLabelSize'><Cell N='Value' V='0.1111111111111111' U='PT' F='SETATREF(Char.Size)'/><Cell N='Prompt' V='Font'/><Cell N='Label' V='Label Font Size'/><Cell N='Format' V=''/><Cell N='SortKey' V=''/><Cell N='Type' V='2'/><Cell N='Invisible' V='1'/><Cell N='Verify' V='0'/><Cell N='DataLinked' V='0' F='No Formula'/><Cell N='LangID' V='en-US'/><Cell N='Calendar' V='0'/></Row><Row N='msvCalloutPropBorder'><Cell N='Value' V='Bottom' U='STR' F='INDEX(1,Prop.msvCalloutPropBorder.Format)'/><Cell N='Prompt' V='List'/><Cell N='Label' V='Border Type'/><Cell N='Format' V='None;Bottom;Outline'/><Cell N='SortKey' V=''/><Cell N='Type' V='1'/><Cell N='Invisible' V='1'/><Cell N='Verify' V='0'/><Cell N='DataLinked' V='0' F='No Formula'/><Cell N='LangID' V='en-US'/><Cell N='Calendar' V='0'/></Row><Row N='msvCalloutPropFill'><Cell N='Value' V='None' U='STR' F='INDEX(0,Prop.msvCalloutPropFill.Format)'/><Cell N='Prompt' V='List'/><Cell N='Label' V='Fill Type'/><Cell N='Format' V='None;Filled'/><Cell N='SortKey' V=''/><Cell N='Type' V='1'/><Cell N='Invisible' V='1'/><Cell N='Verify' V='0'/><Cell N='DataLinked' V='0'/><Cell N='LangID' V='en-US'/><Cell N='Calendar' V='0'/></Row><Row N='msvCalloutPropOffset'><Cell N='Value' V='None' U='STR' F='INDEX(1,Prop.msvCalloutPropOffset.Format)'/><Cell N='Prompt' V='List'/><Cell N='Label' V='Callout Offset'/><Cell N='Format' V='Left;None;Right'/><Cell N='SortKey' V=''/><Cell N='Type' V='1'/><Cell N='Invisible' V='1'/><Cell N='Verify' V='0'/><Cell N='DataLinked' V='0' F='No Formula'/><Cell N='LangID' V='en-US'/><Cell N='Calendar' V='0'/></Row><Row N='msvCalloutPropWidth'><Cell N='Value' V='0'/><Cell N='Prompt' V='Number'/><Cell N='Label' V='Callout Width'/><Cell N='Format' V=''/><Cell N='SortKey' V=''/><Cell N='Type' V='2'/><Cell N='Invisible' V='1'/><Cell N='Verify' V='0'/><Cell N='DataLinked' V='0' F='No Formula'/><Cell N='LangID' V='en-US'/><Cell N='Calendar' V='0'/></Row><Row N='msvCalloutField'><Cell N='Value' V='Portland POP' U='STR' F='Sheet.5!Prop.Row_21'/><Cell N='Prompt' V=''/><Cell N='Label' V=''/><Cell N='Format' V=''/><Cell N='SortKey' V='Name'/><Cell N='Type' V='0'/><Cell N='Invisible' V='1'/><Cell N='Verify' V='0'/><Cell N='DataLinked' V='0' F='No Formula'/><Cell N='LangID' V='en-US'/><Cell N='Calendar' V='0'/></Row></Section><Section N='Field'><Row IX='0'><Cell N='Value' V='Name' U='STR' F='User.LabelText'/><Cell N='Format' V='esc(0)' U='STR' F='FIELDPICTURE(0)'/><Cell N='Type' V='0'/><Cell N='UICat' V='0' F='No Formula'/><Cell N='UICod' V='0' F='No Formula'/><Cell N='UIFmt' V='0' F='No Formula'/><Cell N='Calendar' V='0'/><Cell N='ObjectKind' V='0'/></Row></Section><Section N='Character'><Row IX='0'><Cell N='Color' V='#000000' F='THEMEGUARD(IF(User.FillType=1,THEMEVAL("TextColor"),IF(LUM(THEMEVAL("BackgroundColor"))&gt;120,THEMEVAL("Dark"),THEMEVAL("Light"))))'/><Cell N='Size' V='0.1111111111111111' U='PT'/><Cell N='LangID' V='en-US' F='User.LabelTextLangID'/></Row></Section><Section N='Paragraph'><Row IX='0'><Cell N='HorzAlign' V='0' F='IF(OR(User.ValuePosition=0,User.LabelPosition=0,User.LabelPosition=3,User.LabelPosition=4),SETATREFEXPR(IF(Para.Flags+User.LabelPosition=2,2,0)),IF(Para.Flags+User.LabelPosition=2,2,0))'/></Row></Section><Section N='Geometry' IX='0'><Cell N='NoFill' V='1' F='IF(User.FillType=0,TRUE,FALSE)'/><Cell N='NoLine' V='1' F='IF(User.BorderType=1,TRUE,FALSE)'/><Cell N='NoShow' V='0'/><Cell N='NoSnap' V='0'/><Cell N='NoQuickDrag' V='0' F='No Formula'/><Row T='MoveTo' IX='1'><Cell N='X' V='0.02' U='IN' F='User.CalloutMargin'/><Cell N='Y' V='0.02' U='IN' F='User.CalloutMargin'/></Row><Row T='LineTo' IX='2'><Cell N='X' V='1.23' U='IN' F='Width*1-Geometry1.X1'/><Cell N='Y' V='0.02' U='IN' F='Geometry1.Y1'/></Row><Row T='LineTo' IX='3'><Cell N='X' V='1.23' U='IN' F='Geometry1.X2'/><Cell N='Y' V='0.181160602484809' U='IN' F='Height*1-Geometry1.Y1'/></Row><Row T='LineTo' IX='4'><Cell N='X' V='0.02' U='IN' F='Geometry1.X1'/><Cell N='Y' V='0.181160602484809' U='IN' F='Geometry1.Y3'/></Row><Row T='LineTo' IX='5'><Cell N='X' V='0.02' U='IN' F='Geometry1.X1'/><Cell N='Y' V='0.02' U='IN' F='Geometry1.Y1'/></Row></Section><Section N='Geometry' IX='1'><Cell N='NoFill' V='1'/><Cell N='NoLine' V='0'/><Cell N='NoShow' V='0' F='IF(User.BorderType=1,FALSE,TRUE)'/><Cell N='NoSnap' V='0'/><Cell N='NoQuickDrag' V='0' F='No Formula'/><Row T='MoveTo' IX='1'><Cell N='X' V='0.02' U='IN' F='User.CalloutMargin'/><Cell N='Y' V='0.02' U='IN' F='User.CalloutMargin'/></Row><Row T='LineTo' IX='2'><Cell N='X' V='1.23' U='IN' F='Width*1-Geometry2.X1'/><Cell N='Y' V='0.02' U='IN' F='Geometry2.Y1'/></Row></Section><Text><cp IX='0'/><pp IX='0'/><fld IX='0'>Name</fld>
</Text><Shapes><Shape ID='19' Type='Shape' LineStyle='3' FillStyle='3' TextStyle='3'><Cell N='PinX' V='0.625' F='Sheet.18!Width*0.5'/><Cell N='PinY' V='0.1005803012424045' U='IN' F='Sheet.18!Height*0.5'/><Cell N='Width' V='1.25' F='Sheet.18!Width*1'/><Cell N='Height' V='0.201160602484809' U='IN' F='Sheet.18!Height*1'/><Cell N='LocPinX' V='0.625' F='Width*0.5'/><Cell N='LocPinY' V='0.1005803012424045' U='IN' F='Height*0.5'/><Cell N='Angle' V='0'/><Cell N='FlipX' V='0'/><Cell N='FlipY' V='0'/><Cell N='ResizeMode' V='0'/><Cell N='LayerMember' V='0'/><Cell N='LineWeight' V='0.01388888888888889' U='PT' F='THEMEVAL("LineWeight",0.0033333333333333DT)'/><Cell N='Rounding' V='0' U='IN' F='0IN*DropOnPageScale'/><Cell N='NoObjHandles' V='1'/><Cell N='HideText' V='0' F='IF(User.ValuePosition=0,TRUE,FALSE)'/><Cell N='GlueType' V='8'/><Cell N='ObjType' V='4'/><Cell N='TxtPinX' V='1.23' U='IN' F='IF(User.LabelPosition&lt;2,Width-User.CalloutMargin,User.CalloutMargin)'/><Cell N='TxtPinY' V='0.1005803012424045' U='IN' F='IF(User.LabelPosition=4,User.BottomHeight,IF(User.LabelPosition=3,User.BottomHeight+User.MiddleHeight,User.MiddleHeight*0.5))+User.CalloutMargin'/><Cell N='TxtWidth' V='1.21' U='IN' F='(Width-User.CalloutMargin*2)*IF(OR(User.LabelPosition=1,User.LabelPosition=2),1-TEXTWIDTH(Sheet.18!TheText,Sheet.18!TxtWidth)/(Width-User.CalloutMargin*2),1)'/><Cell N='TxtHeight' V='0.161160602484809' F='TEXTHEIGHT(TheText,TxtWidth)'/><Cell N='TxtLocPinX' V='1.21' U='IN' F='TxtWidth*IF(User.LabelPosition&lt;2,1,0)'/><Cell N='TxtLocPinY' V='0.08058030124240451' F='TxtHeight*IF(User.LabelPosition=4,0,IF(User.LabelPosition=3,1,0.5))'/><Cell N='TxtAngle' V='0'/><Cell N='ShdwPattern' V='0' F='GUARD(0)'/><Cell N='LeftMargin' V='0.01388888888888889' U='PT'/><Cell N='RightMargin' V='0.01388888888888889' U='PT'/><Cell N='TopMargin' V='0.01388888888888889' U='PT'/><Cell N='BottomMargin' V='0.01388888888888889' U='PT'/><Cell N='LockCalcWH' V='1'/><Section N='Field'><Row IX='0'><Cell N='Value' V='Portland POP' U='STR' F='Sheet.18!User.ValueText'/><Cell N='Format' V='esc(0)' U='STR' F='FIELDPICTURE(0)'/><Cell N='Type' V='0'/><Cell N='UICat' V='0' F='No Formula'/><Cell N='UICod' V='0' F='No Formula'/><Cell N='UIFmt' V='0' F='No Formula'/><Cell N='Calendar' V='0'/><Cell N='ObjectKind' V='0'/></Row></Section><Section N='User'><Row N='LabelPosition'><Cell N='Value' V='0' F='Sheet.18!User.LabelPosition'/><Cell N='Prompt' V=''/></Row><Row N='ValuePosition'><Cell N='Value' V='5' F='Sheet.18!User.ValuePosition'/><Cell N='Prompt' V=''/></Row><Row N='BottomHeight'><Cell N='Value' V='0' F='Sheet.18!User.BottomHeight'/><Cell N='Prompt' V=''/></Row><Row N='MiddleHeight'><Cell N='Value' V='0.161160602484809' U='DL' F='Sheet.18!User.MiddleHeight'/><Cell N='Prompt' V=''/></Row><Row N='CalloutMargin'><Cell N='Value' V='0.02' U='IN' F='Sheet.18!User.CalloutMargin'/><Cell N='Prompt' V=''/></Row></Section><Section N='Character'><Row IX='0'><Cell N='Color' V='#000000' F='GUARD(Sheet.18!Char.Color)'/><Cell N='Size' V='0.1111111111111111' U='PT'/><Cell N='LangID' V='en-US' F='Sheet.18!User.ValueTextLangID'/></Row></Section><Section N='Paragraph'><Row IX='0'><Cell N='HorzAlign' V='2' F='IF(OR(User.ValuePosition=0,User.LabelPosition=0,User.LabelPosition=3,User.LabelPosition=4),SETATREFEXPR(IF(Para.Flags=0,IF(User.LabelPosition&lt;2,2,0),IF(User.LabelPosition=2,2,0))),IF(Para.Flags=0,IF(User.LabelPosition&lt;2,2,0),IF(User.LabelPosition=2,2,0)))'/><Cell N='Flags' V='0' F='GUARD(Sheet.18!Para.Flags)'/></Row></Section><Text><cp IX='0'/><pp IX='0'/><fld IX='0'>Portland POP</fld>
</Text></Shape></Shapes></Shape></Shapes></Shape></Shapes></MasterContents>