<?xml version='1.0' encoding='utf-8' ?>
<MasterContents xmlns='http://schemas.microsoft.com/office/visio/2012/main' xmlns:r='http://schemas.openxmlformats.org/officeDocument/2006/relationships' xml:space='preserve'><Shapes><Shape ID='5' Type='Group' LineStyle='0' FillStyle='0' TextStyle='0'><Cell N='PinX' V='0'/><Cell N='PinY' V='0'/><Cell N='Width' V='1.333333333333333'/><Cell N='Height' V='1'/><Cell N='LocPinX' V='0' F='Width*0'/><Cell N='LocPinY' V='0' F='Height*0'/><Cell N='Angle' V='0'/><Cell N='FlipX' V='0'/><Cell N='FlipY' V='0'/><Cell N='ResizeMode' V='0'/><Cell N='DisplayMode' V='1'/><Cell N='FillForegnd' V='#f0f0f0'/><Cell N='LineColor' V='14'/><Section N='User'><Row N='visDGDefaultPos'><Cell N='Value' V='PNT(6,3)' U='PNT' F='PNT(6,3)'/><Cell N='Prompt' V='' F='No Formula'/></Row></Section><Section N='Geometry' IX='0'><Cell N='NoFill' V='0'/><Cell N='NoLine' V='0'/><Cell N='NoShow' V='0'/><Cell N='NoSnap' V='0'/><Cell N='NoQuickDrag' V='0'/><Row T='RelMoveTo' IX='1'><Cell N='X' V='0'/><Cell N='Y' V='0'/></Row><Row T='RelLineTo' IX='2'><Cell N='X' V='1'/><Cell N='Y' V='0'/></Row><Row T='RelLineTo' IX='3'><Cell N='X' V='1'/><Cell N='Y' V='1'/></Row><Row T='RelLineTo' IX='4'><Cell N='X' V='0'/><Cell N='Y' V='1'/></Row><Row T='RelLineTo' IX='5'><Cell N='X' V='0'/><Cell N='Y' V='0'/></Row></Section><Shapes><Shape ID='13' NameU='Circle callout' IsCustomNameU='1' Name='Circle callout' IsCustomName='1' Type='Shape' LineStyle='3' FillStyle='3' TextStyle='3'><Cell N='PinX' V='0.6666666666666666' F='Sheet.5!Width*0.5'/><Cell N='PinY' V='0.4021816186247575' U='IN' F='Sheet.14!PinY-Sheet.14!LocPinY-Height+LocPinY'/><Cell N='Width' V='0.2416817589481337' U='IN' F='GUARD(TxtWidth+User.CalloutMargin*2)'/><Cell N='Height' V='0.1678262518988715' U='IN' F='GUARD(MAX(8PT,TxtHeight)+User.CalloutMargin*2)'/><Cell N='LocPinX' V='0.1208408794740669' U='IN' F='Width*0.5+INDEX(LOOKUP(Prop.msvCalloutPropOffset,Prop.msvCalloutPropOffset.Format),"1;0;-1")*User.CalloutOffset'/><Cell N='LocPinY' V='0.08391312594943577' U='IN' F='Height*0.5'/><Cell N='Angle' V='0'/><Cell N='FlipX' V='0' F='Sheet.5!FlipX'/><Cell N='FlipY' V='0' F='Sheet.5!FlipY'/><Cell N='ResizeMode' V='0'/><Cell N='EventDblClick' V='0' F='OPENTEXTWIN()'/><Cell N='LayerMember' V='0'/><Cell N='TxtPinX' V='0.1208408794740669' U='IN' F='Width*0.5'/><Cell N='TxtPinY' V='0.08391312594943577' U='IN' F='Height*0.5'/><Cell N='TxtWidth' V='0.2016817589481337' F='TEXTWIDTH(TheText)'/><Cell N='TxtHeight' V='0.1278262518988715' F='TEXTHEIGHT(TheText,TxtWidth)'/><Cell N='TxtLocPinX' V='0.1008408794740669' F='TxtWidth*0.5'/><Cell N='TxtLocPinY' V='0.06391312594943577' F='TxtHeight*0.5'/><Cell N='TxtAngle' V='0'/><Cell N='FillForegnd' V='#9dbb61' F='IF(QuickStyleFillMatrix=255,THEMEVAL("Accentcolor2"),THEMEVAL())'/><Cell N='FillPattern' V='1' F='GUARD(IF(User.FillType=0,0,SETATREFEXPR(1)))'/><Cell N='ShdwPattern' V='0' F='GUARD(0)'/><Cell N='QuickStyleFillMatrix' V='255'/><Cell N='GlueType' V='8'/><Cell N='ObjType' V='4'/><Cell N='LeftMargin' V='0.02777777777777778' U='PT'/><Cell N='RightMargin' V='0.02777777777777778' U='PT'/><Cell N='TopMargin' V='0.01388888888888889' U='PT'/><Cell N='BottomMargin' V='0.01388888888888889' U='PT'/><Cell N='VerticalAlign' V='0'/><Cell N='LinePattern' V='0' F='GUARD(IF(User.BorderType=0,0,1))'/><Cell N='Rounding' V='0.06391312594943577' F='GUARD(TEXTHEIGHT(TheText,TEXTWIDTH(TheText))*0.5)'/><Cell N='LockRotate' V='1'/><Cell N='LockGroup' V='1'/><Cell N='LockCalcWH' V='1'/><Cell N='LockCustProp' V='1'/><Cell N='LockFromGroupFormat' V='1'/><Cell N='FillGradientEnabled' V='0' F='GUARD(IF(OR(User.FillType=0,QuickStyleFillMatrix=255),FALSE,THEMEVAL()))'/><Cell N='HelpTopic' V='Vis_PRXY.chm!#60449'/><Section N='User'><Row N='msvCalloutType'><Cell N='Value' V='Text Callout' U='STR'/><Cell N='Prompt' V=''/></Row><Row N='visDGDefaultPos'><Cell N='Value' V='0' U='BOOL'/><Cell N='Prompt' V=''/></Row><Row N='visDGStackHeight'><Cell N='Value' V='0'/><Cell N='Prompt' V=''/></Row><Row N='visDGCalloutItem'><Cell N='Value' V='7'/><Cell N='Prompt' V=''/></Row><Row N='ValueFormat'><Cell N='Value' V='esc(0)' U='STR' F='IF(STRSAME(Prop.msvCalloutPropValueFormat,""),IF(STRSAME(Prop.msvCalloutField.Format,""),FIELDPICTURE(0),Prop.msvCalloutField.Format),Prop.msvCalloutPropValueFormat)'/><Cell N='Prompt' V=''/></Row><Row N='BorderType'><Cell N='Value' V='0' F='LOOKUP(Prop.msvCalloutPropBorder,Prop.msvCalloutPropBorder.Format)'/><Cell N='Prompt' V=''/></Row><Row N='FillType'><Cell N='Value' V='1' F='LOOKUP(Prop.msvCalloutPropFill,Prop.msvCalloutPropFill.Format)'/><Cell N='Prompt' V=''/></Row><Row N='ValueTextLangID'><Cell N='Value' V='1033' F='IF(STRSAME(Prop.msvCalloutPropValueFormat,""),Prop.msvCalloutField.LangID,Prop.msvCalloutPropValueFormat.LangID)'/><Cell N='Prompt' V=''/></Row><Row N='ValueText'><Cell N='Value' V='Abc' U='STR' F='LEFT(FORMATEX(Prop.msvCalloutField,User.ValueFormat,,,User.ValueTextLangID,IF(STRSAME(Prop.msvCalloutPropValueFormat,""),Prop.msvCalloutField.Calendar,Prop.msvCalloutPropValueFormat.Calendar)),IF(Prop.msvCalloutPropMaxLen&gt;0,Prop.msvCalloutPropMaxLen,-1))'/><Cell N='Prompt' V=''/></Row><Row N='ThemeColor'><Cell N='Value' V='#9dbb61' U='COLOR' F='THEMEGUARD(THEMEVAL("AccentColor2"))'/><Cell N='Prompt' V=''/></Row><Row N='CalloutMargin'><Cell N='Value' V='0.02' U='IN' F='0.02IN*DropOnPageScale'/><Cell N='Prompt' V=''/></Row><Row N='CalloutOffset'><Cell N='Value' V='0.125' U='IN' F='0.125IN*DropOnPageScale'/><Cell N='Prompt' V=''/></Row><Row N='UnitSample'><Cell N='Value' V='12.3456' U='IN'/><Cell N='Prompt' V=''/></Row><Row N='TextSample'><Cell N='Value' V='Abc' U='STR'/><Cell N='Prompt' V=''/></Row><Row N='ThemeColor2'><Cell N='Value' V='#455b17' U='COLOR' F='IF(LUMDIFF(THEMEVAL("LineColor"),THEMEVAL("FillColor"))&lt;0,TINT(TONE(User.ThemeColor,-50),-80),TINT(TONE(User.ThemeColor,-50),120))'/><Cell N='Prompt' V=''/></Row><Row N='visVersion'><Cell N='Value' V='15'/><Cell N='Prompt' V=''/></Row><Row N='msvQuickStyleVariationRestore'><Cell N='Value' V='0'/><Cell N='Prompt' V=''/></Row><Row N='visDGItemID'><Cell N='Value' V='2'/><Cell N='Prompt' V='' F='No Formula'/></Row><Row N='visDGUseMaster'><Cell N='Value' V='254' F='USE("Circle callout")'/><Cell N='Prompt' V='' F='No Formula'/></Row><Row N='visDGCalloutField'><Cell N='Value' V='{VLAN}' U='STR' F='User.visDGField10'/><Cell N='Prompt' V='' F='No Formula'/></Row><Row N='visDGField10'><Cell N='Value' V='{VLAN}' U='STR'/><Cell N='Prompt' V='' F='No Formula'/></Row></Section><Section N='Property'><Row N='msvCalloutPropValueFormat'><Cell N='Value' V='' U='STR'/><Cell N='Prompt' V='Format'/><Cell N='Label' V='Value Format'/><Cell N='Format' V=''/><Cell N='SortKey' V=''/><Cell N='Type' V='0'/><Cell N='Invisible' V='1'/><Cell N='Verify' V='0'/><Cell N='DataLinked' V='0' F='No Formula'/><Cell N='LangID' V='en-US'/><Cell N='Calendar' V='0'/></Row><Row N='msvCalloutPropValueSize'><Cell N='Value' V='0.08333333333333333' U='PT' F='SETATREF(Char.Size)'/><Cell N='Prompt' V='Font'/><Cell N='Label' V='Value Font Size'/><Cell N='Format' V=''/><Cell N='SortKey' V=''/><Cell N='Type' V='2'/><Cell N='Invisible' V='1'/><Cell N='Verify' V='0'/><Cell N='DataLinked' V='0' F='No Formula'/><Cell N='LangID' V='en-US'/><Cell N='Calendar' V='0'/></Row><Row N='msvCalloutPropBorder'><Cell N='Value' V='None' U='STR' F='INDEX(0,Prop.msvCalloutPropBorder.Format)'/><Cell N='Prompt' V='List'/><Cell N='Label' V='Border Type'/><Cell N='Format' V='None;Bottom;Outline'/><Cell N='SortKey' V=''/><Cell N='Type' V='1'/><Cell N='Invisible' V='1'/><Cell N='Verify' V='0'/><Cell N='DataLinked' V='0'/><Cell N='LangID' V='en-US'/><Cell N='Calendar' V='0'/></Row><Row N='msvCalloutPropFill'><Cell N='Value' V='Filled' U='STR' F='INDEX(1,Prop.msvCalloutPropFill.Format)'/><Cell N='Prompt' V='List'/><Cell N='Label' V='Fill Type'/><Cell N='Format' V='None;Filled'/><Cell N='SortKey' V=''/><Cell N='Type' V='1'/><Cell N='Invisible' V='1'/><Cell N='Verify' V='0'/><Cell N='DataLinked' V='0' F='No Formula'/><Cell N='LangID' V='en-US'/><Cell N='Calendar' V='0'/></Row><Row N='msvCalloutPropOffset'><Cell N='Value' V='None' U='STR' F='INDEX(1,Prop.msvCalloutPropOffset.Format)'/><Cell N='Prompt' V='List'/><Cell N='Label' V='Callout Offset'/><Cell N='Format' V='Left;None;Right'/><Cell N='SortKey' V=''/><Cell N='Type' V='1'/><Cell N='Invisible' V='1'/><Cell N='Verify' V='0'/><Cell N='DataLinked' V='0' F='No Formula'/><Cell N='LangID' V='en-US'/><Cell N='Calendar' V='0'/></Row><Row N='msvCalloutPropMaxLen'><Cell N='Value' V='4'/><Cell N='Prompt' V='Number'/><Cell N='Label' V='Value Length'/><Cell N='Format' V=''/><Cell N='SortKey' V=''/><Cell N='Type' V='2'/><Cell N='Invisible' V='1'/><Cell N='Verify' V='0'/><Cell N='DataLinked' V='0' F='No Formula'/><Cell N='LangID' V='en-US'/><Cell N='Calendar' V='0'/></Row><Row N='msvCalloutField'><Cell N='Value' V='Abc' U='STR' F='IF(STRSAME("esc(0)",User.ValueFormat),User.TextSample,IF(ISERROR(FIND("[",User.ValueFormat))=FALSE,12.34,IF(ISERROR(FIND("@",User.ValueFormat))=FALSE,User.TextSample,IF(ISERROR(FIND("%",User.ValueFormat))=FALSE,0.1234,IF(ISERROR(FIND("{",User.ValueFormat))=FALSE,NOW(),IF(ISERROR(FIND("$",User.ValueFormat))=FALSE,123.45,IF(ISERROR(FIND("esc",User.ValueFormat))=FALSE,User.UnitSample,IF(ISERROR(FIND("#/",User.ValueFormat))=FALSE,User.UnitSample,IF(ISERROR(FIND("/",User.ValueFormat))=FALSE,NOW(),User.UnitSample*100)))))))))'/><Cell N='Prompt' V=''/><Cell N='Label' V=''/><Cell N='Format' V=''/><Cell N='SortKey' V=''/><Cell N='Type' V='0'/><Cell N='Invisible' V='1'/><Cell N='Verify' V='0'/><Cell N='DataLinked' V='0' F='No Formula'/><Cell N='LangID' V='en-US'/><Cell N='Calendar' V='0'/></Row></Section><Section N='Field'><Row IX='0'><Cell N='Value' V='Abc' U='STR' F='User.ValueText'/><Cell N='Format' V='esc(0)' U='STR' F='FIELDPICTURE(0)'/><Cell N='Type' V='0'/><Cell N='UICat' V='0' F='No Formula'/><Cell N='UICod' V='0' F='No Formula'/><Cell N='UIFmt' V='0' F='No Formula'/><Cell N='Calendar' V='0'/><Cell N='ObjectKind' V='0'/></Row></Section><Section N='Character'><Row IX='0'><Cell N='Color' V='#ffffff' F='IF(QuickStyleFillMatrix=255,IF(User.FillType=1,THEMEVAL("Light"),IF(LUM(THEMEVAL("BackgroundColor"))&gt;120,THEMEVAL("Dark"),THEMEVAL("Light"))),THEMEVAL())'/><Cell N='Size' V='0.08333333333333333' U='PT'/><Cell N='LangID' V='en-US' F='User.ValueTextLangID'/></Row></Section><Section N='Geometry' IX='0'><Cell N='NoFill' V='0' F='IF(User.FillType=0,TRUE,FALSE)'/><Cell N='NoLine' V='0' F='IF(User.BorderType=1,TRUE,FALSE)'/><Cell N='NoShow' V='0'/><Cell N='NoSnap' V='0'/><Cell N='NoQuickDrag' V='0' F='No Formula'/><Row T='MoveTo' IX='1'><Cell N='X' V='0.02' U='IN' F='TxtPinX-TxtLocPinX-IF(TxtWidth&lt;TxtHeight,TxtHeight-TxtWidth,0)'/><Cell N='Y' V='0.02' U='IN' F='TxtPinY-TxtLocPinY'/></Row><Row T='LineTo' IX='2'><Cell N='X' V='0.2216817589481337' U='IN' F='Geometry1.X1+IF(TxtWidth&lt;TxtHeight,TxtHeight,TxtWidth)'/><Cell N='Y' V='0.02' U='IN' F='Geometry1.Y1'/></Row><Row T='LineTo' IX='3'><Cell N='X' V='0.2216817589481337' U='IN' F='Geometry1.X2'/><Cell N='Y' V='0.1478262518988716' U='IN' F='Geometry1.Y1+TxtHeight'/></Row><Row T='LineTo' IX='4'><Cell N='X' V='0.02' U='IN' F='Geometry1.X1'/><Cell N='Y' V='0.1478262518988716' U='IN' F='Geometry1.Y3'/></Row><Row T='LineTo' IX='5'><Cell N='X' V='0.02' U='IN' F='Geometry1.X1'/><Cell N='Y' V='0.02' U='IN' F='Geometry1.Y1'/></Row></Section><Section N='Geometry' IX='1'><Cell N='NoFill' V='1'/><Cell N='NoLine' V='0'/><Cell N='NoShow' V='1' F='IF(User.BorderType=1,FALSE,TRUE)'/><Cell N='NoSnap' V='0'/><Cell N='NoQuickDrag' V='0' F='No Formula'/><Row T='MoveTo' IX='1'><Cell N='X' V='0.02' U='IN' F='TxtPinX-TxtLocPinX-IF(TxtWidth&lt;TxtHeight,TxtHeight-TxtWidth,0)'/><Cell N='Y' V='0.02' U='IN' F='TxtPinY-TxtLocPinY'/></Row><Row T='LineTo' IX='2'><Cell N='X' V='0.2216817589481337' U='IN' F='Geometry2.X1+IF(TxtWidth&lt;TxtHeight,TxtHeight,TxtWidth)'/><Cell N='Y' V='0.02' U='IN' F='Geometry2.Y1'/></Row></Section><Text><cp IX='0'/><fld IX='0'>Abc</fld>
</Text></Shape><Shape ID='14' NameU='Circle callout.14' Name='Circle callout.14' Type='Shape' LineStyle='3' FillStyle='3' TextStyle='3'><Cell N='PinX' V='0.6666666666666666' F='Sheet.5!Width*0.5'/><Cell N='PinY' V='0.5700078705236291' U='IN' F='Sheet.5!Height*0.5+0.41714493252113*Height'/><Cell N='Width' V='0.2416817589481337' U='IN' F='GUARD(TxtWidth+User.CalloutMargin*2)'/><Cell N='Height' V='0.1678262518988715' U='IN' F='GUARD(MAX(8PT,TxtHeight)+User.CalloutMargin*2)'/><Cell N='LocPinX' V='0.1208408794740669' U='IN' F='Width*0.5+INDEX(LOOKUP(Prop.msvCalloutPropOffset,Prop.msvCalloutPropOffset.Format),"1;0;-1")*User.CalloutOffset'/><Cell N='LocPinY' V='0.08391312594943577' U='IN' F='Height*0.5'/><Cell N='Angle' V='0'/><Cell N='FlipX' V='0' F='Sheet.5!FlipX'/><Cell N='FlipY' V='0' F='Sheet.5!FlipY'/><Cell N='ResizeMode' V='0'/><Cell N='EventDblClick' V='0' F='OPENTEXTWIN()'/><Cell N='LayerMember' V='0'/><Cell N='TxtPinX' V='0.1208408794740669' U='IN' F='Width*0.5'/><Cell N='TxtPinY' V='0.08391312594943577' U='IN' F='Height*0.5'/><Cell N='TxtWidth' V='0.2016817589481337' F='TEXTWIDTH(TheText)'/><Cell N='TxtHeight' V='0.1278262518988715' F='TEXTHEIGHT(TheText,TxtWidth)'/><Cell N='TxtLocPinX' V='0.1008408794740669' F='TxtWidth*0.5'/><Cell N='TxtLocPinY' V='0.06391312594943577' F='TxtHeight*0.5'/><Cell N='TxtAngle' V='0'/><Cell N='FillForegnd' V='#9dbb61' F='IF(QuickStyleFillMatrix=255,THEMEVAL("Accentcolor2"),THEMEVAL())'/><Cell N='FillPattern' V='1' F='GUARD(IF(User.FillType=0,0,SETATREFEXPR(1)))'/><Cell N='ShdwPattern' V='0' F='GUARD(0)'/><Cell N='QuickStyleFillMatrix' V='255'/><Cell N='GlueType' V='8'/><Cell N='ObjType' V='4'/><Cell N='LeftMargin' V='0.02777777777777778' U='PT'/><Cell N='RightMargin' V='0.02777777777777778' U='PT'/><Cell N='TopMargin' V='0.01388888888888889' U='PT'/><Cell N='BottomMargin' V='0.01388888888888889' U='PT'/><Cell N='VerticalAlign' V='0'/><Cell N='LinePattern' V='0' F='GUARD(IF(User.BorderType=0,0,1))'/><Cell N='Rounding' V='0.06391312594943577' F='GUARD(TEXTHEIGHT(TheText,TEXTWIDTH(TheText))*0.5)'/><Cell N='LockRotate' V='1'/><Cell N='LockGroup' V='1'/><Cell N='LockCalcWH' V='1'/><Cell N='LockCustProp' V='1'/><Cell N='LockFromGroupFormat' V='1'/><Cell N='FillGradientEnabled' V='0' F='GUARD(IF(OR(User.FillType=0,QuickStyleFillMatrix=255),FALSE,THEMEVAL()))'/><Cell N='HelpTopic' V='Vis_PRXY.chm!#60449'/><Section N='User'><Row N='msvCalloutType'><Cell N='Value' V='Text Callout' U='STR'/><Cell N='Prompt' V=''/></Row><Row N='visDGDefaultPos'><Cell N='Value' V='0' U='BOOL'/><Cell N='Prompt' V=''/></Row><Row N='visDGStackHeight'><Cell N='Value' V='0'/><Cell N='Prompt' V=''/></Row><Row N='visDGCalloutItem'><Cell N='Value' V='7'/><Cell N='Prompt' V=''/></Row><Row N='ValueFormat'><Cell N='Value' V='esc(0)' U='STR' F='IF(STRSAME(Prop.msvCalloutPropValueFormat,""),IF(STRSAME(Prop.msvCalloutField.Format,""),FIELDPICTURE(0),Prop.msvCalloutField.Format),Prop.msvCalloutPropValueFormat)'/><Cell N='Prompt' V=''/></Row><Row N='BorderType'><Cell N='Value' V='0' F='LOOKUP(Prop.msvCalloutPropBorder,Prop.msvCalloutPropBorder.Format)'/><Cell N='Prompt' V=''/></Row><Row N='FillType'><Cell N='Value' V='1' F='LOOKUP(Prop.msvCalloutPropFill,Prop.msvCalloutPropFill.Format)'/><Cell N='Prompt' V=''/></Row><Row N='ValueTextLangID'><Cell N='Value' V='1033' F='IF(STRSAME(Prop.msvCalloutPropValueFormat,""),Prop.msvCalloutField.LangID,Prop.msvCalloutPropValueFormat.LangID)'/><Cell N='Prompt' V=''/></Row><Row N='ValueText'><Cell N='Value' V='Abc' U='STR' F='LEFT(FORMATEX(Prop.msvCalloutField,User.ValueFormat,,,User.ValueTextLangID,IF(STRSAME(Prop.msvCalloutPropValueFormat,""),Prop.msvCalloutField.Calendar,Prop.msvCalloutPropValueFormat.Calendar)),IF(Prop.msvCalloutPropMaxLen&gt;0,Prop.msvCalloutPropMaxLen,-1))'/><Cell N='Prompt' V=''/></Row><Row N='ThemeColor'><Cell N='Value' V='#9dbb61' U='COLOR' F='THEMEGUARD(THEMEVAL("AccentColor2"))'/><Cell N='Prompt' V=''/></Row><Row N='CalloutMargin'><Cell N='Value' V='0.02' U='IN' F='0.02IN*DropOnPageScale'/><Cell N='Prompt' V=''/></Row><Row N='CalloutOffset'><Cell N='Value' V='0.125' U='IN' F='0.125IN*DropOnPageScale'/><Cell N='Prompt' V=''/></Row><Row N='UnitSample'><Cell N='Value' V='12.3456' U='IN'/><Cell N='Prompt' V=''/></Row><Row N='TextSample'><Cell N='Value' V='Abc' U='STR'/><Cell N='Prompt' V=''/></Row><Row N='ThemeColor2'><Cell N='Value' V='#455b17' U='COLOR' F='IF(LUMDIFF(THEMEVAL("LineColor"),THEMEVAL("FillColor"))&lt;0,TINT(TONE(User.ThemeColor,-50),-80),TINT(TONE(User.ThemeColor,-50),120))'/><Cell N='Prompt' V=''/></Row><Row N='visVersion'><Cell N='Value' V='15'/><Cell N='Prompt' V=''/></Row><Row N='msvQuickStyleVariationRestore'><Cell N='Value' V='0'/><Cell N='Prompt' V=''/></Row><Row N='visDGField11'><Cell N='Value' V='{VRF}' U='STR'/><Cell N='Prompt' V='' F='No Formula'/></Row><Row N='visDGItemID'><Cell N='Value' V='1'/><Cell N='Prompt' V='' F='No Formula'/></Row><Row N='visDGUseMaster'><Cell N='Value' V='254' F='USE("Circle callout")'/><Cell N='Prompt' V='' F='No Formula'/></Row><Row N='visDGCalloutField'><Cell N='Value' V='{VRF}' U='STR' F='User.visDGField11'/><Cell N='Prompt' V='' F='No Formula'/></Row></Section><Section N='Property'><Row N='msvCalloutPropValueFormat'><Cell N='Value' V='' U='STR'/><Cell N='Prompt' V='Format'/><Cell N='Label' V='Value Format'/><Cell N='Format' V=''/><Cell N='SortKey' V=''/><Cell N='Type' V='0'/><Cell N='Invisible' V='1'/><Cell N='Verify' V='0'/><Cell N='DataLinked' V='0' F='No Formula'/><Cell N='LangID' V='en-US'/><Cell N='Calendar' V='0'/></Row><Row N='msvCalloutPropValueSize'><Cell N='Value' V='0.08333333333333333' U='PT' F='SETATREF(Char.Size)'/><Cell N='Prompt' V='Font'/><Cell N='Label' V='Value Font Size'/><Cell N='Format' V=''/><Cell N='SortKey' V=''/><Cell N='Type' V='2'/><Cell N='Invisible' V='1'/><Cell N='Verify' V='0'/><Cell N='DataLinked' V='0' F='No Formula'/><Cell N='LangID' V='en-US'/><Cell N='Calendar' V='0'/></Row><Row N='msvCalloutPropBorder'><Cell N='Value' V='None' U='STR' F='INDEX(0,Prop.msvCalloutPropBorder.Format)'/><Cell N='Prompt' V='List'/><Cell N='Label' V='Border Type'/><Cell N='Format' V='None;Bottom;Outline'/><Cell N='SortKey' V=''/><Cell N='Type' V='1'/><Cell N='Invisible' V='1'/><Cell N='Verify' V='0'/><Cell N='DataLinked' V='0'/><Cell N='LangID' V='en-US'/><Cell N='Calendar' V='0'/></Row><Row N='msvCalloutPropFill'><Cell N='Value' V='Filled' U='STR' F='INDEX(1,Prop.msvCalloutPropFill.Format)'/><Cell N='Prompt' V='List'/><Cell N='Label' V='Fill Type'/><Cell N='Format' V='None;Filled'/><Cell N='SortKey' V=''/><Cell N='Type' V='1'/><Cell N='Invisible' V='1'/><Cell N='Verify' V='0'/><Cell N='DataLinked' V='0' F='No Formula'/><Cell N='LangID' V='en-US'/><Cell N='Calendar' V='0'/></Row><Row N='msvCalloutPropOffset'><Cell N='Value' V='None' U='STR' F='INDEX(1,Prop.msvCalloutPropOffset.Format)'/><Cell N='Prompt' V='List'/><Cell N='Label' V='Callout Offset'/><Cell N='Format' V='Left;None;Right'/><Cell N='SortKey' V=''/><Cell N='Type' V='1'/><Cell N='Invisible' V='1'/><Cell N='Verify' V='0'/><Cell N='DataLinked' V='0' F='No Formula'/><Cell N='LangID' V='en-US'/><Cell N='Calendar' V='0'/></Row><Row N='msvCalloutPropMaxLen'><Cell N='Value' V='4'/><Cell N='Prompt' V='Number'/><Cell N='Label' V='Value Length'/><Cell N='Format' V=''/><Cell N='SortKey' V=''/><Cell N='Type' V='2'/><Cell N='Invisible' V='1'/><Cell N='Verify' V='0'/><Cell N='DataLinked' V='0' F='No Formula'/><Cell N='LangID' V='en-US'/><Cell N='Calendar' V='0'/></Row><Row N='msvCalloutField'><Cell N='Value' V='Abc' U='STR' F='IF(STRSAME("esc(0)",User.ValueFormat),User.TextSample,IF(ISERROR(FIND("[",User.ValueFormat))=FALSE,12.34,IF(ISERROR(FIND("@",User.ValueFormat))=FALSE,User.TextSample,IF(ISERROR(FIND("%",User.ValueFormat))=FALSE,0.1234,IF(ISERROR(FIND("{",User.ValueFormat))=FALSE,NOW(),IF(ISERROR(FIND("$",User.ValueFormat))=FALSE,123.45,IF(ISERROR(FIND("esc",User.ValueFormat))=FALSE,User.UnitSample,IF(ISERROR(FIND("#/",User.ValueFormat))=FALSE,User.UnitSample,IF(ISERROR(FIND("/",User.ValueFormat))=FALSE,NOW(),User.UnitSample*100)))))))))'/><Cell N='Prompt' V=''/><Cell N='Label' V=''/><Cell N='Format' V=''/><Cell N='SortKey' V=''/><Cell N='Type' V='0'/><Cell N='Invisible' V='1'/><Cell N='Verify' V='0'/><Cell N='DataLinked' V='0' F='No Formula'/><Cell N='LangID' V='en-US'/><Cell N='Calendar' V='0'/></Row></Section><Section N='Field'><Row IX='0'><Cell N='Value' V='Abc' U='STR' F='User.ValueText'/><Cell N='Format' V='esc(0)' U='STR' F='FIELDPICTURE(0)'/><Cell N='Type' V='0'/><Cell N='UICat' V='0' F='No Formula'/><Cell N='UICod' V='0' F='No Formula'/><Cell N='UIFmt' V='0' F='No Formula'/><Cell N='Calendar' V='0'/><Cell N='ObjectKind' V='0'/></Row></Section><Section N='Character'><Row IX='0'><Cell N='Color' V='#ffffff' F='IF(QuickStyleFillMatrix=255,IF(User.FillType=1,THEMEVAL("Light"),IF(LUM(THEMEVAL("BackgroundColor"))&gt;120,THEMEVAL("Dark"),THEMEVAL("Light"))),THEMEVAL())'/><Cell N='Size' V='0.08333333333333333' U='PT'/><Cell N='LangID' V='en-US' F='User.ValueTextLangID'/></Row></Section><Section N='Geometry' IX='0'><Cell N='NoFill' V='0' F='IF(User.FillType=0,TRUE,FALSE)'/><Cell N='NoLine' V='0' F='IF(User.BorderType=1,TRUE,FALSE)'/><Cell N='NoShow' V='0'/><Cell N='NoSnap' V='0'/><Cell N='NoQuickDrag' V='0' F='No Formula'/><Row T='MoveTo' IX='1'><Cell N='X' V='0.02' U='IN' F='TxtPinX-TxtLocPinX-IF(TxtWidth&lt;TxtHeight,TxtHeight-TxtWidth,0)'/><Cell N='Y' V='0.02' U='IN' F='TxtPinY-TxtLocPinY'/></Row><Row T='LineTo' IX='2'><Cell N='X' V='0.2216817589481337' U='IN' F='Geometry1.X1+IF(TxtWidth&lt;TxtHeight,TxtHeight,TxtWidth)'/><Cell N='Y' V='0.02' U='IN' F='Geometry1.Y1'/></Row><Row T='LineTo' IX='3'><Cell N='X' V='0.2216817589481337' U='IN' F='Geometry1.X2'/><Cell N='Y' V='0.1478262518988716' U='IN' F='Geometry1.Y1+TxtHeight'/></Row><Row T='LineTo' IX='4'><Cell N='X' V='0.02' U='IN' F='Geometry1.X1'/><Cell N='Y' V='0.1478262518988716' U='IN' F='Geometry1.Y3'/></Row><Row T='LineTo' IX='5'><Cell N='X' V='0.02' U='IN' F='Geometry1.X1'/><Cell N='Y' V='0.02' U='IN' F='Geometry1.Y1'/></Row></Section><Section N='Geometry' IX='1'><Cell N='NoFill' V='1'/><Cell N='NoLine' V='0'/><Cell N='NoShow' V='1' F='IF(User.BorderType=1,FALSE,TRUE)'/><Cell N='NoSnap' V='0'/><Cell N='NoQuickDrag' V='0' F='No Formula'/><Row T='MoveTo' IX='1'><Cell N='X' V='0.02' U='IN' F='TxtPinX-TxtLocPinX-IF(TxtWidth&lt;TxtHeight,TxtHeight-TxtWidth,0)'/><Cell N='Y' V='0.02' U='IN' F='TxtPinY-TxtLocPinY'/></Row><Row T='LineTo' IX='2'><Cell N='X' V='0.2216817589481337' U='IN' F='Geometry2.X1+IF(TxtWidth&lt;TxtHeight,TxtHeight,TxtWidth)'/><Cell N='Y' V='0.02' U='IN' F='Geometry2.Y1'/></Row></Section><Text><cp IX='0'/><fld IX='0'>Abc</fld>
</Text></Shape></Shapes></Shape></Shapes></MasterContents>