<?xml version='1.0' encoding='utf-8' ?>
<MasterContents xmlns='http://schemas.microsoft.com/office/visio/2012/main' xmlns:r='http://schemas.openxmlformats.org/officeDocument/2006/relationships' xml:space='preserve'><Shapes><Shape ID='5' Type='Shape' LineStyle='16' FillStyle='16' TextStyle='16'><Cell N='PinX' V='2.0625'/><Cell N='PinY' V='0.84375'/><Cell N='Width' V='4.125'/><Cell N='Height' V='1.6875'/><Cell N='LocPinX' V='2.0625' F='Width*0.5'/><Cell N='LocPinY' V='0.84375' F='Height*0.5'/><Cell N='Angle' V='0'/><Cell N='FlipX' V='0'/><Cell N='FlipY' V='0'/><Cell N='ResizeMode' V='0'/><Cell N='ObjType' V='1'/><Cell N='LockGroup' V='1'/><Cell N='HelpTopic' V='Vis_D120.chm!#55640'/><Cell N='Copyright' V='Copyright (c) 2003 Microsoft Corporation.  All rights reserved.'/><Section N='User'><Row N='SolSH'><Cell N='Value' V='0' F='No Formula'/><Cell N='Prompt' V='' F='No Formula'/></Row><Row N='ShapeType'><Cell N='Value' V='1'/><Cell N='Prompt' V='' F='No Formula'/></Row><Row N='shapelook'><Cell N='Value' V='2'/><Cell N='Prompt' V='' F='No Formula'/></Row><Row N='visVersion'><Cell N='Value' V='11'/><Cell N='Prompt' V='' F='No Formula'/></Row></Section><Section N='Connection'><Row T='Connection' N='Row_1'><Cell N='X' V='0' F='GUARD(Width*0)'/><Cell N='Y' V='0.84375' F='GUARD(IF(User.shapelook=4,Height*0.3991,Height*0.5))'/><Cell N='DirX' V='0'/><Cell N='DirY' V='0'/><Cell N='Type' V='0'/><Cell N='AutoGen' V='0'/><Cell N='Prompt' V='' F='No Formula'/></Row><Row T='Connection' N='Row_2'><Cell N='X' V='4.125' F='GUARD(Width*1)'/><Cell N='Y' V='0.84375' F='GUARD(IF(User.shapelook=4,Height*0.6385,Height*0.5))'/><Cell N='DirX' V='0'/><Cell N='DirY' V='0'/><Cell N='Type' V='0'/><Cell N='AutoGen' V='0'/><Cell N='Prompt' V='' F='No Formula'/></Row><Row T='Connection' N='Row_3'><Cell N='X' V='2.0625' F='GUARD(Width*0.5)'/><Cell N='Y' V='1.6875' F='GUARD(IF(User.shapelook=4,Height*0.7982,Height*1))'/><Cell N='DirX' V='0'/><Cell N='DirY' V='0'/><Cell N='Type' V='0'/><Cell N='AutoGen' V='0'/><Cell N='Prompt' V='' F='No Formula'/></Row><Row T='Connection' N='Row_4'><Cell N='X' V='2.0625' F='GUARD(Width*0.5)'/><Cell N='Y' V='0' F='GUARD(IF(User.shapelook=4,Height*0.1752,Height*0))'/><Cell N='DirX' V='0'/><Cell N='DirY' V='0'/><Cell N='Type' V='0'/><Cell N='AutoGen' V='0'/><Cell N='Prompt' V='' F='No Formula'/></Row><Row T='Connection' N='Row_5'><Cell N='X' V='0.7425' F='GUARD(IF(User.shapelook=2,Width*0.18,Width*0.2003))'/><Cell N='Y' V='1.52263125' F='GUARD(IF(User.shapelook=3,Height*1,Height*0.9023))'/><Cell N='DirX' V='0'/><Cell N='DirY' V='0'/><Cell N='Type' V='0'/><Cell N='AutoGen' V='0'/><Cell N='Prompt' V='' F='No Formula'/></Row><Row T='Connection' N='Row_6'><Cell N='X' V='3.3561' F='GUARD(IF(User.shapelook=4,Width*0.8689,Width*0.8136))'/><Cell N='Y' V='1.5035625' F='GUARD(IF(User.shapelook=3,Height*1,Height*0.891))'/><Cell N='DirX' V='0'/><Cell N='DirY' V='0'/><Cell N='Type' V='0'/><Cell N='AutoGen' V='0'/><Cell N='Prompt' V='' F='No Formula'/></Row><Row T='Connection' N='Row_7'><Cell N='X' V='0.7957125' F='GUARD(IF(User.shapelook=4,Width*0.0822,Width*0.1929))'/><Cell N='Y' V='0.084375' F='GUARD(IF(User.shapelook=4,Height*0.0798,IF(User.shapelook=3,Height*0,IF(User.shapelook=2,Height*0.05,Height*0.1233))))'/><Cell N='DirX' V='0'/><Cell N='DirY' V='0'/><Cell N='Type' V='0'/><Cell N='AutoGen' V='0'/><Cell N='Prompt' V='' F='No Formula'/></Row><Row T='Connection' N='Row_8'><Cell N='X' V='3.3548625' F='GUARD(IF(User.shapelook=4,Width*0.8689,Width*0.8133))'/><Cell N='Y' V='0.20199375' F='GUARD(IF(User.shapelook=4,Height*0.0798,IF(User.shapelook=3,Height*0,Height*0.1197)))'/><Cell N='DirX' V='0' U='IN'/><Cell N='DirY' V='0' U='IN'/><Cell N='Type' V='0'/><Cell N='AutoGen' V='0'/><Cell N='Prompt' V='' F='No Formula'/></Row></Section><Section N='Geometry' IX='0'><Cell N='NoFill' V='0'/><Cell N='NoLine' V='0'/><Cell N='NoShow' V='0' F='User.shapelook&lt;&gt;2'/><Cell N='NoSnap' V='0'/><Cell N='NoQuickDrag' V='0' F='No Formula'/><Row T='MoveTo' IX='1'><Cell N='X' V='1.5322044967747' F='Width*0.37144351436963'/><Cell N='Y' V='1.455210084457' F='Height*0.86234671671524'/></Row><Row T='EllipticalArcTo' IX='2'><Cell N='X' V='2.6841251394436' F='Width*0.65069700350148'/><Cell N='Y' V='1.4608655478322' F='Height*0.86569810241906'/><Cell N='A' V='2.1056118492018' U='DL' F='Width*0.51045135738225'/><Cell N='B' V='1.6874881544538' U='DL' F='Height*0.99999298041709'/><Cell N='C' V='0' U='DA'/><Cell N='D' V='1.5054127674412' F='Width/Height*0.6158506775896'/></Row><Row T='EllipticalArcTo' IX='3'><Cell N='X' V='3.5083740046035' F='Width*0.85051491020691'/><Cell N='Y' V='1.3555643160815' F='Height*0.80329737249277'/><Cell N='A' V='3.1430613377106' U='DL' F='Width*0.76195426368741'/><Cell N='B' V='1.5698995626955' U='DL' F='Height*0.93031085196772'/><Cell N='C' V='0' U='DA'/><Cell N='D' V='1.5054127674412' F='Width/Height*0.6158506775896'/></Row><Row T='EllipticalArcTo' IX='4'><Cell N='X' V='4.0775145573217' F='Width*0.98848837753254'/><Cell N='Y' V='1.1941668839393' F='Height*0.70765444974179'/><Cell N='A' V='3.8370900622673' U='DL' F='Width*0.93020365145875'/><Cell N='B' V='1.3435567722914' U='DL' F='Height*0.79618179098748'/><Cell N='C' V='0' U='DA'/><Cell N='D' V='1.5054127674412' F='Width/Height*0.6158506775896'/></Row><Row T='EllipticalArcTo' IX='5'><Cell N='X' V='3.8841871356573' F='Width*0.94162112379571'/><Cell N='Y' V='0.90125541011602' F='Height*0.53407728006875'/><Cell N='A' V='4.064302902273' U='DL' F='Width*0.98528555206619'/><Cell N='B' V='1.0234068578065' U='DL' F='Height*0.60646332314462'/><Cell N='C' V='-4.9794153175742E-15' U='DA'/><Cell N='D' V='1.5054127674412' F='Width/Height*0.6158506775896'/></Row><Row T='EllipticalArcTo' IX='6'><Cell N='X' V='3.5692315911676' F='Width*0.86526826452549'/><Cell N='Y' V='0.39781433909687' F='Height*0.23574183057592'/><Cell N='A' V='4.0935644194194' U='DL' F='Width*0.99237925319258'/><Cell N='B' V='0.54826414604441' U='DL' F='Height*0.32489727173002'/><Cell N='C' V='0' U='DA'/><Cell N='D' V='1.5054127674412' F='Width/Height*0.6158506775896'/></Row><Row T='EllipticalArcTo' IX='7'><Cell N='X' V='2.539873170153' F='Width*0.615726829128'/><Cell N='Y' V='0.14455346269113' F='Height*0.085661311224371'/><Cell N='A' V='3.1392906843128' U='DL' F='Width*0.761040165894'/><Cell N='B' V='0.11921067152051' U='DL' F='Height*0.070643360901045'/><Cell N='C' V='0' U='DA'/><Cell N='D' V='1.5054127674412' F='Width/Height*0.6158506775896'/></Row><Row T='EllipticalArcTo' IX='8'><Cell N='X' V='1.2478129014127' F='Width*0.30250009731218'/><Cell N='Y' V='0.20599996943252' F='Height*0.12207405596001'/><Cell N='A' V='1.8751224502602' U='DL' F='Width*0.45457513945703'/><Cell N='B' V='0.0015791183967124' U='DL' F='Height*0.00093577386471846'/><Cell N='C' V='0' U='DA'/><Cell N='D' V='1.5054127674412' F='Width/Height*0.6158506775896'/></Row><Row T='EllipticalArcTo' IX='9'><Cell N='X' V='0.3464042399463' F='Width*0.083976785441528'/><Cell N='Y' V='0.48040412736754' F='Height*0.28468392732891'/><Cell N='A' V='0.63761433463386' U='DL' F='Width*0.15457317203245'/><Cell N='B' V='0.11201428587901' U='DL' F='Height*0.066378836076452'/><Cell N='C' V='0' U='DA'/><Cell N='D' V='1.5054127674412' F='Width/Height*0.6158506775896'/></Row><Row T='EllipticalArcTo' IX='10'><Cell N='X' V='0.34807897673941' F='Width*0.084382782239857'/><Cell N='Y' V='0.97139131920195' F='Height*0.57563930026782'/><Cell N='A' V='9.504945471528002E-7' U='DL' F='Width*2.3042292052189E-7'/><Cell N='B' V='0.72642035502188' U='DL' F='Height*0.43047132149445'/><Cell N='C' V='0' U='DA'/><Cell N='D' V='1.5054127674412' F='Width/Height*0.6158506775896'/></Row><Row T='EllipticalArcTo' IX='11'><Cell N='X' V='0.60372002557709' F='Width*0.14635636983687'/><Cell N='Y' V='1.3564405045018' F='Height*0.80381659526035'/><Cell N='A' V='0.18015554718942' U='DL' F='Width*0.04367407204592'/><Cell N='B' V='1.2505560361774' U='DL' F='Height*0.74107024366069'/><Cell N='C' V='0' U='DA'/><Cell N='D' V='1.5054127674412' F='Width/Height*0.6158506775896'/></Row><Row T='EllipticalArcTo' IX='12'><Cell N='X' V='1.5322044967747' F='Width*0.37144351436963'/><Cell N='Y' V='1.455210084457' F='Height*0.86234671671524'/><Cell N='A' V='1.0147464574221' U='DL' F='Width*0.24599914119324'/><Cell N='B' V='1.6265652109207' U='DL' F='Height*0.9638904953604'/><Cell N='C' V='0' U='DA'/><Cell N='D' V='1.5054127674412' F='Width/Height*0.6158506775896'/></Row></Section><Text>Cloud
</Text></Shape></Shapes></MasterContents>