<?xml version='1.0' encoding='utf-8' ?>
<MasterContents xmlns='http://schemas.microsoft.com/office/visio/2012/main' xmlns:r='http://schemas.openxmlformats.org/officeDocument/2006/relationships' xml:space='preserve'><Shapes><Shape ID='5' NameU='Cloud.1287' IsCustomNameU='1' Name='Cloud.1287' IsCustomName='1' Type='Shape' LineStyle='17' FillStyle='18' TextStyle='18'><Cell N='PinX' V='17.90624997062101'/><Cell N='PinY' V='1.429687477965757'/><Cell N='Width' V='3.812499941242015'/><Cell N='Height' V='2.859374955931511'/><Cell N='LocPinX' V='1.906249970621007' F='Width*0.5'/><Cell N='LocPinY' V='1.429687477965756' F='Height*0.5'/><Cell N='Angle' V='0'/><Cell N='FlipX' V='0'/><Cell N='FlipY' V='0'/><Cell N='ResizeMode' V='0'/><Cell N='EventDblClick' V='0' F='OPENTEXTWIN()'/><Cell N='LayerMember' V='0'/><Cell N='LineWeight' V='0.01388888888888889' U='PT' F='Inh'/><Cell N='FillForegnd' V='#6bb1c9' F='Inh'/><Cell N='ObjType' V='1'/><Cell N='ColorSchemeIndex' V='47'/><Cell N='EffectSchemeIndex' V='47'/><Cell N='ConnectorSchemeIndex' V='47'/><Cell N='FontSchemeIndex' V='47'/><Cell N='ThemeIndex' V='47'/><Cell N='HelpTopic' V='Shape.hlp!#11025'/><Cell N='Copyright' V='Copyright © 1997 Visio Corporation.  All rights reserved.'/><Section N='Actions'><Row N='Row_1'><Cell N='Menu' V='%Properties'/><Cell N='Action' V='0' F='DOCMD(1312)'/><Cell N='Checked' V='0'/><Cell N='Disabled' V='0'/><Cell N='ReadOnly' V='0' F='No Formula'/><Cell N='Invisible' V='0' F='No Formula'/><Cell N='BeginGroup' V='0' F='No Formula'/><Cell N='FlyoutChild' V='0' F='No Formula'/><Cell N='TagName' V='' F='No Formula'/><Cell N='ButtonFace' V='' F='No Formula'/><Cell N='SortKey' V='' F='No Formula'/></Row></Section><Section N='Property'><Row N='SubType'><Cell N='Value' V='Cloud' U='STR'/><Cell N='Prompt' V='Enter network type.'/><Cell N='Label' V='Network Type'/><Cell N='Format' V='' F='No Formula'/><Cell N='SortKey' V='1' F='1'/><Cell N='Type' V='0'/><Cell N='Invisible' V='0' F='No Formula'/><Cell N='Verify' V='0' F='No Formula'/><Cell N='DataLinked' V='0' F='No Formula'/><Cell N='LangID' V='en-US'/><Cell N='Calendar' V='0' F='No Formula'/></Row><Row N='ID'><Cell N='Value' V='0' F='No Formula'/><Cell N='Prompt' V='Enter inventory ID number.'/><Cell N='Label' V='ID'/><Cell N='Format' V='' F='No Formula'/><Cell N='SortKey' V='2' F='2'/><Cell N='Type' V='0'/><Cell N='Invisible' V='0' F='No Formula'/><Cell N='Verify' V='0' F='No Formula'/><Cell N='DataLinked' V='0' F='No Formula'/><Cell N='LangID' V='en-US'/><Cell N='Calendar' V='0' F='No Formula'/></Row><Row N='Location'><Cell N='Value' V='0' F='No Formula'/><Cell N='Prompt' V='Enter location of network.'/><Cell N='Label' V='Location'/><Cell N='Format' V='' F='No Formula'/><Cell N='SortKey' V='3' F='3'/><Cell N='Type' V='0'/><Cell N='Invisible' V='0' F='No Formula'/><Cell N='Verify' V='0' F='No Formula'/><Cell N='DataLinked' V='0' F='No Formula'/><Cell N='LangID' V='en-US'/><Cell N='Calendar' V='0' F='No Formula'/></Row><Row N='Manufacturer'><Cell N='Value' V='0' F='No Formula'/><Cell N='Prompt' V='Enter manufacturer name.'/><Cell N='Label' V='Manufacturer'/><Cell N='Format' V='' F='No Formula'/><Cell N='SortKey' V='4' F='4'/><Cell N='Type' V='0'/><Cell N='Invisible' V='0' F='No Formula'/><Cell N='Verify' V='0' F='No Formula'/><Cell N='DataLinked' V='0' F='No Formula'/><Cell N='LangID' V='en-US'/><Cell N='Calendar' V='0' F='No Formula'/></Row><Row N='ProductName'><Cell N='Value' V='0' F='No Formula'/><Cell N='Prompt' V='Enter product name.'/><Cell N='Label' V='Product Name'/><Cell N='Format' V='' F='No Formula'/><Cell N='SortKey' V='5' F='5'/><Cell N='Type' V='0'/><Cell N='Invisible' V='0' F='No Formula'/><Cell N='Verify' V='0' F='No Formula'/><Cell N='DataLinked' V='0' F='No Formula'/><Cell N='LangID' V='en-US'/><Cell N='Calendar' V='0' F='No Formula'/></Row><Row N='ModelNumber'><Cell N='Value' V='0' F='No Formula'/><Cell N='Prompt' V='Enter product model number.'/><Cell N='Label' V='Model Number'/><Cell N='Format' V='' F='No Formula'/><Cell N='SortKey' V='6' F='6'/><Cell N='Type' V='0'/><Cell N='Invisible' V='0' F='No Formula'/><Cell N='Verify' V='0' F='No Formula'/><Cell N='DataLinked' V='0' F='No Formula'/><Cell N='LangID' V='en-US'/><Cell N='Calendar' V='0' F='No Formula'/></Row><Row N='Description'><Cell N='Value' V='0' F='No Formula'/><Cell N='Prompt' V='Enter description of this network.'/><Cell N='Label' V='Description'/><Cell N='Format' V='' F='No Formula'/><Cell N='SortKey' V='7' F='7'/><Cell N='Type' V='0'/><Cell N='Invisible' V='0' F='No Formula'/><Cell N='Verify' V='0' F='No Formula'/><Cell N='DataLinked' V='0' F='No Formula'/><Cell N='LangID' V='en-US'/><Cell N='Calendar' V='0' F='No Formula'/></Row></Section><Section N='Connection'><Row T='Connection' IX='0'><Cell N='X' V='0'/><Cell N='Y' V='1.429687477965756' F='LocPinY'/><Cell N='DirX' V='0' F='No Formula'/><Cell N='DirY' V='0' F='No Formula'/><Cell N='Type' V='0' F='No Formula'/><Cell N='AutoGen' V='0' F='No Formula'/><Cell N='Prompt' V='' F='No Formula'/></Row><Row T='Connection' IX='1'><Cell N='X' V='1.345587541761898' F='Width*0.352941'/><Cell N='Y' V='2.859374955931511' F='Height*1'/><Cell N='DirX' V='0' F='No Formula'/><Cell N='DirY' V='0' F='No Formula'/><Cell N='Type' V='0' F='No Formula'/><Cell N='AutoGen' V='0' F='No Formula'/><Cell N='Prompt' V='' F='No Formula'/></Row><Row T='Connection' IX='2'><Cell N='X' V='2.467068711977708' F='Width*0.6471'/><Cell N='Y' V='2.859374955931511' F='Height*1'/><Cell N='DirX' V='0' F='No Formula'/><Cell N='DirY' V='0' F='No Formula'/><Cell N='Type' V='0' F='No Formula'/><Cell N='AutoGen' V='0' F='No Formula'/><Cell N='Prompt' V='' F='No Formula'/></Row><Row T='Connection' IX='3'><Cell N='X' V='1.345587541761898' F='Width*0.352941'/><Cell N='Y' V='0'/><Cell N='DirX' V='0' F='No Formula'/><Cell N='DirY' V='0' F='No Formula'/><Cell N='Type' V='0' F='No Formula'/><Cell N='AutoGen' V='0' F='No Formula'/><Cell N='Prompt' V='' F='No Formula'/></Row><Row T='Connection' IX='4'><Cell N='X' V='2.466912399480117' F='Width*0.647059'/><Cell N='Y' V='0'/><Cell N='DirX' V='0' F='No Formula'/><Cell N='DirY' V='0' F='No Formula'/><Cell N='Type' V='0' F='No Formula'/><Cell N='AutoGen' V='0' F='No Formula'/><Cell N='Prompt' V='' F='No Formula'/></Row><Row T='Connection' IX='5'><Cell N='X' V='3.812499941242015' F='Width*1'/><Cell N='Y' V='1.429687477965756' F='LocPinY'/><Cell N='DirX' V='0' F='No Formula'/><Cell N='DirY' V='0' F='No Formula'/><Cell N='Type' V='0' F='No Formula'/><Cell N='AutoGen' V='0' F='No Formula'/><Cell N='Prompt' V='' F='No Formula'/></Row></Section><Section N='Character'><Row IX='0'><Cell N='Color' V='#000000' F='THEMEGUARD(RGB(0,0,0))'/><Cell N='Style' V='17'/><Cell N='Size' V='0.1388888888888889' U='PT'/></Row></Section><Section N='Geometry' IX='0'><Cell N='NoFill' V='0'/><Cell N='NoLine' V='0' F='No Formula'/><Cell N='NoShow' V='0' F='No Formula'/><Cell N='NoSnap' V='0' F='No Formula'/><Cell N='NoQuickDrag' V='0' F='No Formula'/><Row T='MoveTo' IX='1'><Cell N='X' V='0.5606617560649955' F='Width*0.14705882352941'/><Cell N='Y' V='0.7375430039104339' F='Height*0.25793854086204'/></Row><Row T='EllipticalArcTo' IX='2'><Cell N='X' V='1.906249970621007' F='Width*0.5'/><Cell N='Y' V='0.3136380481868306' F='Height*0.1096876251001'/><Cell N='A' V='1.171634345840702' U='DL' F='Width*0.30731393151419'/><Cell N='B' V='0.02713807292413351' U='DL' F='Height*0.009490910895697'/><Cell N='C' V='0' U='DA'/><Cell N='D' V='0.62745098039216' F='Width/Height*0.47058823529412'/></Row><Row T='EllipticalArcTo' IX='3'><Cell N='X' V='3.251838185177019' F='Width*0.85294117647059'/><Cell N='Y' V='0.7375430039104339' F='Height*0.25793854086204'/><Cell N='A' V='2.640865595401313' U='DL' F='Width*0.69268606848581'/><Cell N='B' V='0.02713807292412608' U='DL' F='Height*0.0094909108956944'/><Cell N='C' V='0' U='DA'/><Cell N='D' V='0.62745098039216' F='Width/Height*0.47058823529412'/></Row><Row T='EllipticalArcTo' IX='4'><Cell N='X' V='3.812499941242015' F='Width*1'/><Cell N='Y' V='1.429687477965756' F='Height*0.5'/><Cell N='A' V='3.638637580520412' U='DL' F='Width*0.95439675714068'/><Cell N='B' V='0.8645538813915686' U='DL' F='Height*0.30235764623948'/><Cell N='C' V='0' U='DA'/><Cell N='D' V='0.62745098039216' F='Width/Height*0.47058823529412'/></Row><Row T='EllipticalArcTo' IX='5'><Cell N='X' V='3.251838185177019' F='Width*0.85294117647059'/><Cell N='Y' V='2.121831952021077' F='Height*0.74206145913796'/><Cell N='A' V='3.638637580520412' U='DL' F='Width*0.95439675714068'/><Cell N='B' V='1.994821074539942' U='DL' F='Height*0.69764235376052'/><Cell N='C' V='0' U='DA'/><Cell N='D' V='0.62745098039216' F='Width/Height*0.47058823529412'/></Row><Row T='EllipticalArcTo' IX='6'><Cell N='X' V='1.906249970621007' F='Width*0.5'/><Cell N='Y' V='2.545736907744681' F='Height*0.8903123748999'/><Cell N='A' V='2.640865595401313' U='DL' F='Width*0.69268606848581'/><Cell N='B' V='2.832236883007369' U='DL' F='Height*0.9905090891043'/><Cell N='C' V='0' U='DA'/><Cell N='D' V='0.62745098039216' F='Width/Height*0.47058823529412'/></Row><Row T='EllipticalArcTo' IX='7'><Cell N='X' V='0.5606617560649955' F='Width*0.14705882352941'/><Cell N='Y' V='2.121831952021077' F='Height*0.74206145913796'/><Cell N='A' V='1.171634345840702' U='DL' F='Width*0.30731393151419'/><Cell N='B' V='2.832236883007398' U='DL' F='Height*0.99050908910431'/><Cell N='C' V='0' U='DA'/><Cell N='D' V='0.62745098039216' F='Width/Height*0.47058823529412'/></Row><Row T='EllipticalArcTo' IX='8'><Cell N='X' V='0' F='Width*0'/><Cell N='Y' V='1.429687477965756' F='Height*0.5'/><Cell N='A' V='0.1738623607215914' U='DL' F='Width*0.045603242859317'/><Cell N='B' V='1.994821074539942' U='DL' F='Height*0.69764235376052'/><Cell N='C' V='0' U='DA'/><Cell N='D' V='0.62745098039216' F='Width/Height*0.47058823529412'/></Row><Row T='EllipticalArcTo' IX='9'><Cell N='X' V='0.5606617560649955' F='Geometry1.X1'/><Cell N='Y' V='0.7375430039104339' F='Geometry1.Y1'/><Cell N='A' V='0.173862360721599' U='DL' F='Width*0.045603242859319'/><Cell N='B' V='0.8645538813915686' U='DL' F='Height*0.30235764623948'/><Cell N='C' V='0' U='DA'/><Cell N='D' V='0.62745098039216' F='Width/Height*0.47058823529412'/></Row></Section><Text><cp IX='0'/>UNTRUST ZONE
</Text></Shape></Shapes></MasterContents>