<?xml version='1.0' encoding='utf-8' ?>
<MasterContents xmlns='http://schemas.microsoft.com/office/visio/2012/main' xmlns:r='http://schemas.openxmlformats.org/officeDocument/2006/relationships' xml:space='preserve'><Shapes><Shape ID='5' Type='Group' LineStyle='3' FillStyle='3' TextStyle='3'><Cell N='PinX' V='0.5' U='IN'/><Cell N='PinY' V='0.5' U='IN'/><Cell N='Width' V='1'/><Cell N='Height' V='1'/><Cell N='LocPinX' V='0.5' F='Width*0.5'/><Cell N='LocPinY' V='0.5' F='Height*0.5'/><Cell N='Angle' V='0'/><Cell N='FlipX' V='0'/><Cell N='FlipY' V='0'/><Cell N='ResizeMode' V='0'/><Cell N='ObjType' V='8'/><Cell N='Comment' V='&lt;no master&gt;' F='INDEX(0,INDEX(0,MASTERNAME(),":"),".")'/><Cell N='EventDblClick' V='0' F='OPENTEXTWIN()'/><Cell N='TxtPinX' V='0.5' F='Controls.Row_1'/><Cell N='TxtPinY' V='-0.1555555555555556' F='Controls.Row_1.Y'/><Cell N='TxtWidth' V='0.1111111111111111' F='TEXTWIDTH(TheText)'/><Cell N='TxtHeight' V='0.3111111111111111' F='TEXTHEIGHT(TheText,TxtWidth)'/><Cell N='TxtLocPinX' V='0.05555555555555555' F='TxtWidth*0.5'/><Cell N='TxtLocPinY' V='0.1555555555555556' F='TxtHeight*0.5'/><Cell N='TxtAngle' V='0' F='IF(BITXOR(FlipX,FlipY),1,-1)*Angle'/><Cell N='SelectMode' V='0'/><Cell N='HelpTopic' V='Vis_PRXY.chm!#55081'/><Cell N='Copyright' V='Copyright (c) 2012 Microsoft Corporation.  All rights reserved.'/><Cell N='LayerMember' V='' F='No Formula'/><Cell N='LockAspect' V='1'/><Cell N='QuickStyleVariation' V='6'/><Section N='User'><Row N='visLegendShape'><Cell N='Value' V='2'/><Cell N='Prompt' V='' F='No Formula'/></Row><Row N='HasText'><Cell N='Value' V='0' U='BOOL' F='NOT(OR(HideText,STRSAME(SHAPETEXT(TheText),"")))'/><Cell N='Prompt' V='' F='No Formula'/></Row><Row N='SolSH'><Cell N='Value' V='{BF0433D9-CD73-4EB5-8390-8653BE590246}' U='GUID'/><Cell N='Prompt' V='' F='No Formula'/></Row><Row N='ShapeClass'><Cell N='Value' V='4'/><Cell N='Prompt' V='' F='No Formula'/></Row><Row N='ShapeType'><Cell N='Value' V='7'/><Cell N='Prompt' V='' F='No Formula'/></Row><Row N='SubShapeType'><Cell N='Value' V='15'/><Cell N='Prompt' V='' F='No Formula'/></Row><Row N='visVersion'><Cell N='Value' V='15'/><Cell N='Prompt' V=''/></Row></Section><Section N='Connection'><Row T='Connection' N='Row_1'><Cell N='X' V='0.5' F='Width*0.5'/><Cell N='Y' V='0.5' F='Height*0.5'/><Cell N='DirX' V='0'/><Cell N='DirY' V='0'/><Cell N='Type' V='0'/><Cell N='AutoGen' V='0'/><Cell N='Prompt' V='' F='No Formula'/></Row></Section><Section N='Control'><Row N='Row_1'><Cell N='X' V='0.5' F='Width*0.5'/><Cell N='Y' V='-0.1555555555555556' F='-TxtHeight*0.5'/><Cell N='XDyn' V='0.5' F='Controls.Row_1'/><Cell N='YDyn' V='-0.1555555555555556' F='Controls.Row_1.Y'/><Cell N='XCon' V='2' F='(Controls.Row_1&gt;Width/2)*2+2'/><Cell N='YCon' V='7' F='(Controls.Row_1.Y&gt;Height/2)*2+2+5*NOT(User.HasText)'/><Cell N='CanGlue' V='1'/><Cell N='Prompt' V='Reposition Text'/></Row></Section><Section N='Property'><Row N='ShapeClass'><Cell N='Value' V='Connectivity' U='STR'/><Cell N='Prompt' V='' F='No Formula'/><Cell N='Label' V='ShapeClass'/><Cell N='Format' V='' F='No Formula'/><Cell N='SortKey' V='' F='No Formula'/><Cell N='Type' V='0'/><Cell N='Invisible' V='1'/><Cell N='Verify' V='0'/><Cell N='DataLinked' V='0' F='No Formula'/><Cell N='LangID' V='en-US'/><Cell N='Calendar' V='0' F='No Formula'/></Row><Row N='ShapeType'><Cell N='Value' V='Conceptual' U='STR'/><Cell N='Prompt' V='' F='No Formula'/><Cell N='Label' V='ShapeType'/><Cell N='Format' V='' F='No Formula'/><Cell N='SortKey' V='' F='No Formula'/><Cell N='Type' V='0'/><Cell N='Invisible' V='1'/><Cell N='Verify' V='0'/><Cell N='DataLinked' V='0' F='No Formula'/><Cell N='LangID' V='en-US'/><Cell N='Calendar' V='0' F='No Formula'/></Row><Row N='SubShapeType'><Cell N='Value' V='Data' U='STR'/><Cell N='Prompt' V='' F='No Formula'/><Cell N='Label' V='SubShapeType'/><Cell N='Format' V='' F='No Formula'/><Cell N='SortKey' V='' F='No Formula'/><Cell N='Type' V='0'/><Cell N='Invisible' V='1'/><Cell N='Verify' V='0'/><Cell N='DataLinked' V='0' F='No Formula'/><Cell N='LangID' V='en-US'/><Cell N='Calendar' V='0' F='No Formula'/></Row></Section><Shapes><Shape ID='6' Type='Shape' LineStyle='3' FillStyle='3' TextStyle='3'><Cell N='PinX' V='0.5' F='Width/2'/><Cell N='PinY' V='0.4999918788932137' U='IN' F='Height/2+-8.1211067862741E-6IN*DropOnPageScale'/><Cell N='Width' V='1' F='Sheet.5!Width*1'/><Cell N='Height' V='1' F='Sheet.5!Height*1'/><Cell N='LocPinX' V='0.5' F='Width*0.5'/><Cell N='LocPinY' V='0.5' F='Height*0.5'/><Cell N='Angle' V='0'/><Cell N='FlipX' V='0'/><Cell N='FlipY' V='0'/><Cell N='ResizeMode' V='0'/><Cell N='LineWeight' V='0.01' U='PT' F='GUARD(0.72PT)'/><Cell N='LinePattern' V='1' F='GUARD(1)'/><Cell N='Rounding' V='0' F='GUARD(0)'/><Cell N='BeginArrow' V='0' F='GUARD(0)'/><Cell N='EndArrow' V='0' F='GUARD(0)'/><Cell N='LineColorTrans' V='1' F='GUARD(100%)'/><Cell N='FillForegnd' V='6' F='GUARD(6)'/><Cell N='FillBkgnd' V='6' F='GUARD(6)'/><Cell N='FillPattern' V='1' F='GUARD(1)'/><Cell N='FillForegndTrans' V='1' F='GUARD(100%)'/><Cell N='FillBkgndTrans' V='1' F='GUARD(100%)'/><Cell N='Copyright' V='Copyright (c) 2012 Microsoft Corporation.  All rights reserved.'/><Cell N='DropOnPageScale' V='1' F='Sheet.5!DropOnPageScale'/><Cell N='FillGradientEnabled' V='0' F='GUARD(FALSE)'/><Section N='Geometry' IX='0'><Cell N='NoFill' V='0'/><Cell N='NoLine' V='0'/><Cell N='NoShow' V='0'/><Cell N='NoSnap' V='0'/><Cell N='NoQuickDrag' V='0' F='No Formula'/><Row T='MoveTo' IX='1'><Cell N='X' V='0.99821199308194' F='Width*0.99821199308194'/><Cell N='Y' V='0.71' F='Height*0.71'/></Row><Row T='EllipticalArcTo' IX='2'><Cell N='X' V='0.98620154428506' F='Width*0.98620154428506'/><Cell N='Y' V='0.64576302979544' F='Height*0.64576302979544'/><Cell N='A' V='0.99529779111115' U='DL' F='Width*0.99529779111115'/><Cell N='B' V='0.67768017791063' U='DL' F='Height*0.67768017791063'/><Cell N='C' V='-0.003074779751229592' U='DA' F='_ELLIPSE_THETA(-0.0030747797512261,1.7210550059014,1,1,Width,Height)'/><Cell N='D' V='1.7210550059014' F='_ELLIPSE_ECC(-0.0030747797512261,1.7210550059014,1,1,Width,Height,Geometry1.C2)'/></Row><Row T='EllipticalArcTo' IX='3'><Cell N='X' V='0.99821040577747' F='Width*0.99821040577747'/><Cell N='Y' V='0.70999999038617' F='Height*0.70999999038617'/><Cell N='A' V='0.99529699143537' U='DL' F='Width*0.99529699143537'/><Cell N='B' V='0.67768019923377' U='DL' F='Height*0.67768019923377'/><Cell N='C' V='-0.003074779751196805' U='DA' F='_ELLIPSE_THETA(3.1385178738386,1.7210550059014,1,1,Width,Height)'/><Cell N='D' V='1.7210550059014' F='_ELLIPSE_ECC(3.1385178738386,1.7210550059014,1,1,Width,Height,Geometry1.C3)'/></Row></Section><Section N='Geometry' IX='1'><Cell N='NoFill' V='0'/><Cell N='NoLine' V='0'/><Cell N='NoShow' V='0'/><Cell N='NoSnap' V='0'/><Cell N='NoQuickDrag' V='0' F='No Formula'/><Row T='MoveTo' IX='1'><Cell N='X' V='0.99821040577747' F='Width*0.99821040577747'/><Cell N='Y' V='0.70999999038617' F='Height*0.70999999038617'/></Row><Row T='EllipticalArcTo' IX='2'><Cell N='X' V='3.041667514769E-6' F='Width*3.041667514769E-6'/><Cell N='Y' V='0.71000001827572' F='Height*0.71000001827572'/><Cell N='A' V='0.49735727599564' U='DL' F='Width*0.49735727599564'/><Cell N='B' V='1' U='DL' F='Height*1'/><Cell N='C' V='-0.003074779751196805' U='DA' F='_ELLIPSE_THETA(3.1385178738386,1.7210550059014,1,1,Width,Height)'/><Cell N='D' V='1.7210550059014' F='_ELLIPSE_ECC(3.1385178738386,1.7210550059014,1,1,Width,Height,Geometry2.C2)'/></Row><Row T='LineTo' IX='3'><Cell N='X' V='0' F='Width*0'/><Cell N='Y' V='0.29' F='Height*0.29'/></Row><Row T='EllipticalArcTo' IX='4'><Cell N='X' V='0.99821201752895' F='Width*0.99821201752895'/><Cell N='Y' V='0.29' F='Height*0.29'/><Cell N='A' V='0.5008554805164101' U='DL' F='Width*0.50085548051641'/><Cell N='B' V='0' U='DL' F='Height*0'/><Cell N='C' V='-0.003074779751236492' U='DA' F='_ELLIPSE_THETA(-0.003074779751233,1.7210550059014,1,1,Width,Height)'/><Cell N='D' V='1.7210550059014' F='_ELLIPSE_ECC(-0.003074779751233,1.7210550059014,1,1,Width,Height,Geometry2.C4)'/></Row><Row T='LineTo' IX='5'><Cell N='X' V='1' F='Width*1'/><Cell N='Y' V='0.29' F='Height*0.29'/></Row><Row T='LineTo' IX='6'><Cell N='X' V='1' F='Width*1'/><Cell N='Y' V='0.71' F='Height*0.71'/></Row><Row T='LineTo' IX='7'><Cell N='X' V='0.99821199308194' F='Width*0.99821199308194'/><Cell N='Y' V='0.71' F='Height*0.71'/></Row></Section></Shape><Shape ID='7' Type='Shape' LineStyle='23' FillStyle='23' TextStyle='23'><Cell N='PinX' V='0.49910674824422' F='Sheet.5!Width*0.49910674824422'/><Cell N='PinY' V='0.70999593944661' F='Sheet.5!Height*0.70999593944661'/><Cell N='Width' V='0.99821349648845' F='Sheet.5!Width*0.99821349648845'/><Cell N='Height' V='0.58000812110679' F='Sheet.5!Height*0.58000812110679'/><Cell N='LocPinX' V='0.499106748244225' F='Width*0.5'/><Cell N='LocPinY' V='0.290004060553395' F='Height*0.5'/><Cell N='Angle' V='0'/><Cell N='FlipX' V='0'/><Cell N='FlipY' V='0'/><Cell N='ResizeMode' V='0'/><Cell N='LineWeight' V='0.01' U='PT' F='GUARD(0.72PT)'/><Cell N='LineColor' V='#ffffff' F='GUARD(RGB(255,255,255))'/><Cell N='LinePattern' V='1' F='GUARD(1)'/><Cell N='Rounding' V='0' F='GUARD(0)'/><Cell N='BeginArrow' V='0' F='GUARD(0)'/><Cell N='EndArrow' V='0' F='GUARD(0)'/><Cell N='Copyright' V='Copyright (c) 2012 Microsoft Corporation.  All rights reserved.'/><Cell N='LayerMember' V='' F='No Formula'/><Cell N='FillPattern' V='30' F='GUARD(30)'/><Cell N='ShdwPattern' V='0' F='GUARD(0)'/><Cell N='FillGradientDir' V='0' F='GUARD(0)'/><Cell N='FillGradientAngle' V='4.7123889803847' U='DEG' F='GUARD(270DEG)'/><Cell N='FillGradientEnabled' V='1' F='GUARD(TRUE)'/><Cell N='UseGroupGradient' V='0' F='GUARD(FALSE)'/><Section N='Geometry' IX='0'><Cell N='NoFill' V='0'/><Cell N='NoLine' V='0'/><Cell N='NoShow' V='0'/><Cell N='NoSnap' V='0'/><Cell N='NoQuickDrag' V='0' F='No Formula'/><Row T='Ellipse' IX='1'><Cell N='X' V='0.499106748244225' F='Width*0.5'/><Cell N='Y' V='0.290004060553395' F='Height*0.5'/><Cell N='A' V='7.965328051584581E-7' U='DL' F='Width*7.9795836057169E-7'/><Cell N='B' V='0.2915387062637502' U='DL' F='Height*0.50264590383222'/><Cell N='C' V='0.4999984371821731' U='DL' F='Width*0.50089328479437'/><Cell N='D' V='0.5800040605533974' U='DL' F='Height*0.9999929991439'/></Row></Section></Shape><Shape ID='15' Type='Shape' LineStyle='24' FillStyle='24' TextStyle='24'><Cell N='PinX' V='0.5' F='Sheet.5!Width*0.5'/><Cell N='PinY' V='0.355' F='Sheet.5!Height*0.355'/><Cell N='Width' V='1' F='Sheet.5!Width*1'/><Cell N='Height' V='0.71' F='Sheet.5!Height*0.71'/><Cell N='LocPinX' V='0.5' F='Width*0.5'/><Cell N='LocPinY' V='0.355' F='Height*0.5'/><Cell N='Angle' V='0'/><Cell N='FlipX' V='0'/><Cell N='FlipY' V='0'/><Cell N='ResizeMode' V='0'/><Cell N='Copyright' V='Copyright (c) 2012 Microsoft Corporation.  All rights reserved.'/><Cell N='LayerMember' V='' F='No Formula'/><Cell N='FillPattern' V='32' F='GUARD(32)'/><Cell N='ShdwPattern' V='0' F='GUARD(0)'/><Cell N='LineWeight' V='0.01' U='PT' F='GUARD(0.72PT)'/><Cell N='LineColor' V='#000000' F='GUARD(RGB(0,0,0))'/><Cell N='LinePattern' V='1' F='GUARD(1)'/><Cell N='Rounding' V='0' F='GUARD(0)'/><Cell N='BeginArrow' V='0' F='GUARD(0)'/><Cell N='EndArrow' V='0' F='GUARD(0)'/><Cell N='FillGradientDir' V='11' F='GUARD(11)'/><Cell N='FillGradientEnabled' V='1' F='GUARD(TRUE)'/><Cell N='UseGroupGradient' V='0' F='GUARD(FALSE)'/><Section N='Geometry' IX='0'><Cell N='NoFill' V='0'/><Cell N='NoLine' V='0'/><Cell N='NoShow' V='0'/><Cell N='NoSnap' V='0'/><Cell N='NoQuickDrag' V='0' F='No Formula'/><Row T='MoveTo' IX='1'><Cell N='X' V='0' F='Width*0'/><Cell N='Y' V='0.71' F='Height*1'/></Row><Row T='LineTo' IX='2'><Cell N='X' V='0' F='Width*0'/><Cell N='Y' V='0.2915387062637523' F='Height*0.41061789614613'/></Row><Row T='LineTo' IX='3'><Cell N='X' V='0' F='Width*0'/><Cell N='Y' V='0.2899999999999985' F='Height*0.40845070422535'/></Row><Row T='EllipticalArcTo' IX='4'><Cell N='X' V='0.99821201752895' F='Width*0.99821201752895'/><Cell N='Y' V='0.2900000000000056' F='Height*0.40845070422536'/><Cell N='A' V='0.50085548051642' U='DL' F='Width*0.50085548051642'/><Cell N='B' V='0' U='DL' F='Height*0'/><Cell N='C' V='-0.003074779751232992' U='DA' F='_ELLIPSE_THETA(-0.0030747797512295,1.7210550059014,1,0.71,Width,Height)'/><Cell N='D' V='1.7210550059014' F='_ELLIPSE_ECC(-0.0030747797512295,1.7210550059014,1,0.71,Width,Height,Geometry1.C4)'/></Row><Row T='LineTo' IX='5'><Cell N='X' V='1' F='Width*1'/><Cell N='Y' V='0.2899999999999985' F='Height*0.40845070422535'/></Row><Row T='LineTo' IX='6'><Cell N='X' V='1' F='Width*1'/><Cell N='Y' V='0.71' F='Height*1'/></Row><Row T='LineTo' IX='7'><Cell N='X' V='0.99821199308194' F='Width*0.99821199308194'/><Cell N='Y' V='0.71' F='Height*1'/></Row><Row T='EllipticalArcTo' IX='8'><Cell N='X' V='4.629042174964E-6' F='Width*4.629042174964E-6'/><Cell N='Y' V='0.71' F='Height*1'/><Cell N='A' V='0.50085780730992' U='DL' F='Width*0.50085780730992'/><Cell N='B' V='0.4199959394466056' U='DL' F='Height*0.59154357668536'/><Cell N='C' V='-0.003074779751226092' U='DA' F='_ELLIPSE_THETA(-0.0030747797512226,1.7210550059014,1,0.71,Width,Height)'/><Cell N='D' V='1.7210550059014' F='_ELLIPSE_ECC(-0.0030747797512226,1.7210550059014,1,0.71,Width,Height,Geometry1.C8)'/></Row></Section></Shape><Shape ID='17' Type='Shape' LineStyle='25' FillStyle='25' TextStyle='25'><Cell N='PinX' V='0.5' F='Sheet.5!Width*0.5'/><Cell N='PinY' V='0.49999593944661' F='Sheet.5!Height*0.49999593944661'/><Cell N='Width' V='1' F='Sheet.5!Width*1'/><Cell N='Height' V='1.0000081211068' F='Sheet.5!Height*1.0000081211068'/><Cell N='LocPinX' V='0.5' F='Width*0.5'/><Cell N='LocPinY' V='0.5000040605534' F='Height*0.5'/><Cell N='Angle' V='0'/><Cell N='FlipX' V='0'/><Cell N='FlipY' V='0'/><Cell N='ResizeMode' V='0'/><Cell N='Copyright' V='Copyright (c) 2012 Microsoft Corporation.  All rights reserved.'/><Cell N='LayerMember' V='' F='No Formula'/><Cell N='FillPattern' V='1' F='GUARD(1)'/><Cell N='ShdwPattern' V='0' F='GUARD(0)'/><Cell N='LineWeight' V='0.02083333333333333' U='PT' F='GUARD(1.5PT)'/><Cell N='LinePattern' V='1' F='GUARD(1)'/><Cell N='Rounding' V='0' F='GUARD(0)'/><Cell N='BeginArrow' V='0' F='GUARD(0)'/><Cell N='EndArrow' V='0' F='GUARD(0)'/><Cell N='FillGradientEnabled' V='0' F='GUARD(FALSE)'/><Section N='Geometry' IX='0'><Cell N='NoFill' V='1'/><Cell N='NoLine' V='0'/><Cell N='NoShow' V='0'/><Cell N='NoSnap' V='0'/><Cell N='NoQuickDrag' V='0' F='No Formula'/><Row T='MoveTo' IX='1'><Cell N='X' V='0.99821045476666' F='Width*0.99821045476666'/><Cell N='Y' V='0.7099999907570271' F='Height*0.7099942248181'/></Row><Row T='EllipticalArcTo' IX='2'><Cell N='X' V='3.0906558352584E-6' F='Width*3.0906558352584E-6'/><Cell N='Y' V='0.7100000187190242' F='Height*0.70999425277987'/><Cell N='A' V='0.49735727605798' U='DL' F='Width*0.49735727605798'/><Cell N='B' V='1.0000081211068' U='DL' F='Height*1'/><Cell N='C' V='-0.003074779751226092' U='DA' F='_ELLIPSE_THETA(-0.0030747797512226,1.7210550059014,1,1.0000081211068,Width,Height)'/><Cell N='D' V='1.7210550059014' F='_ELLIPSE_ECC(-0.0030747797512226,1.7210550059014,1,1.0000081211068,Width,Height,Geometry1.C2)'/></Row><Row T='LineTo' IX='3'><Cell N='X' V='0' F='Width*0'/><Cell N='Y' V='0.2900000000000059' F='Height*0.28999764489816'/></Row><Row T='EllipticalArcTo' IX='4'><Cell N='X' V='0.99821201752895' F='Width*0.99821201752895'/><Cell N='Y' V='0.2900000000000059' F='Height*0.28999764489816'/><Cell N='A' V='0.5008554805164101' U='DL' F='Width*0.50085548051641'/><Cell N='B' V='0' U='DL' F='Height*0'/><Cell N='C' V='-0.003074779751239991' U='DA' F='_ELLIPSE_THETA(-0.0030747797512365,1.7210550059014,1,1.0000081211068,Width,Height)'/><Cell N='D' V='1.7210550059014' F='_ELLIPSE_ECC(-0.0030747797512365,1.7210550059014,1,1.0000081211068,Width,Height,Geometry1.C4)'/></Row><Row T='LineTo' IX='5'><Cell N='X' V='1' F='Width*1'/><Cell N='Y' V='0.2900000000000059' F='Height*0.28999764489816'/></Row><Row T='LineTo' IX='6'><Cell N='X' V='1' F='Width*1'/><Cell N='Y' V='0.7100000000000122' F='Height*0.70999423406101'/></Row><Row T='LineTo' IX='7'><Cell N='X' V='0.99821199308194' F='Width*0.99821199308194'/><Cell N='Y' V='0.7100000000000122' F='Height*0.70999423406101'/></Row></Section></Shape></Shapes></Shape></Shapes></MasterContents>