<?xml version='1.0' encoding='utf-8' ?>
<MasterContents xmlns='http://schemas.microsoft.com/office/visio/2012/main' xmlns:r='http://schemas.openxmlformats.org/officeDocument/2006/relationships' xml:space='preserve'><Shapes><Shape ID='5' Type='Group' LineStyle='3' FillStyle='3' TextStyle='3'><Cell N='PinX' V='1' U='IN'/><Cell N='PinY' V='1' U='IN'/><Cell N='Width' V='1' U='IN'/><Cell N='Height' V='1.5' U='IN'/><Cell N='LocPinX' V='0.5' U='IN' F='Width*0.5'/><Cell N='LocPinY' V='0.75' U='IN' F='Height*0.5'/><Cell N='Angle' V='0'/><Cell N='FlipX' V='0'/><Cell N='FlipY' V='0'/><Cell N='ResizeMode' V='0'/><Cell N='ObjType' V='8'/><Cell N='Comment' V='&lt;no master&gt;' F='INDEX(0,INDEX(0,MASTERNAME(),":"),".")'/><Cell N='EventDblClick' V='0' F='OPENTEXTWIN()'/><Cell N='TxtPinX' V='0.5' U='IN' F='Controls.Row_1'/><Cell N='TxtPinY' V='-0.1555555555555556' F='Controls.Row_1.Y'/><Cell N='TxtWidth' V='0.1111111111111111' F='TEXTWIDTH(TheText)'/><Cell N='TxtHeight' V='0.3111111111111111' F='TEXTHEIGHT(TheText,TxtWidth)'/><Cell N='TxtLocPinX' V='0.05555555555555555' F='TxtWidth*0.5'/><Cell N='TxtLocPinY' V='0.1555555555555556' F='TxtHeight*0.5'/><Cell N='TxtAngle' V='0' F='IF(BITXOR(FlipX,FlipY),1,-1)*Angle'/><Cell N='SelectMode' V='0'/><Cell N='HelpTopic' V='Vis_PRXY.chm!#55454'/><Cell N='Copyright' V='Copyright (c) 2012 Microsoft Corporation.  All rights reserved.'/><Cell N='LayerMember' V='' F='No Formula'/><Cell N='LockAspect' V='1'/><Cell N='QuickStyleVariation' V='6'/><Section N='User'><Row N='HasText'><Cell N='Value' V='0' U='BOOL' F='NOT(OR(HideText,STRSAME(SHAPETEXT(TheText),"")))'/><Cell N='Prompt' V='' F='No Formula'/></Row><Row N='ShapeClass'><Cell N='Value' V='5'/><Cell N='Prompt' V='' F='No Formula'/></Row><Row N='ShapeType'><Cell N='Value' V='6'/><Cell N='Prompt' V='' F='No Formula'/></Row><Row N='SubShapeType'><Cell N='Value' V='41'/><Cell N='Prompt' V='' F='No Formula'/></Row><Row N='SolSH'><Cell N='Value' V='{BF0433D9-CD73-4EB5-8390-8653BE590246}' U='GUID'/><Cell N='Prompt' V='' F='No Formula'/></Row><Row N='visLegendShape'><Cell N='Value' V='2'/><Cell N='Prompt' V='' F='No Formula'/></Row><Row N='visVersion'><Cell N='Value' V='15'/><Cell N='Prompt' V=''/></Row></Section><Section N='Control'><Row N='Row_1'><Cell N='X' V='0.5' U='IN' F='Width*0.5'/><Cell N='Y' V='-0.1555555555555556' F='-TxtHeight*0.5'/><Cell N='XDyn' V='0.5' U='IN' F='Controls.Row_1'/><Cell N='YDyn' V='-0.1555555555555556' F='Controls.Row_1.Y'/><Cell N='XCon' V='2' F='(Controls.Row_1&gt;Width/2)*2+2'/><Cell N='YCon' V='7' F='(Controls.Row_1.Y&gt;Height/2)*2+2+5*NOT(User.HasText)'/><Cell N='CanGlue' V='1'/><Cell N='Prompt' V='Reposition Text'/></Row></Section><Section N='Connection'><Row T='Connection' N='Row_1'><Cell N='X' V='0.5' U='IN' F='Width*0.5'/><Cell N='Y' V='0.75' U='IN' F='Height*0.5'/><Cell N='DirX' V='0'/><Cell N='DirY' V='0'/><Cell N='Type' V='0'/><Cell N='AutoGen' V='0'/><Cell N='Prompt' V='' F='No Formula'/></Row></Section><Section N='Property'><Row N='ShapeClass'><Cell N='Value' V='Equipment' U='STR'/><Cell N='Prompt' V='' F='No Formula'/><Cell N='Label' V='ShapeClass'/><Cell N='Format' V='' F='No Formula'/><Cell N='SortKey' V='' F='No Formula'/><Cell N='Type' V='0'/><Cell N='Invisible' V='1'/><Cell N='Verify' V='0'/><Cell N='DataLinked' V='0' F='No Formula'/><Cell N='LangID' V='en-US'/><Cell N='Calendar' V='0' F='No Formula'/></Row><Row N='ShapeType'><Cell N='Value' V='Computer' U='STR'/><Cell N='Prompt' V='' F='No Formula'/><Cell N='Label' V='ShapeType'/><Cell N='Format' V='' F='No Formula'/><Cell N='SortKey' V='' F='No Formula'/><Cell N='Type' V='0'/><Cell N='Invisible' V='1'/><Cell N='Verify' V='0'/><Cell N='DataLinked' V='0' F='No Formula'/><Cell N='LangID' V='en-US'/><Cell N='Calendar' V='0' F='No Formula'/></Row><Row N='SubShapeType'><Cell N='Value' V='Mainframe' U='STR'/><Cell N='Prompt' V='' F='No Formula'/><Cell N='Label' V='SubShapeType'/><Cell N='Format' V='' F='No Formula'/><Cell N='SortKey' V='' F='No Formula'/><Cell N='Type' V='0'/><Cell N='Invisible' V='1'/><Cell N='Verify' V='0'/><Cell N='DataLinked' V='0' F='No Formula'/><Cell N='LangID' V='en-US'/><Cell N='Calendar' V='0' F='No Formula'/></Row><Row N='Manufacturer'><Cell N='Value' V='0' F='No Formula'/><Cell N='Prompt' V='' F='No Formula'/><Cell N='Label' V='Manufacturer'/><Cell N='Format' V='' F='No Formula'/><Cell N='SortKey' V='Equipment'/><Cell N='Type' V='0'/><Cell N='Invisible' V='0'/><Cell N='Verify' V='0'/><Cell N='DataLinked' V='0' F='No Formula'/><Cell N='LangID' V='en-US'/><Cell N='Calendar' V='0' F='No Formula'/></Row><Row N='ProductNumber'><Cell N='Value' V='0' F='No Formula'/><Cell N='Prompt' V='' F='No Formula'/><Cell N='Label' V='Product Number'/><Cell N='Format' V='' F='No Formula'/><Cell N='SortKey' V='Equipment'/><Cell N='Type' V='0'/><Cell N='Invisible' V='0'/><Cell N='Verify' V='0'/><Cell N='DataLinked' V='0' F='No Formula'/><Cell N='LangID' V='en-US'/><Cell N='Calendar' V='0' F='No Formula'/></Row><Row N='PartNumber'><Cell N='Value' V='0' F='No Formula'/><Cell N='Prompt' V='' F='No Formula'/><Cell N='Label' V='Part Number'/><Cell N='Format' V='' F='No Formula'/><Cell N='SortKey' V='Equipment'/><Cell N='Type' V='0'/><Cell N='Invisible' V='0'/><Cell N='Verify' V='0'/><Cell N='DataLinked' V='0' F='No Formula'/><Cell N='LangID' V='en-US'/><Cell N='Calendar' V='0' F='No Formula'/></Row><Row N='ProductDescription'><Cell N='Value' V='0' F='No Formula'/><Cell N='Prompt' V='' F='No Formula'/><Cell N='Label' V='Product Description'/><Cell N='Format' V='' F='No Formula'/><Cell N='SortKey' V='Equipment'/><Cell N='Type' V='0'/><Cell N='Invisible' V='0'/><Cell N='Verify' V='0'/><Cell N='DataLinked' V='0' F='No Formula'/><Cell N='LangID' V='en-US'/><Cell N='Calendar' V='0' F='No Formula'/></Row><Row N='AssetNumber'><Cell N='Value' V='0' F='No Formula'/><Cell N='Prompt' V='' F='No Formula'/><Cell N='Label' V='Asset Number'/><Cell N='Format' V='' F='No Formula'/><Cell N='SortKey' V='Asset'/><Cell N='Type' V='0'/><Cell N='Invisible' V='0'/><Cell N='Verify' V='0'/><Cell N='DataLinked' V='0' F='No Formula'/><Cell N='LangID' V='en-US'/><Cell N='Calendar' V='0' F='No Formula'/></Row><Row N='SerialNumber'><Cell N='Value' V='0' F='No Formula'/><Cell N='Prompt' V='' F='No Formula'/><Cell N='Label' V='Serial Number'/><Cell N='Format' V='' F='No Formula'/><Cell N='SortKey' V='Asset'/><Cell N='Type' V='0'/><Cell N='Invisible' V='0'/><Cell N='Verify' V='0'/><Cell N='DataLinked' V='0' F='No Formula'/><Cell N='LangID' V='en-US'/><Cell N='Calendar' V='0' F='No Formula'/></Row><Row N='Location'><Cell N='Value' V='0' F='No Formula'/><Cell N='Prompt' V='' F='No Formula'/><Cell N='Label' V='Location'/><Cell N='Format' V='' F='No Formula'/><Cell N='SortKey' V='Asset'/><Cell N='Type' V='0'/><Cell N='Invisible' V='0'/><Cell N='Verify' V='0'/><Cell N='DataLinked' V='0' F='No Formula'/><Cell N='LangID' V='en-US'/><Cell N='Calendar' V='0' F='No Formula'/></Row><Row N='Building'><Cell N='Value' V='0' F='No Formula'/><Cell N='Prompt' V='' F='No Formula'/><Cell N='Label' V='Building'/><Cell N='Format' V='' F='No Formula'/><Cell N='SortKey' V='Asset'/><Cell N='Type' V='0'/><Cell N='Invisible' V='0'/><Cell N='Verify' V='0'/><Cell N='DataLinked' V='0' F='No Formula'/><Cell N='LangID' V='en-US'/><Cell N='Calendar' V='0' F='No Formula'/></Row><Row N='Room'><Cell N='Value' V='0' F='No Formula'/><Cell N='Prompt' V='' F='No Formula'/><Cell N='Label' V='Room'/><Cell N='Format' V='' F='No Formula'/><Cell N='SortKey' V='Asset'/><Cell N='Type' V='0'/><Cell N='Invisible' V='0'/><Cell N='Verify' V='0'/><Cell N='DataLinked' V='0' F='No Formula'/><Cell N='LangID' V='en-US'/><Cell N='Calendar' V='0' F='No Formula'/></Row><Row N='NetworkName'><Cell N='Value' V='0' F='No Formula'/><Cell N='Prompt' V='' F='No Formula'/><Cell N='Label' V='Network Name'/><Cell N='Format' V='' F='No Formula'/><Cell N='SortKey' V='Network'/><Cell N='Type' V='0'/><Cell N='Invisible' V='0'/><Cell N='Verify' V='0'/><Cell N='DataLinked' V='0' F='No Formula'/><Cell N='LangID' V='en-US'/><Cell N='Calendar' V='0' F='No Formula'/></Row><Row N='IPAddress'><Cell N='Value' V='0' F='No Formula'/><Cell N='Prompt' V='' F='No Formula'/><Cell N='Label' V='IP Address'/><Cell N='Format' V='' F='No Formula'/><Cell N='SortKey' V='Network'/><Cell N='Type' V='0'/><Cell N='Invisible' V='0'/><Cell N='Verify' V='0'/><Cell N='DataLinked' V='0' F='No Formula'/><Cell N='LangID' V='en-US'/><Cell N='Calendar' V='0' F='No Formula'/></Row><Row N='SubnetMask'><Cell N='Value' V='0' F='No Formula'/><Cell N='Prompt' V='' F='No Formula'/><Cell N='Label' V='Subnet Mask'/><Cell N='Format' V='' F='No Formula'/><Cell N='SortKey' V='Network'/><Cell N='Type' V='0'/><Cell N='Invisible' V='0'/><Cell N='Verify' V='0'/><Cell N='DataLinked' V='0' F='No Formula'/><Cell N='LangID' V='en-US'/><Cell N='Calendar' V='0' F='No Formula'/></Row><Row N='AdminInterface'><Cell N='Value' V='0' F='No Formula'/><Cell N='Prompt' V='' F='No Formula'/><Cell N='Label' V='Administrative Interface'/><Cell N='Format' V='' F='No Formula'/><Cell N='SortKey' V='Network'/><Cell N='Type' V='0'/><Cell N='Invisible' V='0'/><Cell N='Verify' V='0'/><Cell N='DataLinked' V='0' F='No Formula'/><Cell N='LangID' V='en-US'/><Cell N='Calendar' V='0' F='No Formula'/></Row><Row N='NumberOfPorts'><Cell N='Value' V='0' F='No Formula'/><Cell N='Prompt' V='' F='No Formula'/><Cell N='Label' V='Number of Ports'/><Cell N='Format' V='' F='No Formula'/><Cell N='SortKey' V='Network'/><Cell N='Type' V='0'/><Cell N='Invisible' V='0'/><Cell N='Verify' V='0'/><Cell N='DataLinked' V='0' F='No Formula'/><Cell N='LangID' V='en-US'/><Cell N='Calendar' V='0' F='No Formula'/></Row><Row N='MACAddress'><Cell N='Value' V='0' F='No Formula'/><Cell N='Prompt' V='' F='No Formula'/><Cell N='Label' V='MAC Address'/><Cell N='Format' V='' F='No Formula'/><Cell N='SortKey' V='Network'/><Cell N='Type' V='0'/><Cell N='Invisible' V='0'/><Cell N='Verify' V='0'/><Cell N='DataLinked' V='0' F='No Formula'/><Cell N='LangID' V='en-US'/><Cell N='Calendar' V='0' F='No Formula'/></Row><Row N='CommunityString'><Cell N='Value' V='0' F='No Formula'/><Cell N='Prompt' V='' F='No Formula'/><Cell N='Label' V='Community String'/><Cell N='Format' V='' F='No Formula'/><Cell N='SortKey' V='Network'/><Cell N='Type' V='0'/><Cell N='Invisible' V='0'/><Cell N='Verify' V='0'/><Cell N='DataLinked' V='0' F='No Formula'/><Cell N='LangID' V='en-US'/><Cell N='Calendar' V='0' F='No Formula'/></Row><Row N='NetworkDescription'><Cell N='Value' V='0' F='No Formula'/><Cell N='Prompt' V='' F='No Formula'/><Cell N='Label' V='Network Description'/><Cell N='Format' V='' F='No Formula'/><Cell N='SortKey' V='Network'/><Cell N='Type' V='0'/><Cell N='Invisible' V='0'/><Cell N='Verify' V='0'/><Cell N='DataLinked' V='0' F='No Formula'/><Cell N='LangID' V='en-US'/><Cell N='Calendar' V='0' F='No Formula'/></Row></Section><Section N='Actions'><Row N='Properties'><Cell N='Menu' V='%_P&amp;roperties'/><Cell N='Action' V='0' F='RUNADDON("NETWORK SHAPE PROPERTIES")'/><Cell N='Checked' V='0'/><Cell N='Disabled' V='0'/><Cell N='ReadOnly' V='0'/><Cell N='Invisible' V='0'/><Cell N='BeginGroup' V='0'/><Cell N='FlyoutChild' V='0' F='No Formula'/><Cell N='TagName' V=''/><Cell N='ButtonFace' V=''/><Cell N='SortKey' V=''/></Row></Section><Shapes><Shape ID='10' Type='Shape' LineStyle='3' FillStyle='3' TextStyle='3'><Cell N='PinX' V='0.5' U='IN' F='Width/2'/><Cell N='PinY' V='0.75' U='IN' F='Height/2'/><Cell N='Width' V='1' U='IN' F='Sheet.5!Width*1'/><Cell N='Height' V='1.5' U='IN' F='Sheet.5!Height*1'/><Cell N='LocPinX' V='0.5' U='IN' F='Width*0.5'/><Cell N='LocPinY' V='0.75' U='IN' F='Height*0.5'/><Cell N='Angle' V='0'/><Cell N='FlipX' V='0'/><Cell N='FlipY' V='0'/><Cell N='ResizeMode' V='0'/><Cell N='LineWeight' V='0.01' U='PT' F='GUARD(0.72PT)'/><Cell N='LineColor' V='0' F='GUARD(0)'/><Cell N='LinePattern' V='1' F='GUARD(1)'/><Cell N='Rounding' V='0' F='GUARD(0)'/><Cell N='BeginArrow' V='0' F='GUARD(0)'/><Cell N='EndArrow' V='0' F='GUARD(0)'/><Cell N='LineColorTrans' V='1' F='GUARD(100%)'/><Cell N='FillForegnd' V='6' F='GUARD(6)'/><Cell N='FillBkgnd' V='6' F='GUARD(6)'/><Cell N='FillPattern' V='1' F='GUARD(1)'/><Cell N='FillForegndTrans' V='1' F='GUARD(100%)'/><Cell N='FillBkgndTrans' V='1' F='GUARD(100%)'/><Cell N='Copyright' V='Copyright (c) 2012 Microsoft Corporation.  All rights reserved.'/><Cell N='FillGradientEnabled' V='0' F='GUARD(FALSE)'/><Section N='Geometry' IX='0'><Cell N='NoFill' V='0'/><Cell N='NoLine' V='0'/><Cell N='NoShow' V='0'/><Cell N='NoSnap' V='0'/><Cell N='NoQuickDrag' V='0' F='No Formula'/><Row T='MoveTo' IX='1'><Cell N='X' V='0.60685805788391' U='IN' F='Width*0.60685805788391'/><Cell N='Y' V='1.410659384648175' U='IN' F='Height*0.94043958976545'/></Row><Row T='EllipticalArcTo' IX='2'><Cell N='X' V='0.6066154427943' U='IN' F='Width*0.6066154427943'/><Cell N='Y' V='1.410353651695965' U='IN' F='Height*0.94023576779731'/><Cell N='A' V='0.6067370757438501' U='IN' F='Width*0.60673707574385'/><Cell N='B' V='1.410506431304955' U='IN' F='Height*0.94033762086997'/><Cell N='C' V='0' U='DA'/><Cell N='D' V='1.724137931034467' F='Width/Height*2.5862068965517'/></Row></Section><Section N='Geometry' IX='1'><Cell N='NoFill' V='0'/><Cell N='NoLine' V='0'/><Cell N='NoShow' V='0'/><Cell N='NoSnap' V='0'/><Cell N='NoQuickDrag' V='0' F='No Formula'/><Row T='MoveTo' IX='1'><Cell N='X' V='1' U='IN' F='Width*1'/><Cell N='Y' V='0.550000000000005' U='IN' F='Height*0.36666666666667'/></Row><Row T='EllipticalArcTo' IX='2'><Cell N='X' V='0.95390317030664' U='IN' F='Width*0.95390317030664'/><Cell N='Y' V='0.6716229879255899' U='IN' F='Height*0.44774865861706'/><Cell N='A' V='0.98833983308415' U='IN' F='Width*0.98833983308415'/><Cell N='B' V='0.6122634995580151' U='IN' F='Height*0.40817566637201'/><Cell N='C' V='0' U='DA'/><Cell N='D' V='1.724137931034467' F='Width/Height*2.5862068965517'/></Row><Row T='LineTo' IX='3'><Cell N='X' V='0.75' U='IN' F='Width*0.75'/><Cell N='Y' V='0.616987298107785' U='IN' F='Height*0.41132486540519'/></Row><Row T='LineTo' IX='4'><Cell N='X' V='0.75' U='IN' F='Width*0.75'/><Cell N='Y' V='1.439' U='IN' F='Height*0.95933333333333'/></Row><Row T='EllipticalArcTo' IX='5'><Cell N='X' V='0.72735756996577' U='IN' F='Width*0.72735756996577'/><Cell N='Y' V='1.49929918159962' U='IN' F='Height*0.99953278773308'/><Cell N='A' V='0.74427381408109' U='IN' F='Width*0.74427381408109'/><Cell N='B' V='1.46985634753077' U='IN' F='Height*0.97990423168718'/><Cell N='C' V='0' U='DA'/><Cell N='D' V='1.724137931034467' F='Width/Height*2.5862068965517'/></Row><Row T='LineTo' IX='6'><Cell N='X' V='0.60685805788391' U='IN' F='Width*0.60685805788391'/><Cell N='Y' V='1.467340615351815' U='IN' F='Height*0.97822707690121'/></Row><Row T='EllipticalArcTo' IX='7'><Cell N='X' V='0.61749980407884' U='IN' F='Width*0.61749980407884'/><Cell N='Y' V='1.43887554784518' U='IN' F='Height*0.95925036523012'/><Cell N='A' V='0.61483147555958' U='IN' F='Width*0.61483147555958'/><Cell N='B' V='1.453441676463645' U='IN' F='Height*0.96896111764243'/><Cell N='C' V='0' U='DA'/><Cell N='D' V='1.724137931034467' F='Width/Height*2.5862068965517'/></Row><Row T='EllipticalArcTo' IX='8'><Cell N='X' V='0.60685805788391' U='IN' F='Width*0.60685805788391'/><Cell N='Y' V='1.46734012920672' U='IN' F='Height*0.97822675280448'/><Cell N='A' V='0.61478581395979' U='IN' F='Width*0.61478581395979'/><Cell N='B' V='1.45344149480643' U='IN' F='Height*0.96896099653762'/><Cell N='C' V='0' U='DA'/><Cell N='D' V='1.709090909090933' F='Width/Height*2.5636363636364'/></Row><Row T='LineTo' IX='9'><Cell N='X' V='0.60685805788391' U='IN' F='Width*0.60685805788391'/><Cell N='Y' V='1.41015987079329' U='IN' F='Height*0.94010658052886'/></Row><Row T='EllipticalArcTo' IX='10'><Cell N='X' V='0.39363157251817' U='IN' F='Width*0.39363157251817'/><Cell N='Y' V='1.41004639282527' U='IN' F='Height*0.94003092855018'/><Cell N='A' V='0.50029225789032' U='IN' F='Width*0.50029225789032'/><Cell N='B' V='1.370850210811005' U='IN' F='Height*0.91390014054067'/><Cell N='C' V='0' U='DA'/><Cell N='D' V='1.724137931034467' F='Width/Height*2.5862068965517'/></Row><Row T='LineTo' IX='11'><Cell N='X' V='0.39338693546378' U='IN' F='Width*0.39338693546378'/><Cell N='Y' V='1.467651557486805' U='IN' F='Height*0.97843437165787'/></Row><Row T='EllipticalArcTo' IX='12'><Cell N='X' V='0.38250019592117' U='IN' F='Width*0.38250019592117'/><Cell N='Y' V='1.438875547845015' U='IN' F='Height*0.95925036523001'/><Cell N='A' V='0.38527714854008' U='IN' F='Width*0.38527714854008'/><Cell N='B' V='1.453608907093875' U='IN' F='Height*0.96907260472925'/><Cell N='C' V='0' U='DA'/><Cell N='D' V='1.709090909090933' F='Width/Height*2.5636363636364'/></Row><Row T='EllipticalArcTo' IX='13'><Cell N='X' V='0.39338693546378' U='IN' F='Width*0.39338693546378'/><Cell N='Y' V='1.467649325712375' U='IN' F='Height*0.97843288380825'/><Cell N='A' V='0.38523096433199' U='IN' F='Width*0.38523096433199'/><Cell N='B' V='1.453607694109515' U='IN' F='Height*0.96907179607301'/><Cell N='C' V='0' U='DA'/><Cell N='D' V='1.724137931034467' F='Width/Height*2.5862068965517'/></Row><Row T='LineTo' IX='14'><Cell N='X' V='0.273' U='IN' F='Width*0.273'/><Cell N='Y' V='1.5' U='IN' F='Height*1'/></Row><Row T='EllipticalArcTo' IX='15'><Cell N='X' V='0.25' U='IN' F='Width*0.25'/><Cell N='Y' V='1.439' U='IN' F='Height*0.95933333333333'/><Cell N='A' V='0.25585959277399' U='IN' F='Width*0.25585959277399'/><Cell N='B' V='1.47020950606179' U='IN' F='Height*0.98013967070786'/><Cell N='C' V='0' U='DA'/><Cell N='D' V='1.724137931034467' F='Width/Height*2.5862068965517'/></Row><Row T='LineTo' IX='16'><Cell N='X' V='0.25' U='IN' F='Width*0.25'/><Cell N='Y' V='0.616987298107785' U='IN' F='Height*0.41132486540519'/></Row><Row T='LineTo' IX='17'><Cell N='X' V='0.046096829693355' U='IN' F='Width*0.046096829693355'/><Cell N='Y' V='0.6716229879255899' U='IN' F='Height*0.44774865861706'/></Row><Row T='EllipticalArcTo' IX='18'><Cell N='X' V='0' U='IN' F='Width*0'/><Cell N='Y' V='0.550000000000005' U='IN' F='Height*0.36666666666667'/><Cell N='A' V='0.011660166915846' U='IN' F='Width*0.011660166915846'/><Cell N='B' V='0.6122634995580301' U='IN' F='Height*0.40817566637202'/><Cell N='C' V='0' U='DA'/><Cell N='D' V='1.724137931034467' F='Width/Height*2.5862068965517'/></Row><Row T='LineTo' IX='19'><Cell N='X' V='0' U='IN' F='Width*0'/><Cell N='Y' V='0.289999999999995' U='IN' F='Height*0.19333333333333'/></Row><Row T='EllipticalArcTo' IX='20'><Cell N='X' V='1' U='IN' F='Width*1'/><Cell N='Y' V='0.289999999999995' U='IN' F='Height*0.19333333333333'/><Cell N='A' V='0.5' U='IN' F='Width*0.5'/><Cell N='B' V='0' U='IN' F='Height*0'/><Cell N='C' V='0' U='DA'/><Cell N='D' V='1.724137931034467' F='Width/Height*2.5862068965517'/></Row><Row T='LineTo' IX='21'><Cell N='X' V='1' U='IN' F='Width*1'/><Cell N='Y' V='0.550000000000005' U='IN' F='Height*0.36666666666667'/></Row></Section></Shape><Shape ID='21' Type='Shape' LineStyle='35' FillStyle='35' TextStyle='35'><Cell N='PinX' V='0.5' U='IN' F='Sheet.5!Width*0.5'/><Cell N='PinY' V='1.438750000000005' U='IN' F='Sheet.5!Height*0.95916666666667'/><Cell N='Width' V='0.235' U='IN' F='Sheet.5!Width*0.235'/><Cell N='Height' V='0.0578031149736135' U='IN' F='Sheet.5!Height*0.038535409982409'/><Cell N='LocPinX' V='0.1175' U='IN' F='Width*0.5'/><Cell N='LocPinY' V='0.02890155748680675' U='IN' F='Height*0.5'/><Cell N='Angle' V='0'/><Cell N='FlipX' V='0'/><Cell N='FlipY' V='0'/><Cell N='ResizeMode' V='0'/><Cell N='LineWeight' V='0.01' U='PT' F='GUARD(0.72PT)'/><Cell N='LineColor' V='#ffffff' F='GUARD(RGB(255,255,255))'/><Cell N='LinePattern' V='1' F='GUARD(1)'/><Cell N='Rounding' V='0' F='GUARD(0)'/><Cell N='BeginArrow' V='0' F='GUARD(0)'/><Cell N='EndArrow' V='0' F='GUARD(0)'/><Cell N='FillPattern' V='31' F='GUARD(31)'/><Cell N='ShdwPattern' V='0' F='GUARD(0)'/><Cell N='Copyright' V='Copyright (c) 2012 Microsoft Corporation.  All rights reserved.'/><Cell N='LayerMember' V='' F='No Formula'/><Cell N='FillGradientDir' V='12' F='GUARD(12)'/><Cell N='FillGradientEnabled' V='1' F='GUARD(TRUE)'/><Cell N='UseGroupGradient' V='0' F='GUARD(FALSE)'/><Section N='Geometry' IX='0'><Cell N='NoFill' V='0'/><Cell N='NoLine' V='0'/><Cell N='NoShow' V='0'/><Cell N='NoSnap' V='0'/><Cell N='NoQuickDrag' V='0' F='No Formula'/><Row T='MoveTo' IX='1'><Cell N='X' V='0.2243580578839095' U='IN' F='Width*0.95471513993153'/><Cell N='Y' V='0.0003114282800918289' U='IN' F='Height*0.0053877421698466'/></Row><Row T='EllipticalArcTo' IX='2'><Cell N='X' V='0.2243580578839095' U='IN' F='Width*0.95471513993153'/><Cell N='Y' V='0.05749168669352147' U='IN' F='Height*0.99461225783015'/><Cell N='A' V='0.2349999999999976' U='IN' F='Width*0.99999999999999'/><Cell N='B' V='0.02890155748680733' U='IN' F='Height*0.50000000000001'/><Cell N='C' V='0' U='DA'/><Cell N='D' V='1.709090909090872' F='Width/Height*0.42038629071718'/></Row><Row T='LineTo' IX='3'><Cell N='X' V='0.2243580578839095' U='IN' F='Width*0.95471513993153'/><Cell N='Y' V='0.0003114282800918289' U='IN' F='Height*0.0053877421698466'/></Row></Section><Section N='Geometry' IX='1'><Cell N='NoFill' V='0'/><Cell N='NoLine' V='0'/><Cell N='NoShow' V='0'/><Cell N='NoSnap' V='0'/><Cell N='NoQuickDrag' V='0' F='No Formula'/><Row T='MoveTo' IX='1'><Cell N='X' V='0.01088693546377781' U='IN' F='Width*0.046327384952246'/><Cell N='Y' V='0.05780311497361292' U='IN' F='Height*0.99999999999999'/></Row><Row T='EllipticalArcTo' IX='2'><Cell N='X' V='0.01088693546377851' U='IN' F='Width*0.046327384952249'/><Cell N='Y' V='0' U='IN' F='Height*0'/><Cell N='A' V='0' U='IN' F='Width*0'/><Cell N='B' V='0.02890155748680617' U='IN' F='Height*0.49999999999999'/><Cell N='C' V='0' U='DA'/><Cell N='D' V='1.709090909090872' F='Width/Height*0.42038629071718'/></Row><Row T='LineTo' IX='3'><Cell N='X' V='0.01088693546377781' U='IN' F='Width*0.046327384952246'/><Cell N='Y' V='0.05780311497361292' U='IN' F='Height*0.99999999999999'/></Row></Section></Shape><Shape ID='15' Type='Shape' LineStyle='31' FillStyle='31' TextStyle='31'><Cell N='PinX' V='0.5' U='IN' F='Sheet.5!Width*0.5'/><Cell N='PinY' V='1.397' U='IN' F='Sheet.5!Height*0.93133333333333'/><Cell N='Width' V='0.5' U='IN' F='Sheet.5!Width*0.5'/><Cell N='Height' V='0.205999999999995' U='IN' F='Sheet.5!Height*0.13733333333333'/><Cell N='LocPinX' V='0.25' U='IN' F='Width*0.5'/><Cell N='LocPinY' V='0.1029999999999975' U='IN' F='Height*0.5'/><Cell N='Angle' V='0'/><Cell N='FlipX' V='0'/><Cell N='FlipY' V='0'/><Cell N='ResizeMode' V='0'/><Cell N='Copyright' V='Copyright (c) 2012 Microsoft Corporation.  All rights reserved.'/><Cell N='LayerMember' V='' F='No Formula'/><Cell N='FillPattern' V='30' F='GUARD(30)'/><Cell N='ShdwPattern' V='0' F='GUARD(0)'/><Cell N='LineWeight' V='0.01' U='PT' F='GUARD(0.72PT)'/><Cell N='LineColor' V='#ffffff' F='GUARD(RGB(255,255,255))'/><Cell N='LinePattern' V='1' F='GUARD(1)'/><Cell N='Rounding' V='0' F='GUARD(0)'/><Cell N='BeginArrow' V='0' F='GUARD(0)'/><Cell N='EndArrow' V='0' F='GUARD(0)'/><Cell N='FillGradientDir' V='0' F='GUARD(0)'/><Cell N='FillGradientAngle' V='4.7123889803847' U='DEG' F='GUARD(270DEG)'/><Cell N='FillGradientEnabled' V='1' F='GUARD(TRUE)'/><Cell N='UseGroupGradient' V='0' F='GUARD(FALSE)'/><Section N='Geometry' IX='0'><Cell N='NoFill' V='0'/><Cell N='NoLine' V='0'/><Cell N='NoShow' V='0'/><Cell N='NoSnap' V='0'/><Cell N='NoQuickDrag' V='0' F='No Formula'/><Row T='MoveTo' IX='1'><Cell N='X' V='0.0231636924761275' U='IN' F='Width*0.046327384952255'/><Cell N='Y' V='0.2059560121539888' U='IN' F='Height*0.99978646676696'/></Row><Row T='EllipticalArcTo' IX='2'><Cell N='X' V='0.477357569965765' U='IN' F='Width*0.95471513993153'/><Cell N='Y' V='0.2052991815996121' U='IN' F='Height*0.99659796893018'/><Cell N='A' V='0.249376663243915' U='IN' F='Width*0.49875332648783'/><Cell N='B' V='4.507172060252967E-7' U='IN' F='Height*2.1879476020646E-6'/><Cell N='C' V='0' U='DA'/><Cell N='D' V='1.724137931034508' F='Width/Height*0.7103448275862'/></Row><Row T='LineTo' IX='3'><Cell N='X' V='0.35685805788391' U='IN' F='Width*0.71371611576782'/><Cell N='Y' V='0.173340615351816' U='IN' F='Height*0.84145929782437'/></Row><Row T='EllipticalArcTo' IX='4'><Cell N='X' V='0.14338693546378' U='IN' F='Width*0.28677387092756'/><Cell N='Y' V='0.1736493257123717' U='IN' F='Height*0.84295789180765'/><Cell N='A' V='0.24970703172464' U='IN' F='Width*0.49941406344928'/><Cell N='B' V='0.0768502118370855' U='IN' F='Height*0.37305928076256'/><Cell N='C' V='0' U='DA'/><Cell N='D' V='1.724137931034508' F='Width/Height*0.7103448275862'/></Row><Row T='LineTo' IX='5'><Cell N='X' V='0.023' U='IN' F='Width*0.046'/><Cell N='Y' V='0.205999999999995' U='IN' F='Height*1'/></Row></Section></Shape><Shape ID='20' Type='Shape' LineStyle='31' FillStyle='31' TextStyle='31'><Cell N='PinX' V='0.5' U='IN' F='Sheet.5!Width*0.5'/><Cell N='PinY' V='0.4658114939628' U='IN' F='Sheet.5!Height*0.3105409959752'/><Cell N='Width' V='1' U='IN' F='Sheet.5!Width*1'/><Cell N='Height' V='0.411622987925595' U='IN' F='Sheet.5!Height*0.27441532528373'/><Cell N='LocPinX' V='0.5' U='IN' F='Width*0.5'/><Cell N='LocPinY' V='0.2058114939627975' U='IN' F='Height*0.5'/><Cell N='Angle' V='0'/><Cell N='FlipX' V='0'/><Cell N='FlipY' V='0'/><Cell N='ResizeMode' V='0'/><Cell N='Copyright' V='Copyright (c) 2012 Microsoft Corporation.  All rights reserved.'/><Cell N='LayerMember' V='' F='No Formula'/><Cell N='FillPattern' V='30' F='GUARD(30)'/><Cell N='ShdwPattern' V='0' F='GUARD(0)'/><Cell N='LineWeight' V='0.01' U='PT' F='GUARD(0.72PT)'/><Cell N='LineColor' V='#ffffff' F='GUARD(RGB(255,255,255))'/><Cell N='LinePattern' V='1' F='GUARD(1)'/><Cell N='Rounding' V='0' F='GUARD(0)'/><Cell N='BeginArrow' V='0' F='GUARD(0)'/><Cell N='EndArrow' V='0' F='GUARD(0)'/><Cell N='FillGradientDir' V='0' F='GUARD(0)'/><Cell N='FillGradientAngle' V='4.7123889803847' U='DEG' F='GUARD(270DEG)'/><Cell N='FillGradientEnabled' V='1' F='GUARD(TRUE)'/><Cell N='UseGroupGradient' V='0' F='GUARD(FALSE)'/><Section N='Geometry' IX='0'><Cell N='NoFill' V='0'/><Cell N='NoLine' V='0'/><Cell N='NoShow' V='0'/><Cell N='NoSnap' V='0'/><Cell N='NoQuickDrag' V='0' F='No Formula'/><Row T='MoveTo' IX='1'><Cell N='X' V='0.04609682969336' U='IN' F='Width*0.04609682969336'/><Cell N='Y' V='0.4116229879255909' U='IN' F='Height*0.99999999999999'/></Row><Row T='EllipticalArcTo' IX='2'><Cell N='X' V='0.95390317030664' U='IN' F='Width*0.95390317030664'/><Cell N='Y' V='0.411622987925595' U='IN' F='Height*1'/><Cell N='A' V='0.5' U='IN' F='Width*0.5'/><Cell N='B' V='0' U='IN' F='Height*0'/><Cell N='C' V='0' U='DA'/><Cell N='D' V='1.724137931034489' F='Width/Height*0.70969480676827'/></Row><Row T='LineTo' IX='3'><Cell N='X' V='0.5' U='IN' F='Width*0.5'/><Cell N='Y' V='0.2899999999999992' U='IN' F='Height*0.70452819329036'/></Row><Row T='LineTo' IX='4'><Cell N='X' V='0.046096829693355' U='IN' F='Width*0.046096829693355'/><Cell N='Y' V='0.4116229879255868' U='IN' F='Height*0.99999999999998'/></Row></Section></Shape><Shape ID='6' Type='Shape' LineStyle='31' FillStyle='31' TextStyle='31'><Cell N='PinX' V='0.5' U='IN' F='Sheet.5!Width*0.5'/><Cell N='PinY' V='0.3896207252928' U='IN' F='Sheet.5!Height*0.2597471501952'/><Cell N='Width' V='0.90780634061329' U='IN' F='Sheet.5!Width*0.90780634061329'/><Cell N='Height' V='0.200758549414395' U='IN' F='Sheet.5!Height*0.13383903294293'/><Cell N='LocPinX' V='0.453903170306645' U='IN' F='Width*0.5'/><Cell N='LocPinY' V='0.1003792747071975' U='IN' F='Height*0.5'/><Cell N='Angle' V='0'/><Cell N='FlipX' V='0'/><Cell N='FlipY' V='0'/><Cell N='ResizeMode' V='0'/><Cell N='Copyright' V='Copyright (c) 2012 Microsoft Corporation.  All rights reserved.'/><Cell N='LayerMember' V='' F='No Formula'/><Cell N='FillPattern' V='30' F='GUARD(30)'/><Cell N='ShdwPattern' V='0' F='GUARD(0)'/><Cell N='LineWeight' V='0.01' U='PT' F='GUARD(0.72PT)'/><Cell N='LineColor' V='#ffffff' F='GUARD(RGB(255,255,255))'/><Cell N='LinePattern' V='1' F='GUARD(1)'/><Cell N='Rounding' V='0' F='GUARD(0)'/><Cell N='BeginArrow' V='0' F='GUARD(0)'/><Cell N='EndArrow' V='0' F='GUARD(0)'/><Cell N='FillGradientDir' V='0' F='GUARD(0)'/><Cell N='FillGradientAngle' V='4.7123889803847' U='DEG' F='GUARD(270DEG)'/><Cell N='FillGradientEnabled' V='1' F='GUARD(TRUE)'/><Cell N='UseGroupGradient' V='0' F='GUARD(FALSE)'/><Section N='Geometry' IX='0'><Cell N='NoFill' V='1'/><Cell N='NoLine' V='0'/><Cell N='NoShow' V='0'/><Cell N='NoSnap' V='0'/><Cell N='NoQuickDrag' V='0' F='No Formula'/><Row T='MoveTo' IX='1'><Cell N='X' V='0' U='IN' F='Width*0'/><Cell N='Y' V='0.1391355614888047' U='IN' F='Height*0.69304924694195'/></Row><Row T='LineTo' IX='2'><Cell N='X' V='0.2289031703066392' U='IN' F='Width*0.25214978136416'/><Cell N='Y' V='0.200758549414395' U='IN' F='Height*1'/></Row><Row T='MoveTo' IX='3'><Cell N='X' V='0.3449031703066455' U='IN' F='Width*0.37993033852753'/><Cell N='Y' V='0.1307585494143954' U='IN' F='Height*0.65132244577286'/></Row><Row T='LineTo' IX='4'><Cell N='X' V='0.2351007676667104' U='IN' F='Width*0.25897678518954'/><Cell N='Y' V='0' U='IN' F='Height*0'/></Row><Row T='MoveTo' IX='5'><Cell N='X' V='0.6727055729465886' U='IN' F='Width*0.74102321481047'/><Cell N='Y' V='0' U='IN' F='Height*0'/></Row><Row T='LineTo' IX='6'><Cell N='X' V='0.5629031703066445' U='IN' F='Width*0.62006966147247'/><Cell N='Y' V='0.1307585494143954' U='IN' F='Height*0.65132244577286'/></Row><Row T='MoveTo' IX='7'><Cell N='X' V='0.6789031703066417' U='IN' F='Width*0.74785021863583'/><Cell N='Y' V='0.200758549414395' U='IN' F='Height*1'/></Row><Row T='LineTo' IX='8'><Cell N='X' V='0.90780634061329' U='IN' F='Width*1'/><Cell N='Y' V='0.1391355614888027' U='IN' F='Height*0.69304924694194'/></Row></Section></Shape><Shape ID='9' Type='Shape' LineStyle='31' FillStyle='31' TextStyle='31'><Cell N='PinX' V='0.5' U='IN' F='Sheet.5!Width*0.5'/><Cell N='PinY' V='1.35939029804304' U='IN' F='Sheet.5!Height*0.90626019869536'/><Cell N='Width' V='0.45390317030664' U='IN' F='Sheet.5!Width*0.45390317030664'/><Cell N='Height' V='0.101539145500482' U='IN' F='Sheet.5!Height*0.067692763666988'/><Cell N='LocPinX' V='0.22695158515332' U='IN' F='Width*0.5'/><Cell N='LocPinY' V='0.05076957275024099' U='IN' F='Height*0.5'/><Cell N='Angle' V='0'/><Cell N='FlipX' V='0'/><Cell N='FlipY' V='0'/><Cell N='ResizeMode' V='0'/><Cell N='Copyright' V='Copyright (c) 2012 Microsoft Corporation.  All rights reserved.'/><Cell N='LayerMember' V='' F='No Formula'/><Cell N='FillPattern' V='30' F='GUARD(30)'/><Cell N='ShdwPattern' V='0' F='GUARD(0)'/><Cell N='LineWeight' V='0.01' U='PT' F='GUARD(0.72PT)'/><Cell N='LineColor' V='#ffffff' F='GUARD(RGB(255,255,255))'/><Cell N='LinePattern' V='1' F='GUARD(1)'/><Cell N='Rounding' V='0' F='GUARD(0)'/><Cell N='BeginArrow' V='0' F='GUARD(0)'/><Cell N='EndArrow' V='0' F='GUARD(0)'/><Cell N='FillGradientDir' V='0' F='GUARD(0)'/><Cell N='FillGradientAngle' V='4.7123889803847' U='DEG' F='GUARD(270DEG)'/><Cell N='FillGradientEnabled' V='1' F='GUARD(TRUE)'/><Cell N='UseGroupGradient' V='0' F='GUARD(FALSE)'/><Section N='Geometry' IX='0'><Cell N='NoFill' V='1'/><Cell N='NoLine' V='0'/><Cell N='NoShow' V='0'/><Cell N='NoSnap' V='0'/><Cell N='NoQuickDrag' V='0' F='No Formula'/><Row T='MoveTo' IX='1'><Cell N='X' V='0' U='IN' F='Width*0'/><Cell N='Y' V='0.06956778074440176' U='IN' F='Height*0.68513261955776'/></Row><Row T='LineTo' IX='2'><Cell N='X' V='0.1203385206171017' U='IN' F='Width*0.26511936573566'/><Cell N='Y' V='0.1012277172203903' U='IN' F='Height*0.99693292396192'/></Row><Row T='MoveTo' IX='3'><Cell N='X' V='0.1769515851533193' U='IN' F='Width*0.38984434727296'/><Cell N='Y' V='0.06887927470719765' U='IN' F='Height*0.67835192395696'/></Row><Row T='LineTo' IX='4'><Cell N='X' V='0.1175503838333494' U='IN' F='Width*0.25897678518953'/><Cell N='Y' V='0' U='IN' F='Height*0'/></Row><Row T='MoveTo' IX='5'><Cell N='X' V='0.3363527864732906' U='IN' F='Width*0.74102321481047'/><Cell N='Y' V='0' U='IN' F='Height*0'/></Row><Row T='LineTo' IX='6'><Cell N='X' V='0.2769515851533208' U='IN' F='Width*0.61015565272704'/><Cell N='Y' V='0.06887927470719765' U='IN' F='Height*0.67835192395696'/></Row><Row T='MoveTo' IX='7'><Cell N='X' V='0.3338096430372277' U='IN' F='Width*0.73542038230691'/><Cell N='Y' V='0.101539145500482' U='IN' F='Height*1'/></Row><Row T='LineTo' IX='8'><Cell N='X' V='0.45390317030664' U='IN' F='Width*1'/><Cell N='Y' V='0.06956778074440176' U='IN' F='Height*0.68513261955776'/></Row></Section></Shape><Shape ID='16' Type='Shape' LineStyle='33' FillStyle='33' TextStyle='33'><Cell N='PinX' V='0.5' U='IN' F='Sheet.5!Width*0.5'/><Cell N='PinY' V='0.922000000000005' U='IN' F='Sheet.5!Height*0.61466666666667'/><Cell N='Width' V='0.5' U='IN' F='Sheet.5!Width*0.5'/><Cell N='Height' V='1.034' U='IN' F='Sheet.5!Height*0.68933333333333'/><Cell N='LocPinX' V='0.25' U='IN' F='Width*0.5'/><Cell N='LocPinY' V='0.5169999999999975' U='IN' F='Height*0.5'/><Cell N='Angle' V='0'/><Cell N='FlipX' V='0'/><Cell N='FlipY' V='0'/><Cell N='ResizeMode' V='0'/><Cell N='FillPattern' V='26' F='GUARD(26)'/><Cell N='ShdwPattern' V='0' F='GUARD(0)'/><Cell N='Copyright' V='Copyright (c) 2012 Microsoft Corporation.  All rights reserved.'/><Cell N='LayerMember' V='' F='No Formula'/><Cell N='LineWeight' V='0.01' U='PT' F='GUARD(0.72PT)'/><Cell N='LineColor' V='#a78450' F='GUARD(RGB(167,132,80))'/><Cell N='LinePattern' V='1' F='GUARD(1)'/><Cell N='Rounding' V='0' F='GUARD(0)'/><Cell N='BeginArrow' V='0' F='GUARD(0)'/><Cell N='EndArrow' V='0' F='GUARD(0)'/><Cell N='FillGradientDir' V='0' F='GUARD(0)'/><Cell N='FillGradientAngle' V='3.1415926535898' U='DEG' F='GUARD(180DEG)'/><Cell N='FillGradientEnabled' V='1' F='GUARD(TRUE)'/><Cell N='UseGroupGradient' V='0' F='GUARD(FALSE)'/><Section N='FillGradient'><Row IX='0'><Cell N='GradientStopColor' V='#c9ba96' F='THEMEGUARD(IF(ISTHEMED(),SETATREFEXPR(TINT(THEMEVAL("AccentColor2"),20)),SETATREFEXPR(RGB(201,186,150))))'/><Cell N='GradientStopPosition' V='0.01' F='THEMEVAL("FillStop1Position",1%)'/></Row><Row IX='1'><Cell N='GradientStopColor' V='#ffffff' F='THEMEGUARD(IF(ISTHEMED(),SETATREFEXPR(THEMEVAL("AccentColor2")),SETATREFEXPR(RGB(255,255,255))))'/><Cell N='GradientStopPosition' V='0.5' F='THEMEVAL("FillStop2Position",50%)'/></Row><Row IX='2'><Cell N='GradientStopColor' V='#c9ba96' F='THEMEGUARD(IF(ISTHEMED(),SETATREFEXPR(TINT(THEMEVAL("AccentColor2"),20)),SETATREFEXPR(RGB(201,186,150))))'/><Cell N='GradientStopColorTrans' V='0' F='THEMEVAL("FillStop3Transparency",0%)'/><Cell N='GradientStopPosition' V='1' F='THEMEVAL("FillStop3Position",100%)'/></Row></Section><Section N='Geometry' IX='0'><Cell N='NoFill' V='0'/><Cell N='NoLine' V='0'/><Cell N='NoShow' V='0'/><Cell N='NoSnap' V='0'/><Cell N='NoQuickDrag' V='0' F='No Formula'/><Row T='MoveTo' IX='1'><Cell N='X' V='0' U='IN' F='Width*0'/><Cell N='Y' V='1.034' U='IN' F='Height*1'/></Row><Row T='LineTo' IX='2'><Cell N='X' V='0' U='IN' F='Width*0'/><Cell N='Y' V='0.1449999999999944' U='IN' F='Height*0.14023210831721'/></Row><Row T='EllipticalArcTo' IX='3'><Cell N='X' V='0.5' U='IN' F='Width*1'/><Cell N='Y' V='0.1449999999999944' U='IN' F='Height*0.14023210831721'/><Cell N='A' V='0.25' U='IN' F='Width*0.5'/><Cell N='B' V='0' U='IN' F='Height*0'/><Cell N='C' V='0' U='DA'/><Cell N='D' V='1.724137931034486' F='Width/Height*3.5655172413793'/></Row><Row T='LineTo' IX='4'><Cell N='X' V='0.5' U='IN' F='Width*1'/><Cell N='Y' V='1.034' U='IN' F='Height*1'/></Row><Row T='EllipticalArcTo' IX='5'><Cell N='X' V='0' U='IN' F='Geometry1.X1'/><Cell N='Y' V='1.034' U='IN' F='Geometry1.Y1'/><Cell N='A' V='0.250000000000005' U='IN' F='Width*0.50000000000001'/><Cell N='B' V='0.8890000000000005' U='IN' F='Height*0.85976789168279'/><Cell N='C' V='-1.047447718838246E-14' U='DA'/><Cell N='D' V='1.724137931034486' F='Width/Height*3.5655172413793'/></Row></Section></Shape><Shape ID='8' Type='Shape' LineStyle='33' FillStyle='33' TextStyle='33'><Cell N='PinX' V='0.5' U='IN' F='Sheet.5!Width*0.5'/><Cell N='PinY' V='0.899094253018605' U='IN' F='Sheet.5!Height*0.59939616867907'/><Cell N='Width' V='0.45390317030664' U='IN' F='Sheet.5!Width*0.45390317030664'/><Cell N='Height' V='0.95818850603721' U='IN' F='Sheet.5!Height*0.63879233735814'/><Cell N='LocPinX' V='0.22695158515332' U='IN' F='Width*0.5'/><Cell N='LocPinY' V='0.479094253018605' U='IN' F='Height*0.5'/><Cell N='Angle' V='0'/><Cell N='FlipX' V='0'/><Cell N='FlipY' V='0'/><Cell N='ResizeMode' V='0'/><Cell N='Copyright' V='Copyright (c) 2012 Microsoft Corporation.  All rights reserved.'/><Cell N='LayerMember' V='' F='No Formula'/><Cell N='FillPattern' V='32' F='GUARD(32)'/><Cell N='ShdwPattern' V='0' F='GUARD(0)'/><Cell N='LineWeight' V='0.01' U='PT' F='GUARD(0.72PT)'/><Cell N='LineColor' V='#a78450' F='GUARD(RGB(167,132,80))'/><Cell N='LinePattern' V='1' F='GUARD(1)'/><Cell N='Rounding' V='0' F='GUARD(0)'/><Cell N='BeginArrow' V='0' F='GUARD(0)'/><Cell N='EndArrow' V='0' F='GUARD(0)'/><Cell N='FillGradientDir' V='11' F='GUARD(11)'/><Cell N='FillGradientEnabled' V='1' F='GUARD(TRUE)'/><Cell N='UseGroupGradient' V='0' F='GUARD(FALSE)'/><Section N='Geometry' IX='0'><Cell N='NoFill' V='1'/><Cell N='NoLine' V='0'/><Cell N='NoShow' V='0'/><Cell N='NoSnap' V='0'/><Cell N='NoQuickDrag' V='0' F='No Formula'/><Row T='MoveTo' IX='1'><Cell N='X' V='0' U='IN' F='Width*0'/><Cell N='Y' V='0.95818850603721' U='IN' F='Height*1'/></Row><Row T='LineTo' IX='2'><Cell N='X' V='0.001951585153321798' U='IN' F='Width*0.0042995627283312'/><Cell N='Y' V='0.07000000000000069' U='IN' F='Height*0.073054518561802'/></Row><Row T='MoveTo' IX='3'><Cell N='X' V='0.1179515851533217' U='IN' F='Width*0.25986067705506'/><Cell N='Y' V='0' U='IN' F='Height*0'/></Row><Row T='LineTo' IX='4'><Cell N='X' V='0.1175503838333494' U='IN' F='Width*0.25897678518953'/><Cell N='Y' V='0.8886207252928043' U='IN' F='Height*0.92739656100435'/></Row><Row T='MoveTo' IX='5'><Cell N='X' V='0.3363527864732906' U='IN' F='Width*0.74102321481047'/><Cell N='Y' V='0.8886207252928043' U='IN' F='Height*0.92739656100435'/></Row><Row T='LineTo' IX='6'><Cell N='X' V='0.3359515851533184' U='IN' F='Width*0.74013932294494'/><Cell N='Y' V='0' U='IN' F='Height*0'/></Row><Row T='MoveTo' IX='7'><Cell N='X' V='0.4519515851533188' U='IN' F='Width*0.99570043727167'/><Cell N='Y' V='0.07000000000000069' U='IN' F='Height*0.073054518561802'/></Row><Row T='LineTo' IX='8'><Cell N='X' V='0.45390317030664' U='IN' F='Width*1'/><Cell N='Y' V='0.95818850603721' U='IN' F='Height*1'/></Row></Section></Shape><Shape ID='12' Type='Shape' LineStyle='33' FillStyle='33' TextStyle='33'><Cell N='PinX' V='0.5' U='IN' F='Sheet.5!Width*0.5'/><Cell N='PinY' V='0.274999999999995' U='IN' F='Sheet.5!Height*0.18333333333333'/><Cell N='Width' V='1' U='IN' F='Sheet.5!Width*1'/><Cell N='Height' V='0.550000000000005' U='IN' F='Sheet.5!Height*0.36666666666667'/><Cell N='LocPinX' V='0.5' U='IN' F='Width*0.5'/><Cell N='LocPinY' V='0.2750000000000025' U='IN' F='Height*0.5'/><Cell N='Angle' V='0'/><Cell N='FlipX' V='0'/><Cell N='FlipY' V='0'/><Cell N='ResizeMode' V='0'/><Cell N='FillPattern' V='26' F='GUARD(26)'/><Cell N='ShdwPattern' V='0' F='GUARD(0)'/><Cell N='Copyright' V='Copyright (c) 2012 Microsoft Corporation.  All rights reserved.'/><Cell N='LayerMember' V='' F='No Formula'/><Cell N='LineWeight' V='0.01' U='PT' F='GUARD(0.72PT)'/><Cell N='LineColor' V='#a78450' F='GUARD(RGB(167,132,80))'/><Cell N='LinePattern' V='1' F='GUARD(1)'/><Cell N='Rounding' V='0' F='GUARD(0)'/><Cell N='BeginArrow' V='0' F='GUARD(0)'/><Cell N='EndArrow' V='0' F='GUARD(0)'/><Cell N='FillGradientDir' V='0' F='GUARD(0)'/><Cell N='FillGradientAngle' V='3.1415926535898' U='DEG' F='GUARD(180DEG)'/><Cell N='FillGradientEnabled' V='1' F='GUARD(TRUE)'/><Cell N='UseGroupGradient' V='0' F='GUARD(FALSE)'/><Section N='FillGradient'><Row IX='0'><Cell N='GradientStopColor' V='#c9ba96' F='THEMEGUARD(IF(ISTHEMED(),SETATREFEXPR(TINT(THEMEVAL("AccentColor2"),20)),SETATREFEXPR(RGB(201,186,150))))'/><Cell N='GradientStopPosition' V='0.01' F='THEMEVAL("FillStop1Position",1%)'/></Row><Row IX='1'><Cell N='GradientStopColor' V='#ffffff' F='THEMEGUARD(IF(ISTHEMED(),SETATREFEXPR(THEMEVAL("AccentColor2")),SETATREFEXPR(RGB(255,255,255))))'/><Cell N='GradientStopPosition' V='0.5' F='THEMEVAL("FillStop2Position",50%)'/></Row><Row IX='2'><Cell N='GradientStopColor' V='#c9ba96' F='THEMEGUARD(IF(ISTHEMED(),SETATREFEXPR(TINT(THEMEVAL("AccentColor2"),20)),SETATREFEXPR(RGB(201,186,150))))'/><Cell N='GradientStopColorTrans' V='0' F='THEMEVAL("FillStop3Transparency",0%)'/><Cell N='GradientStopPosition' V='1' F='THEMEVAL("FillStop3Position",100%)'/></Row></Section><Section N='Geometry' IX='0'><Cell N='NoFill' V='0'/><Cell N='NoLine' V='0'/><Cell N='NoShow' V='0'/><Cell N='NoSnap' V='0'/><Cell N='NoQuickDrag' V='0' F='No Formula'/><Row T='MoveTo' IX='1'><Cell N='X' V='0' U='IN' F='Width*0'/><Cell N='Y' V='0.550000000000005' U='IN' F='Height*1'/></Row><Row T='LineTo' IX='2'><Cell N='X' V='0' U='IN' F='Width*0'/><Cell N='Y' V='0.2900000000000041' U='IN' F='Height*0.52727272727273'/></Row><Row T='EllipticalArcTo' IX='3'><Cell N='X' V='1' U='IN' F='Width*1'/><Cell N='Y' V='0.2900000000000041' U='IN' F='Height*0.52727272727273'/><Cell N='A' V='0.5' U='IN' F='Width*0.5'/><Cell N='B' V='0' U='IN' F='Height*0'/><Cell N='C' V='0' U='DA'/><Cell N='D' V='1.724137931034475' F='Width/Height*0.94827586206897'/></Row><Row T='LineTo' IX='4'><Cell N='X' V='1' U='IN' F='Width*1'/><Cell N='Y' V='0.550000000000005' U='IN' F='Height*1'/></Row><Row T='EllipticalArcTo' IX='5'><Cell N='X' V='0' U='IN' F='Width*0'/><Cell N='Y' V='0.55' U='IN' F='Height*0.99999999999999'/><Cell N='A' V='0.50000000000001' U='IN' F='Width*0.50000000000001'/><Cell N='B' V='0.2600000000000009' U='IN' F='Height*0.47272727272727'/><Cell N='C' V='0' U='DA'/><Cell N='D' V='1.724137931034475' F='Width/Height*0.94827586206897'/></Row></Section></Shape><Shape ID='7' Type='Shape' LineStyle='33' FillStyle='33' TextStyle='33'><Cell N='PinX' V='0.5' U='IN' F='Sheet.5!Width*0.5'/><Cell N='PinY' V='0.22880923133001' U='IN' F='Sheet.5!Height*0.15253948755334'/><Cell N='Width' V='0.90780634061329' U='IN' F='Sheet.5!Width*0.90780634061329'/><Cell N='Height' V='0.399135561488805' U='IN' F='Sheet.5!Height*0.26609037432587'/><Cell N='LocPinX' V='0.453903170306645' U='IN' F='Width*0.5'/><Cell N='LocPinY' V='0.1995677807444025' U='IN' F='Height*0.5'/><Cell N='Angle' V='0'/><Cell N='FlipX' V='0'/><Cell N='FlipY' V='0'/><Cell N='ResizeMode' V='0'/><Cell N='Copyright' V='Copyright (c) 2012 Microsoft Corporation.  All rights reserved.'/><Cell N='LayerMember' V='' F='No Formula'/><Cell N='FillPattern' V='32' F='GUARD(32)'/><Cell N='ShdwPattern' V='0' F='GUARD(0)'/><Cell N='LineWeight' V='0.01' U='PT' F='GUARD(0.72PT)'/><Cell N='LineColor' V='#a78450' F='GUARD(RGB(167,132,80))'/><Cell N='LinePattern' V='1' F='GUARD(1)'/><Cell N='Rounding' V='0' F='GUARD(0)'/><Cell N='BeginArrow' V='0' F='GUARD(0)'/><Cell N='EndArrow' V='0' F='GUARD(0)'/><Cell N='FillGradientDir' V='11' F='GUARD(11)'/><Cell N='FillGradientEnabled' V='1' F='GUARD(TRUE)'/><Cell N='UseGroupGradient' V='0' F='GUARD(FALSE)'/><Section N='Geometry' IX='0'><Cell N='NoFill' V='1'/><Cell N='NoLine' V='0'/><Cell N='NoShow' V='0'/><Cell N='NoSnap' V='0'/><Cell N='NoQuickDrag' V='0' F='No Formula'/><Row T='MoveTo' IX='1'><Cell N='X' V='0' U='IN' F='Width*0'/><Cell N='Y' V='0.399135561488805' U='IN' F='Height*1'/></Row><Row T='LineTo' IX='2'><Cell N='X' V='0' U='IN' F='Width*0'/><Cell N='Y' V='0.1391355614888016' U='IN' F='Height*0.34859224512548'/></Row><Row T='MoveTo' IX='3'><Cell N='X' V='0.2351007676667104' U='IN' F='Width*0.25897678518954'/><Cell N='Y' V='0' U='IN' F='Height*0'/></Row><Row T='LineTo' IX='4'><Cell N='X' V='0.2351007676667104' U='IN' F='Width*0.25897678518954'/><Cell N='Y' V='0.2599999999999994' U='IN' F='Height*0.65140775487451'/></Row><Row T='MoveTo' IX='5'><Cell N='X' V='0.6727055729465886' U='IN' F='Width*0.74102321481047'/><Cell N='Y' V='0.2599999999999994' U='IN' F='Height*0.65140775487451'/></Row><Row T='LineTo' IX='6'><Cell N='X' V='0.6727055729465886' U='IN' F='Width*0.74102321481047'/><Cell N='Y' V='0' U='IN' F='Height*0'/></Row><Row T='MoveTo' IX='7'><Cell N='X' V='0.90780634061329' U='IN' F='Width*1'/><Cell N='Y' V='0.1391355614888016' U='IN' F='Height*0.34859224512548'/></Row><Row T='LineTo' IX='8'><Cell N='X' V='0.90780634061329' U='IN' F='Width*1'/><Cell N='Y' V='0.399135561488805' U='IN' F='Height*1'/></Row></Section></Shape><Shape ID='14' Type='Shape' LineStyle='37' FillStyle='37' TextStyle='37'><Cell N='PinX' V='0.5' U='IN' F='Sheet.5!Width*0.5'/><Cell N='PinY' V='0.75' U='IN' F='Sheet.5!Height*0.5'/><Cell N='Width' V='1' U='IN' F='Sheet.5!Width*1'/><Cell N='Height' V='1.5' U='IN' F='Sheet.5!Height*1'/><Cell N='LocPinX' V='0.5' U='IN' F='Width*0.5'/><Cell N='LocPinY' V='0.75' U='IN' F='Height*0.5'/><Cell N='Angle' V='0'/><Cell N='FlipX' V='0'/><Cell N='FlipY' V='0'/><Cell N='ResizeMode' V='0'/><Cell N='Copyright' V='Copyright (c) 2012 Microsoft Corporation.  All rights reserved.'/><Cell N='LayerMember' V='' F='No Formula'/><Cell N='FillPattern' V='1' F='GUARD(1)'/><Cell N='ShdwPattern' V='0' F='GUARD(0)'/><Cell N='LineWeight' V='0.02083333333333333' U='PT' F='GUARD(1.5PT)'/><Cell N='LinePattern' V='1' F='GUARD(1)'/><Cell N='Rounding' V='0' F='GUARD(0)'/><Cell N='BeginArrow' V='0' F='GUARD(0)'/><Cell N='EndArrow' V='0' F='GUARD(0)'/><Cell N='FillGradientEnabled' V='0' F='GUARD(FALSE)'/><Section N='Geometry' IX='0'><Cell N='NoFill' V='1'/><Cell N='NoLine' V='0'/><Cell N='NoShow' V='0'/><Cell N='NoSnap' V='0'/><Cell N='NoQuickDrag' V='0' F='No Formula'/><Row T='MoveTo' IX='1'><Cell N='X' V='0.25' U='IN' F='Width*0.25'/><Cell N='Y' V='0.616987298107785' U='IN' F='Height*0.41132486540519'/></Row><Row T='LineTo' IX='2'><Cell N='X' V='0.046096829693355' U='IN' F='Width*0.046096829693355'/><Cell N='Y' V='0.6716229879255899' U='IN' F='Height*0.44774865861706'/></Row><Row T='EllipticalArcTo' IX='3'><Cell N='X' V='0' U='IN' F='Width*0'/><Cell N='Y' V='0.550000000000005' U='IN' F='Height*0.36666666666667'/><Cell N='A' V='0.011660166915846' U='IN' F='Width*0.011660166915846'/><Cell N='B' V='0.6122634995580301' U='IN' F='Height*0.40817566637202'/><Cell N='C' V='0' U='DA'/><Cell N='D' V='1.724137931034467' F='Width/Height*2.5862068965517'/></Row><Row T='LineTo' IX='4'><Cell N='X' V='0' U='IN' F='Width*0'/><Cell N='Y' V='0.289999999999995' U='IN' F='Height*0.19333333333333'/></Row><Row T='EllipticalArcTo' IX='5'><Cell N='X' V='1' U='IN' F='Width*1'/><Cell N='Y' V='0.289999999999995' U='IN' F='Height*0.19333333333333'/><Cell N='A' V='0.5' U='IN' F='Width*0.5'/><Cell N='B' V='0' U='IN' F='Height*0'/><Cell N='C' V='0' U='DA'/><Cell N='D' V='1.724137931034467' F='Width/Height*2.5862068965517'/></Row><Row T='LineTo' IX='6'><Cell N='X' V='1' U='IN' F='Width*1'/><Cell N='Y' V='0.550000000000005' U='IN' F='Height*0.36666666666667'/></Row><Row T='EllipticalArcTo' IX='7'><Cell N='X' V='0.95390317030664' U='IN' F='Width*0.95390317030664'/><Cell N='Y' V='0.6716229879255899' U='IN' F='Height*0.44774865861706'/><Cell N='A' V='0.98833983308415' U='IN' F='Width*0.98833983308415'/><Cell N='B' V='0.6122634995580151' U='IN' F='Height*0.40817566637201'/><Cell N='C' V='0' U='DA'/><Cell N='D' V='1.724137931034467' F='Width/Height*2.5862068965517'/></Row><Row T='LineTo' IX='8'><Cell N='X' V='0.75' U='IN' F='Width*0.75'/><Cell N='Y' V='0.616987298107785' U='IN' F='Height*0.41132486540519'/></Row><Row T='LineTo' IX='9'><Cell N='X' V='0.75' U='IN' F='Width*0.75'/><Cell N='Y' V='1.439' U='IN' F='Height*0.95933333333333'/></Row><Row T='EllipticalArcTo' IX='10'><Cell N='X' V='0.72735756996577' U='IN' F='Width*0.72735756996577'/><Cell N='Y' V='1.49929918159962' U='IN' F='Height*0.99953278773308'/><Cell N='A' V='0.74427381408108' U='IN' F='Width*0.74427381408108'/><Cell N='B' V='1.46985634753077' U='IN' F='Height*0.97990423168718'/><Cell N='C' V='0' U='DA'/><Cell N='D' V='1.724137931034467' F='Width/Height*2.5862068965517'/></Row><Row T='LineTo' IX='11'><Cell N='X' V='0.60685805788391' U='IN' F='Width*0.60685805788391'/><Cell N='Y' V='1.467340615351815' U='IN' F='Height*0.97822707690121'/></Row><Row T='LineTo' IX='12'><Cell N='X' V='0.60685805788391' U='IN' F='Width*0.60685805788391'/><Cell N='Y' V='1.41015987079329' U='IN' F='Height*0.94010658052886'/></Row><Row T='EllipticalArcTo' IX='13'><Cell N='X' V='0.39363157251817' U='IN' F='Width*0.39363157251817'/><Cell N='Y' V='1.41004639282527' U='IN' F='Height*0.94003092855018'/><Cell N='A' V='0.50029225789032' U='IN' F='Width*0.50029225789032'/><Cell N='B' V='1.370850210811005' U='IN' F='Height*0.91390014054067'/><Cell N='C' V='0' U='DA'/><Cell N='D' V='1.724137931034467' F='Width/Height*2.5862068965517'/></Row><Row T='LineTo' IX='14'><Cell N='X' V='0.39338693546378' U='IN' F='Width*0.39338693546378'/><Cell N='Y' V='1.467651557486805' U='IN' F='Height*0.97843437165787'/></Row><Row T='LineTo' IX='15'><Cell N='X' V='0.273' U='IN' F='Width*0.273'/><Cell N='Y' V='1.5' U='IN' F='Height*1'/></Row><Row T='EllipticalArcTo' IX='16'><Cell N='X' V='0.25' U='IN' F='Width*0.25'/><Cell N='Y' V='1.439' U='IN' F='Height*0.95933333333333'/><Cell N='A' V='0.25585959277399' U='IN' F='Width*0.25585959277399'/><Cell N='B' V='1.47020950606179' U='IN' F='Height*0.98013967070786'/><Cell N='C' V='0' U='DA'/><Cell N='D' V='1.724137931034467' F='Width/Height*2.5862068965517'/></Row><Row T='LineTo' IX='17'><Cell N='X' V='0.25' U='IN' F='Geometry1.X1'/><Cell N='Y' V='0.616987298107785' U='IN' F='Geometry1.Y1'/></Row></Section></Shape></Shapes></Shape></Shapes></MasterContents>