<?xml version='1.0' encoding='utf-8' ?>
<MasterContents xmlns='http://schemas.microsoft.com/office/visio/2012/main' xmlns:r='http://schemas.openxmlformats.org/officeDocument/2006/relationships' xml:space='preserve'><Shapes><Shape ID='12' Type='Group' LineStyle='39' FillStyle='39' TextStyle='39'><Cell N='PinX' V='0.5' U='IN'/><Cell N='PinY' V='0.5' U='IN'/><Cell N='Width' V='1'/><Cell N='Height' V='0.7'/><Cell N='LocPinX' V='0.5' F='Width*0.5'/><Cell N='LocPinY' V='0.35' F='Height*0.5'/><Cell N='Angle' V='0'/><Cell N='FlipX' V='0'/><Cell N='FlipY' V='0'/><Cell N='ResizeMode' V='0'/><Cell N='ObjType' V='8'/><Cell N='Comment' V='&lt;no master&gt;' F='INDEX(0,INDEX(0,MASTERNAME(),":"),".")'/><Cell N='EventDblClick' V='0' F='OPENTEXTWIN()'/><Cell N='TxtPinX' V='0.5' F='Controls.Row_1'/><Cell N='TxtPinY' V='-0.1222222222222222' F='Controls.Row_1.Y'/><Cell N='TxtWidth' V='0.1111111111111111' F='TEXTWIDTH(TheText)'/><Cell N='TxtHeight' V='0.2444444444444444' F='TEXTHEIGHT(TheText,TxtWidth)'/><Cell N='TxtLocPinX' V='0.05555555555555555' F='TxtWidth*0.5'/><Cell N='TxtLocPinY' V='0.1222222222222222' F='TxtHeight*0.5'/><Cell N='TxtAngle' V='0' F='IF(BITXOR(FlipX,FlipY),1,-1)*Angle'/><Cell N='SelectMode' V='0'/><Cell N='HelpTopic' V='Vis_PRXY.chm!#55083'/><Cell N='Copyright' V='Copyright (c) 2012 Microsoft Corporation.  All rights reserved.'/><Cell N='LayerMember' V='' F='No Formula'/><Cell N='LockAspect' V='1'/><Cell N='QuickStyleVariation' V='6'/><Section N='Actions'><Row N='Properties'><Cell N='Menu' V='%_P&amp;roperties'/><Cell N='Action' V='0' F='RUNADDON("NETWORK SHAPE PROPERTIES")'/><Cell N='Checked' V='0'/><Cell N='Disabled' V='0'/><Cell N='ReadOnly' V='0'/><Cell N='Invisible' V='0'/><Cell N='BeginGroup' V='0'/><Cell N='FlyoutChild' V='0' F='No Formula'/><Cell N='TagName' V=''/><Cell N='ButtonFace' V=''/><Cell N='SortKey' V=''/></Row></Section><Section N='Connection'><Row T='Connection' N='Row_1'><Cell N='X' V='0.5' F='Width*0.5'/><Cell N='Y' V='0.35' F='Height*0.5'/><Cell N='DirX' V='0'/><Cell N='DirY' V='0'/><Cell N='Type' V='0'/><Cell N='AutoGen' V='0'/><Cell N='Prompt' V='' F='No Formula'/></Row></Section><Section N='User'><Row N='HasText'><Cell N='Value' V='0' U='BOOL' F='NOT(OR(HideText,STRSAME(SHAPETEXT(TheText),"")))'/><Cell N='Prompt' V='' F='No Formula'/></Row><Row N='visLegendShape'><Cell N='Value' V='2'/><Cell N='Prompt' V='' F='No Formula'/></Row><Row N='SolSH'><Cell N='Value' V='{BF0433D9-CD73-4EB5-8390-8653BE590246}' U='GUID'/><Cell N='Prompt' V='' F='No Formula'/></Row><Row N='ShapeClass'><Cell N='Value' V='5'/><Cell N='Prompt' V='' F='No Formula'/></Row><Row N='ShapeType'><Cell N='Value' V='8'/><Cell N='Prompt' V='' F='No Formula'/></Row><Row N='SubShapeType'><Cell N='Value' V='24'/><Cell N='Prompt' V='' F='No Formula'/></Row><Row N='visVersion'><Cell N='Value' V='15'/><Cell N='Prompt' V=''/></Row></Section><Section N='Control'><Row N='Row_1'><Cell N='X' V='0.5' F='Width*0.5'/><Cell N='Y' V='-0.1222222222222222' F='-TxtHeight*0.5'/><Cell N='XDyn' V='0.5' F='Controls.Row_1'/><Cell N='YDyn' V='-0.1222222222222222' F='Controls.Row_1.Y'/><Cell N='XCon' V='2' F='(Controls.Row_1&gt;Width/2)*2+2'/><Cell N='YCon' V='7' F='(Controls.Row_1.Y&gt;Height/2)*2+2+5*NOT(User.HasText)'/><Cell N='CanGlue' V='1'/><Cell N='Prompt' V='Reposition Text'/></Row></Section><Section N='Property'><Row N='ShapeClass'><Cell N='Value' V='Equipment' U='STR'/><Cell N='Prompt' V='' F='No Formula'/><Cell N='Label' V='ShapeClass'/><Cell N='Format' V='' F='No Formula'/><Cell N='SortKey' V='' F='No Formula'/><Cell N='Type' V='0'/><Cell N='Invisible' V='1'/><Cell N='Verify' V='0'/><Cell N='DataLinked' V='0' F='No Formula'/><Cell N='LangID' V='en-US'/><Cell N='Calendar' V='0' F='No Formula'/></Row><Row N='ShapeType'><Cell N='Value' V='Device' U='STR'/><Cell N='Prompt' V='' F='No Formula'/><Cell N='Label' V='ShapeType'/><Cell N='Format' V='' F='No Formula'/><Cell N='SortKey' V='' F='No Formula'/><Cell N='Type' V='0'/><Cell N='Invisible' V='1'/><Cell N='Verify' V='0'/><Cell N='DataLinked' V='0' F='No Formula'/><Cell N='LangID' V='en-US'/><Cell N='Calendar' V='0' F='No Formula'/></Row><Row N='SubShapeType'><Cell N='Value' V='ExternalDrive' U='STR'/><Cell N='Prompt' V='' F='No Formula'/><Cell N='Label' V='SubShapeType'/><Cell N='Format' V='' F='No Formula'/><Cell N='SortKey' V='' F='No Formula'/><Cell N='Type' V='0'/><Cell N='Invisible' V='1'/><Cell N='Verify' V='0'/><Cell N='DataLinked' V='0' F='No Formula'/><Cell N='LangID' V='en-US'/><Cell N='Calendar' V='0' F='No Formula'/></Row><Row N='Manufacturer'><Cell N='Value' V='0' F='No Formula'/><Cell N='Prompt' V='' F='No Formula'/><Cell N='Label' V='Manufacturer'/><Cell N='Format' V='' F='No Formula'/><Cell N='SortKey' V='Equipment'/><Cell N='Type' V='0'/><Cell N='Invisible' V='0'/><Cell N='Verify' V='0'/><Cell N='DataLinked' V='0' F='No Formula'/><Cell N='LangID' V='en-US'/><Cell N='Calendar' V='0' F='No Formula'/></Row><Row N='ProductNumber'><Cell N='Value' V='0' F='No Formula'/><Cell N='Prompt' V='' F='No Formula'/><Cell N='Label' V='Product Number'/><Cell N='Format' V='' F='No Formula'/><Cell N='SortKey' V='Equipment'/><Cell N='Type' V='0'/><Cell N='Invisible' V='0'/><Cell N='Verify' V='0'/><Cell N='DataLinked' V='0' F='No Formula'/><Cell N='LangID' V='en-US'/><Cell N='Calendar' V='0' F='No Formula'/></Row><Row N='PartNumber'><Cell N='Value' V='0' F='No Formula'/><Cell N='Prompt' V='' F='No Formula'/><Cell N='Label' V='Part Number'/><Cell N='Format' V='' F='No Formula'/><Cell N='SortKey' V='Equipment'/><Cell N='Type' V='0'/><Cell N='Invisible' V='0'/><Cell N='Verify' V='0'/><Cell N='DataLinked' V='0' F='No Formula'/><Cell N='LangID' V='en-US'/><Cell N='Calendar' V='0' F='No Formula'/></Row><Row N='ProductDescription'><Cell N='Value' V='0' F='No Formula'/><Cell N='Prompt' V='' F='No Formula'/><Cell N='Label' V='Product Description'/><Cell N='Format' V='' F='No Formula'/><Cell N='SortKey' V='Equipment'/><Cell N='Type' V='0'/><Cell N='Invisible' V='0'/><Cell N='Verify' V='0'/><Cell N='DataLinked' V='0' F='No Formula'/><Cell N='LangID' V='en-US'/><Cell N='Calendar' V='0' F='No Formula'/></Row><Row N='AssetNumber'><Cell N='Value' V='0' F='No Formula'/><Cell N='Prompt' V='' F='No Formula'/><Cell N='Label' V='Asset Number'/><Cell N='Format' V='' F='No Formula'/><Cell N='SortKey' V='Asset'/><Cell N='Type' V='0'/><Cell N='Invisible' V='0'/><Cell N='Verify' V='0'/><Cell N='DataLinked' V='0' F='No Formula'/><Cell N='LangID' V='en-US'/><Cell N='Calendar' V='0' F='No Formula'/></Row><Row N='SerialNumber'><Cell N='Value' V='0' F='No Formula'/><Cell N='Prompt' V='' F='No Formula'/><Cell N='Label' V='Serial Number'/><Cell N='Format' V='' F='No Formula'/><Cell N='SortKey' V='Asset'/><Cell N='Type' V='0'/><Cell N='Invisible' V='0'/><Cell N='Verify' V='0'/><Cell N='DataLinked' V='0' F='No Formula'/><Cell N='LangID' V='en-US'/><Cell N='Calendar' V='0' F='No Formula'/></Row><Row N='Location'><Cell N='Value' V='0' F='No Formula'/><Cell N='Prompt' V='' F='No Formula'/><Cell N='Label' V='Location'/><Cell N='Format' V='' F='No Formula'/><Cell N='SortKey' V='Asset'/><Cell N='Type' V='0'/><Cell N='Invisible' V='0'/><Cell N='Verify' V='0'/><Cell N='DataLinked' V='0' F='No Formula'/><Cell N='LangID' V='en-US'/><Cell N='Calendar' V='0' F='No Formula'/></Row><Row N='Building'><Cell N='Value' V='0' F='No Formula'/><Cell N='Prompt' V='' F='No Formula'/><Cell N='Label' V='Building'/><Cell N='Format' V='' F='No Formula'/><Cell N='SortKey' V='Asset'/><Cell N='Type' V='0'/><Cell N='Invisible' V='0'/><Cell N='Verify' V='0'/><Cell N='DataLinked' V='0' F='No Formula'/><Cell N='LangID' V='en-US'/><Cell N='Calendar' V='0' F='No Formula'/></Row><Row N='Room'><Cell N='Value' V='0' F='No Formula'/><Cell N='Prompt' V='' F='No Formula'/><Cell N='Label' V='Room'/><Cell N='Format' V='' F='No Formula'/><Cell N='SortKey' V='Asset'/><Cell N='Type' V='0'/><Cell N='Invisible' V='0'/><Cell N='Verify' V='0'/><Cell N='DataLinked' V='0' F='No Formula'/><Cell N='LangID' V='en-US'/><Cell N='Calendar' V='0' F='No Formula'/></Row><Row N='NetworkName'><Cell N='Value' V='0' F='No Formula'/><Cell N='Prompt' V='' F='No Formula'/><Cell N='Label' V='Network Name'/><Cell N='Format' V='' F='No Formula'/><Cell N='SortKey' V='Network'/><Cell N='Type' V='0'/><Cell N='Invisible' V='0'/><Cell N='Verify' V='0'/><Cell N='DataLinked' V='0' F='No Formula'/><Cell N='LangID' V='en-US'/><Cell N='Calendar' V='0' F='No Formula'/></Row><Row N='IPAddress'><Cell N='Value' V='0' F='No Formula'/><Cell N='Prompt' V='' F='No Formula'/><Cell N='Label' V='IP Address'/><Cell N='Format' V='' F='No Formula'/><Cell N='SortKey' V='Network'/><Cell N='Type' V='0'/><Cell N='Invisible' V='0'/><Cell N='Verify' V='0'/><Cell N='DataLinked' V='0' F='No Formula'/><Cell N='LangID' V='en-US'/><Cell N='Calendar' V='0' F='No Formula'/></Row><Row N='SubnetMask'><Cell N='Value' V='0' F='No Formula'/><Cell N='Prompt' V='' F='No Formula'/><Cell N='Label' V='Subnet Mask'/><Cell N='Format' V='' F='No Formula'/><Cell N='SortKey' V='Network'/><Cell N='Type' V='0'/><Cell N='Invisible' V='0'/><Cell N='Verify' V='0'/><Cell N='DataLinked' V='0' F='No Formula'/><Cell N='LangID' V='en-US'/><Cell N='Calendar' V='0' F='No Formula'/></Row><Row N='AdminInterface'><Cell N='Value' V='0' F='No Formula'/><Cell N='Prompt' V='' F='No Formula'/><Cell N='Label' V='Administrative Interface'/><Cell N='Format' V='' F='No Formula'/><Cell N='SortKey' V='Network'/><Cell N='Type' V='0'/><Cell N='Invisible' V='0'/><Cell N='Verify' V='0'/><Cell N='DataLinked' V='0' F='No Formula'/><Cell N='LangID' V='en-US'/><Cell N='Calendar' V='0' F='No Formula'/></Row><Row N='NumberOfPorts'><Cell N='Value' V='0' F='No Formula'/><Cell N='Prompt' V='' F='No Formula'/><Cell N='Label' V='Number of Ports'/><Cell N='Format' V='' F='No Formula'/><Cell N='SortKey' V='Network'/><Cell N='Type' V='0'/><Cell N='Invisible' V='0'/><Cell N='Verify' V='0'/><Cell N='DataLinked' V='0' F='No Formula'/><Cell N='LangID' V='en-US'/><Cell N='Calendar' V='0' F='No Formula'/></Row><Row N='MACAddress'><Cell N='Value' V='0' F='No Formula'/><Cell N='Prompt' V='' F='No Formula'/><Cell N='Label' V='MAC Address'/><Cell N='Format' V='' F='No Formula'/><Cell N='SortKey' V='Network'/><Cell N='Type' V='0'/><Cell N='Invisible' V='0'/><Cell N='Verify' V='0'/><Cell N='DataLinked' V='0' F='No Formula'/><Cell N='LangID' V='en-US'/><Cell N='Calendar' V='0' F='No Formula'/></Row><Row N='CommunityString'><Cell N='Value' V='0' F='No Formula'/><Cell N='Prompt' V='' F='No Formula'/><Cell N='Label' V='Community String'/><Cell N='Format' V='' F='No Formula'/><Cell N='SortKey' V='Network'/><Cell N='Type' V='0'/><Cell N='Invisible' V='0'/><Cell N='Verify' V='0'/><Cell N='DataLinked' V='0' F='No Formula'/><Cell N='LangID' V='en-US'/><Cell N='Calendar' V='0' F='No Formula'/></Row><Row N='NetworkDescription'><Cell N='Value' V='0' F='No Formula'/><Cell N='Prompt' V='' F='No Formula'/><Cell N='Label' V='Network Description'/><Cell N='Format' V='' F='No Formula'/><Cell N='SortKey' V='Network'/><Cell N='Type' V='0'/><Cell N='Invisible' V='0'/><Cell N='Verify' V='0'/><Cell N='DataLinked' V='0' F='No Formula'/><Cell N='LangID' V='en-US'/><Cell N='Calendar' V='0' F='No Formula'/></Row></Section><Shapes><Shape ID='9' Type='Shape' LineStyle='39' FillStyle='39' TextStyle='39'><Cell N='PinX' V='0.498980905738825' F='Width/2'/><Cell N='PinY' V='0.35' F='Height/2'/><Cell N='Width' V='0.99796181147765' F='Sheet.12!Width*0.99796181147765'/><Cell N='Height' V='0.7' F='Sheet.12!Height*1'/><Cell N='LocPinX' V='0.498980905738825' F='Width*0.5'/><Cell N='LocPinY' V='0.35' F='Height*0.5'/><Cell N='Angle' V='0'/><Cell N='FlipX' V='0'/><Cell N='FlipY' V='0'/><Cell N='ResizeMode' V='0'/><Cell N='LineWeight' V='0.01' U='PT' F='GUARD(0.72PT)'/><Cell N='LinePattern' V='1' F='GUARD(1)'/><Cell N='Rounding' V='0' F='GUARD(0)'/><Cell N='BeginArrow' V='0' F='GUARD(0)'/><Cell N='EndArrow' V='0' F='GUARD(0)'/><Cell N='LineColorTrans' V='1' F='GUARD(100%)'/><Cell N='FillForegnd' V='6' F='GUARD(6)'/><Cell N='FillBkgnd' V='6' F='GUARD(6)'/><Cell N='FillPattern' V='1' F='GUARD(1)'/><Cell N='FillForegndTrans' V='1' F='GUARD(100%)'/><Cell N='FillBkgndTrans' V='1' F='GUARD(100%)'/><Cell N='Copyright' V='Copyright (c) 2012 Microsoft Corporation.  All rights reserved.'/><Cell N='FillGradientEnabled' V='0' F='GUARD(FALSE)'/><Section N='Geometry' IX='0'><Cell N='NoFill' V='0'/><Cell N='NoLine' V='0'/><Cell N='NoShow' V='0'/><Cell N='NoSnap' V='0'/><Cell N='NoQuickDrag' V='0' F='No Formula'/><Row T='MoveTo' IX='1'><Cell N='X' V='0.99796181147765' F='Width*1'/><Cell N='Y' V='0.419859929964979' F='Height*0.59979989994997'/></Row><Row T='LineTo' IX='2'><Cell N='X' V='0.9969800416147764' F='Width*0.99901622501825'/><Cell N='Y' V='0.42041227873358' F='Height*0.6005889696194'/></Row></Section><Section N='Geometry' IX='1'><Cell N='NoFill' V='0'/><Cell N='NoLine' V='0'/><Cell N='NoShow' V='0'/><Cell N='NoSnap' V='0'/><Cell N='NoQuickDrag' V='0' F='No Formula'/><Row T='MoveTo' IX='1'><Cell N='X' V='0.4993093841419579' F='Width*0.5003291492714'/><Cell N='Y' V='0.000350175087543316' F='Height*0.00050025012506188'/></Row><Row T='LineTo' IX='2'><Cell N='X' V='0.9972431060566828' F='Width*0.99927982673014'/><Cell N='Y' V='0.280490245122563' F='Height*0.40070035017509'/></Row><Row T='LineTo' IX='3'><Cell N='X' V='0.9972431060566828' F='Width*0.99927982673014'/><Cell N='Y' V='0.419455582602868' F='Height*0.59922226086124'/></Row><Row T='LineTo' IX='4'><Cell N='X' V='0.5000280895629251' F='Width*0.50104932254126'/><Cell N='Y' V='0.7' F='Height*1'/></Row><Row T='LineTo' IX='5'><Cell N='X' V='0' F='Width*0'/><Cell N='Y' V='0.4195535267633849' F='Height*0.59936218109055'/></Row><Row T='LineTo' IX='6'><Cell N='X' V='0.001735014937713793' F='Width*0.0017385584475871'/><Cell N='Y' V='0.280140070035021' F='Height*0.40020010005003'/></Row><Row T='LineTo' IX='7'><Cell N='X' V='0.4996687368524415' F='Width*0.50068923590633'/><Cell N='Y' V='0' F='Height*0'/></Row></Section></Shape><Shape ID='5' Type='Shape' LineStyle='22' FillStyle='22' TextStyle='22'><Cell N='PinX' V='0.7503144336216701' F='Sheet.12!Width*0.75031443362167'/><Cell N='PinY' V='0.210455227613806' F='Sheet.12!Height*0.30065032516258'/><Cell N='Width' V='0.49793372191472' F='Sheet.12!Width*0.49793372191472'/><Cell N='Height' V='0.420210105052528' F='Sheet.12!Height*0.60030015007504'/><Cell N='LocPinX' V='0.24896686095736' F='Width*0.5'/><Cell N='LocPinY' V='0.210105052526264' F='Height*0.5'/><Cell N='Angle' V='0'/><Cell N='FlipX' V='0'/><Cell N='FlipY' V='0'/><Cell N='ResizeMode' V='0'/><Cell N='FillPattern' V='31' F='GUARD(31)'/><Cell N='ShdwPattern' V='0' F='GUARD(0)'/><Cell N='LineWeight' V='0.01' U='PT' F='GUARD(0.72PT)'/><Cell N='LineColor' V='#ffffff' F='GUARD(RGB(255,255,255))'/><Cell N='LinePattern' V='1' F='GUARD(1)'/><Cell N='Rounding' V='0' F='GUARD(0)'/><Cell N='BeginArrow' V='0' F='GUARD(0)'/><Cell N='EndArrow' V='0' F='GUARD(0)'/><Cell N='Copyright' V='Copyright (c) 2012 Microsoft Corporation.  All rights reserved.'/><Cell N='LayerMember' V='' F='No Formula'/><Cell N='FillGradientDir' V='12' F='GUARD(12)'/><Cell N='FillGradientEnabled' V='1' F='GUARD(TRUE)'/><Cell N='UseGroupGradient' V='0' F='GUARD(FALSE)'/><Section N='Geometry' IX='0'><Cell N='NoFill' V='0'/><Cell N='NoLine' V='0'/><Cell N='NoShow' V='0'/><Cell N='NoSnap' V='0'/><Cell N='NoQuickDrag' V='0' F='No Formula'/><Row T='MoveTo' IX='1'><Cell N='X' V='0' F='Width*0'/><Cell N='Y' V='0' F='Height*0'/></Row><Row T='LineTo' IX='2'><Cell N='X' V='0.49793372191472' F='Width*1'/><Cell N='Y' V='0.2801400700350201' F='Height*0.66666666666667'/></Row><Row T='LineTo' IX='3'><Cell N='X' V='0.49793372191472' F='Width*1'/><Cell N='Y' V='0.420210105052528' F='Height*1'/></Row><Row T='LineTo' IX='4'><Cell N='X' V='0' F='Width*0'/><Cell N='Y' V='0.1400700350175079' F='Height*0.33333333333333'/></Row><Row T='LineTo' IX='5'><Cell N='X' V='0' F='Geometry1.X1'/><Cell N='Y' V='0' F='Geometry1.Y1'/></Row></Section></Shape><Shape ID='7' Type='Shape' LineStyle='23' FillStyle='23' TextStyle='23'><Cell N='PinX' V='0.50101909426118' F='Sheet.12!Width*0.50101909426118'/><Cell N='PinY' V='0.419859929964979' F='Sheet.12!Height*0.59979989994997'/><Cell N='Width' V='0.99796181147765' F='Sheet.12!Width*0.99796181147765'/><Cell N='Height' V='0.5602801400700349' F='Sheet.12!Height*0.80040020010005'/><Cell N='LocPinX' V='0.498980905738825' F='Width*0.5'/><Cell N='LocPinY' V='0.2801400700350175' F='Height*0.5'/><Cell N='Angle' V='0'/><Cell N='FlipX' V='0'/><Cell N='FlipY' V='0'/><Cell N='ResizeMode' V='0'/><Cell N='FillPattern' V='30' F='GUARD(30)'/><Cell N='ShdwPattern' V='0' F='GUARD(0)'/><Cell N='LineWeight' V='0.01' U='PT' F='GUARD(0.72PT)'/><Cell N='LineColor' V='#ffffff' F='GUARD(RGB(255,255,255))'/><Cell N='LinePattern' V='1' F='GUARD(1)'/><Cell N='Rounding' V='0' F='GUARD(0)'/><Cell N='BeginArrow' V='0' F='GUARD(0)'/><Cell N='EndArrow' V='0' F='GUARD(0)'/><Cell N='Copyright' V='Copyright (c) 2012 Microsoft Corporation.  All rights reserved.'/><Cell N='LayerMember' V='' F='No Formula'/><Cell N='FillGradientDir' V='0' F='GUARD(0)'/><Cell N='FillGradientAngle' V='4.7123889803847' U='DEG' F='GUARD(270DEG)'/><Cell N='FillGradientEnabled' V='1' F='GUARD(TRUE)'/><Cell N='UseGroupGradient' V='0' F='GUARD(FALSE)'/><Section N='Geometry' IX='0'><Cell N='NoFill' V='0'/><Cell N='NoLine' V='0'/><Cell N='NoShow' V='0'/><Cell N='NoSnap' V='0'/><Cell N='NoQuickDrag' V='0' F='No Formula'/><Row T='MoveTo' IX='1'><Cell N='X' V='0.5000280895629251' F='Width*0.50104932254126'/><Cell N='Y' V='0' F='Height*0'/></Row><Row T='LineTo' IX='2'><Cell N='X' V='0.99796181147765' F='Width*1'/><Cell N='Y' V='0.2801400700350175' F='Height*0.5'/></Row><Row T='LineTo' IX='3'><Cell N='X' V='0.5000280895629251' F='Width*0.50104932254126'/><Cell N='Y' V='0.5602801400700349' F='Height*1'/></Row><Row T='LineTo' IX='4'><Cell N='X' V='0' F='Width*0'/><Cell N='Y' V='0.2798336668334167' F='Height*0.499453125'/></Row><Row T='LineTo' IX='5'><Cell N='X' V='0.5000280895629251' F='Geometry1.X1'/><Cell N='Y' V='0' F='Geometry1.Y1'/></Row></Section></Shape><Shape ID='6' Type='Shape' LineStyle='24' FillStyle='24' TextStyle='24'><Cell N='PinX' V='0.2521673460351' F='Sheet.12!Width*0.2521673460351'/><Cell N='PinY' V='0.209754877438722' F='Sheet.12!Height*0.29964982491246'/><Cell N='Width' V='0.49984278318916' F='Sheet.12!Width*0.49984278318916'/><Cell N='Height' V='0.419509754877437' F='Sheet.12!Height*0.59929964982491'/><Cell N='LocPinX' V='0.24992139159458' F='Width*0.5'/><Cell N='LocPinY' V='0.2097548774387185' F='Height*0.5'/><Cell N='Angle' V='0'/><Cell N='FlipX' V='0'/><Cell N='FlipY' V='0'/><Cell N='ResizeMode' V='0'/><Cell N='FillPattern' V='32' F='GUARD(32)'/><Cell N='ShdwPattern' V='0' F='GUARD(0)'/><Cell N='LineWeight' V='0.01' U='PT' F='GUARD(0.72PT)'/><Cell N='LineColor' V='#000000' F='GUARD(RGB(0,0,0))'/><Cell N='LinePattern' V='1' F='GUARD(1)'/><Cell N='Rounding' V='0' F='GUARD(0)'/><Cell N='BeginArrow' V='0' F='GUARD(0)'/><Cell N='EndArrow' V='0' F='GUARD(0)'/><Cell N='Copyright' V='Copyright (c) 2012 Microsoft Corporation.  All rights reserved.'/><Cell N='LayerMember' V='' F='No Formula'/><Cell N='FillGradientDir' V='11' F='GUARD(11)'/><Cell N='FillGradientEnabled' V='1' F='GUARD(TRUE)'/><Cell N='UseGroupGradient' V='0' F='GUARD(FALSE)'/><Section N='Geometry' IX='0'><Cell N='NoFill' V='0'/><Cell N='NoLine' V='0'/><Cell N='NoShow' V='0'/><Cell N='NoSnap' V='0'/><Cell N='NoQuickDrag' V='0' F='No Formula'/><Row T='MoveTo' IX='1'><Cell N='X' V='0.001527249019550958' F='Width*0.0030554587780714'/><Cell N='Y' V='0.2801400700350155' F='Height*0.6677796327212'/></Row><Row T='LineTo' IX='2'><Cell N='X' V='0.4994609709342712' F='Width*0.99923613530548'/><Cell N='Y' V='0' F='Height*0'/></Row><Row T='LineTo' IX='3'><Cell N='X' V='0.49984278318916' F='Width*1'/><Cell N='Y' V='0.1397198599299646' F='Height*0.3330550918197'/></Row><Row T='LineTo' IX='4'><Cell N='X' V='0' F='Width*0'/><Cell N='Y' V='0.419509754877437' F='Height*1'/></Row><Row T='LineTo' IX='5'><Cell N='X' V='0.001527249019550958' F='Geometry1.X1'/><Cell N='Y' V='0.2801400700350155' F='Geometry1.Y1'/></Row></Section></Shape><Shape ID='8' Type='Shape' LineStyle='25' FillStyle='25' TextStyle='25'><Cell N='PinX' V='0.49890451278357' F='Sheet.12!Width*0.49890451278357'/><Cell N='PinY' V='0.3502900144497529' F='Sheet.12!Height*0.50041430635679'/><Cell N='Width' V='0.99780902556714' F='Sheet.12!Width*0.99780902556714'/><Cell N='Height' V='0.6994199711005009' F='Sheet.12!Height*0.99917138728643'/><Cell N='LocPinX' V='0.49890451278357' F='Width*0.5'/><Cell N='LocPinY' V='0.3497099855502505' F='Height*0.5'/><Cell N='Angle' V='0'/><Cell N='FlipX' V='0'/><Cell N='FlipY' V='0'/><Cell N='ResizeMode' V='0'/><Cell N='FillPattern' V='1' F='GUARD(1)'/><Cell N='ShdwPattern' V='0' F='GUARD(0)'/><Cell N='LineWeight' V='0.02083333333333333' U='PT' F='GUARD(1.5PT)'/><Cell N='LinePattern' V='1' F='GUARD(1)'/><Cell N='Rounding' V='0' F='GUARD(0)'/><Cell N='BeginArrow' V='0' F='GUARD(0)'/><Cell N='EndArrow' V='0' F='GUARD(0)'/><Cell N='Copyright' V='Copyright (c) 2012 Microsoft Corporation.  All rights reserved.'/><Cell N='LayerMember' V='' F='No Formula'/><Cell N='FillGradientEnabled' V='0' F='GUARD(FALSE)'/><Section N='Geometry' IX='0'><Cell N='NoFill' V='1'/><Cell N='NoLine' V='0'/><Cell N='NoShow' V='0'/><Cell N='NoSnap' V='0'/><Cell N='NoQuickDrag' V='0' F='No Formula'/><Row T='MoveTo' IX='1'><Cell N='X' V='0.001527249019550967' F='Width*0.0015306025305623'/><Cell N='Y' V='0.2795600411355146' F='Height*0.39970268606377'/></Row><Row T='LineTo' IX='2'><Cell N='X' V='0.4987932351898293' F='Width*0.49988847806455'/><Cell N='Y' V='0' F='Height*0'/></Row><Row T='LineTo' IX='3'><Cell N='X' V='0.99780902556714' F='Width*1'/><Cell N='Y' V='0.2810249371209528' F='Height*0.40179713009735'/></Row><Row T='LineTo' IX='4'><Cell N='X' V='0.9970353401385138' F='Width*0.99922461572425'/><Cell N='Y' V='0.4199802512405687' F='Height*0.60046934401909'/></Row><Row T='LineTo' IX='5'><Cell N='X' V='0.4998203236447546' F='Width*0.50091782178525'/><Cell N='Y' V='0.6994199711005009' F='Height*1'/></Row><Row T='LineTo' IX='6'><Cell N='X' V='0' F='Width*0'/><Cell N='Y' V='0.418929725977942' F='Height*0.5989673490718'/></Row><Row T='LineTo' IX='7'><Cell N='X' V='0.001527249019550967' F='Geometry1.X1'/><Cell N='Y' V='0.2795600411355146' F='Geometry1.Y1'/></Row></Section></Shape><Shape ID='11' Type='Shape' LineStyle='3' FillStyle='3' TextStyle='3'><Cell N='PinX' V='0.24726613235768' F='Sheet.12!Width*0.24726613235768'/><Cell N='PinY' V='0.211448581497853' F='Sheet.12!Height*0.30206940213979'/><Cell N='Width' V='0.42490767705937' F='Sheet.12!Width*0.42490767705937'/><Cell N='Height' V='0.265318373601015' F='Sheet.12!Height*0.37902624800145'/><Cell N='LocPinX' V='0.212453838529685' F='Width*0.5'/><Cell N='LocPinY' V='0.1326591868005075' F='Height*0.5'/><Cell N='Angle' V='0'/><Cell N='FlipX' V='0'/><Cell N='FlipY' V='0'/><Cell N='ResizeMode' V='0'/><Cell N='FillForegnd' V='19' F='GUARD(19)'/><Cell N='FillBkgnd' V='0' F='GUARD(0)'/><Cell N='FillPattern' V='1' F='GUARD(1)'/><Cell N='ShdwPattern' V='0' F='GUARD(0)'/><Cell N='LineWeight' V='0.01666666666666667' U='PT' F='GUARD(1.2PT)'/><Cell N='LineColor' V='0' F='GUARD(0)'/><Cell N='LinePattern' V='1' F='GUARD(1)'/><Cell N='Rounding' V='0' F='GUARD(0)'/><Cell N='BeginArrow' V='0' F='GUARD(0)'/><Cell N='EndArrow' V='0' F='GUARD(0)'/><Cell N='Copyright' V='Copyright (c) 2012 Microsoft Corporation.  All rights reserved.'/><Cell N='LayerMember' V='' F='No Formula'/><Cell N='FillGradientEnabled' V='0' F='GUARD(FALSE)'/><Section N='Geometry' IX='0'><Cell N='NoFill' V='0'/><Cell N='NoLine' V='0'/><Cell N='NoShow' V='0'/><Cell N='NoSnap' V='0'/><Cell N='NoQuickDrag' V='0' F='No Formula'/><Row T='MoveTo' IX='1'><Cell N='X' V='0' F='Width*0'/><Cell N='Y' V='0.2390552420352315' F='Height*0.90101276738083'/></Row><Row T='LineTo' IX='2'><Cell N='X' V='0.1681535897054647' F='Width*0.39574147228686'/><Cell N='Y' V='0.1444511685943194' F='Height*0.54444464826829'/></Row><Row T='EllipticalArcTo' IX='3'><Cell N='X' V='0.2151877061720024' F='Width*0.50643402741329'/><Cell N='Y' V='0.09121060530265256' F='Height*0.34377794520863'/><Cell N='A' V='0.1785812264794845' U='DL' F='Width*0.42028241926665'/><Cell N='B' V='0.114920114776542' U='DL' F='Height*0.433140431312'/><Cell N='C' V='-0.08462486813457164' U='DA' F='_ELLIPSE_THETA(-3.2262175217243,1.0262086689352,0.42490767705937,0.26531837360101,Width,Height)'/><Cell N='D' V='1.026208668935181' F='_ELLIPSE_ECC(-3.2262175217243,1.0262086689352,0.42490767705937,0.26531837360101,Width,Height,Geometry1.C3)'/></Row><Row T='EllipticalArcTo' IX='4'><Cell N='X' V='0.2457181968661098' F='Width*0.57828608455991'/><Cell N='Y' V='0.1008129221251557' F='Height*0.37996962199368'/><Cell N='A' V='0.2332665871767642' U='DL' F='Width*0.54898181362859'/><Cell N='B' V='0.09377198923020022' U='DL' F='Height*0.35343194652329'/><Cell N='C' V='-2.847807763902706' U='DA' F='_ELLIPSE_THETA(0.29378488968689,1.0262086689352,0.42490767705937,0.26531837360101,Width,Height)'/><Cell N='D' V='1.026208668935184' F='_ELLIPSE_ECC(0.29378488968689,1.0262086689352,0.42490767705937,0.26531837360101,Width,Height,Geometry1.C4)'/></Row><Row T='LineTo' IX='5'><Cell N='X' V='0.42490767705937' F='Width*1'/><Cell N='Y' V='0' F='Height*0'/></Row><Row T='LineTo' IX='6'><Cell N='X' V='0.42490767705937' F='Width*1'/><Cell N='Y' V='0.026263131565783' F='Height*0.098987232619168'/></Row><Row T='LineTo' IX='7'><Cell N='X' V='0.2600710685657798' F='Width*0.61206488516667'/><Cell N='Y' V='0.1190010543362309' F='Height*0.44852172399935'/></Row><Row T='EllipticalArcTo' IX='8'><Cell N='X' V='0.2133829340351607' F='Width*0.50218658206391'/><Cell N='Y' V='0.1662457300708021' F='Height*0.62658958674608'/><Cell N='A' V='0.2426177685609493' U='DL' F='Width*0.57098937406831'/><Cell N='B' V='0.1494636380321895' U='DL' F='Height*0.56333692990653'/><Cell N='C' V='0' U='DA'/><Cell N='D' V='1.026208668935242' F='Width/Height*0.6407792320945'/></Row><Row T='EllipticalArcTo' IX='9'><Cell N='X' V='0.1756383041981618' F='Width*0.4133563917077'/><Cell N='Y' V='0.1665033613345206' F='Height*0.62756061359289'/><Cell N='A' V='0.1944742583611046' U='DL' F='Width*0.45768591357772'/><Cell N='B' V='0.1693663582298132' U='DL' F='Height*0.63835141129165'/><Cell N='C' V='0' U='DA'/><Cell N='D' V='1.026208668935242' F='Width/Height*0.6407792320945'/></Row><Row T='LineTo' IX='10'><Cell N='X' V='0' F='Width*0'/><Cell N='Y' V='0.265318373601015' F='Height*1'/></Row><Row T='LineTo' IX='11'><Cell N='X' V='0' F='Geometry1.X1'/><Cell N='Y' V='0.2390552420352315' F='Geometry1.Y1'/></Row></Section></Shape></Shapes></Shape></Shapes></MasterContents>