<?xml version='1.0' encoding='utf-8' ?>
<MasterContents xmlns='http://schemas.microsoft.com/office/visio/2012/main' xmlns:r='http://schemas.openxmlformats.org/officeDocument/2006/relationships' xml:space='preserve'><Shapes><Shape ID='5' Type='Group' LineStyle='3' FillStyle='3' TextStyle='3'><Cell N='PinX' V='1' U='IN'/><Cell N='PinY' V='1' U='IN'/><Cell N='Width' V='1' U='IN'/><Cell N='Height' V='1.5' U='IN'/><Cell N='LocPinX' V='0.5' U='IN' F='Width*0.5'/><Cell N='LocPinY' V='0.75' U='IN' F='Height*0.5'/><Cell N='Angle' V='0'/><Cell N='FlipX' V='0'/><Cell N='FlipY' V='0'/><Cell N='ResizeMode' V='0'/><Cell N='ObjType' V='8'/><Cell N='Comment' V='&lt;no master&gt;' F='INDEX(0,INDEX(0,MASTERNAME(),":"),".")'/><Cell N='EventDblClick' V='0' F='OPENTEXTWIN()'/><Cell N='TxtPinX' V='0.5' U='IN' F='Controls.Row_1'/><Cell N='TxtPinY' V='-0.1555555555555556' F='Controls.Row_1.Y'/><Cell N='TxtWidth' V='0.1111111111111111' F='TEXTWIDTH(TheText)'/><Cell N='TxtHeight' V='0.3111111111111111' F='TEXTHEIGHT(TheText,TxtWidth)'/><Cell N='TxtLocPinX' V='0.05555555555555555' F='TxtWidth*0.5'/><Cell N='TxtLocPinY' V='0.1555555555555556' F='TxtHeight*0.5'/><Cell N='TxtAngle' V='0' F='IF(BITXOR(FlipX,FlipY),1,-1)*Angle'/><Cell N='SelectMode' V='0'/><Cell N='HelpTopic' V='Vis_PRXY.chm!#55453'/><Cell N='Copyright' V='Copyright (c) 2012 Microsoft Corporation.  All rights reserved.'/><Cell N='LayerMember' V='' F='No Formula'/><Cell N='LockAspect' V='1'/><Cell N='QuickStyleVariation' V='6'/><Section N='User'><Row N='HasText'><Cell N='Value' V='0' U='BOOL' F='NOT(OR(HideText,STRSAME(SHAPETEXT(TheText),"")))'/><Cell N='Prompt' V='' F='No Formula'/></Row><Row N='ShapeClass'><Cell N='Value' V='5'/><Cell N='Prompt' V='' F='No Formula'/></Row><Row N='ShapeType'><Cell N='Value' V='6'/><Cell N='Prompt' V='' F='No Formula'/></Row><Row N='SubShapeType'><Cell N='Value' V='41'/><Cell N='Prompt' V='' F='No Formula'/></Row><Row N='SolSH'><Cell N='Value' V='{BF0433D9-CD73-4EB5-8390-8653BE590246}' U='GUID'/><Cell N='Prompt' V='' F='No Formula'/></Row><Row N='visLegendShape'><Cell N='Value' V='2'/><Cell N='Prompt' V='' F='No Formula'/></Row><Row N='visVersion'><Cell N='Value' V='15'/><Cell N='Prompt' V=''/></Row></Section><Section N='Control'><Row N='Row_1'><Cell N='X' V='0.5' U='IN' F='Width*0.5'/><Cell N='Y' V='-0.1555555555555556' F='-TxtHeight*0.5'/><Cell N='XDyn' V='0.5' U='IN' F='Controls.Row_1'/><Cell N='YDyn' V='-0.1555555555555556' F='Controls.Row_1.Y'/><Cell N='XCon' V='2' F='(Controls.Row_1&gt;Width/2)*2+2'/><Cell N='YCon' V='7' F='(Controls.Row_1.Y&gt;Height/2)*2+2+5*NOT(User.HasText)'/><Cell N='CanGlue' V='1'/><Cell N='Prompt' V='Reposition Text'/></Row></Section><Section N='Connection'><Row T='Connection' N='Row_1'><Cell N='X' V='0.5' U='IN' F='Width*0.5'/><Cell N='Y' V='0.75' U='IN' F='Height*0.5'/><Cell N='DirX' V='0'/><Cell N='DirY' V='0'/><Cell N='Type' V='0'/><Cell N='AutoGen' V='0'/><Cell N='Prompt' V='' F='No Formula'/></Row></Section><Section N='Property'><Row N='ShapeClass'><Cell N='Value' V='Equipment' U='STR'/><Cell N='Prompt' V='' F='No Formula'/><Cell N='Label' V='ShapeClass'/><Cell N='Format' V='' F='No Formula'/><Cell N='SortKey' V='' F='No Formula'/><Cell N='Type' V='0'/><Cell N='Invisible' V='1'/><Cell N='Verify' V='0'/><Cell N='DataLinked' V='0' F='No Formula'/><Cell N='LangID' V='en-US'/><Cell N='Calendar' V='0' F='No Formula'/></Row><Row N='ShapeType'><Cell N='Value' V='Computer' U='STR'/><Cell N='Prompt' V='' F='No Formula'/><Cell N='Label' V='ShapeType'/><Cell N='Format' V='' F='No Formula'/><Cell N='SortKey' V='' F='No Formula'/><Cell N='Type' V='0'/><Cell N='Invisible' V='1'/><Cell N='Verify' V='0'/><Cell N='DataLinked' V='0' F='No Formula'/><Cell N='LangID' V='en-US'/><Cell N='Calendar' V='0' F='No Formula'/></Row><Row N='SubShapeType'><Cell N='Value' V='Mainframe' U='STR'/><Cell N='Prompt' V='' F='No Formula'/><Cell N='Label' V='SubShapeType'/><Cell N='Format' V='' F='No Formula'/><Cell N='SortKey' V='' F='No Formula'/><Cell N='Type' V='0'/><Cell N='Invisible' V='1'/><Cell N='Verify' V='0'/><Cell N='DataLinked' V='0' F='No Formula'/><Cell N='LangID' V='en-US'/><Cell N='Calendar' V='0' F='No Formula'/></Row><Row N='Manufacturer'><Cell N='Value' V='0' F='No Formula'/><Cell N='Prompt' V='' F='No Formula'/><Cell N='Label' V='Manufacturer'/><Cell N='Format' V='' F='No Formula'/><Cell N='SortKey' V='Equipment'/><Cell N='Type' V='0'/><Cell N='Invisible' V='0'/><Cell N='Verify' V='0'/><Cell N='DataLinked' V='0' F='No Formula'/><Cell N='LangID' V='en-US'/><Cell N='Calendar' V='0' F='No Formula'/></Row><Row N='ProductNumber'><Cell N='Value' V='0' F='No Formula'/><Cell N='Prompt' V='' F='No Formula'/><Cell N='Label' V='Product Number'/><Cell N='Format' V='' F='No Formula'/><Cell N='SortKey' V='Equipment'/><Cell N='Type' V='0'/><Cell N='Invisible' V='0'/><Cell N='Verify' V='0'/><Cell N='DataLinked' V='0' F='No Formula'/><Cell N='LangID' V='en-US'/><Cell N='Calendar' V='0' F='No Formula'/></Row><Row N='PartNumber'><Cell N='Value' V='0' F='No Formula'/><Cell N='Prompt' V='' F='No Formula'/><Cell N='Label' V='Part Number'/><Cell N='Format' V='' F='No Formula'/><Cell N='SortKey' V='Equipment'/><Cell N='Type' V='0'/><Cell N='Invisible' V='0'/><Cell N='Verify' V='0'/><Cell N='DataLinked' V='0' F='No Formula'/><Cell N='LangID' V='en-US'/><Cell N='Calendar' V='0' F='No Formula'/></Row><Row N='ProductDescription'><Cell N='Value' V='0' F='No Formula'/><Cell N='Prompt' V='' F='No Formula'/><Cell N='Label' V='Product Description'/><Cell N='Format' V='' F='No Formula'/><Cell N='SortKey' V='Equipment'/><Cell N='Type' V='0'/><Cell N='Invisible' V='0'/><Cell N='Verify' V='0'/><Cell N='DataLinked' V='0' F='No Formula'/><Cell N='LangID' V='en-US'/><Cell N='Calendar' V='0' F='No Formula'/></Row><Row N='AssetNumber'><Cell N='Value' V='0' F='No Formula'/><Cell N='Prompt' V='' F='No Formula'/><Cell N='Label' V='Asset Number'/><Cell N='Format' V='' F='No Formula'/><Cell N='SortKey' V='Asset'/><Cell N='Type' V='0'/><Cell N='Invisible' V='0'/><Cell N='Verify' V='0'/><Cell N='DataLinked' V='0' F='No Formula'/><Cell N='LangID' V='en-US'/><Cell N='Calendar' V='0' F='No Formula'/></Row><Row N='SerialNumber'><Cell N='Value' V='0' F='No Formula'/><Cell N='Prompt' V='' F='No Formula'/><Cell N='Label' V='Serial Number'/><Cell N='Format' V='' F='No Formula'/><Cell N='SortKey' V='Asset'/><Cell N='Type' V='0'/><Cell N='Invisible' V='0'/><Cell N='Verify' V='0'/><Cell N='DataLinked' V='0' F='No Formula'/><Cell N='LangID' V='en-US'/><Cell N='Calendar' V='0' F='No Formula'/></Row><Row N='Location'><Cell N='Value' V='0' F='No Formula'/><Cell N='Prompt' V='' F='No Formula'/><Cell N='Label' V='Location'/><Cell N='Format' V='' F='No Formula'/><Cell N='SortKey' V='Asset'/><Cell N='Type' V='0'/><Cell N='Invisible' V='0'/><Cell N='Verify' V='0'/><Cell N='DataLinked' V='0' F='No Formula'/><Cell N='LangID' V='en-US'/><Cell N='Calendar' V='0' F='No Formula'/></Row><Row N='Building'><Cell N='Value' V='0' F='No Formula'/><Cell N='Prompt' V='' F='No Formula'/><Cell N='Label' V='Building'/><Cell N='Format' V='' F='No Formula'/><Cell N='SortKey' V='Asset'/><Cell N='Type' V='0'/><Cell N='Invisible' V='0'/><Cell N='Verify' V='0'/><Cell N='DataLinked' V='0' F='No Formula'/><Cell N='LangID' V='en-US'/><Cell N='Calendar' V='0' F='No Formula'/></Row><Row N='Room'><Cell N='Value' V='0' F='No Formula'/><Cell N='Prompt' V='' F='No Formula'/><Cell N='Label' V='Room'/><Cell N='Format' V='' F='No Formula'/><Cell N='SortKey' V='Asset'/><Cell N='Type' V='0'/><Cell N='Invisible' V='0'/><Cell N='Verify' V='0'/><Cell N='DataLinked' V='0' F='No Formula'/><Cell N='LangID' V='en-US'/><Cell N='Calendar' V='0' F='No Formula'/></Row><Row N='NetworkName'><Cell N='Value' V='0' F='No Formula'/><Cell N='Prompt' V='' F='No Formula'/><Cell N='Label' V='Network Name'/><Cell N='Format' V='' F='No Formula'/><Cell N='SortKey' V='Network'/><Cell N='Type' V='0'/><Cell N='Invisible' V='0'/><Cell N='Verify' V='0'/><Cell N='DataLinked' V='0' F='No Formula'/><Cell N='LangID' V='en-US'/><Cell N='Calendar' V='0' F='No Formula'/></Row><Row N='IPAddress'><Cell N='Value' V='0' F='No Formula'/><Cell N='Prompt' V='' F='No Formula'/><Cell N='Label' V='IP Address'/><Cell N='Format' V='' F='No Formula'/><Cell N='SortKey' V='Network'/><Cell N='Type' V='0'/><Cell N='Invisible' V='0'/><Cell N='Verify' V='0'/><Cell N='DataLinked' V='0' F='No Formula'/><Cell N='LangID' V='en-US'/><Cell N='Calendar' V='0' F='No Formula'/></Row><Row N='SubnetMask'><Cell N='Value' V='0' F='No Formula'/><Cell N='Prompt' V='' F='No Formula'/><Cell N='Label' V='Subnet Mask'/><Cell N='Format' V='' F='No Formula'/><Cell N='SortKey' V='Network'/><Cell N='Type' V='0'/><Cell N='Invisible' V='0'/><Cell N='Verify' V='0'/><Cell N='DataLinked' V='0' F='No Formula'/><Cell N='LangID' V='en-US'/><Cell N='Calendar' V='0' F='No Formula'/></Row><Row N='AdminInterface'><Cell N='Value' V='0' F='No Formula'/><Cell N='Prompt' V='' F='No Formula'/><Cell N='Label' V='Administrative Interface'/><Cell N='Format' V='' F='No Formula'/><Cell N='SortKey' V='Network'/><Cell N='Type' V='0'/><Cell N='Invisible' V='0'/><Cell N='Verify' V='0'/><Cell N='DataLinked' V='0' F='No Formula'/><Cell N='LangID' V='en-US'/><Cell N='Calendar' V='0' F='No Formula'/></Row><Row N='NumberOfPorts'><Cell N='Value' V='0' F='No Formula'/><Cell N='Prompt' V='' F='No Formula'/><Cell N='Label' V='Number of Ports'/><Cell N='Format' V='' F='No Formula'/><Cell N='SortKey' V='Network'/><Cell N='Type' V='0'/><Cell N='Invisible' V='0'/><Cell N='Verify' V='0'/><Cell N='DataLinked' V='0' F='No Formula'/><Cell N='LangID' V='en-US'/><Cell N='Calendar' V='0' F='No Formula'/></Row><Row N='MACAddress'><Cell N='Value' V='0' F='No Formula'/><Cell N='Prompt' V='' F='No Formula'/><Cell N='Label' V='MAC Address'/><Cell N='Format' V='' F='No Formula'/><Cell N='SortKey' V='Network'/><Cell N='Type' V='0'/><Cell N='Invisible' V='0'/><Cell N='Verify' V='0'/><Cell N='DataLinked' V='0' F='No Formula'/><Cell N='LangID' V='en-US'/><Cell N='Calendar' V='0' F='No Formula'/></Row><Row N='CommunityString'><Cell N='Value' V='0' F='No Formula'/><Cell N='Prompt' V='' F='No Formula'/><Cell N='Label' V='Community String'/><Cell N='Format' V='' F='No Formula'/><Cell N='SortKey' V='Network'/><Cell N='Type' V='0'/><Cell N='Invisible' V='0'/><Cell N='Verify' V='0'/><Cell N='DataLinked' V='0' F='No Formula'/><Cell N='LangID' V='en-US'/><Cell N='Calendar' V='0' F='No Formula'/></Row><Row N='NetworkDescription'><Cell N='Value' V='0' F='No Formula'/><Cell N='Prompt' V='' F='No Formula'/><Cell N='Label' V='Network Description'/><Cell N='Format' V='' F='No Formula'/><Cell N='SortKey' V='Network'/><Cell N='Type' V='0'/><Cell N='Invisible' V='0'/><Cell N='Verify' V='0'/><Cell N='DataLinked' V='0' F='No Formula'/><Cell N='LangID' V='en-US'/><Cell N='Calendar' V='0' F='No Formula'/></Row></Section><Section N='Actions'><Row N='Properties'><Cell N='Menu' V='%_P&amp;roperties'/><Cell N='Action' V='0' F='RUNADDON("NETWORK SHAPE PROPERTIES")'/><Cell N='Checked' V='0'/><Cell N='Disabled' V='0'/><Cell N='ReadOnly' V='0'/><Cell N='Invisible' V='0'/><Cell N='BeginGroup' V='0'/><Cell N='FlyoutChild' V='0' F='No Formula'/><Cell N='TagName' V=''/><Cell N='ButtonFace' V=''/><Cell N='SortKey' V=''/></Row></Section><Shapes><Shape ID='11' Type='Shape' LineStyle='3' FillStyle='3' TextStyle='3'><Cell N='PinX' V='0.5' U='IN' F='Width/2'/><Cell N='PinY' V='0.75' U='IN' F='Height/2'/><Cell N='Width' V='1' U='IN' F='Sheet.5!Width*1'/><Cell N='Height' V='1.5' U='IN' F='Sheet.5!Height*1'/><Cell N='LocPinX' V='0.5' U='IN' F='Width*0.5'/><Cell N='LocPinY' V='0.75' U='IN' F='Height*0.5'/><Cell N='Angle' V='0'/><Cell N='FlipX' V='0'/><Cell N='FlipY' V='0'/><Cell N='ResizeMode' V='0'/><Cell N='LineWeight' V='0.01' U='PT' F='GUARD(0.72PT)'/><Cell N='LinePattern' V='1' F='GUARD(1)'/><Cell N='Rounding' V='0' F='GUARD(0)'/><Cell N='BeginArrow' V='0' F='GUARD(0)'/><Cell N='EndArrow' V='0' F='GUARD(0)'/><Cell N='LineColorTrans' V='1' F='GUARD(100%)'/><Cell N='FillForegnd' V='6' F='GUARD(6)'/><Cell N='FillBkgnd' V='6' F='GUARD(6)'/><Cell N='FillPattern' V='1' F='GUARD(1)'/><Cell N='FillForegndTrans' V='1' F='GUARD(100%)'/><Cell N='FillBkgndTrans' V='1' F='GUARD(100%)'/><Cell N='Copyright' V='Copyright (c) 2012 Microsoft Corporation.  All rights reserved.'/><Cell N='FillGradientEnabled' V='0' F='GUARD(FALSE)'/><Section N='Geometry' IX='0'><Cell N='NoFill' V='0'/><Cell N='NoLine' V='0'/><Cell N='NoShow' V='0'/><Cell N='NoSnap' V='0'/><Cell N='NoQuickDrag' V='0' F='No Formula'/><Row T='MoveTo' IX='1'><Cell N='X' V='0.19' U='IN' F='Width*0.19'/><Cell N='Y' V='0.220000000000005' U='IN' F='Height*0.14666666666667'/></Row><Row T='EllipticalArcTo' IX='2'><Cell N='X' V='0.245' U='IN' F='Width*0.245'/><Cell N='Y' V='0.235000000000005' U='IN' F='Height*0.15666666666667'/><Cell N='A' V='0.21751540470469' U='IN' F='Width*0.21751540470469'/><Cell N='B' V='0.22745068735647' U='IN' F='Height*0.15163379157098'/><Cell N='C' V='-0.2191764765043831' U='DA' F='_ELLIPSE_THETA(-0.21917647650438,1.0441749723287,1,1.5,Width,Height)'/><Cell N='D' V='1.0441749723287' F='_ELLIPSE_ECC(-0.21917647650438,1.0441749723287,1,1.5,Width,Height,Geometry1.C2)'/></Row><Row T='LineTo' IX='3'><Cell N='X' V='0.27' U='IN' F='Width*0.27'/><Cell N='Y' V='0.220000000000005' U='IN' F='Height*0.14666666666667'/></Row><Row T='LineTo' IX='4'><Cell N='X' V='0.27' U='IN' F='Width*0.27'/><Cell N='Y' V='0.175000000000005' U='IN' F='Height*0.11666666666667'/></Row><Row T='EllipticalArcTo' IX='5'><Cell N='X' V='0.575' U='IN' F='Width*0.575'/><Cell N='Y' V='0' U='IN' F='Height*0'/><Cell N='A' V='0.4212102767534' U='IN' F='Width*0.4212102767534'/><Cell N='B' V='0.08542774979046' U='IN' F='Height*0.05695183319364'/><Cell N='C' V='-0.05053796093618643' U='DA' F='_ELLIPSE_THETA(-0.050537960936183,1.0441749723287,1,1.5,Width,Height)'/><Cell N='D' V='1.0441749723287' F='_ELLIPSE_ECC(-0.050537960936183,1.0441749723287,1,1.5,Width,Height,Geometry1.C5)'/></Row><Row T='LineTo' IX='6'><Cell N='X' V='1' U='IN' F='Width*1'/><Cell N='Y' V='0.250000000000005' U='IN' F='Height*0.16666666666667'/></Row><Row T='LineTo' IX='7'><Cell N='X' V='1' U='IN' F='Width*1'/><Cell N='Y' V='1.17' U='IN' F='Height*0.78'/></Row><Row T='LineTo' IX='8'><Cell N='X' V='0.425' U='IN' F='Width*0.425'/><Cell N='Y' V='1.5' U='IN' F='Height*1'/></Row><Row T='LineTo' IX='9'><Cell N='X' V='0' U='IN' F='Width*0'/><Cell N='Y' V='1.25' U='IN' F='Height*0.83333333333333'/></Row><Row T='LineTo' IX='10'><Cell N='X' V='0' U='IN' F='Width*0'/><Cell N='Y' V='0.33' U='IN' F='Height*0.22'/></Row><Row T='EllipticalArcTo' IX='11'><Cell N='X' V='0.19' U='IN' F='Width*0.19'/><Cell N='Y' V='0.220000000000005' U='IN' F='Height*0.14666666666667'/><Cell N='A' V='0.09451405416073901' U='IN' F='Width*0.094514054160739'/><Cell N='B' V='0.274230473517135' U='IN' F='Height*0.18282031567809'/><Cell N='C' V='-3.137019057747604' U='DA' F='_ELLIPSE_THETA(-3.1370190577476,1.0441749723287,1,1.5,Width,Height)'/><Cell N='D' V='1.0441749723287' F='_ELLIPSE_ECC(-3.1370190577476,1.0441749723287,1,1.5,Width,Height,Geometry1.C11)'/></Row></Section></Shape><Shape ID='33' Type='Shape' LineStyle='33' FillStyle='33' TextStyle='33'><Cell N='PinX' V='0.28375' U='IN' F='Sheet.5!Width*0.28375'/><Cell N='PinY' V='0.694999999999995' U='IN' F='Sheet.5!Height*0.46333333333333'/><Cell N='Width' V='0.0775' U='IN' F='Sheet.5!Width*0.0775'/><Cell N='Height' V='0.949999999999995' U='IN' F='Sheet.5!Height*0.63333333333333'/><Cell N='LocPinX' V='0.03875' U='IN' F='Width*0.5'/><Cell N='LocPinY' V='0.4749999999999975' U='IN' F='Height*0.5'/><Cell N='Angle' V='0'/><Cell N='FlipX' V='0'/><Cell N='FlipY' V='0'/><Cell N='ResizeMode' V='0'/><Cell N='FillPattern' V='32' F='GUARD(32)'/><Cell N='ShdwPattern' V='0' F='GUARD(0)'/><Cell N='LineWeight' V='0.01' U='PT' F='GUARD(0.72PT)'/><Cell N='LineColor' V='#a78450' F='GUARD(RGB(167,132,80))'/><Cell N='LinePattern' V='1' F='GUARD(1)'/><Cell N='Rounding' V='0' F='GUARD(0)'/><Cell N='BeginArrow' V='0' F='GUARD(0)'/><Cell N='EndArrow' V='0' F='GUARD(0)'/><Cell N='Copyright' V='Copyright (c) 2012 Microsoft Corporation.  All rights reserved.'/><Cell N='LayerMember' V='' F='No Formula'/><Cell N='FillGradientDir' V='11' F='GUARD(11)'/><Cell N='FillGradientEnabled' V='1' F='GUARD(TRUE)'/><Cell N='UseGroupGradient' V='0' F='GUARD(FALSE)'/><Section N='Geometry' IX='0'><Cell N='NoFill' V='0'/><Cell N='NoLine' V='0'/><Cell N='NoShow' V='0'/><Cell N='NoSnap' V='0'/><Cell N='NoQuickDrag' V='0' F='No Formula'/><Row T='MoveTo' IX='1'><Cell N='X' V='0' U='IN' F='Width*0'/><Cell N='Y' V='0.01500000000000037' U='IN' F='Height*0.015789473684211'/></Row><Row T='LineTo' IX='2'><Cell N='X' V='0.025' U='IN' F='Width*0.32258064516129'/><Cell N='Y' V='0' U='IN' F='Height*0'/></Row><Row T='LineTo' IX='3'><Cell N='X' V='0.025' U='IN' F='Width*0.32258064516129'/><Cell N='Y' V='0.8749999999999979' U='IN' F='Height*0.92105263157895'/></Row><Row T='LineTo' IX='4'><Cell N='X' V='0.0775' U='IN' F='Width*1'/><Cell N='Y' V='0.9049999999999967' U='IN' F='Height*0.95263157894737'/></Row><Row T='LineTo' IX='5'><Cell N='X' V='0' U='IN' F='Width*0'/><Cell N='Y' V='0.949999999999995' U='IN' F='Height*1'/></Row><Row T='LineTo' IX='6'><Cell N='X' V='0' U='IN' F='Geometry1.X1'/><Cell N='Y' V='0.01500000000000037' U='IN' F='Geometry1.Y1'/></Row></Section></Shape><Shape ID='8' Type='Shape' LineStyle='35' FillStyle='35' TextStyle='35'><Cell N='PinX' V='0.2175' U='IN' F='Sheet.5!Width*0.2175'/><Cell N='PinY' V='0.694999999999995' U='IN' F='Sheet.5!Height*0.46333333333333'/><Cell N='Width' V='0.055' U='IN' F='Sheet.5!Width*0.055'/><Cell N='Height' V='0.949999999999995' U='IN' F='Sheet.5!Height*0.63333333333333'/><Cell N='LocPinX' V='0.0275' U='IN' F='Width*0.5'/><Cell N='LocPinY' V='0.4749999999999975' U='IN' F='Height*0.5'/><Cell N='Angle' V='0'/><Cell N='FlipX' V='0'/><Cell N='FlipY' V='0'/><Cell N='ResizeMode' V='0'/><Cell N='FillPattern' V='31' F='GUARD(31)'/><Cell N='ShdwPattern' V='0' F='GUARD(0)'/><Cell N='LineWeight' V='0.01' U='PT' F='GUARD(0.72PT)'/><Cell N='LineColor' V='#ffffff' F='GUARD(RGB(255,255,255))'/><Cell N='LinePattern' V='1' F='GUARD(1)'/><Cell N='Rounding' V='0' F='GUARD(0)'/><Cell N='BeginArrow' V='0' F='GUARD(0)'/><Cell N='EndArrow' V='0' F='GUARD(0)'/><Cell N='Copyright' V='Copyright (c) 2012 Microsoft Corporation.  All rights reserved.'/><Cell N='LayerMember' V='' F='No Formula'/><Cell N='FillGradientDir' V='12' F='GUARD(12)'/><Cell N='FillGradientEnabled' V='1' F='GUARD(TRUE)'/><Cell N='UseGroupGradient' V='0' F='GUARD(FALSE)'/><Section N='Geometry' IX='0'><Cell N='NoFill' V='0'/><Cell N='NoLine' V='0'/><Cell N='NoShow' V='0'/><Cell N='NoSnap' V='0'/><Cell N='NoQuickDrag' V='0' F='No Formula'/><Row T='MoveTo' IX='1'><Cell N='X' V='0' U='IN' F='Width*0'/><Cell N='Y' V='0' U='IN' F='Height*0'/></Row><Row T='LineTo' IX='2'><Cell N='X' V='0.055' U='IN' F='Width*1'/><Cell N='Y' V='0.01499999999999942' U='IN' F='Height*0.01578947368421'/></Row><Row T='LineTo' IX='3'><Cell N='X' V='0.055' U='IN' F='Width*1'/><Cell N='Y' V='0.949999999999995' U='IN' F='Height*1'/></Row><Row T='LineTo' IX='4'><Cell N='X' V='0' U='IN' F='Width*0'/><Cell N='Y' V='0.919999999999996' U='IN' F='Height*0.96842105263158'/></Row><Row T='LineTo' IX='5'><Cell N='X' V='0' U='IN' F='Geometry1.X1'/><Cell N='Y' V='0' U='IN' F='Geometry1.Y1'/></Row></Section></Shape><Shape ID='6' Type='Shape' LineStyle='35' FillStyle='35' TextStyle='35'><Cell N='PinX' V='0.7875' U='IN' F='Sheet.5!Width*0.7875'/><Cell N='PinY' V='0.585' U='IN' F='Sheet.5!Height*0.39'/><Cell N='Width' V='0.425' U='IN' F='Sheet.5!Width*0.425'/><Cell N='Height' V='1.17' U='IN' F='Sheet.5!Height*0.78'/><Cell N='LocPinX' V='0.2125' U='IN' F='Width*0.5'/><Cell N='LocPinY' V='0.585' U='IN' F='Height*0.5'/><Cell N='Angle' V='0'/><Cell N='FlipX' V='0'/><Cell N='FlipY' V='0'/><Cell N='ResizeMode' V='0'/><Cell N='LineWeight' V='0.01' U='PT' F='GUARD(0.72PT)'/><Cell N='LinePattern' V='1' F='GUARD(1)'/><Cell N='Rounding' V='0' F='GUARD(0)'/><Cell N='BeginArrow' V='0' F='GUARD(0)'/><Cell N='EndArrow' V='0' F='GUARD(0)'/><Cell N='FillPattern' V='31' F='GUARD(31)'/><Cell N='ShdwPattern' V='0' F='GUARD(0)'/><Cell N='Copyright' V='Copyright (c) 2012 Microsoft Corporation.  All rights reserved.'/><Cell N='LayerMember' V='' F='No Formula'/><Cell N='FillGradientDir' V='12' F='GUARD(12)'/><Cell N='FillGradientEnabled' V='1' F='GUARD(TRUE)'/><Cell N='UseGroupGradient' V='0' F='GUARD(FALSE)'/><Section N='Geometry' IX='0'><Cell N='NoFill' V='0'/><Cell N='NoLine' V='0'/><Cell N='NoShow' V='0'/><Cell N='NoSnap' V='0'/><Cell N='NoQuickDrag' V='0' F='No Formula'/><Row T='MoveTo' IX='1'><Cell N='X' V='0' U='IN' F='Width*0'/><Cell N='Y' V='0' U='IN' F='Height*0'/></Row><Row T='LineTo' IX='2'><Cell N='X' V='0.425' U='IN' F='Width*1'/><Cell N='Y' V='0.2499999999999957' U='IN' F='Height*0.21367521367521'/></Row><Row T='LineTo' IX='3'><Cell N='X' V='0.425' U='IN' F='Width*1'/><Cell N='Y' V='1.17' U='IN' F='Height*1'/></Row><Row T='LineTo' IX='4'><Cell N='X' V='0' U='IN' F='Width*0'/><Cell N='Y' V='0.9200000000000043' U='IN' F='Height*0.78632478632479'/></Row><Row T='LineTo' IX='5'><Cell N='X' V='0' U='IN' F='Geometry1.X1'/><Cell N='Y' V='0' U='IN' F='Geometry1.Y1'/></Row></Section></Shape><Shape ID='10' Type='Shape' LineStyle='31' FillStyle='31' TextStyle='31'><Cell N='PinX' V='0.5' U='IN' F='Sheet.5!Width*0.5'/><Cell N='PinY' V='1.210000000000005' U='IN' F='Sheet.5!Height*0.80666666666667'/><Cell N='Width' V='1' U='IN' F='Sheet.5!Width*1'/><Cell N='Height' V='0.57999999999999' U='IN' F='Sheet.5!Height*0.38666666666666'/><Cell N='LocPinX' V='0.5' U='IN' F='Width*0.5'/><Cell N='LocPinY' V='0.289999999999995' U='IN' F='Height*0.5'/><Cell N='Angle' V='0'/><Cell N='FlipX' V='0'/><Cell N='FlipY' V='0'/><Cell N='ResizeMode' V='0'/><Cell N='FillPattern' V='30' F='GUARD(30)'/><Cell N='ShdwPattern' V='0' F='GUARD(0)'/><Cell N='LineWeight' V='0.01' U='PT' F='GUARD(0.72PT)'/><Cell N='LineColor' V='#ffffff' F='GUARD(RGB(255,255,255))'/><Cell N='LinePattern' V='1' F='GUARD(1)'/><Cell N='Rounding' V='0' F='GUARD(0)'/><Cell N='BeginArrow' V='0' F='GUARD(0)'/><Cell N='EndArrow' V='0' F='GUARD(0)'/><Cell N='Copyright' V='Copyright (c) 2012 Microsoft Corporation.  All rights reserved.'/><Cell N='LayerMember' V='' F='No Formula'/><Cell N='FillGradientDir' V='0' F='GUARD(0)'/><Cell N='FillGradientAngle' V='4.7123889803847' U='DEG' F='GUARD(270DEG)'/><Cell N='FillGradientEnabled' V='1' F='GUARD(TRUE)'/><Cell N='UseGroupGradient' V='0' F='GUARD(FALSE)'/><Section N='Geometry' IX='0'><Cell N='NoFill' V='0'/><Cell N='NoLine' V='0'/><Cell N='NoShow' V='0'/><Cell N='NoSnap' V='0'/><Cell N='NoQuickDrag' V='0' F='No Formula'/><Row T='MoveTo' IX='1'><Cell N='X' V='0' U='IN' F='Width*0'/><Cell N='Y' V='0.3299999999999947' U='IN' F='Height*0.56896551724138'/></Row><Row T='LineTo' IX='2'><Cell N='X' V='0.19' U='IN' F='Width*0.19'/><Cell N='Y' V='0.2199999999999926' U='IN' F='Height*0.37931034482758'/></Row><Row T='LineTo' IX='3'><Cell N='X' V='0.245' U='IN' F='Width*0.245'/><Cell N='Y' V='0.2499999999999953' U='IN' F='Height*0.43103448275862'/></Row><Row T='LineTo' IX='4'><Cell N='X' V='0.3225' U='IN' F='Width*0.3225'/><Cell N='Y' V='0.2049999999999971' U='IN' F='Height*0.35344827586207'/></Row><Row T='LineTo' IX='5'><Cell N='X' V='0.27' U='IN' F='Width*0.27'/><Cell N='Y' V='0.1749999999999944' U='IN' F='Height*0.30172413793103'/></Row><Row T='LineTo' IX='6'><Cell N='X' V='0.575' U='IN' F='Width*0.575'/><Cell N='Y' V='0' U='IN' F='Height*0'/></Row><Row T='LineTo' IX='7'><Cell N='X' V='1' U='IN' F='Width*1'/><Cell N='Y' V='0.2499999999999953' U='IN' F='Height*0.43103448275862'/></Row><Row T='LineTo' IX='8'><Cell N='X' V='0.425' U='IN' F='Width*0.425'/><Cell N='Y' V='0.57999999999999' U='IN' F='Height*1'/></Row><Row T='LineTo' IX='9'><Cell N='X' V='0' U='IN' F='Geometry1.X1'/><Cell N='Y' V='0.3299999999999947' U='IN' F='Geometry1.Y1'/></Row></Section></Shape><Shape ID='7' Type='Shape' LineStyle='33' FillStyle='33' TextStyle='33'><Cell N='PinX' V='0.095' U='IN' F='Sheet.5!Width*0.095'/><Cell N='PinY' V='0.735' U='IN' F='Sheet.5!Height*0.49'/><Cell N='Width' V='0.19' U='IN' F='Sheet.5!Width*0.19'/><Cell N='Height' V='1.030000000000005' U='IN' F='Sheet.5!Height*0.68666666666667'/><Cell N='LocPinX' V='0.095' U='IN' F='Width*0.5'/><Cell N='LocPinY' V='0.5150000000000025' U='IN' F='Height*0.5'/><Cell N='Angle' V='0'/><Cell N='FlipX' V='0'/><Cell N='FlipY' V='0'/><Cell N='ResizeMode' V='0'/><Cell N='FillPattern' V='32' F='GUARD(32)'/><Cell N='ShdwPattern' V='0' F='GUARD(0)'/><Cell N='LineWeight' V='0.01' U='PT' F='GUARD(0.72PT)'/><Cell N='LineColor' V='#a78450' F='GUARD(RGB(167,132,80))'/><Cell N='LinePattern' V='1' F='GUARD(1)'/><Cell N='Rounding' V='0' F='GUARD(0)'/><Cell N='BeginArrow' V='0' F='GUARD(0)'/><Cell N='EndArrow' V='0' F='GUARD(0)'/><Cell N='Copyright' V='Copyright (c) 2012 Microsoft Corporation.  All rights reserved.'/><Cell N='LayerMember' V='' F='No Formula'/><Cell N='FillGradientDir' V='11' F='GUARD(11)'/><Cell N='FillGradientEnabled' V='1' F='GUARD(TRUE)'/><Cell N='UseGroupGradient' V='0' F='GUARD(FALSE)'/><Section N='Geometry' IX='0'><Cell N='NoFill' V='0'/><Cell N='NoLine' V='0'/><Cell N='NoShow' V='0'/><Cell N='NoSnap' V='0'/><Cell N='NoQuickDrag' V='0' F='No Formula'/><Row T='MoveTo' IX='1'><Cell N='X' V='0' U='IN' F='Width*0'/><Cell N='Y' V='0.109999999999996' U='IN' F='Height*0.10679611650485'/></Row><Row T='LineTo' IX='2'><Cell N='X' V='0.19' U='IN' F='Width*1'/><Cell N='Y' V='0' U='IN' F='Height*0'/></Row><Row T='LineTo' IX='3'><Cell N='X' V='0.19' U='IN' F='Width*1'/><Cell N='Y' V='0.9199999999999986' U='IN' F='Height*0.89320388349514'/></Row><Row T='LineTo' IX='4'><Cell N='X' V='0' U='IN' F='Width*0'/><Cell N='Y' V='1.030000000000005' U='IN' F='Height*1'/></Row><Row T='LineTo' IX='5'><Cell N='X' V='0' U='IN' F='Geometry1.X1'/><Cell N='Y' V='0.109999999999996' U='IN' F='Geometry1.Y1'/></Row></Section></Shape><Shape ID='9' Type='Shape' LineStyle='33' FillStyle='33' TextStyle='33'><Cell N='PinX' V='0.4225' U='IN' F='Sheet.5!Width*0.4225'/><Cell N='PinY' V='0.5475' U='IN' F='Sheet.5!Height*0.365'/><Cell N='Width' V='0.305' U='IN' F='Sheet.5!Width*0.305'/><Cell N='Height' V='1.095' U='IN' F='Sheet.5!Height*0.73'/><Cell N='LocPinX' V='0.1525' U='IN' F='Width*0.5'/><Cell N='LocPinY' V='0.5475' U='IN' F='Height*0.5'/><Cell N='Angle' V='0'/><Cell N='FlipX' V='0'/><Cell N='FlipY' V='0'/><Cell N='ResizeMode' V='0'/><Cell N='FillPattern' V='32' F='GUARD(32)'/><Cell N='ShdwPattern' V='0' F='GUARD(0)'/><Cell N='LineWeight' V='0.01' U='PT' F='GUARD(0.72PT)'/><Cell N='LineColor' V='#a78450' F='GUARD(RGB(167,132,80))'/><Cell N='LinePattern' V='1' F='GUARD(1)'/><Cell N='Rounding' V='0' F='GUARD(0)'/><Cell N='BeginArrow' V='0' F='GUARD(0)'/><Cell N='EndArrow' V='0' F='GUARD(0)'/><Cell N='Copyright' V='Copyright (c) 2012 Microsoft Corporation.  All rights reserved.'/><Cell N='LayerMember' V='' F='No Formula'/><Cell N='FillGradientDir' V='11' F='GUARD(11)'/><Cell N='FillGradientEnabled' V='1' F='GUARD(TRUE)'/><Cell N='UseGroupGradient' V='0' F='GUARD(FALSE)'/><Section N='Geometry' IX='0'><Cell N='NoFill' V='0'/><Cell N='NoLine' V='0'/><Cell N='NoShow' V='0'/><Cell N='NoSnap' V='0'/><Cell N='NoQuickDrag' V='0' F='No Formula'/><Row T='MoveTo' IX='1'><Cell N='X' V='0' U='IN' F='Width*0'/><Cell N='Y' V='0.1749999999999962' U='IN' F='Height*0.15981735159817'/></Row><Row T='LineTo' IX='2'><Cell N='X' V='0.305' U='IN' F='Width*1'/><Cell N='Y' V='0' U='IN' F='Height*0'/></Row><Row T='LineTo' IX='3'><Cell N='X' V='0.305' U='IN' F='Width*1'/><Cell N='Y' V='0.9200000000000038' U='IN' F='Height*0.84018264840183'/></Row><Row T='LineTo' IX='4'><Cell N='X' V='0' U='IN' F='Width*0'/><Cell N='Y' V='1.095' U='IN' F='Height*1'/></Row><Row T='LineTo' IX='5'><Cell N='X' V='0' U='IN' F='Geometry1.X1'/><Cell N='Y' V='0.1749999999999962' U='IN' F='Geometry1.Y1'/></Row></Section></Shape><Shape ID='30' Type='Shape' LineStyle='35' FillStyle='35' TextStyle='35'><Cell N='PinX' V='0.43' U='IN' F='Sheet.5!Width*0.43'/><Cell N='PinY' V='0.645' U='IN' F='Sheet.5!Height*0.43'/><Cell N='Width' V='0.245' U='IN' F='Sheet.5!Width*0.245'/><Cell N='Height' V='0.250000000000005' U='IN' F='Sheet.5!Height*0.16666666666667'/><Cell N='LocPinX' V='0.1225' U='IN' F='Width*0.5'/><Cell N='LocPinY' V='0.1250000000000025' U='IN' F='Height*0.5'/><Cell N='Angle' V='3.1415926535898'/><Cell N='FlipX' V='0'/><Cell N='FlipY' V='0'/><Cell N='ResizeMode' V='0'/><Cell N='FillPattern' V='31' F='GUARD(31)'/><Cell N='ShdwPattern' V='0' F='GUARD(0)'/><Cell N='LineWeight' V='0.01' U='PT' F='GUARD(0.72PT)'/><Cell N='LineColor' V='#ffffff' F='GUARD(RGB(255,255,255))'/><Cell N='LinePattern' V='1' F='GUARD(1)'/><Cell N='Rounding' V='0' F='GUARD(0)'/><Cell N='BeginArrow' V='0' F='GUARD(0)'/><Cell N='EndArrow' V='0' F='GUARD(0)'/><Cell N='Copyright' V='Copyright (c) 2012 Microsoft Corporation.  All rights reserved.'/><Cell N='LayerMember' V='' F='No Formula'/><Cell N='FillGradientDir' V='12' F='GUARD(12)'/><Cell N='FillGradientEnabled' V='1' F='GUARD(TRUE)'/><Cell N='UseGroupGradient' V='0' F='GUARD(FALSE)'/><Section N='Geometry' IX='0'><Cell N='NoFill' V='1'/><Cell N='NoLine' V='0'/><Cell N='NoShow' V='0'/><Cell N='NoSnap' V='0'/><Cell N='NoQuickDrag' V='0' F='No Formula'/><Row T='MoveTo' IX='1'><Cell N='X' V='0.245' U='IN' F='Width*1'/><Cell N='Y' V='0' U='IN' F='Height*0'/></Row><Row T='LineTo' IX='2'><Cell N='X' V='0' U='IN' F='Width*0'/><Cell N='Y' V='0.1450000000000029' U='IN' F='Height*0.58'/></Row><Row T='LineTo' IX='3'><Cell N='X' V='0' U='IN' F='Width*0'/><Cell N='Y' V='0.250000000000005' U='IN' F='Height*1'/></Row></Section></Shape><Shape ID='19' Type='Shape' LineStyle='33' FillStyle='33' TextStyle='33'><Cell N='PinX' V='0.2925' U='IN' F='Sheet.5!Width*0.2925'/><Cell N='PinY' V='0.649999999999995' U='IN' F='Sheet.5!Height*0.43333333333333'/><Cell N='Width' V='0.495' U='IN' F='Sheet.5!Width*0.495'/><Cell N='Height' V='1.030000000000005' U='IN' F='Sheet.5!Height*0.68666666666667'/><Cell N='LocPinX' V='0.2475' U='IN' F='Width*0.5'/><Cell N='LocPinY' V='0.5150000000000025' U='IN' F='Height*0.5'/><Cell N='Angle' V='0'/><Cell N='FlipX' V='0'/><Cell N='FlipY' V='0'/><Cell N='ResizeMode' V='0'/><Cell N='Copyright' V='Copyright (c) 2012 Microsoft Corporation.  All rights reserved.'/><Cell N='LayerMember' V='' F='No Formula'/><Cell N='FillPattern' V='32' F='GUARD(32)'/><Cell N='ShdwPattern' V='0' F='GUARD(0)'/><Cell N='LineWeight' V='0.01' U='PT' F='GUARD(0.72PT)'/><Cell N='LineColor' V='#a78450' F='GUARD(RGB(167,132,80))'/><Cell N='LinePattern' V='1' F='GUARD(1)'/><Cell N='Rounding' V='0' F='GUARD(0)'/><Cell N='BeginArrow' V='0' F='GUARD(0)'/><Cell N='EndArrow' V='0' F='GUARD(0)'/><Cell N='FillGradientDir' V='11' F='GUARD(11)'/><Cell N='FillGradientEnabled' V='1' F='GUARD(TRUE)'/><Cell N='UseGroupGradient' V='0' F='GUARD(FALSE)'/><Section N='Geometry' IX='0'><Cell N='NoFill' V='1'/><Cell N='NoLine' V='0'/><Cell N='NoShow' V='0'/><Cell N='NoSnap' V='0'/><Cell N='NoQuickDrag' V='0' F='No Formula'/><Row T='MoveTo' IX='1'><Cell N='X' V='0' U='IN' F='Width*0'/><Cell N='Y' V='0.8200000000000051' U='IN' F='Height*0.79611650485437'/></Row><Row T='LineTo' IX='2'><Cell N='X' V='0.1099999999999989' U='IN' F='Width*0.22222222222222'/><Cell N='Y' V='0.7549999999999993' U='IN' F='Height*0.73300970873786'/></Row><Row T='MoveTo' IX='3'><Cell N='X' V='0' U='IN' F='Width*0'/><Cell N='Y' V='0.8550000000000032' U='IN' F='Height*0.83009708737864'/></Row><Row T='LineTo' IX='4'><Cell N='X' V='0.1099999999999989' U='IN' F='Width*0.22222222222222'/><Cell N='Y' V='0.790000000000008' U='IN' F='Height*0.76699029126214'/></Row><Row T='MoveTo' IX='5'><Cell N='X' V='0' U='IN' F='Width*0'/><Cell N='Y' V='0.8900000000000016' U='IN' F='Height*0.86407766990291'/></Row><Row T='LineTo' IX='6'><Cell N='X' V='0.1099999999999989' U='IN' F='Width*0.22222222222222'/><Cell N='Y' V='0.8270000000000006' U='IN' F='Height*0.80291262135922'/></Row><Row T='MoveTo' IX='7'><Cell N='X' V='0' U='IN' F='Width*0'/><Cell N='Y' V='0.92500000000001' U='IN' F='Height*0.89805825242719'/></Row><Row T='LineTo' IX='8'><Cell N='X' V='0.1099999999999989' U='IN' F='Width*0.22222222222222'/><Cell N='Y' V='0.8620000000000091' U='IN' F='Height*0.8368932038835'/></Row><Row T='MoveTo' IX='9'><Cell N='X' V='0' U='IN' F='Width*0'/><Cell N='Y' V='0.9600000000000084' U='IN' F='Height*0.93203883495146'/></Row><Row T='LineTo' IX='10'><Cell N='X' V='0.1099999999999989' U='IN' F='Width*0.22222222222222'/><Cell N='Y' V='0.8970000000000074' U='IN' F='Height*0.87087378640777'/></Row><Row T='MoveTo' IX='11'><Cell N='X' V='0' U='IN' F='Width*0'/><Cell N='Y' V='0.9950000000000066' U='IN' F='Height*0.96601941747573'/></Row><Row T='LineTo' IX='12'><Cell N='X' V='0.1099999999999989' U='IN' F='Width*0.22222222222222'/><Cell N='Y' V='0.9320000000000056' U='IN' F='Height*0.90485436893204'/></Row><Row T='MoveTo' IX='13'><Cell N='X' V='0' U='IN' F='Width*0'/><Cell N='Y' V='1.030000000000005' U='IN' F='Height*1'/></Row><Row T='LineTo' IX='14'><Cell N='X' V='0.1099999999999989' U='IN' F='Width*0.22222222222222'/><Cell N='Y' V='0.9650000000000095' U='IN' F='Height*0.9368932038835'/></Row><Row T='MoveTo' IX='15'><Cell N='X' V='0.2550000000000024' U='IN' F='Width*0.51515151515152'/><Cell N='Y' V='0.675' U='IN' F='Height*0.65533980582524'/></Row><Row T='LineTo' IX='16'><Cell N='X' V='0.495' U='IN' F='Width*1'/><Cell N='Y' V='0.5350000000000074' U='IN' F='Height*0.51941747572816'/></Row><Row T='MoveTo' IX='17'><Cell N='X' V='0.2550000000000024' U='IN' F='Width*0.51515151515152'/><Cell N='Y' V='0.7099999999999987' U='IN' F='Height*0.68932038834951'/></Row><Row T='LineTo' IX='18'><Cell N='X' V='0.495' U='IN' F='Width*1'/><Cell N='Y' V='0.5700000000000056' U='IN' F='Height*0.55339805825243'/></Row><Row T='MoveTo' IX='19'><Cell N='X' V='0.2550000000000024' U='IN' F='Width*0.51515151515152'/><Cell N='Y' V='0.7450000000000072' U='IN' F='Height*0.72330097087379'/></Row><Row T='LineTo' IX='20'><Cell N='X' V='0.495' U='IN' F='Width*1'/><Cell N='Y' V='0.6050000000000039' U='IN' F='Height*0.5873786407767'/></Row><Row T='MoveTo' IX='21'><Cell N='X' V='0.2550000000000024' U='IN' F='Width*0.51515151515152'/><Cell N='Y' V='0.7800000000000056' U='IN' F='Height*0.75728155339806'/></Row><Row T='LineTo' IX='22'><Cell N='X' V='0.495' U='IN' F='Width*1'/><Cell N='Y' V='0.6400000000000022' U='IN' F='Height*0.62135922330097'/></Row><Row T='MoveTo' IX='23'><Cell N='X' V='0.2550000000000024' U='IN' F='Width*0.51515151515152'/><Cell N='Y' V='0.8150000000000037' U='IN' F='Height*0.79126213592233'/></Row><Row T='LineTo' IX='24'><Cell N='X' V='0.495' U='IN' F='Width*1'/><Cell N='Y' V='0.675' U='IN' F='Height*0.65533980582524'/></Row><Row T='MoveTo' IX='25'><Cell N='X' V='0.2550000000000024' U='IN' F='Width*0.51515151515152'/><Cell N='Y' V='0.8500000000000021' U='IN' F='Height*0.8252427184466'/></Row><Row T='LineTo' IX='26'><Cell N='X' V='0.495' U='IN' F='Width*1'/><Cell N='Y' V='0.7099999999999987' U='IN' F='Height*0.68932038834951'/></Row><Row T='MoveTo' IX='27'><Cell N='X' V='0.2550000000000024' U='IN' F='Width*0.51515151515152'/><Cell N='Y' V='0.885' U='IN' F='Height*0.85922330097087'/></Row><Row T='LineTo' IX='28'><Cell N='X' V='0.495' U='IN' F='Width*1'/><Cell N='Y' V='0.7450000000000072' U='IN' F='Height*0.72330097087379'/></Row><Row T='MoveTo' IX='29'><Cell N='X' V='0.2550000000000024' U='IN' F='Width*0.51515151515152'/><Cell N='Y' V='0.1400000000000034' U='IN' F='Height*0.13592233009709'/></Row><Row T='LineTo' IX='30'><Cell N='X' V='0.495' U='IN' F='Width*1'/><Cell N='Y' V='0' U='IN' F='Height*0'/></Row><Row T='MoveTo' IX='31'><Cell N='X' V='0.2550000000000024' U='IN' F='Width*0.51515151515152'/><Cell N='Y' V='0.1750000000000017' U='IN' F='Height*0.16990291262136'/></Row><Row T='LineTo' IX='32'><Cell N='X' V='0.495' U='IN' F='Width*1'/><Cell N='Y' V='0.03500000000000033' U='IN' F='Height*0.033980582524272'/></Row></Section></Shape><Shape ID='29' Type='Shape' LineStyle='33' FillStyle='33' TextStyle='33'><Cell N='PinX' V='0.42' U='IN' F='Sheet.5!Width*0.42'/><Cell N='PinY' V='0.640000000000005' U='IN' F='Sheet.5!Height*0.42666666666667'/><Cell N='Width' V='0.24' U='IN' F='Sheet.5!Width*0.24'/><Cell N='Height' V='0.24' U='IN' F='Sheet.5!Height*0.16'/><Cell N='LocPinX' V='0.12' U='IN' F='Width*0.5'/><Cell N='LocPinY' V='0.12' U='IN' F='Height*0.5'/><Cell N='Angle' V='0'/><Cell N='FlipX' V='0'/><Cell N='FlipY' V='0'/><Cell N='ResizeMode' V='0'/><Cell N='FillPattern' V='32' F='GUARD(32)'/><Cell N='ShdwPattern' V='0' F='GUARD(0)'/><Cell N='Copyright' V='Copyright (c) 2012 Microsoft Corporation.  All rights reserved.'/><Cell N='LayerMember' V='' F='No Formula'/><Cell N='LineWeight' V='0.01' U='PT' F='GUARD(0.72PT)'/><Cell N='LineColor' V='#a78450' F='GUARD(RGB(167,132,80))'/><Cell N='LinePattern' V='1' F='GUARD(1)'/><Cell N='Rounding' V='0' F='GUARD(0)'/><Cell N='BeginArrow' V='0' F='GUARD(0)'/><Cell N='EndArrow' V='0' F='GUARD(0)'/><Cell N='FillGradientDir' V='11' F='GUARD(11)'/><Cell N='FillGradientEnabled' V='1' F='GUARD(TRUE)'/><Cell N='UseGroupGradient' V='0' F='GUARD(FALSE)'/><Section N='Geometry' IX='0'><Cell N='NoFill' V='0'/><Cell N='NoLine' V='0'/><Cell N='NoShow' V='0'/><Cell N='NoSnap' V='0'/><Cell N='NoQuickDrag' V='0' F='No Formula'/><Row T='MoveTo' IX='1'><Cell N='X' V='0' U='IN' F='Width*0'/><Cell N='Y' V='0.1399999999999992' U='IN' F='Height*0.58333333333333'/></Row><Row T='LineTo' IX='2'><Cell N='X' V='0.24' U='IN' F='Width*1'/><Cell N='Y' V='0' U='IN' F='Height*0'/></Row><Row T='LineTo' IX='3'><Cell N='X' V='0.24' U='IN' F='Width*1'/><Cell N='Y' V='0.1000000000000008' U='IN' F='Height*0.41666666666667'/></Row><Row T='LineTo' IX='4'><Cell N='X' V='0' U='IN' F='Width*0'/><Cell N='Y' V='0.24' U='IN' F='Height*1'/></Row><Row T='LineTo' IX='5'><Cell N='X' V='0' U='IN' F='Geometry1.X1'/><Cell N='Y' V='0.1399999999999992' U='IN' F='Geometry1.Y1'/></Row></Section></Shape><Shape ID='17' Type='Shape' LineStyle='26' FillStyle='26' TextStyle='26'><Cell N='PinX' V='0.34497652203768' U='IN' F='Sheet.5!Width*0.34497652203768'/><Cell N='PinY' V='0.681488366829315' U='IN' F='Sheet.5!Height*0.45432557788621'/><Cell N='Width' V='0.02586248664017595' U='IN' F='Sheet.5!Width*0.019396864980132+Sheet.5!Height*0.0043104144400293'/><Cell N='Height' V='0.040058377347416' U='IN' F='Sheet.5!Width*0.010014594336854+Sheet.5!Height*0.020029188673708'/><Cell N='LocPinX' V='0.01293124332008798' U='IN' F='Width*0.5'/><Cell N='LocPinY' V='0.020029188673708' U='IN' F='Height*0.5'/><Cell N='Angle' V='0.5235987755983'/><Cell N='FlipX' V='0'/><Cell N='FlipY' V='0'/><Cell N='ResizeMode' V='0'/><Cell N='LineWeight' V='0.001666666666666667' U='PT' F='GUARD(0.12PT)'/><Cell N='LineColor' V='0' F='GUARD(0)'/><Cell N='LinePattern' V='1' F='GUARD(1)'/><Cell N='Rounding' V='0' F='GUARD(0)'/><Cell N='BeginArrow' V='0' F='GUARD(0)'/><Cell N='EndArrow' V='0' F='GUARD(0)'/><Cell N='FillForegnd' V='1' F='GUARD(1)'/><Cell N='FillBkgnd' V='9' F='GUARD(9)'/><Cell N='FillPattern' V='40' F='GUARD(40)'/><Cell N='ShdwPattern' V='0' F='GUARD(0)'/><Cell N='Copyright' V='Copyright (c) 2012 Microsoft Corporation.  All rights reserved.'/><Cell N='LayerMember' V='' F='No Formula'/><Cell N='FillGradientDir' V='3' F='GUARD(3)'/><Cell N='FillGradientEnabled' V='1' F='GUARD(TRUE)'/><Cell N='UseGroupGradient' V='0' F='GUARD(FALSE)'/><Cell N='QuickStyleVariation' V='6'/><Section N='Character'><Row IX='0'><Cell N='ComplexScriptSize' V='-1'/></Row></Section><Section N='FillGradient'><Row IX='0'><Cell N='GradientStopColor' V='1' F='GUARD(1)'/></Row><Row IX='1'><Cell N='GradientStopColor' V='9' F='GUARD(9)'/></Row></Section><Section N='Geometry' IX='0'><Cell N='NoFill' V='0'/><Cell N='NoLine' V='0'/><Cell N='NoShow' V='0'/><Cell N='NoSnap' V='0'/><Cell N='NoQuickDrag' V='0' F='No Formula'/><Row T='Ellipse' IX='1'><Cell N='X' V='0.01293124332008798' U='IN' F='Width*0.5'/><Cell N='Y' V='0.020029188673708' U='IN' F='Height*0.5'/><Cell N='A' V='0.02586248664017595' U='IN' F='Width*1'/><Cell N='B' V='0.020029188673708' U='IN' F='Height*0.5'/><Cell N='C' V='0.01293124332008798' U='IN' F='Width*0.5'/><Cell N='D' V='0.040058377347416' U='IN' F='Height*1'/></Row></Section></Shape><Shape ID='32' Type='Shape' LineStyle='26' FillStyle='26' TextStyle='26'><Cell N='PinX' V='0.41502347796232' U='IN' F='Sheet.5!Width*0.41502347796232'/><Cell N='PinY' V='0.64101163317069' U='IN' F='Sheet.5!Height*0.42734108878046'/><Cell N='Width' V='0.025862486640175' U='IN' F='Sheet.5!Width*0.025862486640175'/><Cell N='Height' V='0.0400583773474175' U='IN' F='Sheet.5!Width*0.010342765915043+Sheet.5!Height*0.019810407621583'/><Cell N='LocPinX' V='0.0129312433200875' U='IN' F='Width*0.5'/><Cell N='LocPinY' V='0.02002918867370875' U='IN' F='Height*0.5'/><Cell N='Angle' V='0.5235987755983'/><Cell N='FlipX' V='0'/><Cell N='FlipY' V='0'/><Cell N='ResizeMode' V='0'/><Cell N='LineWeight' V='0.001666666666666667' U='PT' F='GUARD(0.12PT)'/><Cell N='LineColor' V='0' F='GUARD(0)'/><Cell N='LinePattern' V='1' F='GUARD(1)'/><Cell N='Rounding' V='0' F='GUARD(0)'/><Cell N='BeginArrow' V='0' F='GUARD(0)'/><Cell N='EndArrow' V='0' F='GUARD(0)'/><Cell N='FillForegnd' V='1' F='GUARD(1)'/><Cell N='FillBkgnd' V='9' F='GUARD(9)'/><Cell N='FillPattern' V='40' F='GUARD(40)'/><Cell N='ShdwPattern' V='0' F='GUARD(0)'/><Cell N='Copyright' V='Copyright (c) 2012 Microsoft Corporation.  All rights reserved.'/><Cell N='LayerMember' V='' F='No Formula'/><Cell N='FillGradientDir' V='3' F='GUARD(3)'/><Cell N='FillGradientEnabled' V='1' F='GUARD(TRUE)'/><Cell N='UseGroupGradient' V='0' F='GUARD(FALSE)'/><Cell N='QuickStyleVariation' V='6'/><Section N='Character'><Row IX='0'><Cell N='ComplexScriptSize' V='-1'/></Row></Section><Section N='FillGradient'><Row IX='0'><Cell N='GradientStopColor' V='1' F='GUARD(1)'/></Row><Row IX='1'><Cell N='GradientStopColor' V='9' F='GUARD(9)'/></Row></Section><Section N='Geometry' IX='0'><Cell N='NoFill' V='0'/><Cell N='NoLine' V='0'/><Cell N='NoShow' V='0'/><Cell N='NoSnap' V='0'/><Cell N='NoQuickDrag' V='0' F='No Formula'/><Row T='Ellipse' IX='1'><Cell N='X' V='0.0129312433200875' U='IN' F='Width*0.5'/><Cell N='Y' V='0.02002918867370875' U='IN' F='Height*0.5'/><Cell N='A' V='0.025862486640175' U='IN' F='Width*1'/><Cell N='B' V='0.02002918867370875' U='IN' F='Height*0.5'/><Cell N='C' V='0.0129312433200875' U='IN' F='Width*0.5'/><Cell N='D' V='0.0400583773474175' U='IN' F='Height*1'/></Row></Section></Shape><Shape ID='34' Type='Shape' LineStyle='37' FillStyle='37' TextStyle='37'><Cell N='PinX' V='0.5' U='IN' F='Sheet.5!Width*0.5'/><Cell N='PinY' V='0.75' U='IN' F='Sheet.5!Height*0.5'/><Cell N='Width' V='1' U='IN' F='Sheet.5!Width*1'/><Cell N='Height' V='1.5' U='IN' F='Sheet.5!Height*1'/><Cell N='LocPinX' V='0.5' U='IN' F='Width*0.5'/><Cell N='LocPinY' V='0.75' U='IN' F='Height*0.5'/><Cell N='Angle' V='0'/><Cell N='FlipX' V='0'/><Cell N='FlipY' V='0'/><Cell N='ResizeMode' V='0'/><Cell N='FillPattern' V='0' F='GUARD(0)'/><Cell N='ShdwPattern' V='0' F='GUARD(0)'/><Cell N='LineWeight' V='0.02083333333333333' U='PT' F='GUARD(1.5PT)'/><Cell N='LinePattern' V='1' F='GUARD(1)'/><Cell N='Rounding' V='0' F='GUARD(0)'/><Cell N='BeginArrow' V='0' F='GUARD(0)'/><Cell N='EndArrow' V='0' F='GUARD(0)'/><Cell N='Copyright' V='Copyright (c) 2012 Microsoft Corporation.  All rights reserved.'/><Cell N='LayerMember' V='' F='No Formula'/><Cell N='FillGradientEnabled' V='0' F='GUARD(FALSE)'/><Cell N='QuickStyleVariation' V='4'/><Section N='Geometry' IX='0'><Cell N='NoFill' V='0'/><Cell N='NoLine' V='0'/><Cell N='NoShow' V='0'/><Cell N='NoSnap' V='0'/><Cell N='NoQuickDrag' V='0' F='No Formula'/><Row T='MoveTo' IX='1'><Cell N='X' V='1' U='IN' F='Width*1'/><Cell N='Y' V='1.17' U='IN' F='Height*0.78'/></Row><Row T='LineTo' IX='2'><Cell N='X' V='0.425' U='IN' F='Width*0.425'/><Cell N='Y' V='1.5' U='IN' F='Height*1'/></Row><Row T='LineTo' IX='3'><Cell N='X' V='0' U='IN' F='Width*0'/><Cell N='Y' V='1.25000000000001' U='IN' F='Height*0.83333333333334'/></Row><Row T='LineTo' IX='4'><Cell N='X' V='0' U='IN' F='Width*0'/><Cell N='Y' V='0.33' U='IN' F='Height*0.22'/></Row><Row T='EllipticalArcTo' IX='5'><Cell N='X' V='0.19' U='IN' F='Width*0.19'/><Cell N='Y' V='0.220000000000005' U='IN' F='Height*0.14666666666667'/><Cell N='A' V='0.094514054160735' U='IN' F='Width*0.094514054160735'/><Cell N='B' V='0.274230473517135' U='IN' F='Height*0.18282031567809'/><Cell N='C' V='-3.137019057747601' U='DA' F='_ELLIPSE_THETA(-3.1370190577476,1.0441749723287,0.78740157480315,1.1811023622047,Width,Height)'/><Cell N='D' V='1.044174972328678' F='_ELLIPSE_ECC(-3.1370190577476,1.0441749723287,0.78740157480315,1.1811023622047,Width,Height,Geometry1.C5)'/></Row><Row T='EllipticalArcTo' IX='6'><Cell N='X' V='0.245' U='IN' F='Width*0.245'/><Cell N='Y' V='0.235000000000005' U='IN' F='Height*0.15666666666667'/><Cell N='A' V='0.21751540470462' U='IN' F='Width*0.21751540470462'/><Cell N='B' V='0.227450687356455' U='IN' F='Height*0.15163379157097'/><Cell N='C' V='-0.2191764765044774' U='DA' F='_ELLIPSE_THETA(-0.21917647650437,1.0441749723287,0.78740157480315,1.1811023622047,Width,Height)'/><Cell N='D' V='1.04417497232868' F='_ELLIPSE_ECC(-0.21917647650437,1.0441749723287,0.78740157480315,1.1811023622047,Width,Height,Geometry1.C6)'/></Row><Row T='LineTo' IX='7'><Cell N='X' V='0.27' U='IN' F='Width*0.27'/><Cell N='Y' V='0.220000000000005' U='IN' F='Height*0.14666666666667'/></Row><Row T='LineTo' IX='8'><Cell N='X' V='0.27' U='IN' F='Width*0.27'/><Cell N='Y' V='0.175000000000005' U='IN' F='Height*0.11666666666667'/></Row><Row T='EllipticalArcTo' IX='9'><Cell N='X' V='0.575' U='IN' F='Width*0.575'/><Cell N='Y' V='0' U='IN' F='Height*0'/><Cell N='A' V='0.4212102767534' U='IN' F='Width*0.4212102767534'/><Cell N='B' V='0.085427749790457' U='IN' F='Height*0.056951833193638'/><Cell N='C' V='-0.0505379609362042' U='DA' F='_ELLIPSE_THETA(-0.050537960936176,1.0441749723287,0.78740157480315,1.1811023622047,Width,Height)'/><Cell N='D' V='1.044174972328678' F='_ELLIPSE_ECC(-0.050537960936176,1.0441749723287,0.78740157480315,1.1811023622047,Width,Height,Geometry1.C9)'/></Row><Row T='LineTo' IX='10'><Cell N='X' V='1' U='IN' F='Width*1'/><Cell N='Y' V='0.250000000000005' U='IN' F='Height*0.16666666666667'/></Row><Row T='LineTo' IX='11'><Cell N='X' V='1' U='IN' F='Geometry1.X1'/><Cell N='Y' V='1.17' U='IN' F='Geometry1.Y1'/></Row></Section><Text/></Shape></Shapes></Shape></Shapes></MasterContents>