<?xml version='1.0' encoding='utf-8' ?>
<MasterContents xmlns='http://schemas.microsoft.com/office/visio/2012/main' xmlns:r='http://schemas.openxmlformats.org/officeDocument/2006/relationships' xml:space='preserve'><Shapes><Shape ID='5' Type='Group' LineStyle='0' FillStyle='0' TextStyle='0'><Cell N='PinX' V='0'/><Cell N='PinY' V='0'/><Cell N='Width' V='1.333333333333333'/><Cell N='Height' V='1'/><Cell N='LocPinX' V='0' F='Width*0'/><Cell N='LocPinY' V='0' F='Height*0'/><Cell N='Angle' V='0'/><Cell N='FlipX' V='0'/><Cell N='FlipY' V='0'/><Cell N='ResizeMode' V='0'/><Cell N='DisplayMode' V='1'/><Cell N='FillForegnd' V='#f0f0f0'/><Cell N='LineColor' V='14'/><Section N='User'><Row N='visDGDefaultPos'><Cell N='Value' V='PNT(6,3)' U='PNT' F='PNT(6,3)'/><Cell N='Prompt' V='' F='No Formula'/></Row></Section><Section N='Geometry' IX='0'><Cell N='NoFill' V='0'/><Cell N='NoLine' V='0'/><Cell N='NoShow' V='0'/><Cell N='NoSnap' V='0'/><Cell N='NoQuickDrag' V='0'/><Row T='RelMoveTo' IX='1'><Cell N='X' V='0'/><Cell N='Y' V='0'/></Row><Row T='RelLineTo' IX='2'><Cell N='X' V='1'/><Cell N='Y' V='0'/></Row><Row T='RelLineTo' IX='3'><Cell N='X' V='1'/><Cell N='Y' V='1'/></Row><Row T='RelLineTo' IX='4'><Cell N='X' V='0'/><Cell N='Y' V='1'/></Row><Row T='RelLineTo' IX='5'><Cell N='X' V='0'/><Cell N='Y' V='0'/></Row></Section><Shapes><Shape ID='6' NameU='Text callout' IsCustomNameU='1' Name='Text callout' IsCustomName='1' Type='Group' LineStyle='3' FillStyle='3' TextStyle='3'><Cell N='PinX' V='2.0625' F='Sheet.5!Width+Width*0.5+ThePage!User.msvDGCalloutGap'/><Cell N='PinY' V='0.298839397515191' U='IN' F='Sheet.8!PinY-Sheet.8!LocPinY-Height+LocPinY'/><Cell N='Width' V='1.333333333333333' F='IF(Prop.msvCalloutPropWidth&gt;0,Prop.msvCalloutPropWidth,MAX(Sheet.5!Width,1.3333333333333*DropOnPageScale))'/><Cell N='Height' V='0.201160602484809' U='IN' F='GUARD(MAX(8PT,User.BottomHeight+User.MiddleHeight+User.TopHeight)+User.CalloutMargin*2)'/><Cell N='LocPinX' V='0.6666666666666666' U='IN' F='Width*0.5+INDEX(LOOKUP(Prop.msvCalloutPropOffset,Prop.msvCalloutPropOffset.Format),"1;0;-1")*User.CalloutOffset'/><Cell N='LocPinY' V='0.1005803012424045' U='IN' F='Height*0.5'/><Cell N='Angle' V='0'/><Cell N='FlipX' V='0' F='Sheet.5!FlipX'/><Cell N='FlipY' V='0' F='Sheet.5!FlipY'/><Cell N='ResizeMode' V='0'/><Cell N='EventDblClick' V='0' F='OPENTEXTWIN()'/><Cell N='LayerMember' V='0'/><Cell N='TxtPinX' V='0.02' U='IN' F='IF(User.LabelPosition=2,Width-User.CalloutMargin,User.CalloutMargin)'/><Cell N='TxtPinY' V='0.1005803012424045' U='IN' F='IF(User.LabelPosition=4,User.BottomHeight,IF(User.LabelPosition=3,User.BottomHeight+User.MiddleHeight,User.MiddleHeight*0.5))+User.CalloutMargin'/><Cell N='TxtWidth' V='1.293333333333333' U='IN' F='(Width-User.CalloutMargin*2)*IF(AND(OR(User.LabelPosition=1,User.LabelPosition=2),User.ValuePosition=5),0.625,1)'/><Cell N='TxtHeight' V='0.161160602484809' F='TEXTHEIGHT(TheText,TxtWidth)'/><Cell N='TxtLocPinX' V='0' U='IN' F='IF(User.LabelPosition=2,TxtWidth*1,TxtWidth*0)'/><Cell N='TxtLocPinY' V='0.08058030124240451' F='TxtHeight*IF(User.LabelPosition=4,1,IF(User.LabelPosition=3,0,0.5))'/><Cell N='TxtAngle' V='0'/><Cell N='HideText' V='1' F='IF(User.LabelPosition=0,TRUE,FALSE)'/><Cell N='GlueType' V='8'/><Cell N='ObjType' V='4'/><Cell N='LeftMargin' V='0.01388888888888889' U='PT'/><Cell N='RightMargin' V='0.01388888888888889' U='PT'/><Cell N='TopMargin' V='0.01388888888888889' U='PT'/><Cell N='BottomMargin' V='0.01388888888888889' U='PT'/><Cell N='VerticalAlign' V='0'/><Cell N='LockRotate' V='1'/><Cell N='LockGroup' V='1'/><Cell N='LockCalcWH' V='1'/><Cell N='LockCustProp' V='1'/><Cell N='LockFromGroupFormat' V='1'/><Cell N='DisplayMode' V='1'/><Cell N='IsSnapTarget' V='0'/><Cell N='DontMoveChildren' V='1'/><Cell N='LinePattern' V='1' F='GUARD(IF(User.BorderType=0,0,SETATREFEXPR(1)))'/><Cell N='Rounding' V='0' F='GUARD(0)'/><Cell N='FillForegnd' V='#9dbb61' F='IF(QuickStyleFillMatrix=255,THEMEVAL("Accentcolor2"),THEMEVAL())'/><Cell N='FillPattern' V='0' F='GUARD(IF(User.FillType=0,0,SETATREFEXPR(1)))'/><Cell N='ShdwPattern' V='0' F='GUARD(0)'/><Cell N='QuickStyleFillMatrix' V='255'/><Cell N='FillGradientEnabled' V='0' F='IF(OR(User.FillType=0,QuickStyleFillMatrix=255),FALSE,THEMEVAL())'/><Cell N='HelpTopic' V='Vis_PRXY.chm!#60445'/><Section N='User'><Row N='msvCalloutType'><Cell N='Value' V='Text Callout' U='STR'/><Cell N='Prompt' V=''/></Row><Row N='ValueFormat'><Cell N='Value' V='esc(0)' U='STR' F='IF(STRSAME(Prop.msvCalloutPropValueFormat,""),IF(STRSAME(Prop.msvCalloutField.Format,""),FIELDPICTURE(0),Prop.msvCalloutField.Format),Prop.msvCalloutPropValueFormat)'/><Cell N='Prompt' V=''/></Row><Row N='BorderType'><Cell N='Value' V='1' F='LOOKUP(Prop.msvCalloutPropBorder,Prop.msvCalloutPropBorder.Format)'/><Cell N='Prompt' V=''/></Row><Row N='FillType'><Cell N='Value' V='0' F='LOOKUP(Prop.msvCalloutPropFill,Prop.msvCalloutPropFill.Format)'/><Cell N='Prompt' V=''/></Row><Row N='LabelText'><Cell N='Value' V='Label' U='STR' F='IF(STRSAME(Prop.msvCalloutPropLabel,Prop.msvCalloutPropLabel.Format),Prop.msvCalloutField.SortKey,Prop.msvCalloutPropLabel)'/><Cell N='Prompt' V=''/></Row><Row N='LabelPosition'><Cell N='Value' V='0' F='IF(Para.Flags=0,User.LabelPosition2,IF(User.LabelPosition2=1,2,IF(User.LabelPosition2=2,1,User.LabelPosition2)))'/><Cell N='Prompt' V=''/></Row><Row N='ValueText'><Cell N='Value' V='Abc' U='STR' F='FORMATEX(Prop.msvCalloutField,User.ValueFormat,,,User.ValueTextLangID,IF(STRSAME(Prop.msvCalloutPropValueFormat,""),Prop.msvCalloutField.Calendar,Prop.msvCalloutPropValueFormat.Calendar))'/><Cell N='Prompt' V=''/></Row><Row N='TopHeight'><Cell N='Value' V='0' F='IF(User.LabelPosition=3,TxtHeight,0)'/><Cell N='Prompt' V=''/></Row><Row N='MiddleHeight'><Cell N='Value' V='0.161160602484809' U='DL' F='MAX(IF(OR(User.LabelPosition=1,User.LabelPosition=2),TxtHeight,0),IF(User.ValuePosition=5,Sheet.7!TxtHeight,0))'/><Cell N='Prompt' V=''/></Row><Row N='BottomHeight'><Cell N='Value' V='0' F='IF(User.LabelPosition=4,TxtHeight,0)'/><Cell N='Prompt' V=''/></Row><Row N='visDGDefaultPos'><Cell N='Value' V='1' U='BOOL'/><Cell N='Prompt' V=''/></Row><Row N='visDGStackHeight'><Cell N='Value' V='0'/><Cell N='Prompt' V=''/></Row><Row N='ValuePosition'><Cell N='Value' V='5' F='IF(STRSAME(User.ValueText,""),0,IF(Prop.msvCalloutPropShowValue=TRUE,5,0))'/><Cell N='Prompt' V=''/></Row><Row N='ThemeColor'><Cell N='Value' V='#9dbb61' U='COLOR' F='THEMEGUARD(THEMEVAL("AccentColor2"))'/><Cell N='Prompt' V=''/></Row><Row N='CalloutMargin'><Cell N='Value' V='0.02' U='IN' F='0.02IN*DropOnPageScale'/><Cell N='Prompt' V=''/></Row><Row N='CalloutOffset'><Cell N='Value' V='0.125' U='IN' F='0.125IN*DropOnPageScale'/><Cell N='Prompt' V=''/></Row><Row N='UnitSample'><Cell N='Value' V='12.3456' U='IN'/><Cell N='Prompt' V=''/></Row><Row N='TextSample'><Cell N='Value' V='Abc' U='STR'/><Cell N='Prompt' V=''/></Row><Row N='visDGCalloutItem'><Cell N='Value' V='5'/><Cell N='Prompt' V=''/></Row><Row N='ThemeColor2'><Cell N='Value' V='#455b17' U='COLOR' F='IF(LUMDIFF(THEMEVAL("LineColor"),THEMEVAL("FillColor"))&lt;0,TINT(TONE(User.ThemeColor,-50),-80),TINT(TONE(User.ThemeColor,-50),120))'/><Cell N='Prompt' V=''/></Row><Row N='LabelTextLangID'><Cell N='Value' V='1033' F='IF(STRSAME(Prop.msvCalloutPropLabel,Prop.msvCalloutPropLabel.Format),Prop.msvCalloutField.LangID,Prop.msvCalloutPropLabel.LangID)'/><Cell N='Prompt' V=''/></Row><Row N='ValueTextLangID'><Cell N='Value' V='1033' F='IF(STRSAME(Prop.msvCalloutPropValueFormat,""),Prop.msvCalloutField.LangID,Prop.msvCalloutPropValueFormat.LangID)'/><Cell N='Prompt' V=''/></Row><Row N='LabelPosition2'><Cell N='Value' V='0' F='IF(STRSAME(User.LabelText,""),0,LOOKUP(Prop.msvCalloutPropLabelPosition,Prop.msvCalloutPropLabelPosition.Format))'/><Cell N='Prompt' V=''/></Row><Row N='visVersion'><Cell N='Value' V='15'/><Cell N='Prompt' V=''/></Row><Row N='visDGItemID'><Cell N='Value' V='2'/><Cell N='Prompt' V='' F='No Formula'/></Row><Row N='visDGUseMaster'><Cell N='Value' V='254' F='USE("Text callout")'/><Cell N='Prompt' V='' F='No Formula'/></Row><Row N='visDGCalloutField'><Cell N='Value' V='{Location}' U='STR' F='User.visDGField1D'/><Cell N='Prompt' V='' F='No Formula'/></Row><Row N='visDGField1D'><Cell N='Value' V='{Location}' U='STR'/><Cell N='Prompt' V='' F='No Formula'/></Row></Section><Section N='Property'><Row N='msvCalloutPropShowValue'><Cell N='Value' V='1' U='BOOL'/><Cell N='Prompt' V='Bool'/><Cell N='Label' V='Show Value'/><Cell N='Format' V=''/><Cell N='SortKey' V=''/><Cell N='Type' V='3'/><Cell N='Invisible' V='1'/><Cell N='Verify' V='0'/><Cell N='DataLinked' V='0' F='No Formula'/><Cell N='LangID' V='en-US'/><Cell N='Calendar' V='0'/></Row><Row N='msvCalloutPropValueFormat'><Cell N='Value' V='' U='STR'/><Cell N='Prompt' V='Format'/><Cell N='Label' V='Value Format'/><Cell N='Format' V=''/><Cell N='SortKey' V=''/><Cell N='Type' V='0'/><Cell N='Invisible' V='1'/><Cell N='Verify' V='0'/><Cell N='DataLinked' V='0' F='No Formula'/><Cell N='LangID' V='en-US'/><Cell N='Calendar' V='0'/></Row><Row N='msvCalloutPropValueSize'><Cell N='Value' V='0.1111111111111111' U='PT' F='SETATREF(Sheet.7!Char.Size)'/><Cell N='Prompt' V='Font'/><Cell N='Label' V='Value Font Size'/><Cell N='Format' V=''/><Cell N='SortKey' V=''/><Cell N='Type' V='2'/><Cell N='Invisible' V='1'/><Cell N='Verify' V='0'/><Cell N='DataLinked' V='0' F='No Formula'/><Cell N='LangID' V='en-US'/><Cell N='Calendar' V='0'/></Row><Row N='msvCalloutPropLabelPosition'><Cell N='Value' V='Not Shown' U='STR'/><Cell N='Prompt' V='List'/><Cell N='Label' V='Label Position'/><Cell N='Format' V='Not Shown;Left of Value;Right of Value;Above Value;Below Value'/><Cell N='SortKey' V=''/><Cell N='Type' V='1'/><Cell N='Invisible' V='1'/><Cell N='Verify' V='0'/><Cell N='DataLinked' V='0' F='No Formula'/><Cell N='LangID' V='en-US'/><Cell N='Calendar' V='0'/></Row><Row N='msvCalloutPropLabel'><Cell N='Value' V='[Default]' U='STR' F='Prop.msvCalloutPropLabel.Format'/><Cell N='Prompt' V='String'/><Cell N='Label' V='Label'/><Cell N='Format' V='[Default]'/><Cell N='SortKey' V=''/><Cell N='Type' V='0'/><Cell N='Invisible' V='1'/><Cell N='Verify' V='0'/><Cell N='DataLinked' V='0' F='No Formula'/><Cell N='LangID' V='en-US'/><Cell N='Calendar' V='0'/></Row><Row N='msvCalloutPropLabelSize'><Cell N='Value' V='0.1111111111111111' U='PT' F='SETATREF(Char.Size)'/><Cell N='Prompt' V='Font'/><Cell N='Label' V='Label Font Size'/><Cell N='Format' V=''/><Cell N='SortKey' V=''/><Cell N='Type' V='2'/><Cell N='Invisible' V='1'/><Cell N='Verify' V='0'/><Cell N='DataLinked' V='0' F='No Formula'/><Cell N='LangID' V='en-US'/><Cell N='Calendar' V='0'/></Row><Row N='msvCalloutPropBorder'><Cell N='Value' V='Bottom' U='STR' F='INDEX(1,Prop.msvCalloutPropBorder.Format)'/><Cell N='Prompt' V='List'/><Cell N='Label' V='Border Type'/><Cell N='Format' V='None;Bottom;Outline'/><Cell N='SortKey' V=''/><Cell N='Type' V='1'/><Cell N='Invisible' V='1'/><Cell N='Verify' V='0'/><Cell N='DataLinked' V='0' F='No Formula'/><Cell N='LangID' V='en-US'/><Cell N='Calendar' V='0'/></Row><Row N='msvCalloutPropFill'><Cell N='Value' V='None' U='STR' F='INDEX(0,Prop.msvCalloutPropFill.Format)'/><Cell N='Prompt' V='List'/><Cell N='Label' V='Fill Type'/><Cell N='Format' V='None;Filled'/><Cell N='SortKey' V=''/><Cell N='Type' V='1'/><Cell N='Invisible' V='1'/><Cell N='Verify' V='0'/><Cell N='DataLinked' V='0'/><Cell N='LangID' V='en-US'/><Cell N='Calendar' V='0'/></Row><Row N='msvCalloutPropOffset'><Cell N='Value' V='None' U='STR' F='INDEX(1,Prop.msvCalloutPropOffset.Format)'/><Cell N='Prompt' V='List'/><Cell N='Label' V='Callout Offset'/><Cell N='Format' V='Left;None;Right'/><Cell N='SortKey' V=''/><Cell N='Type' V='1'/><Cell N='Invisible' V='1'/><Cell N='Verify' V='0'/><Cell N='DataLinked' V='0' F='No Formula'/><Cell N='LangID' V='en-US'/><Cell N='Calendar' V='0'/></Row><Row N='msvCalloutPropWidth'><Cell N='Value' V='0'/><Cell N='Prompt' V='Number'/><Cell N='Label' V='Callout Width'/><Cell N='Format' V=''/><Cell N='SortKey' V=''/><Cell N='Type' V='2'/><Cell N='Invisible' V='1'/><Cell N='Verify' V='0'/><Cell N='DataLinked' V='0' F='No Formula'/><Cell N='LangID' V='en-US'/><Cell N='Calendar' V='0'/></Row><Row N='msvCalloutField'><Cell N='Value' V='Abc' U='STR' F='IF(STRSAME("esc(0)",User.ValueFormat),User.TextSample,IF(ISERROR(FIND("[",User.ValueFormat))=FALSE,12.34,IF(ISERROR(FIND("@",User.ValueFormat))=FALSE,User.TextSample,IF(ISERROR(FIND("%",User.ValueFormat))=FALSE,0.1234,IF(ISERROR(FIND("{",User.ValueFormat))=FALSE,NOW(),IF(ISERROR(FIND("$",User.ValueFormat))=FALSE,123.45,IF(ISERROR(FIND("esc",User.ValueFormat))=FALSE,User.UnitSample,IF(ISERROR(FIND("#/",User.ValueFormat))=FALSE,User.UnitSample,IF(ISERROR(FIND("/",User.ValueFormat))=FALSE,NOW(),User.UnitSample*100)))))))))'/><Cell N='Prompt' V=''/><Cell N='Label' V=''/><Cell N='Format' V=''/><Cell N='SortKey' V='Label'/><Cell N='Type' V='0'/><Cell N='Invisible' V='1'/><Cell N='Verify' V='0'/><Cell N='DataLinked' V='0' F='No Formula'/><Cell N='LangID' V='en-US'/><Cell N='Calendar' V='0'/></Row></Section><Section N='Field'><Row IX='0'><Cell N='Value' V='Label' U='STR' F='User.LabelText'/><Cell N='Format' V='esc(0)' U='STR' F='FIELDPICTURE(0)'/><Cell N='Type' V='0'/><Cell N='UICat' V='0' F='No Formula'/><Cell N='UICod' V='0' F='No Formula'/><Cell N='UIFmt' V='0' F='No Formula'/><Cell N='Calendar' V='0'/><Cell N='ObjectKind' V='0'/></Row></Section><Section N='Character'><Row IX='0'><Cell N='Color' V='#000000' F='THEMEGUARD(IF(User.FillType=1,THEMEVAL("TextColor"),IF(LUM(THEMEVAL("BackgroundColor"))&gt;120,THEMEVAL("Dark"),THEMEVAL("Light"))))'/><Cell N='Size' V='0.1111111111111111' U='PT'/><Cell N='LangID' V='en-US' F='User.LabelTextLangID'/></Row></Section><Section N='Paragraph'><Row IX='0'><Cell N='HorzAlign' V='0' F='IF(OR(User.ValuePosition=0,User.LabelPosition=0,User.LabelPosition=3,User.LabelPosition=4),SETATREFEXPR(IF(Para.Flags+User.LabelPosition=2,2,0)),IF(Para.Flags+User.LabelPosition=2,2,0))'/></Row></Section><Section N='Geometry' IX='0'><Cell N='NoFill' V='1' F='IF(User.FillType=0,TRUE,FALSE)'/><Cell N='NoLine' V='1' F='IF(User.BorderType=1,TRUE,FALSE)'/><Cell N='NoShow' V='0'/><Cell N='NoSnap' V='0'/><Cell N='NoQuickDrag' V='0' F='No Formula'/><Row T='MoveTo' IX='1'><Cell N='X' V='0.02' U='IN' F='User.CalloutMargin'/><Cell N='Y' V='0.02' U='IN' F='User.CalloutMargin'/></Row><Row T='LineTo' IX='2'><Cell N='X' V='1.313333333333333' U='IN' F='Width*1-Geometry1.X1'/><Cell N='Y' V='0.02' U='IN' F='Geometry1.Y1'/></Row><Row T='LineTo' IX='3'><Cell N='X' V='1.313333333333333' U='IN' F='Geometry1.X2'/><Cell N='Y' V='0.181160602484809' U='IN' F='Height*1-Geometry1.Y1'/></Row><Row T='LineTo' IX='4'><Cell N='X' V='0.02' U='IN' F='Geometry1.X1'/><Cell N='Y' V='0.181160602484809' U='IN' F='Geometry1.Y3'/></Row><Row T='LineTo' IX='5'><Cell N='X' V='0.02' U='IN' F='Geometry1.X1'/><Cell N='Y' V='0.02' U='IN' F='Geometry1.Y1'/></Row></Section><Section N='Geometry' IX='1'><Cell N='NoFill' V='1'/><Cell N='NoLine' V='0'/><Cell N='NoShow' V='0' F='IF(User.BorderType=1,FALSE,TRUE)'/><Cell N='NoSnap' V='0'/><Cell N='NoQuickDrag' V='0' F='No Formula'/><Row T='MoveTo' IX='1'><Cell N='X' V='0.02' U='IN' F='User.CalloutMargin'/><Cell N='Y' V='0.02' U='IN' F='User.CalloutMargin'/></Row><Row T='LineTo' IX='2'><Cell N='X' V='1.313333333333333' U='IN' F='Width*1-Geometry2.X1'/><Cell N='Y' V='0.02' U='IN' F='Geometry2.Y1'/></Row></Section><Text><cp IX='0'/><pp IX='0'/><fld IX='0'>Label</fld>
</Text><Shapes><Shape ID='7' Type='Shape' LineStyle='3' FillStyle='3' TextStyle='3'><Cell N='PinX' V='0.6666666666666666' F='Sheet.6!Width*0.5'/><Cell N='PinY' V='0.1005803012424045' U='IN' F='Sheet.6!Height*0.5'/><Cell N='Width' V='1.333333333333333' F='Sheet.6!Width*1'/><Cell N='Height' V='0.201160602484809' U='IN' F='Sheet.6!Height*1'/><Cell N='LocPinX' V='0.6666666666666666' F='Width*0.5'/><Cell N='LocPinY' V='0.1005803012424045' U='IN' F='Height*0.5'/><Cell N='Angle' V='0'/><Cell N='FlipX' V='0'/><Cell N='FlipY' V='0'/><Cell N='ResizeMode' V='0'/><Cell N='LayerMember' V='0'/><Cell N='LineWeight' V='0.0033333333333333' F='THEMEVAL("LineWeight",0.0033333333333333DT)'/><Cell N='Rounding' V='0' U='IN' F='0IN*DropOnPageScale'/><Cell N='NoObjHandles' V='1'/><Cell N='HideText' V='0' F='IF(User.ValuePosition=0,TRUE,FALSE)'/><Cell N='GlueType' V='8'/><Cell N='ObjType' V='4'/><Cell N='ShdwPattern' V='0' F='GUARD(0)'/><Cell N='TxtPinX' V='1.313333333333333' U='IN' F='IF(User.LabelPosition&lt;2,Width-User.CalloutMargin,User.CalloutMargin)'/><Cell N='TxtPinY' V='0.1005803012424045' U='IN' F='IF(User.LabelPosition=4,User.BottomHeight,IF(User.LabelPosition=3,User.BottomHeight+User.MiddleHeight,User.MiddleHeight*0.5))+User.CalloutMargin'/><Cell N='TxtWidth' V='1.293333333333333' U='IN' F='(Width-User.CalloutMargin*2)*IF(OR(User.LabelPosition=1,User.LabelPosition=2),1-TEXTWIDTH(Sheet.6!TheText,Sheet.6!TxtWidth)/(Width-User.CalloutMargin*2),1)'/><Cell N='TxtHeight' V='0.161160602484809' F='TEXTHEIGHT(TheText,TxtWidth)'/><Cell N='TxtLocPinX' V='1.293333333333333' U='IN' F='TxtWidth*IF(User.LabelPosition&lt;2,1,0)'/><Cell N='TxtLocPinY' V='0.08058030124240451' F='TxtHeight*IF(User.LabelPosition=4,0,IF(User.LabelPosition=3,1,0.5))'/><Cell N='TxtAngle' V='0'/><Cell N='LeftMargin' V='0.01388888888888889' U='PT'/><Cell N='RightMargin' V='0.01388888888888889' U='PT'/><Cell N='TopMargin' V='0.01388888888888889' U='PT'/><Cell N='BottomMargin' V='0.01388888888888889' U='PT'/><Cell N='LockCalcWH' V='1'/><Section N='Field'><Row IX='0'><Cell N='Value' V='Abc' U='STR' F='Sheet.6!User.ValueText'/><Cell N='Format' V='esc(0)' U='STR' F='FIELDPICTURE(0)'/><Cell N='Type' V='0'/><Cell N='UICat' V='0' F='No Formula'/><Cell N='UICod' V='0' F='No Formula'/><Cell N='UIFmt' V='0' F='No Formula'/><Cell N='Calendar' V='0'/><Cell N='ObjectKind' V='0'/></Row></Section><Section N='User'><Row N='LabelPosition'><Cell N='Value' V='0' F='Sheet.6!User.LabelPosition'/><Cell N='Prompt' V=''/></Row><Row N='ValuePosition'><Cell N='Value' V='5' F='Sheet.6!User.ValuePosition'/><Cell N='Prompt' V=''/></Row><Row N='BottomHeight'><Cell N='Value' V='0' F='Sheet.6!User.BottomHeight'/><Cell N='Prompt' V=''/></Row><Row N='MiddleHeight'><Cell N='Value' V='0.161160602484809' U='DL' F='Sheet.6!User.MiddleHeight'/><Cell N='Prompt' V=''/></Row><Row N='CalloutMargin'><Cell N='Value' V='0.02' U='IN' F='Sheet.6!User.CalloutMargin'/><Cell N='Prompt' V=''/></Row></Section><Section N='Character'><Row IX='0'><Cell N='Color' V='#000000' F='GUARD(Sheet.6!Char.Color)'/><Cell N='Size' V='0.1111111111111111' U='PT'/><Cell N='LangID' V='en-US' F='Sheet.6!User.ValueTextLangID'/></Row></Section><Section N='Paragraph'><Row IX='0'><Cell N='HorzAlign' V='2' F='IF(OR(User.ValuePosition=0,User.LabelPosition=0,User.LabelPosition=3,User.LabelPosition=4),SETATREFEXPR(IF(Para.Flags=0,IF(User.LabelPosition&lt;2,2,0),IF(User.LabelPosition=2,2,0))),IF(Para.Flags=0,IF(User.LabelPosition&lt;2,2,0),IF(User.LabelPosition=2,2,0)))'/><Cell N='Flags' V='0' F='GUARD(Sheet.6!Para.Flags)'/></Row></Section><Text><cp IX='0'/><pp IX='0'/><fld IX='0'>Abc</fld>
</Text></Shape></Shapes></Shape><Shape ID='8' NameU='Text callout.8' Name='Text callout.8' Type='Group' LineStyle='3' FillStyle='3' TextStyle='3'><Cell N='PinX' V='2.0625' F='Sheet.5!Width+Width*0.5+ThePage!User.msvDGCalloutGap'/><Cell N='PinY' V='0.5' U='IN' F='Sheet.5!Height*0.5+-1.1102230246252E-16*Height'/><Cell N='Width' V='1.333333333333333' F='IF(Prop.msvCalloutPropWidth&gt;0,Prop.msvCalloutPropWidth,MAX(Sheet.5!Width,1.3333333333333*DropOnPageScale))'/><Cell N='Height' V='0.201160602484809' U='IN' F='GUARD(MAX(8PT,User.BottomHeight+User.MiddleHeight+User.TopHeight)+User.CalloutMargin*2)'/><Cell N='LocPinX' V='0.6666666666666666' U='IN' F='Width*0.5+INDEX(LOOKUP(Prop.msvCalloutPropOffset,Prop.msvCalloutPropOffset.Format),"1;0;-1")*User.CalloutOffset'/><Cell N='LocPinY' V='0.1005803012424045' U='IN' F='Height*0.5'/><Cell N='Angle' V='0'/><Cell N='FlipX' V='0' F='Sheet.5!FlipX'/><Cell N='FlipY' V='0' F='Sheet.5!FlipY'/><Cell N='ResizeMode' V='0'/><Cell N='EventDblClick' V='0' F='OPENTEXTWIN()'/><Cell N='LayerMember' V='0'/><Cell N='TxtPinX' V='0.02' U='IN' F='IF(User.LabelPosition=2,Width-User.CalloutMargin,User.CalloutMargin)'/><Cell N='TxtPinY' V='0.1005803012424045' U='IN' F='IF(User.LabelPosition=4,User.BottomHeight,IF(User.LabelPosition=3,User.BottomHeight+User.MiddleHeight,User.MiddleHeight*0.5))+User.CalloutMargin'/><Cell N='TxtWidth' V='1.293333333333333' U='IN' F='(Width-User.CalloutMargin*2)*IF(AND(OR(User.LabelPosition=1,User.LabelPosition=2),User.ValuePosition=5),0.625,1)'/><Cell N='TxtHeight' V='0.161160602484809' F='TEXTHEIGHT(TheText,TxtWidth)'/><Cell N='TxtLocPinX' V='0' U='IN' F='IF(User.LabelPosition=2,TxtWidth*1,TxtWidth*0)'/><Cell N='TxtLocPinY' V='0.08058030124240451' F='TxtHeight*IF(User.LabelPosition=4,1,IF(User.LabelPosition=3,0,0.5))'/><Cell N='TxtAngle' V='0'/><Cell N='HideText' V='1' F='IF(User.LabelPosition=0,TRUE,FALSE)'/><Cell N='GlueType' V='8'/><Cell N='ObjType' V='4'/><Cell N='LeftMargin' V='0.01388888888888889' U='PT'/><Cell N='RightMargin' V='0.01388888888888889' U='PT'/><Cell N='TopMargin' V='0.01388888888888889' U='PT'/><Cell N='BottomMargin' V='0.01388888888888889' U='PT'/><Cell N='VerticalAlign' V='0'/><Cell N='LockRotate' V='1'/><Cell N='LockGroup' V='1'/><Cell N='LockCalcWH' V='1'/><Cell N='LockCustProp' V='1'/><Cell N='LockFromGroupFormat' V='1'/><Cell N='DisplayMode' V='1'/><Cell N='IsSnapTarget' V='0'/><Cell N='DontMoveChildren' V='1'/><Cell N='LinePattern' V='1' F='GUARD(IF(User.BorderType=0,0,SETATREFEXPR(1)))'/><Cell N='Rounding' V='0' F='GUARD(0)'/><Cell N='FillForegnd' V='#9dbb61' F='IF(QuickStyleFillMatrix=255,THEMEVAL("Accentcolor2"),THEMEVAL())'/><Cell N='FillPattern' V='0' F='GUARD(IF(User.FillType=0,0,SETATREFEXPR(1)))'/><Cell N='ShdwPattern' V='0' F='GUARD(0)'/><Cell N='QuickStyleFillMatrix' V='255'/><Cell N='FillGradientEnabled' V='0' F='IF(OR(User.FillType=0,QuickStyleFillMatrix=255),FALSE,THEMEVAL())'/><Cell N='HelpTopic' V='Vis_PRXY.chm!#60445'/><Section N='User'><Row N='msvCalloutType'><Cell N='Value' V='Text Callout' U='STR'/><Cell N='Prompt' V=''/></Row><Row N='ValueFormat'><Cell N='Value' V='esc(0)' U='STR' F='IF(STRSAME(Prop.msvCalloutPropValueFormat,""),IF(STRSAME(Prop.msvCalloutField.Format,""),FIELDPICTURE(0),Prop.msvCalloutField.Format),Prop.msvCalloutPropValueFormat)'/><Cell N='Prompt' V=''/></Row><Row N='BorderType'><Cell N='Value' V='1' F='LOOKUP(Prop.msvCalloutPropBorder,Prop.msvCalloutPropBorder.Format)'/><Cell N='Prompt' V=''/></Row><Row N='FillType'><Cell N='Value' V='0' F='LOOKUP(Prop.msvCalloutPropFill,Prop.msvCalloutPropFill.Format)'/><Cell N='Prompt' V=''/></Row><Row N='LabelText'><Cell N='Value' V='Label' U='STR' F='IF(STRSAME(Prop.msvCalloutPropLabel,Prop.msvCalloutPropLabel.Format),Prop.msvCalloutField.SortKey,Prop.msvCalloutPropLabel)'/><Cell N='Prompt' V=''/></Row><Row N='LabelPosition'><Cell N='Value' V='0' F='IF(Para.Flags=0,User.LabelPosition2,IF(User.LabelPosition2=1,2,IF(User.LabelPosition2=2,1,User.LabelPosition2)))'/><Cell N='Prompt' V=''/></Row><Row N='ValueText'><Cell N='Value' V='Abc' U='STR' F='FORMATEX(Prop.msvCalloutField,User.ValueFormat,,,User.ValueTextLangID,IF(STRSAME(Prop.msvCalloutPropValueFormat,""),Prop.msvCalloutField.Calendar,Prop.msvCalloutPropValueFormat.Calendar))'/><Cell N='Prompt' V=''/></Row><Row N='TopHeight'><Cell N='Value' V='0' F='IF(User.LabelPosition=3,TxtHeight,0)'/><Cell N='Prompt' V=''/></Row><Row N='MiddleHeight'><Cell N='Value' V='0.161160602484809' U='DL' F='MAX(IF(OR(User.LabelPosition=1,User.LabelPosition=2),TxtHeight,0),IF(User.ValuePosition=5,Sheet.9!TxtHeight,0))'/><Cell N='Prompt' V=''/></Row><Row N='BottomHeight'><Cell N='Value' V='0' F='IF(User.LabelPosition=4,TxtHeight,0)'/><Cell N='Prompt' V=''/></Row><Row N='visDGDefaultPos'><Cell N='Value' V='1' U='BOOL'/><Cell N='Prompt' V=''/></Row><Row N='visDGStackHeight'><Cell N='Value' V='0'/><Cell N='Prompt' V=''/></Row><Row N='ValuePosition'><Cell N='Value' V='5' F='IF(STRSAME(User.ValueText,""),0,IF(Prop.msvCalloutPropShowValue=TRUE,5,0))'/><Cell N='Prompt' V=''/></Row><Row N='ThemeColor'><Cell N='Value' V='#9dbb61' U='COLOR' F='THEMEGUARD(THEMEVAL("AccentColor2"))'/><Cell N='Prompt' V=''/></Row><Row N='CalloutMargin'><Cell N='Value' V='0.02' U='IN' F='0.02IN*DropOnPageScale'/><Cell N='Prompt' V=''/></Row><Row N='CalloutOffset'><Cell N='Value' V='0.125' U='IN' F='0.125IN*DropOnPageScale'/><Cell N='Prompt' V=''/></Row><Row N='UnitSample'><Cell N='Value' V='12.3456' U='IN'/><Cell N='Prompt' V=''/></Row><Row N='TextSample'><Cell N='Value' V='Abc' U='STR'/><Cell N='Prompt' V=''/></Row><Row N='visDGCalloutItem'><Cell N='Value' V='5'/><Cell N='Prompt' V=''/></Row><Row N='ThemeColor2'><Cell N='Value' V='#455b17' U='COLOR' F='IF(LUMDIFF(THEMEVAL("LineColor"),THEMEVAL("FillColor"))&lt;0,TINT(TONE(User.ThemeColor,-50),-80),TINT(TONE(User.ThemeColor,-50),120))'/><Cell N='Prompt' V=''/></Row><Row N='LabelTextLangID'><Cell N='Value' V='1033' F='IF(STRSAME(Prop.msvCalloutPropLabel,Prop.msvCalloutPropLabel.Format),Prop.msvCalloutField.LangID,Prop.msvCalloutPropLabel.LangID)'/><Cell N='Prompt' V=''/></Row><Row N='ValueTextLangID'><Cell N='Value' V='1033' F='IF(STRSAME(Prop.msvCalloutPropValueFormat,""),Prop.msvCalloutField.LangID,Prop.msvCalloutPropValueFormat.LangID)'/><Cell N='Prompt' V=''/></Row><Row N='LabelPosition2'><Cell N='Value' V='0' F='IF(STRSAME(User.LabelText,""),0,LOOKUP(Prop.msvCalloutPropLabelPosition,Prop.msvCalloutPropLabelPosition.Format))'/><Cell N='Prompt' V=''/></Row><Row N='visVersion'><Cell N='Value' V='15'/><Cell N='Prompt' V=''/></Row><Row N='visDGItemID'><Cell N='Value' V='1'/><Cell N='Prompt' V='' F='No Formula'/></Row><Row N='visDGUseMaster'><Cell N='Value' V='254' F='USE("Text callout")'/><Cell N='Prompt' V='' F='No Formula'/></Row><Row N='visDGCalloutField'><Cell N='Value' V='{Product Number}' U='STR' F='User.visDGField1E'/><Cell N='Prompt' V='' F='No Formula'/></Row><Row N='visDGField1E'><Cell N='Value' V='{Product Number}' U='STR'/><Cell N='Prompt' V='' F='No Formula'/></Row></Section><Section N='Property'><Row N='msvCalloutPropShowValue'><Cell N='Value' V='1' U='BOOL'/><Cell N='Prompt' V='Bool'/><Cell N='Label' V='Show Value'/><Cell N='Format' V=''/><Cell N='SortKey' V=''/><Cell N='Type' V='3'/><Cell N='Invisible' V='1'/><Cell N='Verify' V='0'/><Cell N='DataLinked' V='0' F='No Formula'/><Cell N='LangID' V='en-US'/><Cell N='Calendar' V='0'/></Row><Row N='msvCalloutPropValueFormat'><Cell N='Value' V='' U='STR'/><Cell N='Prompt' V='Format'/><Cell N='Label' V='Value Format'/><Cell N='Format' V=''/><Cell N='SortKey' V=''/><Cell N='Type' V='0'/><Cell N='Invisible' V='1'/><Cell N='Verify' V='0'/><Cell N='DataLinked' V='0' F='No Formula'/><Cell N='LangID' V='en-US'/><Cell N='Calendar' V='0'/></Row><Row N='msvCalloutPropValueSize'><Cell N='Value' V='0.1111111111111111' U='PT' F='SETATREF(Sheet.9!Char.Size)'/><Cell N='Prompt' V='Font'/><Cell N='Label' V='Value Font Size'/><Cell N='Format' V=''/><Cell N='SortKey' V=''/><Cell N='Type' V='2'/><Cell N='Invisible' V='1'/><Cell N='Verify' V='0'/><Cell N='DataLinked' V='0' F='No Formula'/><Cell N='LangID' V='en-US'/><Cell N='Calendar' V='0'/></Row><Row N='msvCalloutPropLabelPosition'><Cell N='Value' V='Not Shown' U='STR'/><Cell N='Prompt' V='List'/><Cell N='Label' V='Label Position'/><Cell N='Format' V='Not Shown;Left of Value;Right of Value;Above Value;Below Value'/><Cell N='SortKey' V=''/><Cell N='Type' V='1'/><Cell N='Invisible' V='1'/><Cell N='Verify' V='0'/><Cell N='DataLinked' V='0' F='No Formula'/><Cell N='LangID' V='en-US'/><Cell N='Calendar' V='0'/></Row><Row N='msvCalloutPropLabel'><Cell N='Value' V='[Default]' U='STR' F='Prop.msvCalloutPropLabel.Format'/><Cell N='Prompt' V='String'/><Cell N='Label' V='Label'/><Cell N='Format' V='[Default]'/><Cell N='SortKey' V=''/><Cell N='Type' V='0'/><Cell N='Invisible' V='1'/><Cell N='Verify' V='0'/><Cell N='DataLinked' V='0' F='No Formula'/><Cell N='LangID' V='en-US'/><Cell N='Calendar' V='0'/></Row><Row N='msvCalloutPropLabelSize'><Cell N='Value' V='0.1111111111111111' U='PT' F='SETATREF(Char.Size)'/><Cell N='Prompt' V='Font'/><Cell N='Label' V='Label Font Size'/><Cell N='Format' V=''/><Cell N='SortKey' V=''/><Cell N='Type' V='2'/><Cell N='Invisible' V='1'/><Cell N='Verify' V='0'/><Cell N='DataLinked' V='0' F='No Formula'/><Cell N='LangID' V='en-US'/><Cell N='Calendar' V='0'/></Row><Row N='msvCalloutPropBorder'><Cell N='Value' V='Bottom' U='STR' F='INDEX(1,Prop.msvCalloutPropBorder.Format)'/><Cell N='Prompt' V='List'/><Cell N='Label' V='Border Type'/><Cell N='Format' V='None;Bottom;Outline'/><Cell N='SortKey' V=''/><Cell N='Type' V='1'/><Cell N='Invisible' V='1'/><Cell N='Verify' V='0'/><Cell N='DataLinked' V='0' F='No Formula'/><Cell N='LangID' V='en-US'/><Cell N='Calendar' V='0'/></Row><Row N='msvCalloutPropFill'><Cell N='Value' V='None' U='STR' F='INDEX(0,Prop.msvCalloutPropFill.Format)'/><Cell N='Prompt' V='List'/><Cell N='Label' V='Fill Type'/><Cell N='Format' V='None;Filled'/><Cell N='SortKey' V=''/><Cell N='Type' V='1'/><Cell N='Invisible' V='1'/><Cell N='Verify' V='0'/><Cell N='DataLinked' V='0'/><Cell N='LangID' V='en-US'/><Cell N='Calendar' V='0'/></Row><Row N='msvCalloutPropOffset'><Cell N='Value' V='None' U='STR' F='INDEX(1,Prop.msvCalloutPropOffset.Format)'/><Cell N='Prompt' V='List'/><Cell N='Label' V='Callout Offset'/><Cell N='Format' V='Left;None;Right'/><Cell N='SortKey' V=''/><Cell N='Type' V='1'/><Cell N='Invisible' V='1'/><Cell N='Verify' V='0'/><Cell N='DataLinked' V='0' F='No Formula'/><Cell N='LangID' V='en-US'/><Cell N='Calendar' V='0'/></Row><Row N='msvCalloutPropWidth'><Cell N='Value' V='0'/><Cell N='Prompt' V='Number'/><Cell N='Label' V='Callout Width'/><Cell N='Format' V=''/><Cell N='SortKey' V=''/><Cell N='Type' V='2'/><Cell N='Invisible' V='1'/><Cell N='Verify' V='0'/><Cell N='DataLinked' V='0' F='No Formula'/><Cell N='LangID' V='en-US'/><Cell N='Calendar' V='0'/></Row><Row N='msvCalloutField'><Cell N='Value' V='Abc' U='STR' F='IF(STRSAME("esc(0)",User.ValueFormat),User.TextSample,IF(ISERROR(FIND("[",User.ValueFormat))=FALSE,12.34,IF(ISERROR(FIND("@",User.ValueFormat))=FALSE,User.TextSample,IF(ISERROR(FIND("%",User.ValueFormat))=FALSE,0.1234,IF(ISERROR(FIND("{",User.ValueFormat))=FALSE,NOW(),IF(ISERROR(FIND("$",User.ValueFormat))=FALSE,123.45,IF(ISERROR(FIND("esc",User.ValueFormat))=FALSE,User.UnitSample,IF(ISERROR(FIND("#/",User.ValueFormat))=FALSE,User.UnitSample,IF(ISERROR(FIND("/",User.ValueFormat))=FALSE,NOW(),User.UnitSample*100)))))))))'/><Cell N='Prompt' V=''/><Cell N='Label' V=''/><Cell N='Format' V=''/><Cell N='SortKey' V='Label'/><Cell N='Type' V='0'/><Cell N='Invisible' V='1'/><Cell N='Verify' V='0'/><Cell N='DataLinked' V='0' F='No Formula'/><Cell N='LangID' V='en-US'/><Cell N='Calendar' V='0'/></Row></Section><Section N='Field'><Row IX='0'><Cell N='Value' V='Label' U='STR' F='User.LabelText'/><Cell N='Format' V='esc(0)' U='STR' F='FIELDPICTURE(0)'/><Cell N='Type' V='0'/><Cell N='UICat' V='0' F='No Formula'/><Cell N='UICod' V='0' F='No Formula'/><Cell N='UIFmt' V='0' F='No Formula'/><Cell N='Calendar' V='0'/><Cell N='ObjectKind' V='0'/></Row></Section><Section N='Character'><Row IX='0'><Cell N='Color' V='#000000' F='THEMEGUARD(IF(User.FillType=1,THEMEVAL("TextColor"),IF(LUM(THEMEVAL("BackgroundColor"))&gt;120,THEMEVAL("Dark"),THEMEVAL("Light"))))'/><Cell N='Size' V='0.1111111111111111' U='PT'/><Cell N='LangID' V='en-US' F='User.LabelTextLangID'/></Row></Section><Section N='Paragraph'><Row IX='0'><Cell N='HorzAlign' V='0' F='IF(OR(User.ValuePosition=0,User.LabelPosition=0,User.LabelPosition=3,User.LabelPosition=4),SETATREFEXPR(IF(Para.Flags+User.LabelPosition=2,2,0)),IF(Para.Flags+User.LabelPosition=2,2,0))'/></Row></Section><Section N='Geometry' IX='0'><Cell N='NoFill' V='1' F='IF(User.FillType=0,TRUE,FALSE)'/><Cell N='NoLine' V='1' F='IF(User.BorderType=1,TRUE,FALSE)'/><Cell N='NoShow' V='0'/><Cell N='NoSnap' V='0'/><Cell N='NoQuickDrag' V='0' F='No Formula'/><Row T='MoveTo' IX='1'><Cell N='X' V='0.02' U='IN' F='User.CalloutMargin'/><Cell N='Y' V='0.02' U='IN' F='User.CalloutMargin'/></Row><Row T='LineTo' IX='2'><Cell N='X' V='1.313333333333333' U='IN' F='Width*1-Geometry1.X1'/><Cell N='Y' V='0.02' U='IN' F='Geometry1.Y1'/></Row><Row T='LineTo' IX='3'><Cell N='X' V='1.313333333333333' U='IN' F='Geometry1.X2'/><Cell N='Y' V='0.181160602484809' U='IN' F='Height*1-Geometry1.Y1'/></Row><Row T='LineTo' IX='4'><Cell N='X' V='0.02' U='IN' F='Geometry1.X1'/><Cell N='Y' V='0.181160602484809' U='IN' F='Geometry1.Y3'/></Row><Row T='LineTo' IX='5'><Cell N='X' V='0.02' U='IN' F='Geometry1.X1'/><Cell N='Y' V='0.02' U='IN' F='Geometry1.Y1'/></Row></Section><Section N='Geometry' IX='1'><Cell N='NoFill' V='1'/><Cell N='NoLine' V='0'/><Cell N='NoShow' V='0' F='IF(User.BorderType=1,FALSE,TRUE)'/><Cell N='NoSnap' V='0'/><Cell N='NoQuickDrag' V='0' F='No Formula'/><Row T='MoveTo' IX='1'><Cell N='X' V='0.02' U='IN' F='User.CalloutMargin'/><Cell N='Y' V='0.02' U='IN' F='User.CalloutMargin'/></Row><Row T='LineTo' IX='2'><Cell N='X' V='1.313333333333333' U='IN' F='Width*1-Geometry2.X1'/><Cell N='Y' V='0.02' U='IN' F='Geometry2.Y1'/></Row></Section><Text><cp IX='0'/><pp IX='0'/><fld IX='0'>Label</fld>
</Text><Shapes><Shape ID='9' Type='Shape' LineStyle='3' FillStyle='3' TextStyle='3'><Cell N='PinX' V='0.6666666666666666' F='Sheet.8!Width*0.5'/><Cell N='PinY' V='0.1005803012424045' U='IN' F='Sheet.8!Height*0.5'/><Cell N='Width' V='1.333333333333333' F='Sheet.8!Width*1'/><Cell N='Height' V='0.201160602484809' U='IN' F='Sheet.8!Height*1'/><Cell N='LocPinX' V='0.6666666666666666' F='Width*0.5'/><Cell N='LocPinY' V='0.1005803012424045' U='IN' F='Height*0.5'/><Cell N='Angle' V='0'/><Cell N='FlipX' V='0'/><Cell N='FlipY' V='0'/><Cell N='ResizeMode' V='0'/><Cell N='LayerMember' V='0'/><Cell N='LineWeight' V='0.0033333333333333' F='THEMEVAL("LineWeight",0.0033333333333333DT)'/><Cell N='Rounding' V='0' U='IN' F='0IN*DropOnPageScale'/><Cell N='NoObjHandles' V='1'/><Cell N='HideText' V='0' F='IF(User.ValuePosition=0,TRUE,FALSE)'/><Cell N='GlueType' V='8'/><Cell N='ObjType' V='4'/><Cell N='ShdwPattern' V='0' F='GUARD(0)'/><Cell N='TxtPinX' V='1.313333333333333' U='IN' F='IF(User.LabelPosition&lt;2,Width-User.CalloutMargin,User.CalloutMargin)'/><Cell N='TxtPinY' V='0.1005803012424045' U='IN' F='IF(User.LabelPosition=4,User.BottomHeight,IF(User.LabelPosition=3,User.BottomHeight+User.MiddleHeight,User.MiddleHeight*0.5))+User.CalloutMargin'/><Cell N='TxtWidth' V='1.293333333333333' U='IN' F='(Width-User.CalloutMargin*2)*IF(OR(User.LabelPosition=1,User.LabelPosition=2),1-TEXTWIDTH(Sheet.8!TheText,Sheet.8!TxtWidth)/(Width-User.CalloutMargin*2),1)'/><Cell N='TxtHeight' V='0.161160602484809' F='TEXTHEIGHT(TheText,TxtWidth)'/><Cell N='TxtLocPinX' V='1.293333333333333' U='IN' F='TxtWidth*IF(User.LabelPosition&lt;2,1,0)'/><Cell N='TxtLocPinY' V='0.08058030124240451' F='TxtHeight*IF(User.LabelPosition=4,0,IF(User.LabelPosition=3,1,0.5))'/><Cell N='TxtAngle' V='0'/><Cell N='LeftMargin' V='0.01388888888888889' U='PT'/><Cell N='RightMargin' V='0.01388888888888889' U='PT'/><Cell N='TopMargin' V='0.01388888888888889' U='PT'/><Cell N='BottomMargin' V='0.01388888888888889' U='PT'/><Cell N='LockCalcWH' V='1'/><Section N='Field'><Row IX='0'><Cell N='Value' V='Abc' U='STR' F='Sheet.8!User.ValueText'/><Cell N='Format' V='esc(0)' U='STR' F='FIELDPICTURE(0)'/><Cell N='Type' V='0'/><Cell N='UICat' V='0' F='No Formula'/><Cell N='UICod' V='0' F='No Formula'/><Cell N='UIFmt' V='0' F='No Formula'/><Cell N='Calendar' V='0'/><Cell N='ObjectKind' V='0'/></Row></Section><Section N='User'><Row N='LabelPosition'><Cell N='Value' V='0' F='Sheet.8!User.LabelPosition'/><Cell N='Prompt' V=''/></Row><Row N='ValuePosition'><Cell N='Value' V='5' F='Sheet.8!User.ValuePosition'/><Cell N='Prompt' V=''/></Row><Row N='BottomHeight'><Cell N='Value' V='0' F='Sheet.8!User.BottomHeight'/><Cell N='Prompt' V=''/></Row><Row N='MiddleHeight'><Cell N='Value' V='0.161160602484809' U='DL' F='Sheet.8!User.MiddleHeight'/><Cell N='Prompt' V=''/></Row><Row N='CalloutMargin'><Cell N='Value' V='0.02' U='IN' F='Sheet.8!User.CalloutMargin'/><Cell N='Prompt' V=''/></Row></Section><Section N='Character'><Row IX='0'><Cell N='Color' V='#000000' F='GUARD(Sheet.8!Char.Color)'/><Cell N='Size' V='0.1111111111111111' U='PT'/><Cell N='LangID' V='en-US' F='Sheet.8!User.ValueTextLangID'/></Row></Section><Section N='Paragraph'><Row IX='0'><Cell N='HorzAlign' V='2' F='IF(OR(User.ValuePosition=0,User.LabelPosition=0,User.LabelPosition=3,User.LabelPosition=4),SETATREFEXPR(IF(Para.Flags=0,IF(User.LabelPosition&lt;2,2,0),IF(User.LabelPosition=2,2,0))),IF(Para.Flags=0,IF(User.LabelPosition&lt;2,2,0),IF(User.LabelPosition=2,2,0)))'/><Cell N='Flags' V='0' F='GUARD(Sheet.8!Para.Flags)'/></Row></Section><Text><cp IX='0'/><pp IX='0'/><fld IX='0'>Abc</fld>
</Text></Shape></Shapes></Shape><Shape ID='10' NameU='Text callout.10' Name='Text callout.10' Type='Group' LineStyle='3' FillStyle='3' TextStyle='3'><Cell N='PinX' V='2.0625' F='Sheet.5!Width+Width*0.5+ThePage!User.msvDGCalloutGap'/><Cell N='PinY' V='0.7011606024848089' U='IN' F='Sheet.8!PinY-Sheet.8!LocPinY+Sheet.8!Height+LocPinY'/><Cell N='Width' V='1.333333333333333' F='IF(Prop.msvCalloutPropWidth&gt;0,Prop.msvCalloutPropWidth,MAX(Sheet.5!Width,1.25*DropOnPageScale))'/><Cell N='Height' V='0.201160602484809' U='IN' F='GUARD(MAX(8PT,User.BottomHeight+User.MiddleHeight+User.TopHeight)+User.CalloutMargin*2)'/><Cell N='LocPinX' V='0.6666666666666666' U='IN' F='Width*0.5+INDEX(LOOKUP(Prop.msvCalloutPropOffset,Prop.msvCalloutPropOffset.Format),"1;0;-1")*User.CalloutOffset'/><Cell N='LocPinY' V='0.1005803012424045' U='IN' F='Height*0.5'/><Cell N='Angle' V='0'/><Cell N='FlipX' V='0' F='Sheet.5!FlipX'/><Cell N='FlipY' V='0' F='Sheet.5!FlipY'/><Cell N='ResizeMode' V='0'/><Cell N='EventDblClick' V='0' F='OPENTEXTWIN()'/><Cell N='LayerMember' V='0'/><Cell N='TxtPinX' V='0.02' U='IN' F='IF(User.LabelPosition=2,Width-User.CalloutMargin,User.CalloutMargin)'/><Cell N='TxtPinY' V='0.1005803012424045' U='IN' F='IF(User.LabelPosition=4,User.BottomHeight,IF(User.LabelPosition=3,User.BottomHeight+User.MiddleHeight,User.MiddleHeight*0.5))+User.CalloutMargin'/><Cell N='TxtWidth' V='1.293333333333333' U='IN' F='(Width-User.CalloutMargin*2)*IF(AND(OR(User.LabelPosition=1,User.LabelPosition=2),User.ValuePosition=5),0.625,1)'/><Cell N='TxtHeight' V='0.161160602484809' F='TEXTHEIGHT(TheText,TxtWidth)'/><Cell N='TxtLocPinX' V='0' U='IN' F='IF(User.LabelPosition=2,TxtWidth*1,TxtWidth*0)'/><Cell N='TxtLocPinY' V='0.08058030124240451' F='TxtHeight*IF(User.LabelPosition=4,1,IF(User.LabelPosition=3,0,0.5))'/><Cell N='TxtAngle' V='0'/><Cell N='HideText' V='1' F='IF(User.LabelPosition=0,TRUE,FALSE)'/><Cell N='GlueType' V='8'/><Cell N='ObjType' V='4'/><Cell N='LeftMargin' V='0.01388888888888889' U='PT'/><Cell N='RightMargin' V='0.01388888888888889' U='PT'/><Cell N='TopMargin' V='0.01388888888888889' U='PT'/><Cell N='BottomMargin' V='0.01388888888888889' U='PT'/><Cell N='VerticalAlign' V='0'/><Cell N='LockRotate' V='1'/><Cell N='LockGroup' V='1'/><Cell N='LockCalcWH' V='1'/><Cell N='LockCustProp' V='1'/><Cell N='LockFromGroupFormat' V='1'/><Cell N='DisplayMode' V='1'/><Cell N='IsSnapTarget' V='0'/><Cell N='DontMoveChildren' V='1'/><Cell N='LinePattern' V='1' F='GUARD(IF(User.BorderType=0,0,SETATREFEXPR(1)))'/><Cell N='Rounding' V='0' F='GUARD(0)'/><Cell N='FillForegnd' V='#9dbb61' F='IF(QuickStyleFillMatrix=255,THEMEVAL("Accentcolor2"),THEMEVAL())'/><Cell N='FillPattern' V='0' F='GUARD(IF(User.FillType=0,0,SETATREFEXPR(1)))'/><Cell N='ShdwPattern' V='0' F='GUARD(0)'/><Cell N='QuickStyleFillMatrix' V='255'/><Cell N='FillGradientEnabled' V='0' F='IF(OR(User.FillType=0,QuickStyleFillMatrix=255),FALSE,THEMEVAL())'/><Cell N='HelpTopic' V='Vis_PRXY.chm!#60445'/><Section N='User'><Row N='msvCalloutType'><Cell N='Value' V='Text Callout' U='STR'/><Cell N='Prompt' V=''/></Row><Row N='ValueFormat'><Cell N='Value' V='esc(0)' U='STR' F='IF(STRSAME(Prop.msvCalloutPropValueFormat,""),IF(STRSAME(Prop.msvCalloutField.Format,""),FIELDPICTURE(0),Prop.msvCalloutField.Format),Prop.msvCalloutPropValueFormat)'/><Cell N='Prompt' V=''/></Row><Row N='BorderType'><Cell N='Value' V='1' F='LOOKUP(Prop.msvCalloutPropBorder,Prop.msvCalloutPropBorder.Format)'/><Cell N='Prompt' V=''/></Row><Row N='FillType'><Cell N='Value' V='0' F='LOOKUP(Prop.msvCalloutPropFill,Prop.msvCalloutPropFill.Format)'/><Cell N='Prompt' V=''/></Row><Row N='LabelText'><Cell N='Value' V='Label' U='STR' F='IF(STRSAME(Prop.msvCalloutPropLabel,Prop.msvCalloutPropLabel.Format),Prop.msvCalloutField.SortKey,Prop.msvCalloutPropLabel)'/><Cell N='Prompt' V=''/></Row><Row N='LabelPosition'><Cell N='Value' V='0' F='IF(Para.Flags=0,User.LabelPosition2,IF(User.LabelPosition2=1,2,IF(User.LabelPosition2=2,1,User.LabelPosition2)))'/><Cell N='Prompt' V=''/></Row><Row N='ValueText'><Cell N='Value' V='Abc' U='STR' F='FORMATEX(Prop.msvCalloutField,User.ValueFormat,,,User.ValueTextLangID,IF(STRSAME(Prop.msvCalloutPropValueFormat,""),Prop.msvCalloutField.Calendar,Prop.msvCalloutPropValueFormat.Calendar))'/><Cell N='Prompt' V=''/></Row><Row N='TopHeight'><Cell N='Value' V='0' F='IF(User.LabelPosition=3,TxtHeight,0)'/><Cell N='Prompt' V=''/></Row><Row N='MiddleHeight'><Cell N='Value' V='0.161160602484809' U='DL' F='MAX(IF(OR(User.LabelPosition=1,User.LabelPosition=2),TxtHeight,0),IF(User.ValuePosition=5,Sheet.11!TxtHeight,0))'/><Cell N='Prompt' V=''/></Row><Row N='BottomHeight'><Cell N='Value' V='0' F='IF(User.LabelPosition=4,TxtHeight,0)'/><Cell N='Prompt' V=''/></Row><Row N='visDGDefaultPos'><Cell N='Value' V='1' U='BOOL'/><Cell N='Prompt' V=''/></Row><Row N='visDGStackHeight'><Cell N='Value' V='0'/><Cell N='Prompt' V=''/></Row><Row N='ValuePosition'><Cell N='Value' V='5' F='IF(STRSAME(User.ValueText,""),0,IF(Prop.msvCalloutPropShowValue=TRUE,5,0))'/><Cell N='Prompt' V=''/></Row><Row N='ThemeColor'><Cell N='Value' V='#9dbb61' U='COLOR' F='THEMEGUARD(THEMEVAL("AccentColor2"))'/><Cell N='Prompt' V=''/></Row><Row N='CalloutMargin'><Cell N='Value' V='0.02' U='IN' F='0.02IN*DropOnPageScale'/><Cell N='Prompt' V=''/></Row><Row N='CalloutOffset'><Cell N='Value' V='0.125' U='IN' F='0.125IN*DropOnPageScale'/><Cell N='Prompt' V=''/></Row><Row N='UnitSample'><Cell N='Value' V='12.3456' U='IN'/><Cell N='Prompt' V=''/></Row><Row N='TextSample'><Cell N='Value' V='Abc' U='STR'/><Cell N='Prompt' V=''/></Row><Row N='visDGCalloutItem'><Cell N='Value' V='5'/><Cell N='Prompt' V=''/></Row><Row N='ThemeColor2'><Cell N='Value' V='#455b17' U='COLOR' F='IF(LUMDIFF(THEMEVAL("LineColor"),THEMEVAL("FillColor"))&lt;0,TINT(TONE(User.ThemeColor,-50),-80),TINT(TONE(User.ThemeColor,-50),120))'/><Cell N='Prompt' V=''/></Row><Row N='LabelTextLangID'><Cell N='Value' V='1033' F='IF(STRSAME(Prop.msvCalloutPropLabel,Prop.msvCalloutPropLabel.Format),Prop.msvCalloutField.LangID,Prop.msvCalloutPropLabel.LangID)'/><Cell N='Prompt' V=''/></Row><Row N='ValueTextLangID'><Cell N='Value' V='1033' F='IF(STRSAME(Prop.msvCalloutPropValueFormat,""),Prop.msvCalloutField.LangID,Prop.msvCalloutPropValueFormat.LangID)'/><Cell N='Prompt' V=''/></Row><Row N='LabelPosition2'><Cell N='Value' V='0' F='IF(STRSAME(User.LabelText,""),0,LOOKUP(Prop.msvCalloutPropLabelPosition,Prop.msvCalloutPropLabelPosition.Format))'/><Cell N='Prompt' V=''/></Row><Row N='visVersion'><Cell N='Value' V='15'/><Cell N='Prompt' V=''/></Row><Row N='visDGField1F'><Cell N='Value' V='{Part Number}' U='STR'/><Cell N='Prompt' V='' F='No Formula'/></Row><Row N='visDGItemID'><Cell N='Value' V='3'/><Cell N='Prompt' V='' F='No Formula'/></Row><Row N='visDGUseMaster'><Cell N='Value' V='254' F='USE("Text callout")'/><Cell N='Prompt' V='' F='No Formula'/></Row><Row N='visDGCalloutField'><Cell N='Value' V='{Part Number}' U='STR' F='User.visDGField1F'/><Cell N='Prompt' V='' F='No Formula'/></Row></Section><Section N='Property'><Row N='msvCalloutPropShowValue'><Cell N='Value' V='1' U='BOOL'/><Cell N='Prompt' V='Bool'/><Cell N='Label' V='Show Value'/><Cell N='Format' V=''/><Cell N='SortKey' V=''/><Cell N='Type' V='3'/><Cell N='Invisible' V='1'/><Cell N='Verify' V='0'/><Cell N='DataLinked' V='0' F='No Formula'/><Cell N='LangID' V='en-US'/><Cell N='Calendar' V='0'/></Row><Row N='msvCalloutPropValueFormat'><Cell N='Value' V='' U='STR'/><Cell N='Prompt' V='Format'/><Cell N='Label' V='Value Format'/><Cell N='Format' V=''/><Cell N='SortKey' V=''/><Cell N='Type' V='0'/><Cell N='Invisible' V='1'/><Cell N='Verify' V='0'/><Cell N='DataLinked' V='0' F='No Formula'/><Cell N='LangID' V='en-US'/><Cell N='Calendar' V='0'/></Row><Row N='msvCalloutPropValueSize'><Cell N='Value' V='0.1111111111111111' U='PT' F='SETATREF(Sheet.11!Char.Size)'/><Cell N='Prompt' V='Font'/><Cell N='Label' V='Value Font Size'/><Cell N='Format' V=''/><Cell N='SortKey' V=''/><Cell N='Type' V='2'/><Cell N='Invisible' V='1'/><Cell N='Verify' V='0'/><Cell N='DataLinked' V='0' F='No Formula'/><Cell N='LangID' V='en-US'/><Cell N='Calendar' V='0'/></Row><Row N='msvCalloutPropLabelPosition'><Cell N='Value' V='Not Shown' U='STR'/><Cell N='Prompt' V='List'/><Cell N='Label' V='Label Position'/><Cell N='Format' V='Not Shown;Left of Value;Right of Value;Above Value;Below Value'/><Cell N='SortKey' V=''/><Cell N='Type' V='1'/><Cell N='Invisible' V='1'/><Cell N='Verify' V='0'/><Cell N='DataLinked' V='0' F='No Formula'/><Cell N='LangID' V='en-US'/><Cell N='Calendar' V='0'/></Row><Row N='msvCalloutPropLabel'><Cell N='Value' V='[Default]' U='STR' F='Prop.msvCalloutPropLabel.Format'/><Cell N='Prompt' V='String'/><Cell N='Label' V='Label'/><Cell N='Format' V='[Default]'/><Cell N='SortKey' V=''/><Cell N='Type' V='0'/><Cell N='Invisible' V='1'/><Cell N='Verify' V='0'/><Cell N='DataLinked' V='0' F='No Formula'/><Cell N='LangID' V='en-US'/><Cell N='Calendar' V='0'/></Row><Row N='msvCalloutPropLabelSize'><Cell N='Value' V='0.1111111111111111' U='PT' F='SETATREF(Char.Size)'/><Cell N='Prompt' V='Font'/><Cell N='Label' V='Label Font Size'/><Cell N='Format' V=''/><Cell N='SortKey' V=''/><Cell N='Type' V='2'/><Cell N='Invisible' V='1'/><Cell N='Verify' V='0'/><Cell N='DataLinked' V='0' F='No Formula'/><Cell N='LangID' V='en-US'/><Cell N='Calendar' V='0'/></Row><Row N='msvCalloutPropBorder'><Cell N='Value' V='Bottom' U='STR' F='INDEX(1,Prop.msvCalloutPropBorder.Format)'/><Cell N='Prompt' V='List'/><Cell N='Label' V='Border Type'/><Cell N='Format' V='None;Bottom;Outline'/><Cell N='SortKey' V=''/><Cell N='Type' V='1'/><Cell N='Invisible' V='1'/><Cell N='Verify' V='0'/><Cell N='DataLinked' V='0' F='No Formula'/><Cell N='LangID' V='en-US'/><Cell N='Calendar' V='0'/></Row><Row N='msvCalloutPropFill'><Cell N='Value' V='None' U='STR' F='INDEX(0,Prop.msvCalloutPropFill.Format)'/><Cell N='Prompt' V='List'/><Cell N='Label' V='Fill Type'/><Cell N='Format' V='None;Filled'/><Cell N='SortKey' V=''/><Cell N='Type' V='1'/><Cell N='Invisible' V='1'/><Cell N='Verify' V='0'/><Cell N='DataLinked' V='0'/><Cell N='LangID' V='en-US'/><Cell N='Calendar' V='0'/></Row><Row N='msvCalloutPropOffset'><Cell N='Value' V='None' U='STR' F='INDEX(1,Prop.msvCalloutPropOffset.Format)'/><Cell N='Prompt' V='List'/><Cell N='Label' V='Callout Offset'/><Cell N='Format' V='Left;None;Right'/><Cell N='SortKey' V=''/><Cell N='Type' V='1'/><Cell N='Invisible' V='1'/><Cell N='Verify' V='0'/><Cell N='DataLinked' V='0' F='No Formula'/><Cell N='LangID' V='en-US'/><Cell N='Calendar' V='0'/></Row><Row N='msvCalloutPropWidth'><Cell N='Value' V='0'/><Cell N='Prompt' V='Number'/><Cell N='Label' V='Callout Width'/><Cell N='Format' V=''/><Cell N='SortKey' V=''/><Cell N='Type' V='2'/><Cell N='Invisible' V='1'/><Cell N='Verify' V='0'/><Cell N='DataLinked' V='0' F='No Formula'/><Cell N='LangID' V='en-US'/><Cell N='Calendar' V='0'/></Row><Row N='msvCalloutField'><Cell N='Value' V='Abc' U='STR' F='IF(STRSAME("esc(0)",User.ValueFormat),User.TextSample,IF(ISERROR(FIND("[",User.ValueFormat))=FALSE,12.34,IF(ISERROR(FIND("@",User.ValueFormat))=FALSE,User.TextSample,IF(ISERROR(FIND("%",User.ValueFormat))=FALSE,0.1234,IF(ISERROR(FIND("{",User.ValueFormat))=FALSE,NOW(),IF(ISERROR(FIND("$",User.ValueFormat))=FALSE,123.45,IF(ISERROR(FIND("esc",User.ValueFormat))=FALSE,User.UnitSample,IF(ISERROR(FIND("#/",User.ValueFormat))=FALSE,User.UnitSample,IF(ISERROR(FIND("/",User.ValueFormat))=FALSE,NOW(),User.UnitSample*100)))))))))'/><Cell N='Prompt' V=''/><Cell N='Label' V=''/><Cell N='Format' V=''/><Cell N='SortKey' V='Label'/><Cell N='Type' V='0'/><Cell N='Invisible' V='1'/><Cell N='Verify' V='0'/><Cell N='DataLinked' V='0' F='No Formula'/><Cell N='LangID' V='en-US'/><Cell N='Calendar' V='0'/></Row></Section><Section N='Field'><Row IX='0'><Cell N='Value' V='Label' U='STR' F='User.LabelText'/><Cell N='Format' V='esc(0)' U='STR' F='FIELDPICTURE(0)'/><Cell N='Type' V='0'/><Cell N='UICat' V='0' F='No Formula'/><Cell N='UICod' V='0' F='No Formula'/><Cell N='UIFmt' V='0' F='No Formula'/><Cell N='Calendar' V='0'/><Cell N='ObjectKind' V='0'/></Row></Section><Section N='Character'><Row IX='0'><Cell N='Color' V='#000000' F='THEMEGUARD(IF(User.FillType=1,THEMEVAL("TextColor"),IF(LUM(THEMEVAL("BackgroundColor"))&gt;120,THEMEVAL("Dark"),THEMEVAL("Light"))))'/><Cell N='Size' V='0.1111111111111111' U='PT'/><Cell N='LangID' V='en-US' F='User.LabelTextLangID'/></Row></Section><Section N='Paragraph'><Row IX='0'><Cell N='HorzAlign' V='0' F='IF(OR(User.ValuePosition=0,User.LabelPosition=0,User.LabelPosition=3,User.LabelPosition=4),SETATREFEXPR(IF(Para.Flags+User.LabelPosition=2,2,0)),IF(Para.Flags+User.LabelPosition=2,2,0))'/></Row></Section><Section N='Geometry' IX='0'><Cell N='NoFill' V='1' F='IF(User.FillType=0,TRUE,FALSE)'/><Cell N='NoLine' V='1' F='IF(User.BorderType=1,TRUE,FALSE)'/><Cell N='NoShow' V='0'/><Cell N='NoSnap' V='0'/><Cell N='NoQuickDrag' V='0' F='No Formula'/><Row T='MoveTo' IX='1'><Cell N='X' V='0.02' U='IN' F='User.CalloutMargin'/><Cell N='Y' V='0.02' U='IN' F='User.CalloutMargin'/></Row><Row T='LineTo' IX='2'><Cell N='X' V='1.313333333333333' U='IN' F='Width*1-Geometry1.X1'/><Cell N='Y' V='0.02' U='IN' F='Geometry1.Y1'/></Row><Row T='LineTo' IX='3'><Cell N='X' V='1.313333333333333' U='IN' F='Geometry1.X2'/><Cell N='Y' V='0.181160602484809' U='IN' F='Height*1-Geometry1.Y1'/></Row><Row T='LineTo' IX='4'><Cell N='X' V='0.02' U='IN' F='Geometry1.X1'/><Cell N='Y' V='0.181160602484809' U='IN' F='Geometry1.Y3'/></Row><Row T='LineTo' IX='5'><Cell N='X' V='0.02' U='IN' F='Geometry1.X1'/><Cell N='Y' V='0.02' U='IN' F='Geometry1.Y1'/></Row></Section><Section N='Geometry' IX='1'><Cell N='NoFill' V='1'/><Cell N='NoLine' V='0'/><Cell N='NoShow' V='0' F='IF(User.BorderType=1,FALSE,TRUE)'/><Cell N='NoSnap' V='0'/><Cell N='NoQuickDrag' V='0' F='No Formula'/><Row T='MoveTo' IX='1'><Cell N='X' V='0.02' U='IN' F='User.CalloutMargin'/><Cell N='Y' V='0.02' U='IN' F='User.CalloutMargin'/></Row><Row T='LineTo' IX='2'><Cell N='X' V='1.313333333333333' U='IN' F='Width*1-Geometry2.X1'/><Cell N='Y' V='0.02' U='IN' F='Geometry2.Y1'/></Row></Section><Text><cp IX='0'/><pp IX='0'/><fld IX='0'>Label</fld>
</Text><Shapes><Shape ID='11' Type='Shape' LineStyle='3' FillStyle='3' TextStyle='3'><Cell N='PinX' V='0.6666666666666666' F='Sheet.10!Width*0.5'/><Cell N='PinY' V='0.1005803012424045' U='IN' F='Sheet.10!Height*0.5'/><Cell N='Width' V='1.333333333333333' F='Sheet.10!Width*1'/><Cell N='Height' V='0.201160602484809' U='IN' F='Sheet.10!Height*1'/><Cell N='LocPinX' V='0.6666666666666666' F='Width*0.5'/><Cell N='LocPinY' V='0.1005803012424045' U='IN' F='Height*0.5'/><Cell N='Angle' V='0'/><Cell N='FlipX' V='0'/><Cell N='FlipY' V='0'/><Cell N='ResizeMode' V='0'/><Cell N='LayerMember' V='0'/><Cell N='LineWeight' V='0.0033333333333333' F='THEMEVAL("LineWeight",0.0033333333333333DT)'/><Cell N='Rounding' V='0' U='IN' F='0IN*DropOnPageScale'/><Cell N='NoObjHandles' V='1'/><Cell N='HideText' V='0' F='IF(User.ValuePosition=0,TRUE,FALSE)'/><Cell N='GlueType' V='8'/><Cell N='ObjType' V='4'/><Cell N='ShdwPattern' V='0' F='GUARD(0)'/><Cell N='TxtPinX' V='1.313333333333333' U='IN' F='IF(User.LabelPosition&lt;2,Width-User.CalloutMargin,User.CalloutMargin)'/><Cell N='TxtPinY' V='0.1005803012424045' U='IN' F='IF(User.LabelPosition=4,User.BottomHeight,IF(User.LabelPosition=3,User.BottomHeight+User.MiddleHeight,User.MiddleHeight*0.5))+User.CalloutMargin'/><Cell N='TxtWidth' V='1.293333333333333' U='IN' F='(Width-User.CalloutMargin*2)*IF(OR(User.LabelPosition=1,User.LabelPosition=2),1-TEXTWIDTH(Sheet.10!TheText,Sheet.10!TxtWidth)/(Width-User.CalloutMargin*2),1)'/><Cell N='TxtHeight' V='0.161160602484809' F='TEXTHEIGHT(TheText,TxtWidth)'/><Cell N='TxtLocPinX' V='1.293333333333333' U='IN' F='TxtWidth*IF(User.LabelPosition&lt;2,1,0)'/><Cell N='TxtLocPinY' V='0.08058030124240451' F='TxtHeight*IF(User.LabelPosition=4,0,IF(User.LabelPosition=3,1,0.5))'/><Cell N='TxtAngle' V='0'/><Cell N='LeftMargin' V='0.01388888888888889' U='PT'/><Cell N='RightMargin' V='0.01388888888888889' U='PT'/><Cell N='TopMargin' V='0.01388888888888889' U='PT'/><Cell N='BottomMargin' V='0.01388888888888889' U='PT'/><Cell N='LockCalcWH' V='1'/><Section N='Field'><Row IX='0'><Cell N='Value' V='Abc' U='STR' F='Sheet.10!User.ValueText'/><Cell N='Format' V='esc(0)' U='STR' F='FIELDPICTURE(0)'/><Cell N='Type' V='0'/><Cell N='UICat' V='0' F='No Formula'/><Cell N='UICod' V='0' F='No Formula'/><Cell N='UIFmt' V='0' F='No Formula'/><Cell N='Calendar' V='0'/><Cell N='ObjectKind' V='0'/></Row></Section><Section N='User'><Row N='LabelPosition'><Cell N='Value' V='0' F='Sheet.10!User.LabelPosition'/><Cell N='Prompt' V=''/></Row><Row N='ValuePosition'><Cell N='Value' V='5' F='Sheet.10!User.ValuePosition'/><Cell N='Prompt' V=''/></Row><Row N='BottomHeight'><Cell N='Value' V='0' F='Sheet.10!User.BottomHeight'/><Cell N='Prompt' V=''/></Row><Row N='MiddleHeight'><Cell N='Value' V='0.161160602484809' U='DL' F='Sheet.10!User.MiddleHeight'/><Cell N='Prompt' V=''/></Row><Row N='CalloutMargin'><Cell N='Value' V='0.02' U='IN' F='Sheet.10!User.CalloutMargin'/><Cell N='Prompt' V=''/></Row></Section><Section N='Character'><Row IX='0'><Cell N='Color' V='#000000' F='GUARD(Sheet.10!Char.Color)'/><Cell N='Size' V='0.1111111111111111' U='PT'/><Cell N='LangID' V='en-US' F='Sheet.10!User.ValueTextLangID'/></Row></Section><Section N='Paragraph'><Row IX='0'><Cell N='HorzAlign' V='2' F='IF(OR(User.ValuePosition=0,User.LabelPosition=0,User.LabelPosition=3,User.LabelPosition=4),SETATREFEXPR(IF(Para.Flags=0,IF(User.LabelPosition&lt;2,2,0),IF(User.LabelPosition=2,2,0))),IF(Para.Flags=0,IF(User.LabelPosition&lt;2,2,0),IF(User.LabelPosition=2,2,0)))'/><Cell N='Flags' V='0' F='GUARD(Sheet.10!Para.Flags)'/></Row></Section><Text><cp IX='0'/><pp IX='0'/><fld IX='0'>Abc</fld>
</Text></Shape></Shapes></Shape></Shapes></Shape></Shapes></MasterContents>