<?xml version='1.0' encoding='utf-8' ?>
<MasterContents xmlns='http://schemas.microsoft.com/office/visio/2012/main' xmlns:r='http://schemas.openxmlformats.org/officeDocument/2006/relationships' xml:space='preserve'><Shapes><Shape ID='5' Type='Group' LineStyle='3' FillStyle='3' TextStyle='3'><Cell N='PinX' V='1'/><Cell N='PinY' V='1'/><Cell N='Width' V='1.125'/><Cell N='Height' V='1.25' U='IN'/><Cell N='LocPinX' V='0.5625' F='Width*0.5'/><Cell N='LocPinY' V='0.625' U='IN' F='Height*0.5'/><Cell N='Angle' V='0'/><Cell N='FlipX' V='0'/><Cell N='FlipY' V='0'/><Cell N='ResizeMode' V='0'/><Cell N='LineWeight' V='0.003333333333333333' U='PT' F='THEMEVAL("LineWeight",0.24PT)'/><Cell N='ObjType' V='8'/><Cell N='Comment' V='&lt;no master&gt;' F='INDEX(0,INDEX(0,MASTERNAME(),":"),".")'/><Cell N='EventDblClick' V='0' F='OPENTEXTWIN()'/><Cell N='TxtPinX' V='0.5625' F='Controls.Row_1'/><Cell N='TxtPinY' V='-0.1555555555555556' F='Controls.Row_1.Y'/><Cell N='TxtWidth' V='0.1111111111111111' F='TEXTWIDTH(TheText)'/><Cell N='TxtHeight' V='0.3111111111111111' F='TEXTHEIGHT(TheText,TxtWidth)'/><Cell N='TxtLocPinX' V='0.05555555555555555' F='TxtWidth*0.5'/><Cell N='TxtLocPinY' V='0.1555555555555556' F='TxtHeight*0.5'/><Cell N='TxtAngle' V='0' F='IF(BITXOR(FlipX,FlipY),1,-1)*Angle'/><Cell N='SelectMode' V='0'/><Cell N='HelpTopic' V='Vis_PRXY.chm!#55179'/><Cell N='Copyright' V='Copyright (c) 2012 Microsoft Corporation.  All rights reserved.'/><Cell N='LayerMember' V='' F='No Formula'/><Cell N='LockAspect' V='1'/><Cell N='QuickStyleVariation' V='6'/><Section N='User'><Row N='HasText'><Cell N='Value' V='0' U='BOOL' F='NOT(OR(HideText,STRSAME(SHAPETEXT(TheText),"")))'/><Cell N='Prompt' V='' F='No Formula'/></Row><Row N='ShapeClass'><Cell N='Value' V='5'/><Cell N='Prompt' V='' F='No Formula'/></Row><Row N='ShapeType'><Cell N='Value' V='24'/><Cell N='Prompt' V='' F='No Formula'/></Row><Row N='SubShapeType'><Cell N='Value' V='70'/><Cell N='Prompt' V='' F='No Formula'/></Row><Row N='visLegendShape'><Cell N='Value' V='2'/><Cell N='Prompt' V='' F='No Formula'/></Row><Row N='SolSH'><Cell N='Value' V='{BF0433D9-CD73-4EB5-8390-8653BE590246}' U='GUID'/><Cell N='Prompt' V='' F='No Formula'/></Row><Row N='visVersion'><Cell N='Value' V='15'/><Cell N='Prompt' V=''/></Row></Section><Section N='Actions'><Row N='Properties'><Cell N='Menu' V='%_P&amp;roperties'/><Cell N='Action' V='0' F='RUNADDON("NETWORK SHAPE PROPERTIES")'/><Cell N='Checked' V='0'/><Cell N='Disabled' V='0'/><Cell N='ReadOnly' V='0'/><Cell N='Invisible' V='0'/><Cell N='BeginGroup' V='0'/><Cell N='FlyoutChild' V='0' F='No Formula'/><Cell N='TagName' V=''/><Cell N='ButtonFace' V=''/><Cell N='SortKey' V=''/></Row></Section><Section N='Connection'><Row T='Connection' N='Row_1'><Cell N='X' V='0.5625' F='Width*0.5'/><Cell N='Y' V='0.625' U='IN' F='Height*0.5'/><Cell N='DirX' V='0'/><Cell N='DirY' V='0'/><Cell N='Type' V='0'/><Cell N='AutoGen' V='0'/><Cell N='Prompt' V='' F='No Formula'/></Row></Section><Section N='Control'><Row N='Row_1'><Cell N='X' V='0.5625' F='Width*0.5'/><Cell N='Y' V='-0.1555555555555556' F='-TxtHeight*0.5'/><Cell N='XDyn' V='0.5625' F='Controls.Row_1'/><Cell N='YDyn' V='-0.1555555555555556' F='Controls.Row_1.Y'/><Cell N='XCon' V='2' F='(Controls.Row_1&gt;Width/2)*2+2'/><Cell N='YCon' V='7' F='(Controls.Row_1.Y&gt;Height/2)*2+2+5*NOT(User.HasText)'/><Cell N='CanGlue' V='1'/><Cell N='Prompt' V='Reposition Text'/></Row></Section><Section N='Property'><Row N='ShapeClass'><Cell N='Value' V='Equipment' U='STR'/><Cell N='Prompt' V='' F='No Formula'/><Cell N='Label' V='ShapeClass'/><Cell N='Format' V='' F='No Formula'/><Cell N='SortKey' V='' F='No Formula'/><Cell N='Type' V='0'/><Cell N='Invisible' V='1'/><Cell N='Verify' V='0'/><Cell N='DataLinked' V='0' F='No Formula'/><Cell N='LangID' V='en-US'/><Cell N='Calendar' V='0' F='No Formula'/></Row><Row N='ShapeType'><Cell N='Value' V='Server' U='STR'/><Cell N='Prompt' V='' F='No Formula'/><Cell N='Label' V='ShapeType'/><Cell N='Format' V='' F='No Formula'/><Cell N='SortKey' V='' F='No Formula'/><Cell N='Type' V='0'/><Cell N='Invisible' V='1'/><Cell N='Verify' V='0'/><Cell N='DataLinked' V='0' F='No Formula'/><Cell N='LangID' V='en-US'/><Cell N='Calendar' V='0' F='No Formula'/></Row><Row N='SubShapeType'><Cell N='Value' V='Terminal' U='STR'/><Cell N='Prompt' V='' F='No Formula'/><Cell N='Label' V='SubShapeType'/><Cell N='Format' V='' F='No Formula'/><Cell N='SortKey' V='' F='No Formula'/><Cell N='Type' V='0'/><Cell N='Invisible' V='1'/><Cell N='Verify' V='0'/><Cell N='DataLinked' V='0' F='No Formula'/><Cell N='LangID' V='en-US'/><Cell N='Calendar' V='0' F='No Formula'/></Row><Row N='Manufacturer'><Cell N='Value' V='0' F='No Formula'/><Cell N='Prompt' V='' F='No Formula'/><Cell N='Label' V='Manufacturer'/><Cell N='Format' V='' F='No Formula'/><Cell N='SortKey' V='Equipment'/><Cell N='Type' V='0'/><Cell N='Invisible' V='0'/><Cell N='Verify' V='0'/><Cell N='DataLinked' V='0' F='No Formula'/><Cell N='LangID' V='en-US'/><Cell N='Calendar' V='0' F='No Formula'/></Row><Row N='ProductNumber'><Cell N='Value' V='0' F='No Formula'/><Cell N='Prompt' V='' F='No Formula'/><Cell N='Label' V='Product Number'/><Cell N='Format' V='' F='No Formula'/><Cell N='SortKey' V='Equipment'/><Cell N='Type' V='0'/><Cell N='Invisible' V='0'/><Cell N='Verify' V='0'/><Cell N='DataLinked' V='0' F='No Formula'/><Cell N='LangID' V='en-US'/><Cell N='Calendar' V='0' F='No Formula'/></Row><Row N='PartNumber'><Cell N='Value' V='0' F='No Formula'/><Cell N='Prompt' V='' F='No Formula'/><Cell N='Label' V='Part Number'/><Cell N='Format' V='' F='No Formula'/><Cell N='SortKey' V='Equipment'/><Cell N='Type' V='0'/><Cell N='Invisible' V='0'/><Cell N='Verify' V='0'/><Cell N='DataLinked' V='0' F='No Formula'/><Cell N='LangID' V='en-US'/><Cell N='Calendar' V='0' F='No Formula'/></Row><Row N='ProductDescription'><Cell N='Value' V='0' F='No Formula'/><Cell N='Prompt' V='' F='No Formula'/><Cell N='Label' V='Product Description'/><Cell N='Format' V='' F='No Formula'/><Cell N='SortKey' V='Equipment'/><Cell N='Type' V='0'/><Cell N='Invisible' V='0'/><Cell N='Verify' V='0'/><Cell N='DataLinked' V='0' F='No Formula'/><Cell N='LangID' V='en-US'/><Cell N='Calendar' V='0' F='No Formula'/></Row><Row N='AssetNumber'><Cell N='Value' V='0' F='No Formula'/><Cell N='Prompt' V='' F='No Formula'/><Cell N='Label' V='Asset Number'/><Cell N='Format' V='' F='No Formula'/><Cell N='SortKey' V='Asset'/><Cell N='Type' V='0'/><Cell N='Invisible' V='0'/><Cell N='Verify' V='0'/><Cell N='DataLinked' V='0' F='No Formula'/><Cell N='LangID' V='en-US'/><Cell N='Calendar' V='0' F='No Formula'/></Row><Row N='SerialNumber'><Cell N='Value' V='0' F='No Formula'/><Cell N='Prompt' V='' F='No Formula'/><Cell N='Label' V='Serial Number'/><Cell N='Format' V='' F='No Formula'/><Cell N='SortKey' V='Asset'/><Cell N='Type' V='0'/><Cell N='Invisible' V='0'/><Cell N='Verify' V='0'/><Cell N='DataLinked' V='0' F='No Formula'/><Cell N='LangID' V='en-US'/><Cell N='Calendar' V='0' F='No Formula'/></Row><Row N='Location'><Cell N='Value' V='0' F='No Formula'/><Cell N='Prompt' V='' F='No Formula'/><Cell N='Label' V='Location'/><Cell N='Format' V='' F='No Formula'/><Cell N='SortKey' V='Asset'/><Cell N='Type' V='0'/><Cell N='Invisible' V='0'/><Cell N='Verify' V='0'/><Cell N='DataLinked' V='0' F='No Formula'/><Cell N='LangID' V='en-US'/><Cell N='Calendar' V='0' F='No Formula'/></Row><Row N='Building'><Cell N='Value' V='0' F='No Formula'/><Cell N='Prompt' V='' F='No Formula'/><Cell N='Label' V='Building'/><Cell N='Format' V='' F='No Formula'/><Cell N='SortKey' V='Asset'/><Cell N='Type' V='0'/><Cell N='Invisible' V='0'/><Cell N='Verify' V='0'/><Cell N='DataLinked' V='0' F='No Formula'/><Cell N='LangID' V='en-US'/><Cell N='Calendar' V='0' F='No Formula'/></Row><Row N='Room'><Cell N='Value' V='0' F='No Formula'/><Cell N='Prompt' V='' F='No Formula'/><Cell N='Label' V='Room'/><Cell N='Format' V='' F='No Formula'/><Cell N='SortKey' V='Asset'/><Cell N='Type' V='0'/><Cell N='Invisible' V='0'/><Cell N='Verify' V='0'/><Cell N='DataLinked' V='0' F='No Formula'/><Cell N='LangID' V='en-US'/><Cell N='Calendar' V='0' F='No Formula'/></Row><Row N='NetworkName'><Cell N='Value' V='0' F='No Formula'/><Cell N='Prompt' V='' F='No Formula'/><Cell N='Label' V='Network Name'/><Cell N='Format' V='' F='No Formula'/><Cell N='SortKey' V='Network'/><Cell N='Type' V='0'/><Cell N='Invisible' V='0'/><Cell N='Verify' V='0'/><Cell N='DataLinked' V='0' F='No Formula'/><Cell N='LangID' V='en-US'/><Cell N='Calendar' V='0' F='No Formula'/></Row><Row N='IPAddress'><Cell N='Value' V='0' F='No Formula'/><Cell N='Prompt' V='' F='No Formula'/><Cell N='Label' V='IP Address'/><Cell N='Format' V='' F='No Formula'/><Cell N='SortKey' V='Network'/><Cell N='Type' V='0'/><Cell N='Invisible' V='0'/><Cell N='Verify' V='0'/><Cell N='DataLinked' V='0' F='No Formula'/><Cell N='LangID' V='en-US'/><Cell N='Calendar' V='0' F='No Formula'/></Row><Row N='SubnetMask'><Cell N='Value' V='0' F='No Formula'/><Cell N='Prompt' V='' F='No Formula'/><Cell N='Label' V='Subnet Mask'/><Cell N='Format' V='' F='No Formula'/><Cell N='SortKey' V='Network'/><Cell N='Type' V='0'/><Cell N='Invisible' V='0'/><Cell N='Verify' V='0'/><Cell N='DataLinked' V='0' F='No Formula'/><Cell N='LangID' V='en-US'/><Cell N='Calendar' V='0' F='No Formula'/></Row><Row N='AdminInterface'><Cell N='Value' V='0' F='No Formula'/><Cell N='Prompt' V='' F='No Formula'/><Cell N='Label' V='Administrative Interface'/><Cell N='Format' V='' F='No Formula'/><Cell N='SortKey' V='Network'/><Cell N='Type' V='0'/><Cell N='Invisible' V='0'/><Cell N='Verify' V='0'/><Cell N='DataLinked' V='0' F='No Formula'/><Cell N='LangID' V='en-US'/><Cell N='Calendar' V='0' F='No Formula'/></Row><Row N='NumberOfPorts'><Cell N='Value' V='0' F='No Formula'/><Cell N='Prompt' V='' F='No Formula'/><Cell N='Label' V='Number of Ports'/><Cell N='Format' V='' F='No Formula'/><Cell N='SortKey' V='Network'/><Cell N='Type' V='0'/><Cell N='Invisible' V='0'/><Cell N='Verify' V='0'/><Cell N='DataLinked' V='0' F='No Formula'/><Cell N='LangID' V='en-US'/><Cell N='Calendar' V='0' F='No Formula'/></Row><Row N='MACAddress'><Cell N='Value' V='0' F='No Formula'/><Cell N='Prompt' V='' F='No Formula'/><Cell N='Label' V='MAC Address'/><Cell N='Format' V='' F='No Formula'/><Cell N='SortKey' V='Network'/><Cell N='Type' V='0'/><Cell N='Invisible' V='0'/><Cell N='Verify' V='0'/><Cell N='DataLinked' V='0' F='No Formula'/><Cell N='LangID' V='en-US'/><Cell N='Calendar' V='0' F='No Formula'/></Row><Row N='CommunityString'><Cell N='Value' V='0' F='No Formula'/><Cell N='Prompt' V='' F='No Formula'/><Cell N='Label' V='Community String'/><Cell N='Format' V='' F='No Formula'/><Cell N='SortKey' V='Network'/><Cell N='Type' V='0'/><Cell N='Invisible' V='0'/><Cell N='Verify' V='0'/><Cell N='DataLinked' V='0' F='No Formula'/><Cell N='LangID' V='en-US'/><Cell N='Calendar' V='0' F='No Formula'/></Row><Row N='NetworkDescription'><Cell N='Value' V='0' F='No Formula'/><Cell N='Prompt' V='' F='No Formula'/><Cell N='Label' V='Network Description'/><Cell N='Format' V='' F='No Formula'/><Cell N='SortKey' V='Network'/><Cell N='Type' V='0'/><Cell N='Invisible' V='0'/><Cell N='Verify' V='0'/><Cell N='DataLinked' V='0' F='No Formula'/><Cell N='LangID' V='en-US'/><Cell N='Calendar' V='0' F='No Formula'/></Row><Row N='HardDriveSize'><Cell N='Value' V='0' F='No Formula'/><Cell N='Prompt' V='' F='No Formula'/><Cell N='Label' V='Hard Drive Capacity'/><Cell N='Format' V='' F='No Formula'/><Cell N='SortKey' V='Workstation'/><Cell N='Type' V='0'/><Cell N='Invisible' V='0'/><Cell N='Verify' V='0'/><Cell N='DataLinked' V='0' F='No Formula'/><Cell N='LangID' V='en-US'/><Cell N='Calendar' V='0' F='No Formula'/></Row><Row N='CPU'><Cell N='Value' V='0' F='No Formula'/><Cell N='Prompt' V='' F='No Formula'/><Cell N='Label' V='CPU'/><Cell N='Format' V='' F='No Formula'/><Cell N='SortKey' V='Workstation'/><Cell N='Type' V='0'/><Cell N='Invisible' V='0'/><Cell N='Verify' V='0'/><Cell N='DataLinked' V='0' F='No Formula'/><Cell N='LangID' V='en-US'/><Cell N='Calendar' V='0' F='No Formula'/></Row><Row N='Memory'><Cell N='Value' V='0' F='No Formula'/><Cell N='Prompt' V='' F='No Formula'/><Cell N='Label' V='Memory'/><Cell N='Format' V='' F='No Formula'/><Cell N='SortKey' V='Workstation'/><Cell N='Type' V='0'/><Cell N='Invisible' V='0'/><Cell N='Verify' V='0'/><Cell N='DataLinked' V='0' F='No Formula'/><Cell N='LangID' V='en-US'/><Cell N='Calendar' V='0' F='No Formula'/></Row><Row N='OperatingSystem'><Cell N='Value' V='0' F='No Formula'/><Cell N='Prompt' V='' F='No Formula'/><Cell N='Label' V='Operating System'/><Cell N='Format' V='' F='No Formula'/><Cell N='SortKey' V='Workstation'/><Cell N='Type' V='0'/><Cell N='Invisible' V='0'/><Cell N='Verify' V='0'/><Cell N='DataLinked' V='0' F='No Formula'/><Cell N='LangID' V='en-US'/><Cell N='Calendar' V='0' F='No Formula'/></Row></Section><Shapes><Shape ID='20' Type='Shape' LineStyle='3' FillStyle='3' TextStyle='3'><Cell N='PinX' V='0.5625' F='Width/2'/><Cell N='PinY' V='0.625' U='IN' F='Height/2'/><Cell N='Width' V='1.125' F='Sheet.5!Width*1'/><Cell N='Height' V='1.25' U='IN' F='Sheet.5!Height*1'/><Cell N='LocPinX' V='0.5625' F='Width*0.5'/><Cell N='LocPinY' V='0.625' U='IN' F='Height*0.5'/><Cell N='Angle' V='0'/><Cell N='FlipX' V='0'/><Cell N='FlipY' V='0'/><Cell N='ResizeMode' V='0'/><Cell N='LineWeight' V='0.003333333333333333' U='PT' F='GUARD(0.24PT)'/><Cell N='LinePattern' V='1' F='GUARD(1)'/><Cell N='Rounding' V='0' F='GUARD(0)'/><Cell N='BeginArrow' V='0' F='GUARD(0)'/><Cell N='EndArrow' V='0' F='GUARD(0)'/><Cell N='LineColorTrans' V='1' F='GUARD(100%)'/><Cell N='FillForegnd' V='6' F='GUARD(6)'/><Cell N='FillBkgnd' V='6' F='GUARD(6)'/><Cell N='FillPattern' V='1' F='GUARD(1)'/><Cell N='FillForegndTrans' V='1' F='GUARD(100%)'/><Cell N='FillBkgndTrans' V='1' F='GUARD(100%)'/><Cell N='Copyright' V='Copyright (c) 2012 Microsoft Corporation.  All rights reserved.'/><Cell N='FillGradientEnabled' V='0' F='GUARD(FALSE)'/><Section N='Geometry' IX='0'><Cell N='NoFill' V='0'/><Cell N='NoLine' V='0'/><Cell N='NoShow' V='0'/><Cell N='NoSnap' V='0'/><Cell N='NoQuickDrag' V='0' F='No Formula'/><Row T='MoveTo' IX='1'><Cell N='X' V='0.04909384692963788' F='Width*0.043638975048567'/><Cell N='Y' V='0.6250119265064374' U='IN' F='Height*0.50000954120515'/></Row><Row T='LineTo' IX='2'><Cell N='X' V='0.31874064986286' F='Width*0.28332502210032'/><Cell N='Y' V='0.4733781683163' U='IN' F='Height*0.37870253465304'/></Row><Row T='LineTo' IX='3'><Cell N='X' V='0.04908714015257212' F='Width*0.043633013468953'/><Cell N='Y' V='0.625' U='IN' F='Height*0.5'/></Row></Section><Section N='Geometry' IX='1'><Cell N='NoFill' V='0'/><Cell N='NoLine' V='0'/><Cell N='NoShow' V='0'/><Cell N='NoSnap' V='0'/><Cell N='NoQuickDrag' V='0' F='No Formula'/><Row T='MoveTo' IX='1'><Cell N='X' V='0.04909384692963788' F='Width*0.043638975048567'/><Cell N='Y' V='0.404130428410225' U='IN' F='Height*0.32330434272818'/></Row><Row T='LineTo' IX='2'><Cell N='X' V='0.31874064986286' F='Width*0.28332502210032'/><Cell N='Y' V='0.2524966702200875' U='IN' F='Height*0.20199733617607'/></Row><Row T='LineTo' IX='3'><Cell N='X' V='0.04908714015257212' F='Width*0.043633013468953'/><Cell N='Y' V='0.4041185019037875' U='IN' F='Height*0.32329480152303'/></Row></Section><Section N='Geometry' IX='2'><Cell N='NoFill' V='0'/><Cell N='NoLine' V='0'/><Cell N='NoShow' V='0'/><Cell N='NoSnap' V='0'/><Cell N='NoQuickDrag' V='0' F='No Formula'/><Row T='MoveTo' IX='1'><Cell N='X' V='0.31874064986286' F='Width*0.28332502210032'/><Cell N='Y' V='0.03161517212387' U='IN' F='Height*0.025292137699096'/></Row><Row T='LineTo' IX='2'><Cell N='X' V='0.3749999999999962' F='Width*0.33333333333333'/><Cell N='Y' V='0.0632488998891475' U='IN' F='Height*0.050599119911318'/></Row><Row T='LineTo' IX='3'><Cell N='X' V='0.3749999999999962' F='Width*0.33333333333333'/><Cell N='Y' V='0' U='IN' F='Height*0'/></Row><Row T='LineTo' IX='4'><Cell N='X' V='0.7500000000000037' F='Width*0.66666666666667'/><Cell N='Y' V='0.2032963400401' U='IN' F='Height*0.16263707203208'/></Row><Row T='LineTo' IX='5'><Cell N='X' V='1.125' F='Width*1'/><Cell N='Y' V='0.4141342532889875' U='IN' F='Height*0.33130740263119'/></Row><Row T='LineTo' IX='6'><Cell N='X' V='0.7500000000000037' F='Width*0.66666666666667'/><Cell N='Y' V='1.0391435311097' U='IN' F='Height*0.83131482488776'/></Row><Row T='LineTo' IX='7'><Cell N='X' V='0.6937406498628675' F='Width*0.61665835543366'/><Cell N='Y' V='1.007509803344413' U='IN' F='Height*0.80600784267553'/></Row><Row T='LineTo' IX='8'><Cell N='X' V='0.6937406498628675' F='Width*0.61665835543366'/><Cell N='Y' V='1.070777258874975' U='IN' F='Height*0.85662180709998'/></Row><Row T='LineTo' IX='9'><Cell N='X' V='0.3749999999999962' F='Width*0.33333333333333'/><Cell N='Y' V='1.25' U='IN' F='Height*1'/></Row><Row T='LineTo' IX='10'><Cell N='X' V='0' F='Width*0'/><Cell N='Y' V='1.0391435311097' U='IN' F='Height*0.83131482488776'/></Row><Row T='LineTo' IX='11'><Cell N='X' V='0' F='Width*0'/><Cell N='Y' V='0.8734824075375375' U='IN' F='Height*0.69878592603003'/></Row><Row T='LineTo' IX='12'><Cell N='X' V='0.04908714015257212' F='Width*0.043633013468953'/><Cell N='Y' V='0.8458814980962125' U='IN' F='Height*0.67670519847697'/></Row><Row T='LineTo' IX='13'><Cell N='X' V='0' F='Width*0'/><Cell N='Y' V='0.8182805886548874' U='IN' F='Height*0.65462447092391'/></Row><Row T='LineTo' IX='14'><Cell N='X' V='0' F='Width*0'/><Cell N='Y' V='0.6526194650827375' U='IN' F='Height*0.52209557206619'/></Row><Row T='LineTo' IX='15'><Cell N='X' V='0.04909384692963788' F='Width*0.043638975048567'/><Cell N='Y' V='0.6250119265064374' U='IN' F='Height*0.50000954120515'/></Row><Row T='LineTo' IX='16'><Cell N='X' V='0' F='Width*0'/><Cell N='Y' V='0.597399090558675' U='IN' F='Height*0.47791927244694'/></Row><Row T='LineTo' IX='17'><Cell N='X' V='0' F='Width*0'/><Cell N='Y' V='0.431737966986525' U='IN' F='Height*0.34539037358922'/></Row><Row T='LineTo' IX='18'><Cell N='X' V='0.04909384692963788' F='Width*0.043638975048567'/><Cell N='Y' V='0.404130428410225' U='IN' F='Height*0.32330434272818'/></Row><Row T='LineTo' IX='19'><Cell N='X' V='0' F='Width*0'/><Cell N='Y' V='0.3765175924624625' U='IN' F='Height*0.30121407396997'/></Row><Row T='LineTo' IX='20'><Cell N='X' V='0' F='Width*0'/><Cell N='Y' V='0.2108564688903' U='IN' F='Height*0.16868517511224'/></Row><Row T='LineTo' IX='21'><Cell N='X' V='0.31874064986286' F='Width*0.28332502210032'/><Cell N='Y' V='0.03161517212387' U='IN' F='Height*0.025292137699096'/></Row></Section></Shape><Shape ID='13' Type='Shape' LineStyle='10' FillStyle='10' TextStyle='10'><Cell N='PinX' V='0.1875000000000038' F='Sheet.5!Width*0.16666666666667'/><Cell N='PinY' V='0.7424603949923375' U='IN' F='Sheet.5!Height*0.59396831599387'/><Cell N='Width' V='0.3749999999999962' F='Sheet.5!Width*0.33333333333333'/><Cell N='Height' V='0.2068422062077625' U='IN' F='Sheet.5!Height*0.16547376496621'/><Cell N='LocPinX' V='0.1874999999999981' F='Width*0.5'/><Cell N='LocPinY' V='0.1034211031038813' U='IN' F='Height*0.5'/><Cell N='Angle' V='0'/><Cell N='FlipX' V='0'/><Cell N='FlipY' V='0'/><Cell N='ResizeMode' V='0'/><Cell N='LineWeight' V='0.01' U='PT' F='GUARD(0.72PT)'/><Cell N='LineColor' V='#000000' F='GUARD(RGB(0,0,0))'/><Cell N='LinePattern' V='1' F='GUARD(1)'/><Cell N='Rounding' V='0' F='GUARD(0)'/><Cell N='BeginArrow' V='0' F='GUARD(0)'/><Cell N='EndArrow' V='0' F='GUARD(0)'/><Cell N='Copyright' V='Copyright (c) 2012 Microsoft Corporation.  All rights reserved.'/><Cell N='LayerMember' V='' F='No Formula'/><Cell N='FillPattern' V='32' F='GUARD(32)'/><Cell N='ShdwPattern' V='0' F='GUARD(0)'/><Cell N='FillGradientDir' V='11' F='GUARD(11)'/><Cell N='FillGradientEnabled' V='1' F='GUARD(TRUE)'/><Cell N='UseGroupGradient' V='0' F='GUARD(FALSE)'/><Section N='Geometry' IX='0'><Cell N='NoFill' V='0'/><Cell N='NoLine' V='0'/><Cell N='NoShow' V='0'/><Cell N='NoSnap' V='0'/><Cell N='NoQuickDrag' V='0' F='No Formula'/><Row T='MoveTo' IX='1'><Cell N='X' V='0.3187406498628606' F='Width*0.84997506630097'/><Cell N='Y' V='0' U='IN' F='Height*0'/></Row><Row T='LineTo' IX='2'><Cell N='X' V='0.3749999999999962' F='Width*1'/><Cell N='Y' V='0.03163372776528251' U='IN' F='Height*0.15293652270131'/></Row><Row T='LineTo' IX='3'><Cell N='X' V='0.3749999999999962' F='Width*1'/><Cell N='Y' V='0.08685410228933617' U='IN' F='Height*0.41990512420901'/></Row><Row T='LineTo' IX='4'><Cell N='X' V='0.3187406498628606' F='Width*0.84997506630097'/><Cell N='Y' V='0.05522037452405573' U='IN' F='Height*0.26696860150771'/></Row><Row T='LineTo' IX='5'><Cell N='X' V='0.04908714015257201' F='Width*0.13089904040686'/><Cell N='Y' V='0.2068422062077625' U='IN' F='Height*1'/></Row><Row T='LineTo' IX='6'><Cell N='X' V='0' F='Width*0'/><Cell N='Y' V='0.1792412967664413' U='IN' F='Height*0.86656055382818'/></Row><Row T='LineTo' IX='7'><Cell N='X' V='0.3187406498628606' F='Geometry1.X1'/><Cell N='Y' V='0' U='IN' F='Geometry1.Y1'/></Row></Section></Shape><Shape ID='14' Type='Shape' LineStyle='10' FillStyle='10' TextStyle='10'><Cell N='PinX' V='0.1875000000000038' F='Sheet.5!Width*0.16666666666667'/><Cell N='PinY' V='0.521578896896125' U='IN' F='Sheet.5!Height*0.4172631175169'/><Cell N='Width' V='0.3749999999999962' F='Sheet.5!Width*0.33333333333333'/><Cell N='Height' V='0.2068422062077625' U='IN' F='Sheet.5!Height*0.16547376496621'/><Cell N='LocPinX' V='0.1874999999999981' F='Width*0.5'/><Cell N='LocPinY' V='0.1034211031038813' U='IN' F='Height*0.5'/><Cell N='Angle' V='0'/><Cell N='FlipX' V='0'/><Cell N='FlipY' V='0'/><Cell N='ResizeMode' V='0'/><Cell N='LineWeight' V='0.01' U='PT' F='GUARD(0.72PT)'/><Cell N='LineColor' V='#000000' F='GUARD(RGB(0,0,0))'/><Cell N='LinePattern' V='1' F='GUARD(1)'/><Cell N='Rounding' V='0' F='GUARD(0)'/><Cell N='BeginArrow' V='0' F='GUARD(0)'/><Cell N='EndArrow' V='0' F='GUARD(0)'/><Cell N='Copyright' V='Copyright (c) 2012 Microsoft Corporation.  All rights reserved.'/><Cell N='LayerMember' V='' F='No Formula'/><Cell N='FillPattern' V='32' F='GUARD(32)'/><Cell N='ShdwPattern' V='0' F='GUARD(0)'/><Cell N='FillGradientDir' V='11' F='GUARD(11)'/><Cell N='FillGradientEnabled' V='1' F='GUARD(TRUE)'/><Cell N='UseGroupGradient' V='0' F='GUARD(FALSE)'/><Section N='Geometry' IX='0'><Cell N='NoFill' V='0'/><Cell N='NoLine' V='0'/><Cell N='NoShow' V='0'/><Cell N='NoSnap' V='0'/><Cell N='NoQuickDrag' V='0' F='No Formula'/><Row T='MoveTo' IX='1'><Cell N='X' V='0.3187406498628606' F='Width*0.84997506630097'/><Cell N='Y' V='0' U='IN' F='Height*0'/></Row><Row T='LineTo' IX='2'><Cell N='X' V='0.3749999999999962' F='Width*1'/><Cell N='Y' V='0.03163372776528045' U='IN' F='Height*0.1529365227013'/></Row><Row T='LineTo' IX='3'><Cell N='X' V='0.3749999999999962' F='Width*1'/><Cell N='Y' V='0.08685410228933617' U='IN' F='Height*0.41990512420901'/></Row><Row T='LineTo' IX='4'><Cell N='X' V='0.3187406498628606' F='Width*0.84997506630097'/><Cell N='Y' V='0.05522037452405573' U='IN' F='Height*0.26696860150771'/></Row><Row T='LineTo' IX='5'><Cell N='X' V='0.04908714015257201' F='Width*0.13089904040686'/><Cell N='Y' V='0.2068422062077625' U='IN' F='Height*1'/></Row><Row T='LineTo' IX='6'><Cell N='X' V='0' F='Width*0'/><Cell N='Y' V='0.1792412967664413' U='IN' F='Height*0.86656055382818'/></Row><Row T='LineTo' IX='7'><Cell N='X' V='0.3187406498628606' F='Geometry1.X1'/><Cell N='Y' V='0' U='IN' F='Geometry1.Y1'/></Row></Section></Shape><Shape ID='15' Type='Shape' LineStyle='10' FillStyle='10' TextStyle='10'><Cell N='PinX' V='0.1875000000000038' F='Sheet.5!Width*0.16666666666667'/><Cell N='PinY' V='0.3006973987999125' U='IN' F='Sheet.5!Height*0.24055791903993'/><Cell N='Width' V='0.3749999999999962' F='Sheet.5!Width*0.33333333333333'/><Cell N='Height' V='0.2068422062077625' U='IN' F='Sheet.5!Height*0.16547376496621'/><Cell N='LocPinX' V='0.1874999999999981' F='Width*0.5'/><Cell N='LocPinY' V='0.1034211031038813' U='IN' F='Height*0.5'/><Cell N='Angle' V='0'/><Cell N='FlipX' V='0'/><Cell N='FlipY' V='0'/><Cell N='ResizeMode' V='0'/><Cell N='LineWeight' V='0.01' U='PT' F='GUARD(0.72PT)'/><Cell N='LineColor' V='#000000' F='GUARD(RGB(0,0,0))'/><Cell N='LinePattern' V='1' F='GUARD(1)'/><Cell N='Rounding' V='0' F='GUARD(0)'/><Cell N='BeginArrow' V='0' F='GUARD(0)'/><Cell N='EndArrow' V='0' F='GUARD(0)'/><Cell N='Copyright' V='Copyright (c) 2012 Microsoft Corporation.  All rights reserved.'/><Cell N='LayerMember' V='' F='No Formula'/><Cell N='FillPattern' V='32' F='GUARD(32)'/><Cell N='ShdwPattern' V='0' F='GUARD(0)'/><Cell N='FillGradientDir' V='11' F='GUARD(11)'/><Cell N='FillGradientEnabled' V='1' F='GUARD(TRUE)'/><Cell N='UseGroupGradient' V='0' F='GUARD(FALSE)'/><Section N='Geometry' IX='0'><Cell N='NoFill' V='0'/><Cell N='NoLine' V='0'/><Cell N='NoShow' V='0'/><Cell N='NoSnap' V='0'/><Cell N='NoQuickDrag' V='0' F='No Formula'/><Row T='MoveTo' IX='1'><Cell N='X' V='0.3187406498628606' F='Width*0.84997506630097'/><Cell N='Y' V='0' U='IN' F='Height*0'/></Row><Row T='LineTo' IX='2'><Cell N='X' V='0.3749999999999962' F='Width*1'/><Cell N='Y' V='0.03163372776527838' U='IN' F='Height*0.15293652270129'/></Row><Row T='LineTo' IX='3'><Cell N='X' V='0.3749999999999962' F='Width*1'/><Cell N='Y' V='0.08685410228933617' U='IN' F='Height*0.41990512420901'/></Row><Row T='LineTo' IX='4'><Cell N='X' V='0.3187406498628606' F='Width*0.84997506630097'/><Cell N='Y' V='0.05522037452405573' U='IN' F='Height*0.26696860150771'/></Row><Row T='LineTo' IX='5'><Cell N='X' V='0.04908714015257201' F='Width*0.13089904040686'/><Cell N='Y' V='0.2068422062077625' U='IN' F='Height*1'/></Row><Row T='LineTo' IX='6'><Cell N='X' V='0' F='Width*0'/><Cell N='Y' V='0.1792412967664392' U='IN' F='Height*0.86656055382817'/></Row><Row T='LineTo' IX='7'><Cell N='X' V='0.3187406498628606' F='Geometry1.X1'/><Cell N='Y' V='0' U='IN' F='Geometry1.Y1'/></Row></Section></Shape><Shape ID='32' Type='Shape' LineStyle='8' FillStyle='8' TextStyle='8'><Cell N='PinX' V='0.7500000000000037' F='Sheet.5!Width*0.66666666666667'/><Cell N='PinY' V='0.6212199355749' U='IN' F='Sheet.5!Height*0.49697594845992'/><Cell N='Width' V='0.7500000000000037' F='Sheet.5!Width*0.66666666666667'/><Cell N='Height' V='0.8358471910695999' U='IN' F='Sheet.5!Height*0.66867775285568'/><Cell N='LocPinX' V='0.3750000000000018' F='Width*0.5'/><Cell N='LocPinY' V='0.4179235955348' U='IN' F='Height*0.5'/><Cell N='Angle' V='0'/><Cell N='FlipX' V='0'/><Cell N='FlipY' V='0'/><Cell N='ResizeMode' V='0'/><Cell N='LineWeight' V='0.01' U='PT' F='GUARD(0.72PT)'/><Cell N='LineColor' V='#ffffff' F='GUARD(RGB(255,255,255))'/><Cell N='LinePattern' V='1' F='GUARD(1)'/><Cell N='Rounding' V='0' F='GUARD(0)'/><Cell N='BeginArrow' V='0' F='GUARD(0)'/><Cell N='EndArrow' V='0' F='GUARD(0)'/><Cell N='Copyright' V='Copyright (c) 2012 Microsoft Corporation.  All rights reserved.'/><Cell N='LayerMember' V='' F='No Formula'/><Cell N='FillPattern' V='30' F='GUARD(30)'/><Cell N='ShdwPattern' V='0' F='GUARD(0)'/><Cell N='FillGradientDir' V='0' F='GUARD(0)'/><Cell N='FillGradientAngle' V='4.7123889803847' U='DEG' F='GUARD(270DEG)'/><Cell N='FillGradientEnabled' V='1' F='GUARD(TRUE)'/><Cell N='UseGroupGradient' V='0' F='GUARD(FALSE)'/><Section N='Geometry' IX='0'><Cell N='NoFill' V='0'/><Cell N='NoLine' V='0'/><Cell N='NoShow' V='0'/><Cell N='NoSnap' V='0'/><Cell N='NoQuickDrag' V='0' F='No Formula'/><Row T='MoveTo' IX='1'><Cell N='X' V='0' F='Width*0'/><Cell N='Y' V='0.6249907221792924' U='IN' F='Height*0.74773323264928'/></Row><Row T='LineTo' IX='2'><Cell N='X' V='0.3750000000000018' F='Width*0.5'/><Cell N='Y' V='0' U='IN' F='Height*0'/></Row><Row T='LineTo' IX='3'><Cell N='X' V='0.7500000000000037' F='Width*1'/><Cell N='Y' V='0.2108379132488908' U='IN' F='Height*0.25224456754959'/></Row><Row T='LineTo' IX='4'><Cell N='X' V='0.3750000000000018' F='Width*0.5'/><Cell N='Y' V='0.8358471910695999' U='IN' F='Height*1'/></Row><Row T='LineTo' IX='5'><Cell N='X' V='0' F='Geometry1.X1'/><Cell N='Y' V='0.6249907221792924' U='IN' F='Geometry1.Y1'/></Row></Section></Shape><Shape ID='7' Type='Shape' LineStyle='8' FillStyle='8' TextStyle='8'><Cell N='PinX' V='0.3468703249314338' F='Sheet.5!Width*0.30832917771683'/><Cell N='PinY' V='1.054960394992337' U='IN' F='Sheet.5!Height*0.84396831599387'/><Cell N='Width' V='0.6937406498628675' F='Sheet.5!Width*0.61665835543366'/><Cell N='Height' V='0.390079210015325' U='IN' F='Sheet.5!Height*0.31206336801226'/><Cell N='LocPinX' V='0.3468703249314338' F='Width*0.5'/><Cell N='LocPinY' V='0.1950396050076625' U='IN' F='Height*0.5'/><Cell N='Angle' V='0'/><Cell N='FlipX' V='0'/><Cell N='FlipY' V='0'/><Cell N='ResizeMode' V='0'/><Cell N='LineWeight' V='0.01' U='PT' F='GUARD(0.72PT)'/><Cell N='LineColor' V='#ffffff' F='GUARD(RGB(255,255,255))'/><Cell N='LinePattern' V='1' F='GUARD(1)'/><Cell N='Rounding' V='0' F='GUARD(0)'/><Cell N='BeginArrow' V='0' F='GUARD(0)'/><Cell N='EndArrow' V='0' F='GUARD(0)'/><Cell N='Copyright' V='Copyright (c) 2012 Microsoft Corporation.  All rights reserved.'/><Cell N='LayerMember' V='' F='No Formula'/><Cell N='FillPattern' V='30' F='GUARD(30)'/><Cell N='ShdwPattern' V='0' F='GUARD(0)'/><Cell N='FillGradientDir' V='0' F='GUARD(0)'/><Cell N='FillGradientAngle' V='4.7123889803847' U='DEG' F='GUARD(270DEG)'/><Cell N='FillGradientEnabled' V='1' F='GUARD(TRUE)'/><Cell N='UseGroupGradient' V='0' F='GUARD(FALSE)'/><Section N='Geometry' IX='0'><Cell N='NoFill' V='0'/><Cell N='NoLine' V='0'/><Cell N='NoShow' V='0'/><Cell N='NoSnap' V='0'/><Cell N='NoQuickDrag' V='0' F='No Formula'/><Row T='MoveTo' IX='1'><Cell N='X' V='0' F='Width*0'/><Cell N='Y' V='0.1792227411250235' U='IN' F='Height*0.45945217413146'/></Row><Row T='LineTo' IX='2'><Cell N='X' V='0.3187406498628664' F='Width*0.45945217413146'/><Cell N='Y' V='0' U='IN' F='Height*0'/></Row><Row T='LineTo' IX='3'><Cell N='X' V='0.6937406498628675' F='Width*1'/><Cell N='Y' V='0.2108564688903015' U='IN' F='Height*0.54054782586854'/></Row><Row T='LineTo' IX='4'><Cell N='X' V='0.3750000000000011' F='Width*0.54054782586854'/><Cell N='Y' V='0.390079210015325' U='IN' F='Height*1'/></Row><Row T='LineTo' IX='5'><Cell N='X' V='0' F='Geometry1.X1'/><Cell N='Y' V='0.1792227411250235' U='IN' F='Geometry1.Y1'/></Row></Section></Shape><Shape ID='12' Type='Shape' LineStyle='14' FillStyle='14' TextStyle='14'><Cell N='PinX' V='0.5062406498628638' F='Sheet.5!Width*0.44999168876699'/><Cell N='PinY' V='0.8825184626437376' U='IN' F='Sheet.5!Height*0.70601477011499'/><Cell N='Width' V='0.3749999999999962' F='Sheet.5!Width*0.33333333333333'/><Cell N='Height' V='0.3765175924624625' U='IN' F='Sheet.5!Height*0.30121407396997'/><Cell N='LocPinX' V='0.1874999999999981' F='Width*0.5'/><Cell N='LocPinY' V='0.1882587962312313' U='IN' F='Height*0.5'/><Cell N='Angle' V='0'/><Cell N='FlipX' V='0'/><Cell N='FlipY' V='0'/><Cell N='ResizeMode' V='0'/><Cell N='LineWeight' V='0.01' U='PT' F='GUARD(0.72PT)'/><Cell N='LineColor' V='#ffffff' F='GUARD(RGB(255,255,255))'/><Cell N='LinePattern' V='1' F='GUARD(1)'/><Cell N='Rounding' V='0' F='GUARD(0)'/><Cell N='BeginArrow' V='0' F='GUARD(0)'/><Cell N='EndArrow' V='0' F='GUARD(0)'/><Cell N='Copyright' V='Copyright (c) 2012 Microsoft Corporation.  All rights reserved.'/><Cell N='LayerMember' V='' F='No Formula'/><Cell N='FillPattern' V='31' F='GUARD(31)'/><Cell N='ShdwPattern' V='0' F='GUARD(0)'/><Cell N='FillGradientDir' V='12' F='GUARD(12)'/><Cell N='FillGradientEnabled' V='1' F='GUARD(TRUE)'/><Cell N='UseGroupGradient' V='0' F='GUARD(FALSE)'/><Section N='Geometry' IX='0'><Cell N='NoFill' V='0'/><Cell N='NoLine' V='0'/><Cell N='NoShow' V='0'/><Cell N='NoSnap' V='0'/><Cell N='NoQuickDrag' V='0' F='No Formula'/><Row T='MoveTo' IX='1'><Cell N='X' V='0' F='Width*0'/><Cell N='Y' V='0' U='IN' F='Height*0'/></Row><Row T='LineTo' IX='2'><Cell N='X' V='0.05625935013713568' F='Width*0.15002493369903'/><Cell N='Y' V='0.03163372776528015' U='IN' F='Height*0.08401659948581'/></Row><Row T='LineTo' IX='3'><Cell N='X' V='0.05625935013713568' F='Width*0.15002493369903'/><Cell N='Y' V='0.1340273958068792' U='IN' F='Height*0.3559658260065'/></Row><Row T='LineTo' IX='4'><Cell N='X' V='0.3749999999999962' F='Width*1'/><Cell N='Y' V='0.313250136931906' U='IN' F='Height*0.83196680102839'/></Row><Row T='LineTo' IX='5'><Cell N='X' V='0.3749999999999962' F='Width*1'/><Cell N='Y' V='0.3765175924624625' U='IN' F='Height*1'/></Row><Row T='LineTo' IX='6'><Cell N='X' V='0' F='Width*0'/><Cell N='Y' V='0.1656611235721593' U='IN' F='Height*0.43998242549231'/></Row><Row T='LineTo' IX='7'><Cell N='X' V='0' F='Geometry1.X1'/><Cell N='Y' V='0' U='IN' F='Geometry1.Y1'/></Row></Section></Shape><Shape ID='16' Type='Shape' LineStyle='14' FillStyle='14' TextStyle='14'><Cell N='PinX' V='0.3468703249314338' F='Sheet.5!Width*0.30832917771683'/><Cell N='PinY' V='0.5720255939850125' U='IN' F='Sheet.5!Height*0.45762047518801'/><Cell N='Width' V='0.0562593501371385' F='Sheet.5!Width*0.050008311233012'/><Cell N='Height' V='0.1972948513374375' U='IN' F='Sheet.5!Height*0.15783588106995'/><Cell N='LocPinX' V='0.02812967506856925' F='Width*0.5'/><Cell N='LocPinY' V='0.09864742566871876' U='IN' F='Height*0.5'/><Cell N='Angle' V='0'/><Cell N='FlipX' V='0'/><Cell N='FlipY' V='0'/><Cell N='ResizeMode' V='0'/><Cell N='LineWeight' V='0.01' U='PT' F='GUARD(0.72PT)'/><Cell N='LineColor' V='#ffffff' F='GUARD(RGB(255,255,255))'/><Cell N='LinePattern' V='1' F='GUARD(1)'/><Cell N='Rounding' V='0' F='GUARD(0)'/><Cell N='BeginArrow' V='0' F='GUARD(0)'/><Cell N='EndArrow' V='0' F='GUARD(0)'/><Cell N='Copyright' V='Copyright (c) 2012 Microsoft Corporation.  All rights reserved.'/><Cell N='LayerMember' V='' F='No Formula'/><Cell N='FillPattern' V='31' F='GUARD(31)'/><Cell N='ShdwPattern' V='0' F='GUARD(0)'/><Cell N='FillGradientDir' V='12' F='GUARD(12)'/><Cell N='FillGradientEnabled' V='1' F='GUARD(TRUE)'/><Cell N='UseGroupGradient' V='0' F='GUARD(FALSE)'/><Section N='Geometry' IX='0'><Cell N='NoFill' V='0'/><Cell N='NoLine' V='0'/><Cell N='NoShow' V='0'/><Cell N='NoSnap' V='0'/><Cell N='NoQuickDrag' V='0' F='No Formula'/><Row T='MoveTo' IX='1'><Cell N='X' V='0' F='Width*0'/><Cell N='Y' V='0' U='IN' F='Height*0'/></Row><Row T='LineTo' IX='2'><Cell N='X' V='0.0562593501371385' F='Width*1'/><Cell N='Y' V='0.03163372776527967' U='IN' F='Height*0.16033732026375'/></Row><Row T='LineTo' IX='3'><Cell N='X' V='0.05625935013713793' F='Width*0.99999999999999'/><Cell N='Y' V='0.1972948513374375' U='IN' F='Height*1'/></Row><Row T='LineTo' IX='4'><Cell N='X' V='0' F='Width*0'/><Cell N='Y' V='0.1656611235721578' U='IN' F='Height*0.83966267973625'/></Row><Row T='LineTo' IX='5'><Cell N='X' V='0' F='Geometry1.X1'/><Cell N='Y' V='0' U='IN' F='Geometry1.Y1'/></Row></Section></Shape><Shape ID='17' Type='Shape' LineStyle='14' FillStyle='14' TextStyle='14'><Cell N='PinX' V='0.3468703249314338' F='Sheet.5!Width*0.30832917771683'/><Cell N='PinY' V='0.3511440958888' U='IN' F='Sheet.5!Height*0.28091527671104'/><Cell N='Width' V='0.05625935013713737' F='Sheet.5!Width*0.050008311233011'/><Cell N='Height' V='0.1972948513374375' U='IN' F='Sheet.5!Height*0.15783588106995'/><Cell N='LocPinX' V='0.02812967506856869' F='Width*0.5'/><Cell N='LocPinY' V='0.09864742566871876' U='IN' F='Height*0.5'/><Cell N='Angle' V='0'/><Cell N='FlipX' V='0'/><Cell N='FlipY' V='0'/><Cell N='ResizeMode' V='0'/><Cell N='LineWeight' V='0.01' U='PT' F='GUARD(0.72PT)'/><Cell N='LineColor' V='#ffffff' F='GUARD(RGB(255,255,255))'/><Cell N='LinePattern' V='1' F='GUARD(1)'/><Cell N='Rounding' V='0' F='GUARD(0)'/><Cell N='BeginArrow' V='0' F='GUARD(0)'/><Cell N='EndArrow' V='0' F='GUARD(0)'/><Cell N='Copyright' V='Copyright (c) 2012 Microsoft Corporation.  All rights reserved.'/><Cell N='LayerMember' V='' F='No Formula'/><Cell N='FillPattern' V='31' F='GUARD(31)'/><Cell N='ShdwPattern' V='0' F='GUARD(0)'/><Cell N='FillGradientDir' V='12' F='GUARD(12)'/><Cell N='FillGradientEnabled' V='1' F='GUARD(TRUE)'/><Cell N='UseGroupGradient' V='0' F='GUARD(FALSE)'/><Section N='Geometry' IX='0'><Cell N='NoFill' V='0'/><Cell N='NoLine' V='0'/><Cell N='NoShow' V='0'/><Cell N='NoSnap' V='0'/><Cell N='NoQuickDrag' V='0' F='No Formula'/><Row T='MoveTo' IX='1'><Cell N='X' V='0' F='Width*0'/><Cell N='Y' V='0' U='IN' F='Height*0'/></Row><Row T='LineTo' IX='2'><Cell N='X' V='0.05625935013713737' F='Width*1'/><Cell N='Y' V='0.03163372776527967' U='IN' F='Height*0.16033732026375'/></Row><Row T='LineTo' IX='3'><Cell N='X' V='0.05625935013713681' F='Width*0.99999999999999'/><Cell N='Y' V='0.1972948513374375' U='IN' F='Height*1'/></Row><Row T='LineTo' IX='4'><Cell N='X' V='0' F='Width*0'/><Cell N='Y' V='0.1656611235721578' U='IN' F='Height*0.83966267973625'/></Row><Row T='LineTo' IX='5'><Cell N='X' V='0' F='Geometry1.X1'/><Cell N='Y' V='0' U='IN' F='Geometry1.Y1'/></Row></Section></Shape><Shape ID='18' Type='Shape' LineStyle='14' FillStyle='14' TextStyle='14'><Cell N='PinX' V='0.3468703249314338' F='Sheet.5!Width*0.30832917771683'/><Cell N='PinY' V='0.1302625977925875' U='IN' F='Sheet.5!Height*0.10421007823407'/><Cell N='Width' V='0.0562593501371385' F='Sheet.5!Width*0.050008311233012'/><Cell N='Height' V='0.1972948513374375' U='IN' F='Sheet.5!Height*0.15783588106995'/><Cell N='LocPinX' V='0.02812967506856925' F='Width*0.5'/><Cell N='LocPinY' V='0.09864742566871876' U='IN' F='Height*0.5'/><Cell N='Angle' V='0'/><Cell N='FlipX' V='0'/><Cell N='FlipY' V='0'/><Cell N='ResizeMode' V='0'/><Cell N='LineWeight' V='0.01' U='PT' F='GUARD(0.72PT)'/><Cell N='LineColor' V='#ffffff' F='GUARD(RGB(255,255,255))'/><Cell N='LinePattern' V='1' F='GUARD(1)'/><Cell N='Rounding' V='0' F='GUARD(0)'/><Cell N='BeginArrow' V='0' F='GUARD(0)'/><Cell N='EndArrow' V='0' F='GUARD(0)'/><Cell N='Copyright' V='Copyright (c) 2012 Microsoft Corporation.  All rights reserved.'/><Cell N='LayerMember' V='' F='No Formula'/><Cell N='FillPattern' V='31' F='GUARD(31)'/><Cell N='ShdwPattern' V='0' F='GUARD(0)'/><Cell N='FillGradientDir' V='12' F='GUARD(12)'/><Cell N='FillGradientEnabled' V='1' F='GUARD(TRUE)'/><Cell N='UseGroupGradient' V='0' F='GUARD(FALSE)'/><Section N='Geometry' IX='0'><Cell N='NoFill' V='0'/><Cell N='NoLine' V='0'/><Cell N='NoShow' V='0'/><Cell N='NoSnap' V='0'/><Cell N='NoQuickDrag' V='0' F='No Formula'/><Row T='MoveTo' IX='1'><Cell N='X' V='0' F='Width*0'/><Cell N='Y' V='0' U='IN' F='Height*0'/></Row><Row T='LineTo' IX='2'><Cell N='X' V='0.0562593501371385' F='Width*1'/><Cell N='Y' V='0.0316337277652777' U='IN' F='Height*0.16033732026374'/></Row><Row T='LineTo' IX='3'><Cell N='X' V='0.0562593501371385' F='Width*1'/><Cell N='Y' V='0.1972948513374375' U='IN' F='Height*1'/></Row><Row T='LineTo' IX='4'><Cell N='X' V='0' F='Width*0'/><Cell N='Y' V='0.1656611235721598' U='IN' F='Height*0.83966267973626'/></Row><Row T='LineTo' IX='5'><Cell N='X' V='0' F='Geometry1.X1'/><Cell N='Y' V='0' U='IN' F='Geometry1.Y1'/></Row></Section></Shape><Shape ID='6' Type='Shape' LineStyle='10' FillStyle='10' TextStyle='10'><Cell N='PinX' V='0.5625' F='Sheet.5!Width*0.5'/><Cell N='PinY' V='0.4141435311097' U='IN' F='Sheet.5!Height*0.33131482488776'/><Cell N='Width' V='0.3749999999999962' F='Sheet.5!Width*0.33333333333333'/><Cell N='Height' V='0.8282870622193874' U='IN' F='Sheet.5!Height*0.66262964977551'/><Cell N='LocPinX' V='0.1874999999999981' F='Width*0.5'/><Cell N='LocPinY' V='0.4141435311096937' U='IN' F='Height*0.5'/><Cell N='Angle' V='0'/><Cell N='FlipX' V='0'/><Cell N='FlipY' V='0'/><Cell N='ResizeMode' V='0'/><Cell N='LineWeight' V='0.01' U='PT' F='GUARD(0.72PT)'/><Cell N='LineColor' V='#000000' F='GUARD(RGB(0,0,0))'/><Cell N='LinePattern' V='1' F='GUARD(1)'/><Cell N='Rounding' V='0' F='GUARD(0)'/><Cell N='BeginArrow' V='0' F='GUARD(0)'/><Cell N='EndArrow' V='0' F='GUARD(0)'/><Cell N='Copyright' V='Copyright (c) 2012 Microsoft Corporation.  All rights reserved.'/><Cell N='LayerMember' V='' F='No Formula'/><Cell N='FillPattern' V='32' F='GUARD(32)'/><Cell N='ShdwPattern' V='0' F='GUARD(0)'/><Cell N='FillGradientDir' V='11' F='GUARD(11)'/><Cell N='FillGradientEnabled' V='1' F='GUARD(TRUE)'/><Cell N='UseGroupGradient' V='0' F='GUARD(FALSE)'/><Section N='Geometry' IX='0'><Cell N='NoFill' V='0'/><Cell N='NoLine' V='0'/><Cell N='NoShow' V='0'/><Cell N='NoSnap' V='0'/><Cell N='NoQuickDrag' V='0' F='No Formula'/><Row T='MoveTo' IX='1'><Cell N='X' V='0' F='Width*0'/><Cell N='Y' V='0.8282870622193874' U='IN' F='Height*1'/></Row><Row T='LineTo' IX='2'><Cell N='X' V='0.3749999999999962' F='Width*1'/><Cell N='Y' V='0.2032963400400979' U='IN' F='Height*0.24544188761728'/></Row><Row T='LineTo' IX='3'><Cell N='X' V='0' F='Width*0'/><Cell N='Y' V='0' U='IN' F='Height*0'/></Row><Row T='LineTo' IX='4'><Cell N='X' V='0' F='Geometry1.X1'/><Cell N='Y' V='0.8282870622193874' U='IN' F='Geometry1.Y1'/></Row></Section></Shape><Shape ID='8' Type='Shape' LineStyle='10' FillStyle='10' TextStyle='10'><Cell N='PinX' V='0.15937032493143' F='Sheet.5!Width*0.14166251105016'/><Cell N='PinY' V='0.8667015987611' U='IN' F='Sheet.5!Height*0.69336127900888'/><Cell N='Width' V='0.31874064986286' F='Sheet.5!Width*0.28332502210032'/><Cell N='Height' V='0.3448838646971875' U='IN' F='Sheet.5!Height*0.27590709175775'/><Cell N='LocPinX' V='0.15937032493143' F='Width*0.5'/><Cell N='LocPinY' V='0.1724419323485938' U='IN' F='Height*0.5'/><Cell N='Angle' V='0'/><Cell N='FlipX' V='0'/><Cell N='FlipY' V='0'/><Cell N='ResizeMode' V='0'/><Cell N='LineWeight' V='0.01' U='PT' F='GUARD(0.72PT)'/><Cell N='LineColor' V='#000000' F='GUARD(RGB(0,0,0))'/><Cell N='LinePattern' V='1' F='GUARD(1)'/><Cell N='Rounding' V='0' F='GUARD(0)'/><Cell N='BeginArrow' V='0' F='GUARD(0)'/><Cell N='EndArrow' V='0' F='GUARD(0)'/><Cell N='Copyright' V='Copyright (c) 2012 Microsoft Corporation.  All rights reserved.'/><Cell N='LayerMember' V='' F='No Formula'/><Cell N='FillPattern' V='32' F='GUARD(32)'/><Cell N='ShdwPattern' V='0' F='GUARD(0)'/><Cell N='FillGradientDir' V='11' F='GUARD(11)'/><Cell N='FillGradientEnabled' V='1' F='GUARD(TRUE)'/><Cell N='UseGroupGradient' V='0' F='GUARD(FALSE)'/><Section N='Geometry' IX='0'><Cell N='NoFill' V='0'/><Cell N='NoLine' V='0'/><Cell N='NoShow' V='0'/><Cell N='NoSnap' V='0'/><Cell N='NoQuickDrag' V='0' F='No Formula'/><Row T='MoveTo' IX='1'><Cell N='X' V='0' F='Width*0'/><Cell N='Y' V='0.1792227411250275' U='IN' F='Height*0.51966113660431'/></Row><Row T='LineTo' IX='2'><Cell N='X' V='0.31874064986286' F='Width*1'/><Cell N='Y' V='0' U='IN' F='Height*0'/></Row><Row T='LineTo' IX='3'><Cell N='X' V='0.31874064986286' F='Width*1'/><Cell N='Y' V='0.16566112357216' U='IN' F='Height*0.48033886339569'/></Row><Row T='LineTo' IX='4'><Cell N='X' V='0' F='Width*0'/><Cell N='Y' V='0.3448838646971875' U='IN' F='Height*1'/></Row><Row T='LineTo' IX='5'><Cell N='X' V='0' F='Geometry1.X1'/><Cell N='Y' V='0.1792227411250275' U='IN' F='Geometry1.Y1'/></Row></Section></Shape><Shape ID='9' Type='Shape' LineStyle='10' FillStyle='10' TextStyle='10'><Cell N='PinX' V='0.15937032493143' F='Sheet.5!Width*0.14166251105016'/><Cell N='PinY' V='0.6458293784856' U='IN' F='Sheet.5!Height*0.51666350278848'/><Cell N='Width' V='0.31874064986286' F='Sheet.5!Width*0.28332502210032'/><Cell N='Height' V='0.3449024203386' U='IN' F='Sheet.5!Height*0.27592193627088'/><Cell N='LocPinX' V='0.15937032493143' F='Width*0.5'/><Cell N='LocPinY' V='0.1724512101693' U='IN' F='Height*0.5'/><Cell N='Angle' V='0'/><Cell N='FlipX' V='0'/><Cell N='FlipY' V='0'/><Cell N='ResizeMode' V='0'/><Cell N='LineWeight' V='0.01' U='PT' F='GUARD(0.72PT)'/><Cell N='LineColor' V='#000000' F='GUARD(RGB(0,0,0))'/><Cell N='LinePattern' V='1' F='GUARD(1)'/><Cell N='Rounding' V='0' F='GUARD(0)'/><Cell N='BeginArrow' V='0' F='GUARD(0)'/><Cell N='EndArrow' V='0' F='GUARD(0)'/><Cell N='Copyright' V='Copyright (c) 2012 Microsoft Corporation.  All rights reserved.'/><Cell N='LayerMember' V='' F='No Formula'/><Cell N='FillPattern' V='32' F='GUARD(32)'/><Cell N='ShdwPattern' V='0' F='GUARD(0)'/><Cell N='FillGradientDir' V='11' F='GUARD(11)'/><Cell N='FillGradientEnabled' V='1' F='GUARD(TRUE)'/><Cell N='UseGroupGradient' V='0' F='GUARD(FALSE)'/><Section N='Geometry' IX='0'><Cell N='NoFill' V='0'/><Cell N='NoLine' V='0'/><Cell N='NoShow' V='0'/><Cell N='NoSnap' V='0'/><Cell N='NoQuickDrag' V='0' F='No Formula'/><Row T='MoveTo' IX='1'><Cell N='X' V='0' F='Width*0'/><Cell N='Y' V='0.1792412967664384' U='IN' F='Height*0.51968697868363'/></Row><Row T='LineTo' IX='2'><Cell N='X' V='0.31874064986286' F='Width*1'/><Cell N='Y' V='0' U='IN' F='Height*0'/></Row><Row T='LineTo' IX='3'><Cell N='X' V='0.31874064986286' F='Width*1'/><Cell N='Y' V='0.1656611235721616' U='IN' F='Height*0.48031302131637'/></Row><Row T='LineTo' IX='4'><Cell N='X' V='0' F='Width*0'/><Cell N='Y' V='0.3449024203386' U='IN' F='Height*1'/></Row><Row T='LineTo' IX='5'><Cell N='X' V='0' F='Geometry1.X1'/><Cell N='Y' V='0.1792412967664384' U='IN' F='Geometry1.Y1'/></Row></Section></Shape><Shape ID='10' Type='Shape' LineStyle='10' FillStyle='10' TextStyle='10'><Cell N='PinX' V='0.15937032493143' F='Sheet.5!Width*0.14166251105016'/><Cell N='PinY' V='0.424947880389375' U='IN' F='Sheet.5!Height*0.3399583043115'/><Cell N='Width' V='0.31874064986286' F='Sheet.5!Width*0.28332502210032'/><Cell N='Height' V='0.3449024203386' U='IN' F='Sheet.5!Height*0.27592193627088'/><Cell N='LocPinX' V='0.15937032493143' F='Width*0.5'/><Cell N='LocPinY' V='0.1724512101693' U='IN' F='Height*0.5'/><Cell N='Angle' V='0'/><Cell N='FlipX' V='0'/><Cell N='FlipY' V='0'/><Cell N='ResizeMode' V='0'/><Cell N='LineWeight' V='0.01' U='PT' F='GUARD(0.72PT)'/><Cell N='LineColor' V='#000000' F='GUARD(RGB(0,0,0))'/><Cell N='LinePattern' V='1' F='GUARD(1)'/><Cell N='Rounding' V='0' F='GUARD(0)'/><Cell N='BeginArrow' V='0' F='GUARD(0)'/><Cell N='EndArrow' V='0' F='GUARD(0)'/><Cell N='Copyright' V='Copyright (c) 2012 Microsoft Corporation.  All rights reserved.'/><Cell N='LayerMember' V='' F='No Formula'/><Cell N='FillPattern' V='32' F='GUARD(32)'/><Cell N='ShdwPattern' V='0' F='GUARD(0)'/><Cell N='FillGradientDir' V='11' F='GUARD(11)'/><Cell N='FillGradientEnabled' V='1' F='GUARD(TRUE)'/><Cell N='UseGroupGradient' V='0' F='GUARD(FALSE)'/><Section N='Geometry' IX='0'><Cell N='NoFill' V='0'/><Cell N='NoLine' V='0'/><Cell N='NoShow' V='0'/><Cell N='NoSnap' V='0'/><Cell N='NoQuickDrag' V='0' F='No Formula'/><Row T='MoveTo' IX='1'><Cell N='X' V='0' F='Width*0'/><Cell N='Y' V='0.1792412967664384' U='IN' F='Height*0.51968697868363'/></Row><Row T='LineTo' IX='2'><Cell N='X' V='0.31874064986286' F='Width*1'/><Cell N='Y' V='0' U='IN' F='Height*0'/></Row><Row T='LineTo' IX='3'><Cell N='X' V='0.31874064986286' F='Width*1'/><Cell N='Y' V='0.1656611235721616' U='IN' F='Height*0.48031302131637'/></Row><Row T='LineTo' IX='4'><Cell N='X' V='0' F='Width*0'/><Cell N='Y' V='0.3449024203386' U='IN' F='Height*1'/></Row><Row T='LineTo' IX='5'><Cell N='X' V='0' F='Geometry1.X1'/><Cell N='Y' V='0.1792412967664384' U='IN' F='Geometry1.Y1'/></Row></Section></Shape><Shape ID='11' Type='Shape' LineStyle='10' FillStyle='10' TextStyle='10'><Cell N='PinX' V='0.15937032493143' F='Sheet.5!Width*0.14166251105016'/><Cell N='PinY' V='0.2040663822931625' U='IN' F='Sheet.5!Height*0.16325310583453'/><Cell N='Width' V='0.31874064986286' F='Sheet.5!Width*0.28332502210032'/><Cell N='Height' V='0.3449024203386' U='IN' F='Sheet.5!Height*0.27592193627088'/><Cell N='LocPinX' V='0.15937032493143' F='Width*0.5'/><Cell N='LocPinY' V='0.1724512101693' U='IN' F='Height*0.5'/><Cell N='Angle' V='0'/><Cell N='FlipX' V='0'/><Cell N='FlipY' V='0'/><Cell N='ResizeMode' V='0'/><Cell N='LineWeight' V='0.01' U='PT' F='GUARD(0.72PT)'/><Cell N='LineColor' V='#000000' F='GUARD(RGB(0,0,0))'/><Cell N='LinePattern' V='1' F='GUARD(1)'/><Cell N='Rounding' V='0' F='GUARD(0)'/><Cell N='BeginArrow' V='0' F='GUARD(0)'/><Cell N='EndArrow' V='0' F='GUARD(0)'/><Cell N='Copyright' V='Copyright (c) 2012 Microsoft Corporation.  All rights reserved.'/><Cell N='LayerMember' V='' F='No Formula'/><Cell N='FillPattern' V='32' F='GUARD(32)'/><Cell N='ShdwPattern' V='0' F='GUARD(0)'/><Cell N='FillGradientDir' V='11' F='GUARD(11)'/><Cell N='FillGradientEnabled' V='1' F='GUARD(TRUE)'/><Cell N='UseGroupGradient' V='0' F='GUARD(FALSE)'/><Section N='Geometry' IX='0'><Cell N='NoFill' V='0'/><Cell N='NoLine' V='0'/><Cell N='NoShow' V='0'/><Cell N='NoSnap' V='0'/><Cell N='NoQuickDrag' V='0' F='No Formula'/><Row T='MoveTo' IX='1'><Cell N='X' V='0' F='Width*0'/><Cell N='Y' V='0.1792412967664384' U='IN' F='Height*0.51968697868363'/></Row><Row T='LineTo' IX='2'><Cell N='X' V='0.31874064986286' F='Width*1'/><Cell N='Y' V='0' U='IN' F='Height*0'/></Row><Row T='LineTo' IX='3'><Cell N='X' V='0.31874064986286' F='Width*1'/><Cell N='Y' V='0.1656611235721616' U='IN' F='Height*0.48031302131637'/></Row><Row T='LineTo' IX='4'><Cell N='X' V='0' F='Width*0'/><Cell N='Y' V='0.3449024203386' U='IN' F='Height*1'/></Row><Row T='LineTo' IX='5'><Cell N='X' V='0' F='Geometry1.X1'/><Cell N='Y' V='0.1792412967664384' U='IN' F='Geometry1.Y1'/></Row></Section></Shape><Shape ID='19' Type='Shape' LineStyle='12' FillStyle='12' TextStyle='12'><Cell N='PinX' V='0.5625' F='Sheet.5!Width*0.5'/><Cell N='PinY' V='0.625' U='IN' F='Sheet.5!Height*0.5'/><Cell N='Width' V='1.125' F='Sheet.5!Width*1'/><Cell N='Height' V='1.25' U='IN' F='Sheet.5!Height*1'/><Cell N='LocPinX' V='0.5625' F='Width*0.5'/><Cell N='LocPinY' V='0.625' U='IN' F='Height*0.5'/><Cell N='Angle' V='0'/><Cell N='FlipX' V='0'/><Cell N='FlipY' V='0'/><Cell N='ResizeMode' V='0'/><Cell N='LineWeight' V='0.02083333333333333' U='PT' F='GUARD(1.5PT)'/><Cell N='LinePattern' V='1' F='GUARD(1)'/><Cell N='Rounding' V='0' F='GUARD(0)'/><Cell N='BeginArrow' V='0' F='GUARD(0)'/><Cell N='EndArrow' V='0' F='GUARD(0)'/><Cell N='FillPattern' V='1' F='GUARD(1)'/><Cell N='ShdwPattern' V='0' F='GUARD(0)'/><Cell N='Copyright' V='Copyright (c) 2012 Microsoft Corporation.  All rights reserved.'/><Cell N='LayerMember' V='' F='No Formula'/><Cell N='FillGradientEnabled' V='0' F='GUARD(FALSE)'/><Section N='Geometry' IX='0'><Cell N='NoFill' V='1'/><Cell N='NoLine' V='0'/><Cell N='NoShow' V='0'/><Cell N='NoSnap' V='0'/><Cell N='NoQuickDrag' V='0' F='No Formula'/><Row T='MoveTo' IX='1'><Cell N='X' V='0' F='Width*0'/><Cell N='Y' V='1.0391435311097' U='IN' F='Height*0.83131482488776'/></Row><Row T='LineTo' IX='2'><Cell N='X' V='0' F='Width*0'/><Cell N='Y' V='0.8734824075375375' U='IN' F='Height*0.69878592603003'/></Row><Row T='LineTo' IX='3'><Cell N='X' V='0.04908714015257212' F='Width*0.043633013468953'/><Cell N='Y' V='0.8458814980962125' U='IN' F='Height*0.67670519847697'/></Row><Row T='LineTo' IX='4'><Cell N='X' V='0' F='Width*0'/><Cell N='Y' V='0.8182805886548874' U='IN' F='Height*0.65462447092391'/></Row><Row T='LineTo' IX='5'><Cell N='X' V='0' F='Width*0'/><Cell N='Y' V='0.6526194650827375' U='IN' F='Height*0.52209557206619'/></Row><Row T='LineTo' IX='6'><Cell N='X' V='0.04908714015257212' F='Width*0.043633013468953'/><Cell N='Y' V='0.625' U='IN' F='Height*0.5'/></Row><Row T='LineTo' IX='7'><Cell N='X' V='0' F='Width*0'/><Cell N='Y' V='0.597399090558675' U='IN' F='Height*0.47791927244694'/></Row><Row T='LineTo' IX='8'><Cell N='X' V='0' F='Width*0'/><Cell N='Y' V='0.431737966986525' U='IN' F='Height*0.34539037358922'/></Row><Row T='LineTo' IX='9'><Cell N='X' V='0.04908714015257212' F='Width*0.043633013468953'/><Cell N='Y' V='0.4041185019037875' U='IN' F='Height*0.32329480152303'/></Row><Row T='LineTo' IX='10'><Cell N='X' V='0' F='Width*0'/><Cell N='Y' V='0.3765175924624625' U='IN' F='Height*0.30121407396997'/></Row><Row T='LineTo' IX='11'><Cell N='X' V='0' F='Width*0'/><Cell N='Y' V='0.2108564688903' U='IN' F='Height*0.16868517511224'/></Row><Row T='LineTo' IX='12'><Cell N='X' V='0.31874064986286' F='Width*0.28332502210032'/><Cell N='Y' V='0.03161517212386875' U='IN' F='Height*0.025292137699095'/></Row><Row T='LineTo' IX='13'><Cell N='X' V='0.3749999999999962' F='Width*0.33333333333333'/><Cell N='Y' V='0.0632488998891475' U='IN' F='Height*0.050599119911318'/></Row><Row T='LineTo' IX='14'><Cell N='X' V='0.3749999999999962' F='Width*0.33333333333333'/><Cell N='Y' V='0' U='IN' F='Height*0'/></Row><Row T='LineTo' IX='15'><Cell N='X' V='0.7500000000000037' F='Width*0.66666666666667'/><Cell N='Y' V='0.2032963400401' U='IN' F='Height*0.16263707203208'/></Row><Row T='LineTo' IX='16'><Cell N='X' V='1.125' F='Width*1'/><Cell N='Y' V='0.4141342532889875' U='IN' F='Height*0.33130740263119'/></Row><Row T='LineTo' IX='17'><Cell N='X' V='0.7500000000000037' F='Width*0.66666666666667'/><Cell N='Y' V='1.0391435311097' U='IN' F='Height*0.83131482488776'/></Row><Row T='LineTo' IX='18'><Cell N='X' V='0.6937406498628675' F='Width*0.61665835543366'/><Cell N='Y' V='1.007509803344413' U='IN' F='Height*0.80600784267553'/></Row><Row T='LineTo' IX='19'><Cell N='X' V='0.6937406498628675' F='Width*0.61665835543366'/><Cell N='Y' V='1.070777258874975' U='IN' F='Height*0.85662180709998'/></Row><Row T='LineTo' IX='20'><Cell N='X' V='0.3749999999999962' F='Width*0.33333333333333'/><Cell N='Y' V='1.25' U='IN' F='Height*1'/></Row><Row T='LineTo' IX='21'><Cell N='X' V='0' F='Geometry1.X1'/><Cell N='Y' V='1.0391435311097' U='IN' F='Geometry1.Y1'/></Row></Section></Shape></Shapes></Shape></Shapes></MasterContents>