<?xml version='1.0' encoding='utf-8' ?>
<MasterContents xmlns='http://schemas.microsoft.com/office/visio/2012/main' xmlns:r='http://schemas.openxmlformats.org/officeDocument/2006/relationships' xml:space='preserve'><Shapes><Shape ID='5' Type='Group' LineStyle='0' FillStyle='0' TextStyle='0' UniqueID='{5162112A-F51B-4005-B044-36EF394C8175}'><Cell N='PinX' V='0'/><Cell N='PinY' V='0'/><Cell N='Width' V='1.333333333333333'/><Cell N='Height' V='1'/><Cell N='LocPinX' V='0' F='Width*0'/><Cell N='LocPinY' V='0' F='Height*0'/><Cell N='Angle' V='0'/><Cell N='FlipX' V='0'/><Cell N='FlipY' V='0'/><Cell N='ResizeMode' V='0'/><Cell N='DisplayMode' V='1'/><Cell N='FillForegnd' V='#f0f0f0'/><Cell N='LineColor' V='14'/><Section N='User'><Row N='visDGDefaultPos'><Cell N='Value' V='PNT(6,3)' U='PNT' F='PNT(6,3)'/><Cell N='Prompt' V='' F='No Formula'/></Row></Section><Section N='Geometry' IX='0'><Cell N='NoFill' V='0'/><Cell N='NoLine' V='0'/><Cell N='NoShow' V='0'/><Cell N='NoSnap' V='0'/><Cell N='NoQuickDrag' V='0'/><Row T='RelMoveTo' IX='1'><Cell N='X' V='0'/><Cell N='Y' V='0'/></Row><Row T='RelLineTo' IX='2'><Cell N='X' V='1'/><Cell N='Y' V='0'/></Row><Row T='RelLineTo' IX='3'><Cell N='X' V='1'/><Cell N='Y' V='1'/></Row><Row T='RelLineTo' IX='4'><Cell N='X' V='0'/><Cell N='Y' V='1'/></Row><Row T='RelLineTo' IX='5'><Cell N='X' V='0'/><Cell N='Y' V='0'/></Row></Section></Shape></Shapes></MasterContents>