<?xml version='1.0' encoding='utf-8' ?>
<MasterContents xmlns='http://schemas.microsoft.com/office/visio/2012/main' xmlns:r='http://schemas.openxmlformats.org/officeDocument/2006/relationships' xml:space='preserve'><Shapes><Shape ID='5' NameU='HA Firewall.2866' IsCustomNameU='1' Name='HA Firewall Pair.2866' IsCustomName='1' Type='Group' LineStyle='3' FillStyle='3' TextStyle='3' UniqueID='{F285A0A5-5AFD-4F21-82A4-AF63F2C6BD86}'><Cell N='PinX' V='16.46875000372529'/><Cell N='PinY' V='0.5'/><Cell N='Width' V='0.9375000074505806'/><Cell N='Height' V='1'/><Cell N='LocPinX' V='0.4687500037252903' F='Width*0.5'/><Cell N='LocPinY' V='0.5' F='Height*0.5'/><Cell N='Angle' V='0'/><Cell N='FlipX' V='0'/><Cell N='FlipY' V='0'/><Cell N='ResizeMode' V='0'/><Cell N='ColorSchemeIndex' V='50'/><Cell N='EffectSchemeIndex' V='47'/><Cell N='ConnectorSchemeIndex' V='50'/><Cell N='FontSchemeIndex' V='47'/><Cell N='ThemeIndex' V='47'/><Cell N='ObjType' V='9'/><Cell N='QuickStyleVariation' V='2'/><Section N='Property'><Row N='HA_Pair_Name'><Cell N='Value' V='' U='STR'/><Cell N='Prompt' V='Enter the name of the HA pair of devices.'/><Cell N='Label' V='HA Pair Name'/><Cell N='Format' V='' F='No Formula'/><Cell N='SortKey' V='10'/><Cell N='Type' V='0'/><Cell N='Invisible' V='0' F='No Formula'/><Cell N='Verify' V='0' F='No Formula'/><Cell N='DataLinked' V='0' F='No Formula'/><Cell N='LangID' V='en-US'/><Cell N='Calendar' V='0' F='No Formula'/></Row><Row N='Location'><Cell N='Value' V='' U='STR'/><Cell N='Prompt' V='Enter device physical location.'/><Cell N='Label' V='Location'/><Cell N='Format' V='' F='No Formula'/><Cell N='SortKey' V='30'/><Cell N='Type' V='0'/><Cell N='Invisible' V='0' F='No Formula'/><Cell N='Verify' V='0' F='No Formula'/><Cell N='DataLinked' V='0' F='No Formula'/><Cell N='LangID' V='en-US'/><Cell N='Calendar' V='0' F='No Formula'/></Row><Row N='Make_Model'><Cell N='Value' V='' U='STR'/><Cell N='Prompt' V='Enter device make and model.'/><Cell N='Label' V='Make/Model'/><Cell N='Format' V='' F='No Formula'/><Cell N='SortKey' V='20'/><Cell N='Type' V='0'/><Cell N='Invisible' V='0' F='No Formula'/><Cell N='Verify' V='0' F='No Formula'/><Cell N='DataLinked' V='0' F='No Formula'/><Cell N='LangID' V='en-US'/><Cell N='Calendar' V='0' F='No Formula'/></Row><Row N='Install_Date'><Cell N='Value' V='' U='STR'/><Cell N='Prompt' V='' F='No Formula'/><Cell N='Label' V='Install Date'/><Cell N='Format' V='' F='No Formula'/><Cell N='SortKey' V='40'/><Cell N='Type' V='0'/><Cell N='Invisible' V='0' F='No Formula'/><Cell N='Verify' V='0' F='No Formula'/><Cell N='DataLinked' V='0' F='No Formula'/><Cell N='LangID' V='en-US'/><Cell N='Calendar' V='0' F='No Formula'/></Row><Row N='Primary_Serial_Number'><Cell N='Value' V='' U='STR'/><Cell N='Prompt' V='Enter primary device serial number.'/><Cell N='Label' V='Primary Serial Number'/><Cell N='Format' V='' F='No Formula'/><Cell N='SortKey' V='510'/><Cell N='Type' V='0'/><Cell N='Invisible' V='0' F='No Formula'/><Cell N='Verify' V='0' F='No Formula'/><Cell N='DataLinked' V='0' F='No Formula'/><Cell N='LangID' V='en-US'/><Cell N='Calendar' V='0' F='No Formula'/></Row><Row N='Primary_Asset_Tag'><Cell N='Value' V='' U='STR'/><Cell N='Prompt' V='Enter primary device asset tag ID.'/><Cell N='Label' V='Primary Asset Tag'/><Cell N='Format' V='' F='No Formula'/><Cell N='SortKey' V='520'/><Cell N='Type' V='0'/><Cell N='Invisible' V='0' F='No Formula'/><Cell N='Verify' V='0' F='No Formula'/><Cell N='DataLinked' V='0' F='No Formula'/><Cell N='LangID' V='en-US'/><Cell N='Calendar' V='0' F='No Formula'/></Row><Row N='Team_Ownership'><Cell N='Value' V='CSS NetSec' U='STR'/><Cell N='Prompt' V='Enter name of team who owns management of this device.'/><Cell N='Label' V='Team Ownership'/><Cell N='Format' V='' F='No Formula'/><Cell N='SortKey' V='80'/><Cell N='Type' V='0'/><Cell N='Invisible' V='0' F='No Formula'/><Cell N='Verify' V='0' F='No Formula'/><Cell N='DataLinked' V='0' F='No Formula'/><Cell N='LangID' V='en-US'/><Cell N='Calendar' V='0' F='No Formula'/></Row><Row N='Notes'><Cell N='Value' V='' U='STR'/><Cell N='Prompt' V='' F='No Formula'/><Cell N='Label' V='Notes'/><Cell N='Format' V='' F='No Formula'/><Cell N='SortKey' V='9999'/><Cell N='Type' V='0'/><Cell N='Invisible' V='0' F='No Formula'/><Cell N='Verify' V='0' F='No Formula'/><Cell N='DataLinked' V='0' F='No Formula'/><Cell N='LangID' V='en-US'/><Cell N='Calendar' V='0' F='No Formula'/></Row><Row N='PoC_Lead_Tech'><Cell N='Value' V='Any' U='STR'/><Cell N='Prompt' V='Enter name of lead tech who primarily manages this device, if applicable.'/><Cell N='Label' V='PoC/Lead Tech'/><Cell N='Format' V='' F='No Formula'/><Cell N='SortKey' V='90'/><Cell N='Type' V='0'/><Cell N='Invisible' V='0' F='No Formula'/><Cell N='Verify' V='0' F='No Formula'/><Cell N='DataLinked' V='0' F='No Formula'/><Cell N='LangID' V='en-US'/><Cell N='Calendar' V='0' F='No Formula'/></Row><Row N='Current_Build'><Cell N='Value' V='' U='STR'/><Cell N='Prompt' V='Enter the current software build version of this device.'/><Cell N='Label' V='Current Build'/><Cell N='Format' V='' F='No Formula'/><Cell N='SortKey' V='70'/><Cell N='Type' V='0'/><Cell N='Invisible' V='0' F='No Formula'/><Cell N='Verify' V='0' F='No Formula'/><Cell N='DataLinked' V='0' F='No Formula'/><Cell N='LangID' V='en-US'/><Cell N='Calendar' V='0' F='No Formula'/></Row><Row N='Primary_IP_Address'><Cell N='Value' V='' U='STR'/><Cell N='Prompt' V='Enter the primary device&apos;s management IP address.'/><Cell N='Label' V='Primary IP Address'/><Cell N='Format' V='' F='No Formula'/><Cell N='SortKey' V='530'/><Cell N='Type' V='0'/><Cell N='Invisible' V='0' F='No Formula'/><Cell N='Verify' V='0' F='No Formula'/><Cell N='DataLinked' V='0' F='No Formula'/><Cell N='LangID' V='en-US'/><Cell N='Calendar' V='0' F='No Formula'/></Row><Row N='Primary_URL'><Cell N='Value' V='' U='STR'/><Cell N='Prompt' V='Enter the URL for the primary device&apos;s management interface.'/><Cell N='Label' V='Primary URL'/><Cell N='Format' V='' F='No Formula'/><Cell N='SortKey' V='540'/><Cell N='Type' V='0'/><Cell N='Invisible' V='0' F='No Formula'/><Cell N='Verify' V='0' F='No Formula'/><Cell N='DataLinked' V='0' F='No Formula'/><Cell N='LangID' V='en-US'/><Cell N='Calendar' V='0' F='No Formula'/></Row><Row N='Secondary_IP_Address'><Cell N='Value' V='' U='STR'/><Cell N='Prompt' V='Enter the secondary device&apos;s management IP address.'/><Cell N='Label' V='Secondary IP Address'/><Cell N='Format' V='' F='No Formula'/><Cell N='SortKey' V='630'/><Cell N='Type' V='0'/><Cell N='Invisible' V='0' F='No Formula'/><Cell N='Verify' V='0' F='No Formula'/><Cell N='DataLinked' V='0' F='No Formula'/><Cell N='LangID' V='en-US'/><Cell N='Calendar' V='0' F='No Formula'/></Row><Row N='Secondary_URL'><Cell N='Value' V='' U='STR'/><Cell N='Prompt' V='Enter the URL for the secondary device&apos;s management interface.'/><Cell N='Label' V='Secondary URL'/><Cell N='Format' V='' F='No Formula'/><Cell N='SortKey' V='640'/><Cell N='Type' V='0'/><Cell N='Invisible' V='0' F='No Formula'/><Cell N='Verify' V='0' F='No Formula'/><Cell N='DataLinked' V='0' F='No Formula'/><Cell N='LangID' V='en-US'/><Cell N='Calendar' V='0' F='No Formula'/></Row><Row N='Primary_Rack_Location'><Cell N='Value' V='' U='STR'/><Cell N='Prompt' V='Enter the primary device&apos;s rack location.'/><Cell N='Label' V='Primary Rack Location'/><Cell N='Format' V='' F='No Formula'/><Cell N='SortKey' V='500'/><Cell N='Type' V='0'/><Cell N='Invisible' V='0' F='No Formula'/><Cell N='Verify' V='0' F='No Formula'/><Cell N='DataLinked' V='0' F='No Formula'/><Cell N='LangID' V='en-US'/><Cell N='Calendar' V='0' F='No Formula'/></Row><Row N='Secondary_Asset_Tag'><Cell N='Value' V='0' F='No Formula'/><Cell N='Prompt' V='Enter the secondary device&apos;s asset tag ID.'/><Cell N='Label' V='Secondary Asset Tag'/><Cell N='Format' V='' F='No Formula'/><Cell N='SortKey' V='620'/><Cell N='Type' V='0'/><Cell N='Invisible' V='0' F='No Formula'/><Cell N='Verify' V='0' F='No Formula'/><Cell N='DataLinked' V='0' F='No Formula'/><Cell N='LangID' V='en-US'/><Cell N='Calendar' V='0' F='No Formula'/></Row><Row N='Secondary_Serial_Number'><Cell N='Value' V='' U='STR'/><Cell N='Prompt' V='Enter the secondary device&apos;s serial number.'/><Cell N='Label' V='Secondary Serial Number'/><Cell N='Format' V='' F='No Formula'/><Cell N='SortKey' V='610'/><Cell N='Type' V='0'/><Cell N='Invisible' V='0' F='No Formula'/><Cell N='Verify' V='0' F='No Formula'/><Cell N='DataLinked' V='0' F='No Formula'/><Cell N='LangID' V='en-US'/><Cell N='Calendar' V='0' F='No Formula'/></Row><Row N='Secondary_Rack_Location'><Cell N='Value' V='' U='STR'/><Cell N='Prompt' V='Enter the secondary device&apos;s rack location.'/><Cell N='Label' V='Secondary Rack Location'/><Cell N='Format' V='' F='No Formula'/><Cell N='SortKey' V='600'/><Cell N='Type' V='0'/><Cell N='Invisible' V='0' F='No Formula'/><Cell N='Verify' V='0' F='No Formula'/><Cell N='DataLinked' V='0' F='No Formula'/><Cell N='LangID' V='en-US'/><Cell N='Calendar' V='0' F='No Formula'/></Row></Section><Section N='Control'><Row N='msvDGPosition'><Cell N='X' V='1.406250011175871' F='BOUND(1.5*Width,0,FALSE,Width*-0.5,Width*-0.5,FALSE,0,0,FALSE,Width*0.25,Width*0.25,FALSE,Width*0.5,Width*0.5,FALSE,Width*0.75,Width*0.75,FALSE,Width,Width,FALSE,Width*1.5,Width*1.5)'/><Cell N='Y' V='0.5' F='BOUND(0.5*Height,0,FALSE,Height*-0.5,Height*-0.5,FALSE,0,0,FALSE,Height*0.25,Height*0.25,FALSE,Height*0.5,Height*0.5,FALSE,Height*0.75,Height*0.75,FALSE,Height,Height,FALSE,Height*1.25,Height*1.25)'/><Cell N='XDyn' V='1.406250011175871' F='Controls.msvDGPosition'/><Cell N='YDyn' V='0.5' F='Controls.msvDGPosition.Y'/><Cell N='XCon' V='5'/><Cell N='YCon' V='0'/><Cell N='CanGlue' V='0'/><Cell N='Prompt' V='Reposition Data Graphic'/></Row></Section><Section N='User'><Row N='visDGDefaultPos'><Cell N='Value' V='PNT(6,3)' U='PNT' F='PNT(6,3)'/><Cell N='Prompt' V='' F='No Formula'/></Row><Row N='msvLayoutIncludeSubshapes'><Cell N='Value' V='1' U='BOOL' F='OR(TRUE,DEPENDSON(FALSE))'/><Cell N='Prompt' V='' F='No Formula'/></Row><Row N='visDGDisplayFormat'><Cell N='Value' V='254' F='USE({0897EAE4-00CD-0000-8E40-00608CF305B2})'/><Cell N='Prompt' V='' F='No Formula'/></Row></Section><Section N='Connection'><Row T='Connection' IX='0'><Cell N='X' V='0.4583333333333342' F='Width*0.48888888500355'/><Cell N='Y' V='0' F='Height*0'/><Cell N='DirX' V='0'/><Cell N='DirY' V='0'/><Cell N='Type' V='0'/><Cell N='AutoGen' V='0'/><Cell N='Prompt' V='' F='No Formula'/></Row><Row T='Connection' IX='1'><Cell N='X' V='0.1666666666666695' F='Width*0.17777777636493'/><Cell N='Y' V='1' F='Height*1'/><Cell N='DirX' V='0'/><Cell N='DirY' V='0'/><Cell N='Type' V='0'/><Cell N='AutoGen' V='0'/><Cell N='Prompt' V='' F='No Formula'/></Row></Section><Text/><Shapes><Shape ID='6' NameU='Firewall.1172' IsCustomNameU='1' Name='Firewall.1172' IsCustomName='1' Type='Group' LineStyle='3' FillStyle='3' TextStyle='3'><Cell N='PinX' V='0.6250000074505788' F='Sheet.5!Width*0.66666666931576'/><Cell N='PinY' V='0.5' F='Sheet.5!Height*0.5'/><Cell N='Width' V='0.6250000000000037' F='Sheet.5!Width*0.66666666136848'/><Cell N='Height' V='1' F='Sheet.5!Height*1'/><Cell N='LocPinX' V='0.3125000000000018' F='Width*0.5'/><Cell N='LocPinY' V='0.5' F='Height*0.5'/><Cell N='Angle' V='0'/><Cell N='FlipX' V='0'/><Cell N='FlipY' V='0'/><Cell N='ResizeMode' V='0'/><Cell N='EventDblClick' V='0' F='OPENTEXTWIN()'/><Cell N='LayerMember' V=''/><Cell N='ObjType' V='8'/><Cell N='Comment' V='&lt;no master&gt;' F='INDEX(0,INDEX(0,MASTERNAME(),":"),".")'/><Cell N='FillForegnd' V='#23b8e9' F='THEMEVAL("FillColor",RGB(231,228,205))'/><Cell N='FillBkgnd' V='#23b8e9' F='THEMEVAL("FillColor2",RGB(255,102,0))'/><Cell N='FillPattern' V='32' F='THEMEVAL("FillPattern",32)'/><Cell N='TxtPinX' V='0.3125000000000018' F='Controls.Row_1'/><Cell N='TxtPinY' V='-0.1555555555555556' F='Controls.Row_1.Y'/><Cell N='TxtWidth' V='0.1111111111111111' F='TEXTWIDTH(TheText)'/><Cell N='TxtHeight' V='0.3111111111111111' F='TEXTHEIGHT(TheText,TxtWidth)'/><Cell N='TxtLocPinX' V='0.05555555555555555' F='TxtWidth*0.5'/><Cell N='TxtLocPinY' V='0.1555555555555556' F='TxtHeight*0.5'/><Cell N='TxtAngle' V='0' F='IF(BITXOR(FlipX,FlipY),1,-1)*Angle'/><Cell N='SelectMode' V='0'/><Cell N='HelpTopic' V='Vis_PRXY.chm!#55474'/><Cell N='Copyright' V='Copyright (c) 2012 Microsoft Corporation.  All rights reserved.'/><Cell N='LockAspect' V='1'/><Cell N='FillGradientDir' V='11' F='THEMEVAL("FillGradientDir",11)'/><Cell N='FillGradientEnabled' V='1' F='THEMEVAL("FillGradientEnabled",TRUE)'/><Cell N='UseGroupGradient' V='0' F='THEMEVAL("UseGroupGradient",FALSE)'/><Cell N='QuickStyleVariation' V='6'/><Section N='User'><Row N='HasText'><Cell N='Value' V='0' U='BOOL' F='NOT(OR(HideText,STRSAME(SHAPETEXT(TheText),"")))'/><Cell N='Prompt' V='' F='No Formula'/></Row><Row N='ShapeClass'><Cell N='Value' V='5'/><Cell N='Prompt' V='' F='No Formula'/></Row><Row N='ShapeType'><Cell N='Value' V='8'/><Cell N='Prompt' V='' F='No Formula'/></Row><Row N='SubShapeType'><Cell N='Value' V='27'/><Cell N='Prompt' V='' F='No Formula'/></Row><Row N='SolSH'><Cell N='Value' V='{BF0433D9-CD73-4EB5-8390-8653BE590246}' U='GUID'/><Cell N='Prompt' V='' F='No Formula'/></Row><Row N='visLegendShape'><Cell N='Value' V='2'/><Cell N='Prompt' V='' F='No Formula'/></Row><Row N='visVersion'><Cell N='Value' V='15'/><Cell N='Prompt' V=''/></Row></Section><Section N='Control'><Row N='Row_1'><Cell N='X' V='0.3125000000000018' F='Width*0.5'/><Cell N='Y' V='-0.1555555555555556' F='-TxtHeight*0.5'/><Cell N='XDyn' V='0.3125000000000018' F='Controls.Row_1'/><Cell N='YDyn' V='-0.1555555555555556' F='Controls.Row_1.Y'/><Cell N='XCon' V='2' F='(Controls.Row_1&gt;Width/2)*2+2'/><Cell N='YCon' V='7' F='(Controls.Row_1.Y&gt;Height/2)*2+2+5*NOT(User.HasText)'/><Cell N='CanGlue' V='1'/><Cell N='Prompt' V='Reposition Text'/></Row></Section><Section N='Connection'><Row T='Connection' N='Row_1'><Cell N='X' V='0.3125000000000018' F='Width*0.5'/><Cell N='Y' V='0.5' F='Height*0.5'/><Cell N='DirX' V='0'/><Cell N='DirY' V='0'/><Cell N='Type' V='0'/><Cell N='AutoGen' V='0'/><Cell N='Prompt' V='' F='No Formula'/></Row></Section><Section N='Property'><Row N='ShapeClass'><Cell N='Value' V='Equipment' U='STR'/><Cell N='Prompt' V='' F='No Formula'/><Cell N='Label' V='ShapeClass'/><Cell N='Format' V='' F='No Formula'/><Cell N='SortKey' V='' F='No Formula'/><Cell N='Type' V='0'/><Cell N='Invisible' V='1'/><Cell N='Verify' V='0'/><Cell N='DataLinked' V='0' F='No Formula'/><Cell N='LangID' V='en-US'/><Cell N='Calendar' V='0' F='No Formula'/></Row><Row N='ShapeType'><Cell N='Value' V='Device' U='STR'/><Cell N='Prompt' V='' F='No Formula'/><Cell N='Label' V='ShapeType'/><Cell N='Format' V='' F='No Formula'/><Cell N='SortKey' V='' F='No Formula'/><Cell N='Type' V='0'/><Cell N='Invisible' V='1'/><Cell N='Verify' V='0'/><Cell N='DataLinked' V='0' F='No Formula'/><Cell N='LangID' V='en-US'/><Cell N='Calendar' V='0' F='No Formula'/></Row><Row N='SubShapeType'><Cell N='Value' V='Firewall' U='STR'/><Cell N='Prompt' V='' F='No Formula'/><Cell N='Label' V='SubShapeType'/><Cell N='Format' V='' F='No Formula'/><Cell N='SortKey' V='' F='No Formula'/><Cell N='Type' V='0'/><Cell N='Invisible' V='1'/><Cell N='Verify' V='0'/><Cell N='DataLinked' V='0' F='No Formula'/><Cell N='LangID' V='en-US'/><Cell N='Calendar' V='0' F='No Formula'/></Row><Row N='Manufacturer'><Cell N='Value' V='0' F='No Formula'/><Cell N='Prompt' V='' F='No Formula'/><Cell N='Label' V='Manufacturer'/><Cell N='Format' V='' F='No Formula'/><Cell N='SortKey' V='Equipment'/><Cell N='Type' V='0'/><Cell N='Invisible' V='0'/><Cell N='Verify' V='0'/><Cell N='DataLinked' V='0' F='No Formula'/><Cell N='LangID' V='en-US'/><Cell N='Calendar' V='0' F='No Formula'/></Row><Row N='ProductNumber'><Cell N='Value' V='0' F='No Formula'/><Cell N='Prompt' V='' F='No Formula'/><Cell N='Label' V='Product Number'/><Cell N='Format' V='' F='No Formula'/><Cell N='SortKey' V='Equipment'/><Cell N='Type' V='0'/><Cell N='Invisible' V='0'/><Cell N='Verify' V='0'/><Cell N='DataLinked' V='0' F='No Formula'/><Cell N='LangID' V='en-US'/><Cell N='Calendar' V='0' F='No Formula'/></Row><Row N='PartNumber'><Cell N='Value' V='0' F='No Formula'/><Cell N='Prompt' V='' F='No Formula'/><Cell N='Label' V='Part Number'/><Cell N='Format' V='' F='No Formula'/><Cell N='SortKey' V='Equipment'/><Cell N='Type' V='0'/><Cell N='Invisible' V='0'/><Cell N='Verify' V='0'/><Cell N='DataLinked' V='0' F='No Formula'/><Cell N='LangID' V='en-US'/><Cell N='Calendar' V='0' F='No Formula'/></Row><Row N='ProductDescription'><Cell N='Value' V='0' F='No Formula'/><Cell N='Prompt' V='' F='No Formula'/><Cell N='Label' V='Product Description'/><Cell N='Format' V='' F='No Formula'/><Cell N='SortKey' V='Equipment'/><Cell N='Type' V='0'/><Cell N='Invisible' V='0'/><Cell N='Verify' V='0'/><Cell N='DataLinked' V='0' F='No Formula'/><Cell N='LangID' V='en-US'/><Cell N='Calendar' V='0' F='No Formula'/></Row><Row N='AssetNumber'><Cell N='Value' V='0' F='No Formula'/><Cell N='Prompt' V='' F='No Formula'/><Cell N='Label' V='Asset Number'/><Cell N='Format' V='' F='No Formula'/><Cell N='SortKey' V='Asset'/><Cell N='Type' V='0'/><Cell N='Invisible' V='0'/><Cell N='Verify' V='0'/><Cell N='DataLinked' V='0' F='No Formula'/><Cell N='LangID' V='en-US'/><Cell N='Calendar' V='0' F='No Formula'/></Row><Row N='SerialNumber'><Cell N='Value' V='0' F='No Formula'/><Cell N='Prompt' V='' F='No Formula'/><Cell N='Label' V='Serial Number'/><Cell N='Format' V='' F='No Formula'/><Cell N='SortKey' V='Asset'/><Cell N='Type' V='0'/><Cell N='Invisible' V='0'/><Cell N='Verify' V='0'/><Cell N='DataLinked' V='0' F='No Formula'/><Cell N='LangID' V='en-US'/><Cell N='Calendar' V='0' F='No Formula'/></Row><Row N='Location'><Cell N='Value' V='0' F='No Formula'/><Cell N='Prompt' V='' F='No Formula'/><Cell N='Label' V='Location'/><Cell N='Format' V='' F='No Formula'/><Cell N='SortKey' V='Asset'/><Cell N='Type' V='0'/><Cell N='Invisible' V='0'/><Cell N='Verify' V='0'/><Cell N='DataLinked' V='0' F='No Formula'/><Cell N='LangID' V='en-US'/><Cell N='Calendar' V='0' F='No Formula'/></Row><Row N='Building'><Cell N='Value' V='0' F='No Formula'/><Cell N='Prompt' V='' F='No Formula'/><Cell N='Label' V='Building'/><Cell N='Format' V='' F='No Formula'/><Cell N='SortKey' V='Asset'/><Cell N='Type' V='0'/><Cell N='Invisible' V='0'/><Cell N='Verify' V='0'/><Cell N='DataLinked' V='0' F='No Formula'/><Cell N='LangID' V='en-US'/><Cell N='Calendar' V='0' F='No Formula'/></Row><Row N='Room'><Cell N='Value' V='0' F='No Formula'/><Cell N='Prompt' V='' F='No Formula'/><Cell N='Label' V='Room'/><Cell N='Format' V='' F='No Formula'/><Cell N='SortKey' V='Asset'/><Cell N='Type' V='0'/><Cell N='Invisible' V='0'/><Cell N='Verify' V='0'/><Cell N='DataLinked' V='0' F='No Formula'/><Cell N='LangID' V='en-US'/><Cell N='Calendar' V='0' F='No Formula'/></Row></Section><Section N='Actions'><Row N='Properties'><Cell N='Menu' V='%_P&amp;roperties'/><Cell N='Action' V='0' F='RUNADDON("NETWORK SHAPE PROPERTIES")'/><Cell N='Checked' V='0'/><Cell N='Disabled' V='0'/><Cell N='ReadOnly' V='0'/><Cell N='Invisible' V='0'/><Cell N='BeginGroup' V='0'/><Cell N='FlyoutChild' V='0' F='No Formula'/><Cell N='TagName' V=''/><Cell N='ButtonFace' V=''/><Cell N='SortKey' V=''/></Row></Section><Section N='FillGradient'><Row IX='0'><Cell N='GradientStopColor' V='#eef6fc' F='THEMEVAL("FillStop1Color",RGB(231,228,205))'/><Cell N='GradientStopColorTrans' V='0' F='THEMEVAL("FillStop1Transparency",0%)'/><Cell N='GradientStopPosition' V='0' F='THEMEVAL("FillStop1Position",0%)'/></Row><Row IX='1'><Cell N='GradientStopColor' V='#bddff4' F='THEMEVAL("FillStop2Color",RGB(255,102,0))'/><Cell N='GradientStopColorTrans' V='0' F='THEMEVAL("FillStop2Transparency",0%)'/><Cell N='GradientStopPosition' V='0.78' F='THEMEVAL("FillStop2Position",100%)'/></Row><Row IX='2' Del='1'/><Row IX='3' Del='1'/><Row IX='4' Del='1'/><Row IX='5' Del='1'/><Row IX='6' Del='1'/><Row IX='7' Del='1'/><Row IX='8' Del='1'/><Row IX='9' Del='1'/></Section><Shapes><Shape ID='7' Type='Shape' LineStyle='3' FillStyle='3' TextStyle='3'><Cell N='PinX' V='0.3125' F='Width/2'/><Cell N='PinY' V='0.5' F='Height/2'/><Cell N='Width' V='0.6250000000000037' F='Sheet.6!Width*1'/><Cell N='Height' V='1' F='Sheet.6!Height*1'/><Cell N='LocPinX' V='0.3125000000000018' F='Width*0.5'/><Cell N='LocPinY' V='0.5' F='Height*0.5'/><Cell N='Angle' V='0'/><Cell N='FlipX' V='0'/><Cell N='FlipY' V='0'/><Cell N='ResizeMode' V='0'/><Cell N='LineWeight' V='0.01' U='PT' F='GUARD(0.72PT)'/><Cell N='LinePattern' V='1' F='GUARD(1)'/><Cell N='Rounding' V='0' F='GUARD(0)'/><Cell N='BeginArrow' V='0' F='GUARD(0)'/><Cell N='EndArrow' V='0' F='GUARD(0)'/><Cell N='LineColorTrans' V='1' F='GUARD(100%)'/><Cell N='FillForegnd' V='6' F='GUARD(6)'/><Cell N='FillBkgnd' V='6' F='GUARD(6)'/><Cell N='FillPattern' V='32' F='GUARD(32)'/><Cell N='FillForegndTrans' V='1' F='GUARD(100%)'/><Cell N='FillBkgndTrans' V='1' F='GUARD(100%)'/><Cell N='Copyright' V='Copyright (c) 2012 Microsoft Corporation.  All rights reserved.'/><Cell N='FillGradientDir' V='11' F='GUARD(11)'/><Cell N='FillGradientEnabled' V='1' F='GUARD(TRUE)'/><Cell N='UseGroupGradient' V='0' F='GUARD(FALSE)'/><Section N='FillGradient'><Row IX='0'><Cell N='GradientStopColor' V='6' F='GUARD(6)'/><Cell N='GradientStopColorTrans' V='1' F='GUARD(100%)'/><Cell N='GradientStopPosition' V='0' F='THEMEVAL("FillStop1Position",0%)'/></Row><Row IX='1'><Cell N='GradientStopColor' V='6' F='GUARD(6)'/><Cell N='GradientStopColorTrans' V='1' F='GUARD(100%)'/><Cell N='GradientStopPosition' V='0.78' F='THEMEVAL("FillStop2Position",100%)'/></Row><Row IX='2' Del='1'/><Row IX='3' Del='1'/><Row IX='4' Del='1'/><Row IX='5' Del='1'/><Row IX='6' Del='1'/><Row IX='7' Del='1'/><Row IX='8' Del='1'/><Row IX='9' Del='1'/></Section><Section N='Geometry' IX='0'><Cell N='NoFill' V='0'/><Cell N='NoLine' V='0'/><Cell N='NoShow' V='0'/><Cell N='NoSnap' V='0'/><Cell N='NoQuickDrag' V='0' F='No Formula'/><Row T='MoveTo' IX='1'><Cell N='X' V='0.4583333333333339' F='Width*0.73333333333333'/><Cell N='Y' V='0' F='Height*0'/></Row><Row T='LineTo' IX='2'><Cell N='X' V='0.6250000000000037' F='Width*1'/><Cell N='Y' V='0.092' F='Height*0.092'/></Row><Row T='LineTo' IX='3'><Cell N='X' V='0.6250000000000037' F='Width*1'/><Cell N='Y' V='0.746' F='Height*0.746'/></Row><Row T='LineTo' IX='4'><Cell N='X' V='0.1666666666666697' F='Width*0.26666666666667'/><Cell N='Y' V='1' F='Height*1'/></Row><Row T='LineTo' IX='5'><Cell N='X' V='0' F='Width*0'/><Cell N='Y' V='0.908' F='Height*0.908'/></Row><Row T='LineTo' IX='6'><Cell N='X' V='0' F='Width*0'/><Cell N='Y' V='0.256' F='Height*0.256'/></Row><Row T='LineTo' IX='7'><Cell N='X' V='0.4583333333333339' F='Width*0.73333333333333'/><Cell N='Y' V='0' F='Height*0'/></Row></Section></Shape><Shape ID='8' Type='Shape' LineStyle='29' FillStyle='29' TextStyle='29'><Cell N='PinX' V='0.541666666666672' F='Sheet.6!Width*0.86666666666667'/><Cell N='PinY' V='0.373' F='Sheet.6!Height*0.373'/><Cell N='Width' V='0.1666666666666697' F='Sheet.6!Width*0.26666666666667'/><Cell N='Height' V='0.746' F='Sheet.6!Height*0.746'/><Cell N='LocPinX' V='0.08333333333333486' F='Width*0.5'/><Cell N='LocPinY' V='0.373' F='Height*0.5'/><Cell N='Angle' V='0'/><Cell N='FlipX' V='0'/><Cell N='FlipY' V='0'/><Cell N='ResizeMode' V='0'/><Cell N='LayerMember' V=''/><Cell N='FillForegnd' V='#e7e4cd' F='GUARD(RGB(231,228,205))'/><Cell N='FillBkgnd' V='#ff6600' F='GUARD(RGB(255,102,0))'/><Cell N='FillPattern' V='31' F='GUARD(31)'/><Cell N='ShdwForegnd' V='#000000' F='Inh'/><Cell N='ShdwPattern' V='0' F='GUARD(0)'/><Cell N='Copyright' V='Copyright (c) 2012 Microsoft Corporation.  All rights reserved.'/><Cell N='LineWeight' V='0.01' U='PT' F='GUARD(0.72PT)'/><Cell N='LineColor' V='#ffffff' F='GUARD(RGB(255,255,255))'/><Cell N='LinePattern' V='1' F='GUARD(1)'/><Cell N='Rounding' V='0' F='GUARD(0)'/><Cell N='BeginArrow' V='0' F='GUARD(0)'/><Cell N='EndArrow' V='0' F='GUARD(0)'/><Cell N='FillGradientDir' V='12' F='GUARD(12)'/><Cell N='FillGradientEnabled' V='1' F='GUARD(TRUE)'/><Cell N='UseGroupGradient' V='0' F='GUARD(FALSE)'/><Cell N='QuickStyleVariation' V='6'/><Section N='Character'><Row IX='0'><Cell N='Color' V='#1fa6d3' F='Inh'/></Row></Section><Section N='FillGradient'><Row IX='0'><Cell N='GradientStopColor' V='#e7e4cd' F='GUARD(RGB(231,228,205))'/></Row><Row IX='1'><Cell N='GradientStopColor' V='#ff6600' F='GUARD(RGB(255,102,0))'/></Row></Section><Section N='Geometry' IX='0'><Cell N='NoFill' V='0'/><Cell N='NoLine' V='1'/><Cell N='NoShow' V='0'/><Cell N='NoSnap' V='0'/><Cell N='NoQuickDrag' V='0' F='No Formula'/><Row T='MoveTo' IX='1'><Cell N='X' V='0' F='Width*0'/><Cell N='Y' V='0.6519999999999963' F='Height*0.8739946380697'/></Row><Row T='LineTo' IX='2'><Cell N='X' V='0' F='Width*0'/><Cell N='Y' V='0' F='Height*0'/></Row><Row T='LineTo' IX='3'><Cell N='X' V='0.1666666666666697' F='Width*1'/><Cell N='Y' V='0.09199999999999864' F='Height*0.12332439678284'/></Row><Row T='LineTo' IX='4'><Cell N='X' V='0.1666666666666697' F='Width*1'/><Cell N='Y' V='0.746' F='Height*1'/></Row><Row T='LineTo' IX='5'><Cell N='X' V='0' F='Geometry1.X1'/><Cell N='Y' V='0.6519999999999963' F='Geometry1.Y1'/></Row></Section><Text><cp IX='0'/></Text></Shape><Shape ID='9' Type='Shape' LineStyle='28' FillStyle='28' TextStyle='28'><Cell N='PinX' V='0.3125000000000018' F='Sheet.6!Width*0.5'/><Cell N='PinY' V='0.826' F='Sheet.6!Height*0.826'/><Cell N='Width' V='0.6250000000000037' F='Sheet.6!Width*1'/><Cell N='Height' V='0.348' F='Sheet.6!Height*0.348'/><Cell N='LocPinX' V='0.3125000000000018' F='Width*0.5'/><Cell N='LocPinY' V='0.174' F='Height*0.5'/><Cell N='Angle' V='0'/><Cell N='FlipX' V='0'/><Cell N='FlipY' V='0'/><Cell N='ResizeMode' V='0'/><Cell N='LayerMember' V=''/><Cell N='FillForegnd' V='#e7e4cd' F='GUARD(RGB(231,228,205))'/><Cell N='FillBkgnd' V='#ff6600' F='GUARD(RGB(255,102,0))'/><Cell N='FillPattern' V='30' F='GUARD(30)'/><Cell N='ShdwForegnd' V='#000000' F='Inh'/><Cell N='ShdwPattern' V='0' F='GUARD(0)'/><Cell N='Copyright' V='Copyright (c) 2012 Microsoft Corporation.  All rights reserved.'/><Cell N='LineWeight' V='0.01' U='PT' F='GUARD(0.72PT)'/><Cell N='LineColor' V='#ffffff' F='GUARD(RGB(255,255,255))'/><Cell N='LinePattern' V='1' F='GUARD(1)'/><Cell N='Rounding' V='0' F='GUARD(0)'/><Cell N='BeginArrow' V='0' F='GUARD(0)'/><Cell N='EndArrow' V='0' F='GUARD(0)'/><Cell N='FillGradientDir' V='0' F='GUARD(0)'/><Cell N='FillGradientAngle' V='4.7123889803847' U='DEG' F='GUARD(270DEG)'/><Cell N='FillGradientEnabled' V='1' F='GUARD(TRUE)'/><Cell N='UseGroupGradient' V='0' F='GUARD(FALSE)'/><Cell N='QuickStyleVariation' V='6'/><Section N='Character'><Row IX='0'><Cell N='Color' V='#1fa6d3' F='Inh'/></Row></Section><Section N='FillGradient'><Row IX='0'><Cell N='GradientStopColor' V='#e7e4cd' F='GUARD(RGB(231,228,205))'/></Row><Row IX='1'><Cell N='GradientStopColor' V='#ff6600' F='GUARD(RGB(255,102,0))'/></Row></Section><Section N='Geometry' IX='0'><Cell N='NoFill' V='0'/><Cell N='NoLine' V='1'/><Cell N='NoShow' V='0'/><Cell N='NoSnap' V='0'/><Cell N='NoQuickDrag' V='0' F='No Formula'/><Row T='MoveTo' IX='1'><Cell N='X' V='0' F='Width*0'/><Cell N='Y' V='0.2559999999999979' F='Height*0.73563218390804'/></Row><Row T='LineTo' IX='2'><Cell N='X' V='0.4583333333333339' F='Width*0.73333333333333'/><Cell N='Y' V='0' F='Height*0'/></Row><Row T='LineTo' IX='3'><Cell N='X' V='0.6250000000000037' F='Width*1'/><Cell N='Y' V='0.09400000000000153' F='Height*0.27011494252874'/></Row><Row T='LineTo' IX='4'><Cell N='X' V='0.1666666666666697' F='Width*0.26666666666667'/><Cell N='Y' V='0.348' F='Height*1'/></Row><Row T='LineTo' IX='5'><Cell N='X' V='0' F='Geometry1.X1'/><Cell N='Y' V='0.2559999999999979' F='Geometry1.Y1'/></Row></Section><Text><cp IX='0'/></Text></Shape><Shape ID='10' Type='Shape' LineStyle='30' FillStyle='30' TextStyle='30'><Cell N='PinX' V='0.2291666666666701' F='Sheet.6!Width*0.36666666666667'/><Cell N='PinY' V='0.454' F='Sheet.6!Height*0.454'/><Cell N='Width' V='0.4583333333333339' F='Sheet.6!Width*0.73333333333333'/><Cell N='Height' V='0.908' F='Sheet.6!Height*0.908'/><Cell N='LocPinX' V='0.229166666666667' F='Width*0.5'/><Cell N='LocPinY' V='0.454' F='Height*0.5'/><Cell N='Angle' V='0'/><Cell N='FlipX' V='0'/><Cell N='FlipY' V='0'/><Cell N='ResizeMode' V='0'/><Cell N='LayerMember' V=''/><Cell N='FillForegnd' V='#e7e4cd' F='GUARD(RGB(231,228,205))'/><Cell N='FillBkgnd' V='#ff6600' F='GUARD(RGB(255,102,0))'/><Cell N='FillPattern' V='32' F='GUARD(32)'/><Cell N='ShdwForegnd' V='#000000' F='Inh'/><Cell N='ShdwPattern' V='0' F='GUARD(0)'/><Cell N='Copyright' V='Copyright (c) 2012 Microsoft Corporation.  All rights reserved.'/><Cell N='LineWeight' V='0.01' U='PT' F='GUARD(0.72PT)'/><Cell N='LineColor' V='#000000' F='GUARD(RGB(0,0,0))'/><Cell N='LinePattern' V='1' F='GUARD(1)'/><Cell N='Rounding' V='0' F='GUARD(0)'/><Cell N='BeginArrow' V='0' F='GUARD(0)'/><Cell N='EndArrow' V='0' F='GUARD(0)'/><Cell N='FillGradientDir' V='11' F='GUARD(11)'/><Cell N='FillGradientEnabled' V='1' F='GUARD(TRUE)'/><Cell N='UseGroupGradient' V='0' F='GUARD(FALSE)'/><Cell N='QuickStyleVariation' V='6'/><Section N='Character'><Row IX='0'><Cell N='Color' V='#1fa6d3' F='Inh'/></Row></Section><Section N='FillGradient'><Row IX='0'><Cell N='GradientStopColor' V='#e7e4cd' F='GUARD(RGB(231,228,205))'/></Row><Row IX='1'><Cell N='GradientStopColor' V='#ff6600' F='GUARD(RGB(255,102,0))'/></Row></Section><Section N='Geometry' IX='0'><Cell N='NoFill' V='0'/><Cell N='NoLine' V='1'/><Cell N='NoShow' V='0'/><Cell N='NoSnap' V='0'/><Cell N='NoQuickDrag' V='0' F='No Formula'/><Row T='MoveTo' IX='1'><Cell N='X' V='0' F='Width*0'/><Cell N='Y' V='0.2560000000000006' F='Height*0.28193832599119'/></Row><Row T='LineTo' IX='2'><Cell N='X' V='0.4583333333333339' F='Width*1'/><Cell N='Y' V='0' F='Height*0'/></Row><Row T='LineTo' IX='3'><Cell N='X' V='0.4583333333333339' F='Width*1'/><Cell N='Y' V='0.652' F='Height*0.71806167400881'/></Row><Row T='LineTo' IX='4'><Cell N='X' V='0' F='Width*0'/><Cell N='Y' V='0.908' F='Height*1'/></Row><Row T='LineTo' IX='5'><Cell N='X' V='0' F='Geometry1.X1'/><Cell N='Y' V='0.2560000000000006' F='Geometry1.Y1'/></Row></Section><Text><cp IX='0'/></Text></Shape><Shape ID='11' Type='Shape' LineStyle='3' FillStyle='3' TextStyle='3'><Cell N='PinX' V='0.3125000000000018' F='Sheet.6!Width*0.5'/><Cell N='PinY' V='0.466' F='Sheet.6!Height*0.466'/><Cell N='Width' V='0.541666666666672' F='Sheet.6!Width*0.86666666666667'/><Cell N='Height' V='0.836' F='Sheet.6!Height*0.836'/><Cell N='LocPinX' V='0.270833333333336' F='Width*0.5'/><Cell N='LocPinY' V='0.418' F='Height*0.5'/><Cell N='Angle' V='0'/><Cell N='FlipX' V='0'/><Cell N='FlipY' V='0'/><Cell N='ResizeMode' V='0'/><Cell N='LayerMember' V=''/><Cell N='LineWeight' V='0.01' U='PT' F='GUARD(0.72PT)'/><Cell N='LineColor' V='#e7e4cd' F='GUARD(RGB(231,228,205))'/><Cell N='LinePattern' V='1' F='GUARD(1)'/><Cell N='Rounding' V='0' F='GUARD(0)'/><Cell N='BeginArrow' V='0' F='GUARD(0)'/><Cell N='EndArrow' V='0' F='GUARD(0)'/><Cell N='FillForegnd' V='#e7e4cd' F='GUARD(RGB(231,228,205))'/><Cell N='FillBkgnd' V='#ff6600' F='GUARD(RGB(255,102,0))'/><Cell N='FillPattern' V='26' F='GUARD(26)'/><Cell N='ShdwPattern' V='0' F='GUARD(0)'/><Cell N='Copyright' V='Copyright (c) 2012 Microsoft Corporation.  All rights reserved.'/><Cell N='FillGradientDir' V='0' F='GUARD(0)'/><Cell N='FillGradientAngle' V='3.1415926535898' U='DEG' F='GUARD(180DEG)'/><Cell N='FillGradientEnabled' V='1' F='GUARD(TRUE)'/><Cell N='UseGroupGradient' V='0' F='GUARD(FALSE)'/><Cell N='QuickStyleVariation' V='6'/><Section N='FillGradient'><Row IX='0'><Cell N='GradientStopColor' V='#ff6600' F='GUARD(RGB(255,102,0))'/><Cell N='GradientStopColorTrans' V='0' F='THEMEVAL("FillStop1Transparency",0%)'/><Cell N='GradientStopPosition' V='0' F='THEMEVAL("FillStop1Position",1%)'/></Row><Row IX='1'><Cell N='GradientStopColor' V='#e7e4cd' F='GUARD(RGB(231,228,205))'/><Cell N='GradientStopColorTrans' V='0' F='THEMEVAL("FillStop2Transparency",0%)'/><Cell N='GradientStopPosition' V='0.78' F='THEMEVAL("FillStop2Position",50%)'/></Row><Row IX='2'><Cell N='GradientStopColor' V='#ff6600' F='GUARD(RGB(255,102,0))'/><Cell N='GradientStopColorTrans' V='0' F='THEMEVAL("FillStop3Transparency",0%)'/><Cell N='GradientStopPosition' V='0.86' F='THEMEVAL("FillStop3Position",100%)'/></Row><Row IX='3' Del='1'/><Row IX='4' Del='1'/><Row IX='5' Del='1'/><Row IX='6' Del='1'/><Row IX='7' Del='1'/><Row IX='8' Del='1'/><Row IX='9' Del='1'/></Section><Section N='Geometry' IX='0'><Cell N='NoFill' V='1'/><Cell N='NoLine' V='0'/><Cell N='NoShow' V='0'/><Cell N='NoSnap' V='0'/><Cell N='NoQuickDrag' V='0' F='No Formula'/><Row T='MoveTo' IX='1'><Cell N='X' V='0' F='Width*0'/><Cell N='Y' V='0.836' F='Height*1'/></Row><Row T='LineTo' IX='2'><Cell N='X' V='0.4166666666666712' F='Width*0.76923076923077'/><Cell N='Y' V='0.6039999999999983' F='Height*0.72248803827751'/></Row><Row T='LineTo' IX='3'><Cell N='X' V='0.541666666666672' F='Width*1'/><Cell N='Y' V='0.671999999999998' F='Height*0.80382775119617'/></Row><Row T='MoveTo' IX='4'><Cell N='X' V='0.4166666666666712' F='Width*0.76923076923077'/><Cell N='Y' V='0.6039999999999983' F='Height*0.72248803827751'/></Row><Row T='LineTo' IX='5'><Cell N='X' V='0.4166666666666712' F='Width*0.76923076923077'/><Cell N='Y' V='0' F='Height*0'/></Row></Section><Section N='Geometry' IX='1'><Cell N='NoFill' V='1'/><Cell N='NoLine' V='0'/><Cell N='NoShow' V='0'/><Cell N='NoSnap' V='0'/><Cell N='NoQuickDrag' V='0' F='No Formula'/><Row T='MoveTo' IX='1'><Cell N='X' V='0' F='Width*0'/><Cell N='Y' V='0.7280000000000029' F='Height*0.87081339712919'/></Row><Row T='LineTo' IX='2'><Cell N='X' V='0.4166666666666712' F='Width*0.76923076923077'/><Cell N='Y' V='0.4960000000000012' F='Height*0.5933014354067'/></Row></Section><Section N='Geometry' IX='2'><Cell N='NoFill' V='1'/><Cell N='NoLine' V='0'/><Cell N='NoShow' V='0'/><Cell N='NoSnap' V='0'/><Cell N='NoQuickDrag' V='0' F='No Formula'/><Row T='MoveTo' IX='1'><Cell N='X' V='0' F='Width*0'/><Cell N='Y' V='0.6199999999999972' F='Height*0.74162679425837'/></Row><Row T='LineTo' IX='2'><Cell N='X' V='0.4166666666666712' F='Width*0.76923076923077'/><Cell N='Y' V='0.388000000000004' F='Height*0.46411483253589'/></Row></Section><Section N='Geometry' IX='3'><Cell N='NoFill' V='1'/><Cell N='NoLine' V='0'/><Cell N='NoShow' V='0'/><Cell N='NoSnap' V='0'/><Cell N='NoQuickDrag' V='0' F='No Formula'/><Row T='MoveTo' IX='1'><Cell N='X' V='0' F='Width*0'/><Cell N='Y' V='0.512' F='Height*0.61244019138756'/></Row><Row T='LineTo' IX='2'><Cell N='X' V='0.4166666666666712' F='Width*0.76923076923077'/><Cell N='Y' V='0.2799999999999985' F='Height*0.33492822966507'/></Row></Section><Section N='Geometry' IX='4'><Cell N='NoFill' V='1'/><Cell N='NoLine' V='0'/><Cell N='NoShow' V='0'/><Cell N='NoSnap' V='0'/><Cell N='NoQuickDrag' V='0' F='No Formula'/><Row T='MoveTo' IX='1'><Cell N='X' V='0' F='Width*0'/><Cell N='Y' V='0.3999999999999991' F='Height*0.47846889952153'/></Row><Row T='LineTo' IX='2'><Cell N='X' V='0.4166666666666712' F='Width*0.76923076923077'/><Cell N='Y' V='0.1679999999999974' F='Height*0.20095693779904'/></Row></Section><Section N='Geometry' IX='5'><Cell N='NoFill' V='1'/><Cell N='NoLine' V='0'/><Cell N='NoShow' V='0'/><Cell N='NoSnap' V='0'/><Cell N='NoQuickDrag' V='0' F='No Formula'/><Row T='MoveTo' IX='1'><Cell N='X' V='0' F='Width*0'/><Cell N='Y' V='0.2920000000000019' F='Height*0.34928229665072'/></Row><Row T='LineTo' IX='2'><Cell N='X' V='0.4166666666666712' F='Width*0.76923076923077'/><Cell N='Y' V='0.06000000000000028' F='Height*0.07177033492823'/></Row></Section><Section N='Geometry' IX='6'><Cell N='NoFill' V='1'/><Cell N='NoLine' V='0'/><Cell N='NoShow' V='0'/><Cell N='NoSnap' V='0'/><Cell N='NoQuickDrag' V='0' F='No Formula'/><Row T='MoveTo' IX='1'><Cell N='X' V='0.3041666666666688' F='Width*0.56153846153846'/><Cell N='Y' V='0.2320000000000016' F='Height*0.27751196172249'/></Row><Row T='LineTo' IX='2'><Cell N='X' V='0.3041666666666688' F='Width*0.56153846153846'/><Cell N='Y' V='0.1239999999999961' F='Height*0.14832535885167'/></Row></Section><Section N='Geometry' IX='7'><Cell N='NoFill' V='1'/><Cell N='NoLine' V='0'/><Cell N='NoShow' V='0'/><Cell N='NoSnap' V='0'/><Cell N='NoQuickDrag' V='0' F='No Formula'/><Row T='MoveTo' IX='1'><Cell N='X' V='0.07500000000000157' F='Width*0.13846153846154'/><Cell N='Y' V='0.3559999999999978' F='Height*0.42583732057416'/></Row><Row T='LineTo' IX='2'><Cell N='X' V='0.07500000000000157' F='Width*0.13846153846154'/><Cell N='Y' V='0.2480000000000006' F='Height*0.29665071770335'/></Row></Section><Section N='Geometry' IX='8'><Cell N='NoFill' V='1'/><Cell N='NoLine' V='0'/><Cell N='NoShow' V='0'/><Cell N='NoSnap' V='0'/><Cell N='NoQuickDrag' V='0' F='No Formula'/><Row T='MoveTo' IX='1'><Cell N='X' V='0.1875000000000039' F='Width*0.34615384615385'/><Cell N='Y' V='0.4079999999999985' F='Height*0.48803827751196'/></Row><Row T='LineTo' IX='2'><Cell N='X' V='0.1875000000000039' F='Width*0.34615384615385'/><Cell N='Y' V='0.2959999999999974' F='Height*0.35406698564593'/></Row></Section><Section N='Geometry' IX='9'><Cell N='NoFill' V='1'/><Cell N='NoLine' V='0'/><Cell N='NoShow' V='0'/><Cell N='NoSnap' V='0'/><Cell N='NoQuickDrag' V='0' F='No Formula'/><Row T='MoveTo' IX='1'><Cell N='X' V='0.3041666666666688' F='Width*0.56153846153846'/><Cell N='Y' V='0.4480000000000043' F='Height*0.53588516746412'/></Row><Row T='LineTo' IX='2'><Cell N='X' V='0.3041666666666688' F='Width*0.56153846153846'/><Cell N='Y' V='0.3440000000000027' F='Height*0.41148325358852'/></Row></Section><Section N='Geometry' IX='10'><Cell N='NoFill' V='1'/><Cell N='NoLine' V='0'/><Cell N='NoShow' V='0'/><Cell N='NoSnap' V='0'/><Cell N='NoQuickDrag' V='0' F='No Formula'/><Row T='MoveTo' IX='1'><Cell N='X' V='0.07500000000000157' F='Width*0.13846153846154'/><Cell N='Y' V='0.5760000000000044' F='Height*0.68899521531101'/></Row><Row T='LineTo' IX='2'><Cell N='X' V='0.07500000000000157' F='Width*0.13846153846154'/><Cell N='Y' V='0.4720000000000027' F='Height*0.56459330143541'/></Row></Section><Section N='Geometry' IX='11'><Cell N='NoFill' V='1'/><Cell N='NoLine' V='0'/><Cell N='NoShow' V='0'/><Cell N='NoSnap' V='0'/><Cell N='NoQuickDrag' V='0' F='No Formula'/><Row T='MoveTo' IX='1'><Cell N='X' V='0.1875000000000039' F='Width*0.34615384615385'/><Cell N='Y' V='0.6240000000000012' F='Height*0.74641148325359'/></Row><Row T='LineTo' IX='2'><Cell N='X' V='0.1875000000000039' F='Width*0.34615384615385'/><Cell N='Y' V='0.516000000000004' F='Height*0.61722488038278'/></Row></Section><Section N='Geometry' IX='12'><Cell N='NoFill' V='1'/><Cell N='NoLine' V='0'/><Cell N='NoShow' V='0'/><Cell N='NoSnap' V='0'/><Cell N='NoQuickDrag' V='0' F='No Formula'/><Row T='MoveTo' IX='1'><Cell N='X' V='0.07500000000000157' F='Width*0.13846153846154'/><Cell N='Y' V='0.7919999999999986' F='Height*0.94736842105263'/></Row><Row T='LineTo' IX='2'><Cell N='X' V='0.07500000000000157' F='Width*0.13846153846154'/><Cell N='Y' V='0.6879999999999971' F='Height*0.82296650717703'/></Row></Section></Shape><Shape ID='12' Type='Shape' LineStyle='21' FillStyle='21' TextStyle='21'><Cell N='PinX' V='0.3125000000000018' F='Sheet.6!Width*0.5'/><Cell N='PinY' V='0.5' F='Sheet.6!Height*0.5'/><Cell N='Width' V='0.6250000000000037' F='Sheet.6!Width*1'/><Cell N='Height' V='1' F='Sheet.6!Height*1'/><Cell N='LocPinX' V='0.3125000000000018' F='Width*0.5'/><Cell N='LocPinY' V='0.5' F='Height*0.5'/><Cell N='Angle' V='0'/><Cell N='FlipX' V='0'/><Cell N='FlipY' V='0'/><Cell N='ResizeMode' V='0'/><Cell N='LayerMember' V=''/><Cell N='FillForegnd' V='#23b8e9' F='Inh'/><Cell N='FillBkgnd' V='#23b8e9' F='Inh'/><Cell N='FillPattern' V='1' F='GUARD(1)'/><Cell N='ShdwForegnd' V='#000000' F='Inh'/><Cell N='ShdwPattern' V='0' F='GUARD(0)'/><Cell N='LineWeight' V='0.02083333333333333' U='PT' F='GUARD(1.5PT)'/><Cell N='LineColor' V='#bddff4' F='Inh'/><Cell N='LinePattern' V='1' F='GUARD(1)'/><Cell N='Rounding' V='0' F='GUARD(0)'/><Cell N='BeginArrow' V='0' F='GUARD(0)'/><Cell N='EndArrow' V='0' F='GUARD(0)'/><Cell N='Copyright' V='Copyright (c) 2012 Microsoft Corporation.  All rights reserved.'/><Cell N='FillGradientEnabled' V='0' F='GUARD(FALSE)'/><Section N='Character'><Row IX='0'><Cell N='Color' V='#1fa6d3' F='Inh'/></Row></Section><Section N='Geometry' IX='0'><Cell N='NoFill' V='1' F='GUARD(TRUE)'/><Cell N='NoLine' V='0'/><Cell N='NoShow' V='0'/><Cell N='NoSnap' V='0'/><Cell N='NoQuickDrag' V='0' F='No Formula'/><Row T='MoveTo' IX='1'><Cell N='X' V='0' F='Width*0'/><Cell N='Y' V='0.256' F='Height*0.256'/></Row><Row T='LineTo' IX='2'><Cell N='X' V='0.4583333333333339' F='Width*0.73333333333333'/><Cell N='Y' V='0' F='Height*0'/></Row><Row T='LineTo' IX='3'><Cell N='X' V='0.6250000000000037' F='Width*1'/><Cell N='Y' V='0.092' F='Height*0.092'/></Row><Row T='LineTo' IX='4'><Cell N='X' V='0.6250000000000037' F='Width*1'/><Cell N='Y' V='0.746' F='Height*0.746'/></Row><Row T='LineTo' IX='5'><Cell N='X' V='0.1666666666666697' F='Width*0.26666666666667'/><Cell N='Y' V='1' F='Height*1'/></Row><Row T='LineTo' IX='6'><Cell N='X' V='0' F='Width*0'/><Cell N='Y' V='0.908' F='Height*0.908'/></Row><Row T='LineTo' IX='7'><Cell N='X' V='0' F='Geometry1.X1'/><Cell N='Y' V='0.256' F='Geometry1.Y1'/></Row></Section><Text><cp IX='0'/></Text></Shape></Shapes></Shape><Shape ID='13' NameU='Firewall.62' IsCustomNameU='1' Name='Firewall.62' IsCustomName='1' Type='Group' LineStyle='3' FillStyle='3' TextStyle='3'><Cell N='PinX' V='0.3125000000000018' F='Sheet.5!Width*0.33333333068424'/><Cell N='PinY' V='0.5' F='Sheet.5!Height*0.5'/><Cell N='Width' V='0.6250000000000037' F='Sheet.5!Width*0.66666666136848'/><Cell N='Height' V='1' F='Sheet.5!Height*1'/><Cell N='LocPinX' V='0.3125000000000018' F='Width*0.5'/><Cell N='LocPinY' V='0.5' F='Height*0.5'/><Cell N='Angle' V='0'/><Cell N='FlipX' V='0'/><Cell N='FlipY' V='0'/><Cell N='ResizeMode' V='0'/><Cell N='EventDblClick' V='0' F='OPENTEXTWIN()'/><Cell N='LayerMember' V=''/><Cell N='ObjType' V='9'/><Cell N='Comment' V='&lt;no master&gt;' F='INDEX(0,INDEX(0,MASTERNAME(),":"),".")'/><Cell N='FillForegnd' V='#23b8e9' F='THEMEVAL("FillColor",RGB(231,228,205))'/><Cell N='FillBkgnd' V='#23b8e9' F='THEMEVAL("FillColor2",RGB(255,102,0))'/><Cell N='FillPattern' V='32' F='THEMEVAL("FillPattern",32)'/><Cell N='TxtPinX' V='-0.38671866' F='Controls.Row_1'/><Cell N='TxtPinY' V='0.47949152' F='Controls.Row_1.Y'/><Cell N='TxtWidth' V='0.1111111111111111' F='TEXTWIDTH(TheText)'/><Cell N='TxtHeight' V='0.3111111111111111' F='TEXTHEIGHT(TheText,TxtWidth)'/><Cell N='TxtLocPinX' V='0.05555555555555555' F='TxtWidth*0.5'/><Cell N='TxtLocPinY' V='0.1555555555555556' F='TxtHeight*0.5'/><Cell N='TxtAngle' V='0' F='IF(BITXOR(FlipX,FlipY),1,-1)*Angle'/><Cell N='SelectMode' V='0'/><Cell N='HelpTopic' V='Vis_PRXY.chm!#55474'/><Cell N='Copyright' V='Copyright (c) 2012 Microsoft Corporation.  All rights reserved.'/><Cell N='LockAspect' V='1'/><Cell N='FillGradientDir' V='11' F='THEMEVAL("FillGradientDir",11)'/><Cell N='FillGradientEnabled' V='1' F='THEMEVAL("FillGradientEnabled",TRUE)'/><Cell N='UseGroupGradient' V='0' F='THEMEVAL("UseGroupGradient",FALSE)'/><Cell N='QuickStyleVariation' V='6'/><Section N='User'><Row N='HasText'><Cell N='Value' V='0' U='BOOL' F='NOT(OR(HideText,STRSAME(SHAPETEXT(TheText),"")))'/><Cell N='Prompt' V='' F='No Formula'/></Row><Row N='ShapeClass'><Cell N='Value' V='5'/><Cell N='Prompt' V='' F='No Formula'/></Row><Row N='ShapeType'><Cell N='Value' V='8'/><Cell N='Prompt' V='' F='No Formula'/></Row><Row N='SubShapeType'><Cell N='Value' V='27'/><Cell N='Prompt' V='' F='No Formula'/></Row><Row N='SolSH'><Cell N='Value' V='{BF0433D9-CD73-4EB5-8390-8653BE590246}' U='GUID'/><Cell N='Prompt' V='' F='No Formula'/></Row><Row N='visLegendShape'><Cell N='Value' V='2'/><Cell N='Prompt' V='' F='No Formula'/></Row><Row N='visVersion'><Cell N='Value' V='15'/><Cell N='Prompt' V=''/></Row></Section><Section N='Control'><Row N='Row_1'><Cell N='X' V='-0.38671866'/><Cell N='Y' V='0.47949152'/><Cell N='XDyn' V='-0.38671866' F='Controls.Row_1'/><Cell N='YDyn' V='0.47949152' F='Controls.Row_1.Y'/><Cell N='XCon' V='2' F='(Controls.Row_1&gt;Width/2)*2+2'/><Cell N='YCon' V='7' F='(Controls.Row_1.Y&gt;Height/2)*2+2+5*NOT(User.HasText)'/><Cell N='CanGlue' V='1'/><Cell N='Prompt' V='Reposition Text'/></Row></Section><Section N='Connection'><Row T='Connection' N='Row_1'><Cell N='X' V='0.3125000000000018' F='Width*0.5'/><Cell N='Y' V='0.5' F='Height*0.5'/><Cell N='DirX' V='0'/><Cell N='DirY' V='0'/><Cell N='Type' V='0'/><Cell N='AutoGen' V='0'/><Cell N='Prompt' V='' F='No Formula'/></Row></Section><Section N='Property'><Row N='ShapeClass'><Cell N='Value' V='Equipment' U='STR'/><Cell N='Prompt' V='' F='No Formula'/><Cell N='Label' V='ShapeClass'/><Cell N='Format' V='' F='No Formula'/><Cell N='SortKey' V='' F='No Formula'/><Cell N='Type' V='0'/><Cell N='Invisible' V='1'/><Cell N='Verify' V='0'/><Cell N='DataLinked' V='0' F='No Formula'/><Cell N='LangID' V='en-US'/><Cell N='Calendar' V='0' F='No Formula'/></Row><Row N='ShapeType'><Cell N='Value' V='Device' U='STR'/><Cell N='Prompt' V='' F='No Formula'/><Cell N='Label' V='ShapeType'/><Cell N='Format' V='' F='No Formula'/><Cell N='SortKey' V='' F='No Formula'/><Cell N='Type' V='0'/><Cell N='Invisible' V='1'/><Cell N='Verify' V='0'/><Cell N='DataLinked' V='0' F='No Formula'/><Cell N='LangID' V='en-US'/><Cell N='Calendar' V='0' F='No Formula'/></Row><Row N='SubShapeType'><Cell N='Value' V='Firewall' U='STR'/><Cell N='Prompt' V='' F='No Formula'/><Cell N='Label' V='SubShapeType'/><Cell N='Format' V='' F='No Formula'/><Cell N='SortKey' V='' F='No Formula'/><Cell N='Type' V='0'/><Cell N='Invisible' V='1'/><Cell N='Verify' V='0'/><Cell N='DataLinked' V='0' F='No Formula'/><Cell N='LangID' V='en-US'/><Cell N='Calendar' V='0' F='No Formula'/></Row><Row N='Manufacturer'><Cell N='Value' V='0' F='No Formula'/><Cell N='Prompt' V='' F='No Formula'/><Cell N='Label' V='Manufacturer'/><Cell N='Format' V='' F='No Formula'/><Cell N='SortKey' V='Equipment'/><Cell N='Type' V='0'/><Cell N='Invisible' V='0'/><Cell N='Verify' V='0'/><Cell N='DataLinked' V='0' F='No Formula'/><Cell N='LangID' V='en-US'/><Cell N='Calendar' V='0' F='No Formula'/></Row><Row N='ProductNumber'><Cell N='Value' V='0' F='No Formula'/><Cell N='Prompt' V='' F='No Formula'/><Cell N='Label' V='Product Number'/><Cell N='Format' V='' F='No Formula'/><Cell N='SortKey' V='Equipment'/><Cell N='Type' V='0'/><Cell N='Invisible' V='0'/><Cell N='Verify' V='0'/><Cell N='DataLinked' V='0' F='No Formula'/><Cell N='LangID' V='en-US'/><Cell N='Calendar' V='0' F='No Formula'/></Row><Row N='PartNumber'><Cell N='Value' V='0' F='No Formula'/><Cell N='Prompt' V='' F='No Formula'/><Cell N='Label' V='Part Number'/><Cell N='Format' V='' F='No Formula'/><Cell N='SortKey' V='Equipment'/><Cell N='Type' V='0'/><Cell N='Invisible' V='0'/><Cell N='Verify' V='0'/><Cell N='DataLinked' V='0' F='No Formula'/><Cell N='LangID' V='en-US'/><Cell N='Calendar' V='0' F='No Formula'/></Row><Row N='ProductDescription'><Cell N='Value' V='0' F='No Formula'/><Cell N='Prompt' V='' F='No Formula'/><Cell N='Label' V='Product Description'/><Cell N='Format' V='' F='No Formula'/><Cell N='SortKey' V='Equipment'/><Cell N='Type' V='0'/><Cell N='Invisible' V='0'/><Cell N='Verify' V='0'/><Cell N='DataLinked' V='0' F='No Formula'/><Cell N='LangID' V='en-US'/><Cell N='Calendar' V='0' F='No Formula'/></Row><Row N='AssetNumber'><Cell N='Value' V='0' F='No Formula'/><Cell N='Prompt' V='' F='No Formula'/><Cell N='Label' V='Asset Number'/><Cell N='Format' V='' F='No Formula'/><Cell N='SortKey' V='Asset'/><Cell N='Type' V='0'/><Cell N='Invisible' V='0'/><Cell N='Verify' V='0'/><Cell N='DataLinked' V='0' F='No Formula'/><Cell N='LangID' V='en-US'/><Cell N='Calendar' V='0' F='No Formula'/></Row><Row N='SerialNumber'><Cell N='Value' V='0' F='No Formula'/><Cell N='Prompt' V='' F='No Formula'/><Cell N='Label' V='Serial Number'/><Cell N='Format' V='' F='No Formula'/><Cell N='SortKey' V='Asset'/><Cell N='Type' V='0'/><Cell N='Invisible' V='0'/><Cell N='Verify' V='0'/><Cell N='DataLinked' V='0' F='No Formula'/><Cell N='LangID' V='en-US'/><Cell N='Calendar' V='0' F='No Formula'/></Row><Row N='Location'><Cell N='Value' V='0' F='No Formula'/><Cell N='Prompt' V='' F='No Formula'/><Cell N='Label' V='Location'/><Cell N='Format' V='' F='No Formula'/><Cell N='SortKey' V='Asset'/><Cell N='Type' V='0'/><Cell N='Invisible' V='0'/><Cell N='Verify' V='0'/><Cell N='DataLinked' V='0' F='No Formula'/><Cell N='LangID' V='en-US'/><Cell N='Calendar' V='0' F='No Formula'/></Row><Row N='Building'><Cell N='Value' V='0' F='No Formula'/><Cell N='Prompt' V='' F='No Formula'/><Cell N='Label' V='Building'/><Cell N='Format' V='' F='No Formula'/><Cell N='SortKey' V='Asset'/><Cell N='Type' V='0'/><Cell N='Invisible' V='0'/><Cell N='Verify' V='0'/><Cell N='DataLinked' V='0' F='No Formula'/><Cell N='LangID' V='en-US'/><Cell N='Calendar' V='0' F='No Formula'/></Row><Row N='Room'><Cell N='Value' V='0' F='No Formula'/><Cell N='Prompt' V='' F='No Formula'/><Cell N='Label' V='Room'/><Cell N='Format' V='' F='No Formula'/><Cell N='SortKey' V='Asset'/><Cell N='Type' V='0'/><Cell N='Invisible' V='0'/><Cell N='Verify' V='0'/><Cell N='DataLinked' V='0' F='No Formula'/><Cell N='LangID' V='en-US'/><Cell N='Calendar' V='0' F='No Formula'/></Row></Section><Section N='Actions'><Row N='Properties'><Cell N='Menu' V='%_P&amp;roperties'/><Cell N='Action' V='0' F='RUNADDON("NETWORK SHAPE PROPERTIES")'/><Cell N='Checked' V='0'/><Cell N='Disabled' V='0'/><Cell N='ReadOnly' V='0'/><Cell N='Invisible' V='0'/><Cell N='BeginGroup' V='0'/><Cell N='FlyoutChild' V='0' F='No Formula'/><Cell N='TagName' V=''/><Cell N='ButtonFace' V=''/><Cell N='SortKey' V=''/></Row></Section><Section N='FillGradient'><Row IX='0'><Cell N='GradientStopColor' V='#eef6fc' F='THEMEVAL("FillStop1Color",RGB(231,228,205))'/><Cell N='GradientStopColorTrans' V='0' F='THEMEVAL("FillStop1Transparency",0%)'/><Cell N='GradientStopPosition' V='0' F='THEMEVAL("FillStop1Position",0%)'/></Row><Row IX='1'><Cell N='GradientStopColor' V='#bddff4' F='THEMEVAL("FillStop2Color",RGB(255,102,0))'/><Cell N='GradientStopColorTrans' V='0' F='THEMEVAL("FillStop2Transparency",0%)'/><Cell N='GradientStopPosition' V='0.78' F='THEMEVAL("FillStop2Position",100%)'/></Row><Row IX='2' Del='1'/><Row IX='3' Del='1'/><Row IX='4' Del='1'/><Row IX='5' Del='1'/><Row IX='6' Del='1'/><Row IX='7' Del='1'/><Row IX='8' Del='1'/><Row IX='9' Del='1'/></Section><Text/><Shapes><Shape ID='14' Type='Shape' LineStyle='3' FillStyle='3' TextStyle='3'><Cell N='PinX' V='0.3125' F='Width/2'/><Cell N='PinY' V='0.5' F='Height/2'/><Cell N='Width' V='0.6250000000000037' F='Sheet.13!Width*1'/><Cell N='Height' V='1' F='Sheet.13!Height*1'/><Cell N='LocPinX' V='0.3125000000000018' F='Width*0.5'/><Cell N='LocPinY' V='0.5' F='Height*0.5'/><Cell N='Angle' V='0'/><Cell N='FlipX' V='0'/><Cell N='FlipY' V='0'/><Cell N='ResizeMode' V='0'/><Cell N='LineWeight' V='0.01' U='PT' F='GUARD(0.72PT)'/><Cell N='LinePattern' V='1' F='GUARD(1)'/><Cell N='Rounding' V='0' F='GUARD(0)'/><Cell N='BeginArrow' V='0' F='GUARD(0)'/><Cell N='EndArrow' V='0' F='GUARD(0)'/><Cell N='LineColorTrans' V='1' F='GUARD(100%)'/><Cell N='FillForegnd' V='6' F='GUARD(6)'/><Cell N='FillBkgnd' V='6' F='GUARD(6)'/><Cell N='FillPattern' V='32' F='GUARD(32)'/><Cell N='FillForegndTrans' V='1' F='GUARD(100%)'/><Cell N='FillBkgndTrans' V='1' F='GUARD(100%)'/><Cell N='Copyright' V='Copyright (c) 2012 Microsoft Corporation.  All rights reserved.'/><Cell N='FillGradientDir' V='11' F='GUARD(11)'/><Cell N='FillGradientEnabled' V='1' F='GUARD(TRUE)'/><Cell N='UseGroupGradient' V='0' F='GUARD(FALSE)'/><Section N='FillGradient'><Row IX='0'><Cell N='GradientStopColor' V='6' F='GUARD(6)'/><Cell N='GradientStopColorTrans' V='1' F='GUARD(100%)'/><Cell N='GradientStopPosition' V='0' F='THEMEVAL("FillStop1Position",0%)'/></Row><Row IX='1'><Cell N='GradientStopColor' V='6' F='GUARD(6)'/><Cell N='GradientStopColorTrans' V='1' F='GUARD(100%)'/><Cell N='GradientStopPosition' V='0.78' F='THEMEVAL("FillStop2Position",100%)'/></Row><Row IX='2' Del='1'/><Row IX='3' Del='1'/><Row IX='4' Del='1'/><Row IX='5' Del='1'/><Row IX='6' Del='1'/><Row IX='7' Del='1'/><Row IX='8' Del='1'/><Row IX='9' Del='1'/></Section><Section N='Geometry' IX='0'><Cell N='NoFill' V='0'/><Cell N='NoLine' V='0'/><Cell N='NoShow' V='0'/><Cell N='NoSnap' V='0'/><Cell N='NoQuickDrag' V='0' F='No Formula'/><Row T='MoveTo' IX='1'><Cell N='X' V='0.4583333333333339' F='Width*0.73333333333333'/><Cell N='Y' V='0' F='Height*0'/></Row><Row T='LineTo' IX='2'><Cell N='X' V='0.6250000000000037' F='Width*1'/><Cell N='Y' V='0.092' F='Height*0.092'/></Row><Row T='LineTo' IX='3'><Cell N='X' V='0.6250000000000037' F='Width*1'/><Cell N='Y' V='0.746' F='Height*0.746'/></Row><Row T='LineTo' IX='4'><Cell N='X' V='0.1666666666666697' F='Width*0.26666666666667'/><Cell N='Y' V='1' F='Height*1'/></Row><Row T='LineTo' IX='5'><Cell N='X' V='0' F='Width*0'/><Cell N='Y' V='0.908' F='Height*0.908'/></Row><Row T='LineTo' IX='6'><Cell N='X' V='0' F='Width*0'/><Cell N='Y' V='0.256' F='Height*0.256'/></Row><Row T='LineTo' IX='7'><Cell N='X' V='0.4583333333333339' F='Width*0.73333333333333'/><Cell N='Y' V='0' F='Height*0'/></Row></Section></Shape><Shape ID='15' Type='Shape' LineStyle='29' FillStyle='29' TextStyle='29'><Cell N='PinX' V='0.541666666666672' F='Sheet.13!Width*0.86666666666667'/><Cell N='PinY' V='0.373' F='Sheet.13!Height*0.373'/><Cell N='Width' V='0.1666666666666697' F='Sheet.13!Width*0.26666666666667'/><Cell N='Height' V='0.746' F='Sheet.13!Height*0.746'/><Cell N='LocPinX' V='0.08333333333333486' F='Width*0.5'/><Cell N='LocPinY' V='0.373' F='Height*0.5'/><Cell N='Angle' V='0'/><Cell N='FlipX' V='0'/><Cell N='FlipY' V='0'/><Cell N='ResizeMode' V='0'/><Cell N='LayerMember' V=''/><Cell N='FillForegnd' V='#e7e4cd' F='GUARD(RGB(231,228,205))'/><Cell N='FillBkgnd' V='#ff6600' F='GUARD(RGB(255,102,0))'/><Cell N='FillPattern' V='31' F='GUARD(31)'/><Cell N='ShdwForegnd' V='#000000' F='Inh'/><Cell N='ShdwPattern' V='0' F='GUARD(0)'/><Cell N='Copyright' V='Copyright (c) 2012 Microsoft Corporation.  All rights reserved.'/><Cell N='LineWeight' V='0.01' U='PT' F='GUARD(0.72PT)'/><Cell N='LineColor' V='#ffffff' F='GUARD(RGB(255,255,255))'/><Cell N='LinePattern' V='1' F='GUARD(1)'/><Cell N='Rounding' V='0' F='GUARD(0)'/><Cell N='BeginArrow' V='0' F='GUARD(0)'/><Cell N='EndArrow' V='0' F='GUARD(0)'/><Cell N='FillGradientDir' V='12' F='GUARD(12)'/><Cell N='FillGradientEnabled' V='1' F='GUARD(TRUE)'/><Cell N='UseGroupGradient' V='0' F='GUARD(FALSE)'/><Cell N='QuickStyleVariation' V='6'/><Section N='Character'><Row IX='0'><Cell N='Color' V='#1fa6d3' F='Inh'/></Row></Section><Section N='FillGradient'><Row IX='0'><Cell N='GradientStopColor' V='#e7e4cd' F='GUARD(RGB(231,228,205))'/></Row><Row IX='1'><Cell N='GradientStopColor' V='#ff6600' F='GUARD(RGB(255,102,0))'/></Row></Section><Section N='Geometry' IX='0'><Cell N='NoFill' V='0'/><Cell N='NoLine' V='1'/><Cell N='NoShow' V='0'/><Cell N='NoSnap' V='0'/><Cell N='NoQuickDrag' V='0' F='No Formula'/><Row T='MoveTo' IX='1'><Cell N='X' V='0' F='Width*0'/><Cell N='Y' V='0.6519999999999963' F='Height*0.8739946380697'/></Row><Row T='LineTo' IX='2'><Cell N='X' V='0' F='Width*0'/><Cell N='Y' V='0' F='Height*0'/></Row><Row T='LineTo' IX='3'><Cell N='X' V='0.1666666666666697' F='Width*1'/><Cell N='Y' V='0.09199999999999864' F='Height*0.12332439678284'/></Row><Row T='LineTo' IX='4'><Cell N='X' V='0.1666666666666697' F='Width*1'/><Cell N='Y' V='0.746' F='Height*1'/></Row><Row T='LineTo' IX='5'><Cell N='X' V='0' F='Geometry1.X1'/><Cell N='Y' V='0.6519999999999963' F='Geometry1.Y1'/></Row></Section><Text><cp IX='0'/></Text></Shape><Shape ID='16' Type='Shape' LineStyle='28' FillStyle='28' TextStyle='28'><Cell N='PinX' V='0.3125000000000018' F='Sheet.13!Width*0.5'/><Cell N='PinY' V='0.826' F='Sheet.13!Height*0.826'/><Cell N='Width' V='0.6250000000000037' F='Sheet.13!Width*1'/><Cell N='Height' V='0.348' F='Sheet.13!Height*0.348'/><Cell N='LocPinX' V='0.3125000000000018' F='Width*0.5'/><Cell N='LocPinY' V='0.174' F='Height*0.5'/><Cell N='Angle' V='0'/><Cell N='FlipX' V='0'/><Cell N='FlipY' V='0'/><Cell N='ResizeMode' V='0'/><Cell N='LayerMember' V=''/><Cell N='FillForegnd' V='#e7e4cd' F='GUARD(RGB(231,228,205))'/><Cell N='FillBkgnd' V='#ff6600' F='GUARD(RGB(255,102,0))'/><Cell N='FillPattern' V='30' F='GUARD(30)'/><Cell N='ShdwForegnd' V='#000000' F='Inh'/><Cell N='ShdwPattern' V='0' F='GUARD(0)'/><Cell N='Copyright' V='Copyright (c) 2012 Microsoft Corporation.  All rights reserved.'/><Cell N='LineWeight' V='0.01' U='PT' F='GUARD(0.72PT)'/><Cell N='LineColor' V='#ffffff' F='GUARD(RGB(255,255,255))'/><Cell N='LinePattern' V='1' F='GUARD(1)'/><Cell N='Rounding' V='0' F='GUARD(0)'/><Cell N='BeginArrow' V='0' F='GUARD(0)'/><Cell N='EndArrow' V='0' F='GUARD(0)'/><Cell N='FillGradientDir' V='0' F='GUARD(0)'/><Cell N='FillGradientAngle' V='4.7123889803847' U='DEG' F='GUARD(270DEG)'/><Cell N='FillGradientEnabled' V='1' F='GUARD(TRUE)'/><Cell N='UseGroupGradient' V='0' F='GUARD(FALSE)'/><Cell N='QuickStyleVariation' V='6'/><Section N='Character'><Row IX='0'><Cell N='Color' V='#1fa6d3' F='Inh'/></Row></Section><Section N='FillGradient'><Row IX='0'><Cell N='GradientStopColor' V='#e7e4cd' F='GUARD(RGB(231,228,205))'/></Row><Row IX='1'><Cell N='GradientStopColor' V='#ff6600' F='GUARD(RGB(255,102,0))'/></Row></Section><Section N='Geometry' IX='0'><Cell N='NoFill' V='0'/><Cell N='NoLine' V='1'/><Cell N='NoShow' V='0'/><Cell N='NoSnap' V='0'/><Cell N='NoQuickDrag' V='0' F='No Formula'/><Row T='MoveTo' IX='1'><Cell N='X' V='0' F='Width*0'/><Cell N='Y' V='0.2559999999999979' F='Height*0.73563218390804'/></Row><Row T='LineTo' IX='2'><Cell N='X' V='0.4583333333333339' F='Width*0.73333333333333'/><Cell N='Y' V='0' F='Height*0'/></Row><Row T='LineTo' IX='3'><Cell N='X' V='0.6250000000000037' F='Width*1'/><Cell N='Y' V='0.09400000000000153' F='Height*0.27011494252874'/></Row><Row T='LineTo' IX='4'><Cell N='X' V='0.1666666666666697' F='Width*0.26666666666667'/><Cell N='Y' V='0.348' F='Height*1'/></Row><Row T='LineTo' IX='5'><Cell N='X' V='0' F='Geometry1.X1'/><Cell N='Y' V='0.2559999999999979' F='Geometry1.Y1'/></Row></Section><Text><cp IX='0'/></Text></Shape><Shape ID='17' Type='Shape' LineStyle='30' FillStyle='30' TextStyle='30'><Cell N='PinX' V='0.2291666666666701' F='Sheet.13!Width*0.36666666666667'/><Cell N='PinY' V='0.454' F='Sheet.13!Height*0.454'/><Cell N='Width' V='0.4583333333333339' F='Sheet.13!Width*0.73333333333333'/><Cell N='Height' V='0.908' F='Sheet.13!Height*0.908'/><Cell N='LocPinX' V='0.229166666666667' F='Width*0.5'/><Cell N='LocPinY' V='0.454' F='Height*0.5'/><Cell N='Angle' V='0'/><Cell N='FlipX' V='0'/><Cell N='FlipY' V='0'/><Cell N='ResizeMode' V='0'/><Cell N='LayerMember' V=''/><Cell N='FillForegnd' V='#e7e4cd' F='GUARD(RGB(231,228,205))'/><Cell N='FillBkgnd' V='#ff6600' F='GUARD(RGB(255,102,0))'/><Cell N='FillPattern' V='32' F='GUARD(32)'/><Cell N='ShdwForegnd' V='#000000' F='Inh'/><Cell N='ShdwPattern' V='0' F='GUARD(0)'/><Cell N='Copyright' V='Copyright (c) 2012 Microsoft Corporation.  All rights reserved.'/><Cell N='LineWeight' V='0.01' U='PT' F='GUARD(0.72PT)'/><Cell N='LineColor' V='#000000' F='GUARD(RGB(0,0,0))'/><Cell N='LinePattern' V='1' F='GUARD(1)'/><Cell N='Rounding' V='0' F='GUARD(0)'/><Cell N='BeginArrow' V='0' F='GUARD(0)'/><Cell N='EndArrow' V='0' F='GUARD(0)'/><Cell N='FillGradientDir' V='11' F='GUARD(11)'/><Cell N='FillGradientEnabled' V='1' F='GUARD(TRUE)'/><Cell N='UseGroupGradient' V='0' F='GUARD(FALSE)'/><Cell N='QuickStyleVariation' V='6'/><Section N='Character'><Row IX='0'><Cell N='Color' V='#1fa6d3' F='Inh'/></Row></Section><Section N='FillGradient'><Row IX='0'><Cell N='GradientStopColor' V='#e7e4cd' F='GUARD(RGB(231,228,205))'/></Row><Row IX='1'><Cell N='GradientStopColor' V='#ff6600' F='GUARD(RGB(255,102,0))'/></Row></Section><Section N='Geometry' IX='0'><Cell N='NoFill' V='0'/><Cell N='NoLine' V='1'/><Cell N='NoShow' V='0'/><Cell N='NoSnap' V='0'/><Cell N='NoQuickDrag' V='0' F='No Formula'/><Row T='MoveTo' IX='1'><Cell N='X' V='0' F='Width*0'/><Cell N='Y' V='0.2560000000000006' F='Height*0.28193832599119'/></Row><Row T='LineTo' IX='2'><Cell N='X' V='0.4583333333333339' F='Width*1'/><Cell N='Y' V='0' F='Height*0'/></Row><Row T='LineTo' IX='3'><Cell N='X' V='0.4583333333333339' F='Width*1'/><Cell N='Y' V='0.652' F='Height*0.71806167400881'/></Row><Row T='LineTo' IX='4'><Cell N='X' V='0' F='Width*0'/><Cell N='Y' V='0.908' F='Height*1'/></Row><Row T='LineTo' IX='5'><Cell N='X' V='0' F='Geometry1.X1'/><Cell N='Y' V='0.2560000000000006' F='Geometry1.Y1'/></Row></Section><Text><cp IX='0'/></Text></Shape><Shape ID='18' Type='Shape' LineStyle='3' FillStyle='3' TextStyle='3'><Cell N='PinX' V='0.3125000000000018' F='Sheet.13!Width*0.5'/><Cell N='PinY' V='0.466' F='Sheet.13!Height*0.466'/><Cell N='Width' V='0.541666666666672' F='Sheet.13!Width*0.86666666666667'/><Cell N='Height' V='0.836' F='Sheet.13!Height*0.836'/><Cell N='LocPinX' V='0.270833333333336' F='Width*0.5'/><Cell N='LocPinY' V='0.418' F='Height*0.5'/><Cell N='Angle' V='0'/><Cell N='FlipX' V='0'/><Cell N='FlipY' V='0'/><Cell N='ResizeMode' V='0'/><Cell N='LayerMember' V=''/><Cell N='LineWeight' V='0.01' U='PT' F='GUARD(0.72PT)'/><Cell N='LineColor' V='#e7e4cd' F='GUARD(RGB(231,228,205))'/><Cell N='LinePattern' V='1' F='GUARD(1)'/><Cell N='Rounding' V='0' F='GUARD(0)'/><Cell N='BeginArrow' V='0' F='GUARD(0)'/><Cell N='EndArrow' V='0' F='GUARD(0)'/><Cell N='FillForegnd' V='#e7e4cd' F='GUARD(RGB(231,228,205))'/><Cell N='FillBkgnd' V='#ff6600' F='GUARD(RGB(255,102,0))'/><Cell N='FillPattern' V='26' F='GUARD(26)'/><Cell N='ShdwPattern' V='0' F='GUARD(0)'/><Cell N='Copyright' V='Copyright (c) 2012 Microsoft Corporation.  All rights reserved.'/><Cell N='FillGradientDir' V='0' F='GUARD(0)'/><Cell N='FillGradientAngle' V='3.1415926535898' U='DEG' F='GUARD(180DEG)'/><Cell N='FillGradientEnabled' V='1' F='GUARD(TRUE)'/><Cell N='UseGroupGradient' V='0' F='GUARD(FALSE)'/><Cell N='QuickStyleVariation' V='6'/><Section N='FillGradient'><Row IX='0'><Cell N='GradientStopColor' V='#ff6600' F='GUARD(RGB(255,102,0))'/><Cell N='GradientStopColorTrans' V='0' F='THEMEVAL("FillStop1Transparency",0%)'/><Cell N='GradientStopPosition' V='0' F='THEMEVAL("FillStop1Position",1%)'/></Row><Row IX='1'><Cell N='GradientStopColor' V='#e7e4cd' F='GUARD(RGB(231,228,205))'/><Cell N='GradientStopColorTrans' V='0' F='THEMEVAL("FillStop2Transparency",0%)'/><Cell N='GradientStopPosition' V='0.78' F='THEMEVAL("FillStop2Position",50%)'/></Row><Row IX='2'><Cell N='GradientStopColor' V='#ff6600' F='GUARD(RGB(255,102,0))'/><Cell N='GradientStopColorTrans' V='0' F='THEMEVAL("FillStop3Transparency",0%)'/><Cell N='GradientStopPosition' V='0.86' F='THEMEVAL("FillStop3Position",100%)'/></Row><Row IX='3' Del='1'/><Row IX='4' Del='1'/><Row IX='5' Del='1'/><Row IX='6' Del='1'/><Row IX='7' Del='1'/><Row IX='8' Del='1'/><Row IX='9' Del='1'/></Section><Section N='Geometry' IX='0'><Cell N='NoFill' V='1'/><Cell N='NoLine' V='0'/><Cell N='NoShow' V='0'/><Cell N='NoSnap' V='0'/><Cell N='NoQuickDrag' V='0' F='No Formula'/><Row T='MoveTo' IX='1'><Cell N='X' V='0' F='Width*0'/><Cell N='Y' V='0.836' F='Height*1'/></Row><Row T='LineTo' IX='2'><Cell N='X' V='0.4166666666666712' F='Width*0.76923076923077'/><Cell N='Y' V='0.6039999999999983' F='Height*0.72248803827751'/></Row><Row T='LineTo' IX='3'><Cell N='X' V='0.541666666666672' F='Width*1'/><Cell N='Y' V='0.671999999999998' F='Height*0.80382775119617'/></Row><Row T='MoveTo' IX='4'><Cell N='X' V='0.4166666666666712' F='Width*0.76923076923077'/><Cell N='Y' V='0.6039999999999983' F='Height*0.72248803827751'/></Row><Row T='LineTo' IX='5'><Cell N='X' V='0.4166666666666712' F='Width*0.76923076923077'/><Cell N='Y' V='0' F='Height*0'/></Row></Section><Section N='Geometry' IX='1'><Cell N='NoFill' V='1'/><Cell N='NoLine' V='0'/><Cell N='NoShow' V='0'/><Cell N='NoSnap' V='0'/><Cell N='NoQuickDrag' V='0' F='No Formula'/><Row T='MoveTo' IX='1'><Cell N='X' V='0' F='Width*0'/><Cell N='Y' V='0.7280000000000029' F='Height*0.87081339712919'/></Row><Row T='LineTo' IX='2'><Cell N='X' V='0.4166666666666712' F='Width*0.76923076923077'/><Cell N='Y' V='0.4960000000000012' F='Height*0.5933014354067'/></Row></Section><Section N='Geometry' IX='2'><Cell N='NoFill' V='1'/><Cell N='NoLine' V='0'/><Cell N='NoShow' V='0'/><Cell N='NoSnap' V='0'/><Cell N='NoQuickDrag' V='0' F='No Formula'/><Row T='MoveTo' IX='1'><Cell N='X' V='0' F='Width*0'/><Cell N='Y' V='0.6199999999999972' F='Height*0.74162679425837'/></Row><Row T='LineTo' IX='2'><Cell N='X' V='0.4166666666666712' F='Width*0.76923076923077'/><Cell N='Y' V='0.388000000000004' F='Height*0.46411483253589'/></Row></Section><Section N='Geometry' IX='3'><Cell N='NoFill' V='1'/><Cell N='NoLine' V='0'/><Cell N='NoShow' V='0'/><Cell N='NoSnap' V='0'/><Cell N='NoQuickDrag' V='0' F='No Formula'/><Row T='MoveTo' IX='1'><Cell N='X' V='0' F='Width*0'/><Cell N='Y' V='0.512' F='Height*0.61244019138756'/></Row><Row T='LineTo' IX='2'><Cell N='X' V='0.4166666666666712' F='Width*0.76923076923077'/><Cell N='Y' V='0.2799999999999985' F='Height*0.33492822966507'/></Row></Section><Section N='Geometry' IX='4'><Cell N='NoFill' V='1'/><Cell N='NoLine' V='0'/><Cell N='NoShow' V='0'/><Cell N='NoSnap' V='0'/><Cell N='NoQuickDrag' V='0' F='No Formula'/><Row T='MoveTo' IX='1'><Cell N='X' V='0' F='Width*0'/><Cell N='Y' V='0.3999999999999991' F='Height*0.47846889952153'/></Row><Row T='LineTo' IX='2'><Cell N='X' V='0.4166666666666712' F='Width*0.76923076923077'/><Cell N='Y' V='0.1679999999999974' F='Height*0.20095693779904'/></Row></Section><Section N='Geometry' IX='5'><Cell N='NoFill' V='1'/><Cell N='NoLine' V='0'/><Cell N='NoShow' V='0'/><Cell N='NoSnap' V='0'/><Cell N='NoQuickDrag' V='0' F='No Formula'/><Row T='MoveTo' IX='1'><Cell N='X' V='0' F='Width*0'/><Cell N='Y' V='0.2920000000000019' F='Height*0.34928229665072'/></Row><Row T='LineTo' IX='2'><Cell N='X' V='0.4166666666666712' F='Width*0.76923076923077'/><Cell N='Y' V='0.06000000000000028' F='Height*0.07177033492823'/></Row></Section><Section N='Geometry' IX='6'><Cell N='NoFill' V='1'/><Cell N='NoLine' V='0'/><Cell N='NoShow' V='0'/><Cell N='NoSnap' V='0'/><Cell N='NoQuickDrag' V='0' F='No Formula'/><Row T='MoveTo' IX='1'><Cell N='X' V='0.3041666666666688' F='Width*0.56153846153846'/><Cell N='Y' V='0.2320000000000016' F='Height*0.27751196172249'/></Row><Row T='LineTo' IX='2'><Cell N='X' V='0.3041666666666688' F='Width*0.56153846153846'/><Cell N='Y' V='0.1239999999999961' F='Height*0.14832535885167'/></Row></Section><Section N='Geometry' IX='7'><Cell N='NoFill' V='1'/><Cell N='NoLine' V='0'/><Cell N='NoShow' V='0'/><Cell N='NoSnap' V='0'/><Cell N='NoQuickDrag' V='0' F='No Formula'/><Row T='MoveTo' IX='1'><Cell N='X' V='0.07500000000000157' F='Width*0.13846153846154'/><Cell N='Y' V='0.3559999999999978' F='Height*0.42583732057416'/></Row><Row T='LineTo' IX='2'><Cell N='X' V='0.07500000000000157' F='Width*0.13846153846154'/><Cell N='Y' V='0.2480000000000006' F='Height*0.29665071770335'/></Row></Section><Section N='Geometry' IX='8'><Cell N='NoFill' V='1'/><Cell N='NoLine' V='0'/><Cell N='NoShow' V='0'/><Cell N='NoSnap' V='0'/><Cell N='NoQuickDrag' V='0' F='No Formula'/><Row T='MoveTo' IX='1'><Cell N='X' V='0.1875000000000039' F='Width*0.34615384615385'/><Cell N='Y' V='0.4079999999999985' F='Height*0.48803827751196'/></Row><Row T='LineTo' IX='2'><Cell N='X' V='0.1875000000000039' F='Width*0.34615384615385'/><Cell N='Y' V='0.2959999999999974' F='Height*0.35406698564593'/></Row></Section><Section N='Geometry' IX='9'><Cell N='NoFill' V='1'/><Cell N='NoLine' V='0'/><Cell N='NoShow' V='0'/><Cell N='NoSnap' V='0'/><Cell N='NoQuickDrag' V='0' F='No Formula'/><Row T='MoveTo' IX='1'><Cell N='X' V='0.3041666666666688' F='Width*0.56153846153846'/><Cell N='Y' V='0.4480000000000043' F='Height*0.53588516746412'/></Row><Row T='LineTo' IX='2'><Cell N='X' V='0.3041666666666688' F='Width*0.56153846153846'/><Cell N='Y' V='0.3440000000000027' F='Height*0.41148325358852'/></Row></Section><Section N='Geometry' IX='10'><Cell N='NoFill' V='1'/><Cell N='NoLine' V='0'/><Cell N='NoShow' V='0'/><Cell N='NoSnap' V='0'/><Cell N='NoQuickDrag' V='0' F='No Formula'/><Row T='MoveTo' IX='1'><Cell N='X' V='0.07500000000000157' F='Width*0.13846153846154'/><Cell N='Y' V='0.5760000000000044' F='Height*0.68899521531101'/></Row><Row T='LineTo' IX='2'><Cell N='X' V='0.07500000000000157' F='Width*0.13846153846154'/><Cell N='Y' V='0.4720000000000027' F='Height*0.56459330143541'/></Row></Section><Section N='Geometry' IX='11'><Cell N='NoFill' V='1'/><Cell N='NoLine' V='0'/><Cell N='NoShow' V='0'/><Cell N='NoSnap' V='0'/><Cell N='NoQuickDrag' V='0' F='No Formula'/><Row T='MoveTo' IX='1'><Cell N='X' V='0.1875000000000039' F='Width*0.34615384615385'/><Cell N='Y' V='0.6240000000000012' F='Height*0.74641148325359'/></Row><Row T='LineTo' IX='2'><Cell N='X' V='0.1875000000000039' F='Width*0.34615384615385'/><Cell N='Y' V='0.516000000000004' F='Height*0.61722488038278'/></Row></Section><Section N='Geometry' IX='12'><Cell N='NoFill' V='1'/><Cell N='NoLine' V='0'/><Cell N='NoShow' V='0'/><Cell N='NoSnap' V='0'/><Cell N='NoQuickDrag' V='0' F='No Formula'/><Row T='MoveTo' IX='1'><Cell N='X' V='0.07500000000000157' F='Width*0.13846153846154'/><Cell N='Y' V='0.7919999999999986' F='Height*0.94736842105263'/></Row><Row T='LineTo' IX='2'><Cell N='X' V='0.07500000000000157' F='Width*0.13846153846154'/><Cell N='Y' V='0.6879999999999971' F='Height*0.82296650717703'/></Row></Section></Shape><Shape ID='19' Type='Shape' LineStyle='21' FillStyle='21' TextStyle='21'><Cell N='PinX' V='0.3125000000000018' F='Sheet.13!Width*0.5'/><Cell N='PinY' V='0.5' F='Sheet.13!Height*0.5'/><Cell N='Width' V='0.6250000000000037' F='Sheet.13!Width*1'/><Cell N='Height' V='1' F='Sheet.13!Height*1'/><Cell N='LocPinX' V='0.3125000000000018' F='Width*0.5'/><Cell N='LocPinY' V='0.5' F='Height*0.5'/><Cell N='Angle' V='0'/><Cell N='FlipX' V='0'/><Cell N='FlipY' V='0'/><Cell N='ResizeMode' V='0'/><Cell N='LayerMember' V=''/><Cell N='FillForegnd' V='#23b8e9' F='Inh'/><Cell N='FillBkgnd' V='#23b8e9' F='Inh'/><Cell N='FillPattern' V='1' F='GUARD(1)'/><Cell N='ShdwForegnd' V='#000000' F='Inh'/><Cell N='ShdwPattern' V='0' F='GUARD(0)'/><Cell N='LineWeight' V='0.02083333333333333' U='PT' F='GUARD(1.5PT)'/><Cell N='LineColor' V='#bddff4' F='Inh'/><Cell N='LinePattern' V='1' F='GUARD(1)'/><Cell N='Rounding' V='0' F='GUARD(0)'/><Cell N='BeginArrow' V='0' F='GUARD(0)'/><Cell N='EndArrow' V='0' F='GUARD(0)'/><Cell N='Copyright' V='Copyright (c) 2012 Microsoft Corporation.  All rights reserved.'/><Cell N='FillGradientEnabled' V='0' F='GUARD(FALSE)'/><Section N='Character'><Row IX='0'><Cell N='Color' V='#1fa6d3' F='Inh'/></Row></Section><Section N='Geometry' IX='0'><Cell N='NoFill' V='1' F='GUARD(TRUE)'/><Cell N='NoLine' V='0'/><Cell N='NoShow' V='0'/><Cell N='NoSnap' V='0'/><Cell N='NoQuickDrag' V='0' F='No Formula'/><Row T='MoveTo' IX='1'><Cell N='X' V='0' F='Width*0'/><Cell N='Y' V='0.256' F='Height*0.256'/></Row><Row T='LineTo' IX='2'><Cell N='X' V='0.4583333333333339' F='Width*0.73333333333333'/><Cell N='Y' V='0' F='Height*0'/></Row><Row T='LineTo' IX='3'><Cell N='X' V='0.6250000000000037' F='Width*1'/><Cell N='Y' V='0.092' F='Height*0.092'/></Row><Row T='LineTo' IX='4'><Cell N='X' V='0.6250000000000037' F='Width*1'/><Cell N='Y' V='0.746' F='Height*0.746'/></Row><Row T='LineTo' IX='5'><Cell N='X' V='0.1666666666666697' F='Width*0.26666666666667'/><Cell N='Y' V='1' F='Height*1'/></Row><Row T='LineTo' IX='6'><Cell N='X' V='0' F='Width*0'/><Cell N='Y' V='0.908' F='Height*0.908'/></Row><Row T='LineTo' IX='7'><Cell N='X' V='0' F='Geometry1.X1'/><Cell N='Y' V='0.256' F='Geometry1.Y1'/></Row></Section><Text><cp IX='0'/></Text></Shape></Shapes></Shape></Shapes></Shape></Shapes></MasterContents>