<?xml version='1.0' encoding='utf-8' ?>
<MasterContents xmlns='http://schemas.microsoft.com/office/visio/2012/main' xmlns:r='http://schemas.openxmlformats.org/officeDocument/2006/relationships' xml:space='preserve'><Shapes><Shape ID='5' Type='Group' LineStyle='3' FillStyle='3' TextStyle='3'><Cell N='PinX' V='1' U='IN'/><Cell N='PinY' V='1' U='IN'/><Cell N='Width' V='1'/><Cell N='Height' V='1'/><Cell N='LocPinX' V='0.5' F='Width*0.5'/><Cell N='LocPinY' V='0.5' F='Height*0.5'/><Cell N='Angle' V='0'/><Cell N='FlipX' V='0'/><Cell N='FlipY' V='0'/><Cell N='ResizeMode' V='0'/><Cell N='Comment' V='&lt;no master&gt;' F='INDEX(0,INDEX(0,MASTERNAME(),":"),".")'/><Cell N='EventDblClick' V='0' F='OPENTEXTWIN()'/><Cell N='TxtPinX' V='0.5' F='Controls.Row_1'/><Cell N='TxtPinY' V='-0.1555555555555555' F='Controls.Row_1.Y'/><Cell N='TxtWidth' V='0.1111111111111111' F='TEXTWIDTH(TheText)'/><Cell N='TxtHeight' V='0.3111111111111111' F='TEXTHEIGHT(TheText,TxtWidth)'/><Cell N='TxtLocPinX' V='0.05555555555555555' F='TxtWidth*0.5'/><Cell N='TxtLocPinY' V='0.1555555555555555' F='TxtHeight*0.5'/><Cell N='TxtAngle' V='0' F='IF(BITXOR(FlipX,FlipY),1,-1)*Angle'/><Cell N='SelectMode' V='0'/><Cell N='HelpTopic' V='!#55170'/><Cell N='Copyright' V='Copyright (c) 2003 Microsoft Corporation.  All rights reserved.'/><Cell N='LayerMember' V='' F='No Formula'/><Cell N='LockAspect' V='1'/><Cell N='QuickStyleVariation' V='6'/><Section N='User'><Row N='HasText'><Cell N='Value' V='0' U='BOOL' F='NOT(OR(HideText,STRSAME(SHAPETEXT(TheText),"")))'/><Cell N='Prompt' V='' F='No Formula'/></Row><Row N='ShapeClass'><Cell N='Value' V='5'/><Cell N='Prompt' V='' F='No Formula'/></Row><Row N='ShapeType'><Cell N='Value' V='8'/><Cell N='Prompt' V='' F='No Formula'/></Row><Row N='SubShapeType'><Cell N='Value' V='66'/><Cell N='Prompt' V='' F='No Formula'/></Row><Row N='visLegendShape'><Cell N='Value' V='2'/><Cell N='Prompt' V='' F='No Formula'/></Row><Row N='SolSH'><Cell N='Value' V='{BF0433D9-CD73-4EB5-8390-8653BE590246}' U='GUID'/><Cell N='Prompt' V='' F='No Formula'/></Row></Section><Section N='Actions'><Row N='Properties'><Cell N='Menu' V='%_P&amp;roperties'/><Cell N='Action' V='0' F='RUNADDON("NETWORK SHAPE PROPERTIES")'/><Cell N='Checked' V='0'/><Cell N='Disabled' V='0'/><Cell N='ReadOnly' V='0'/><Cell N='Invisible' V='0'/><Cell N='BeginGroup' V='0'/><Cell N='FlyoutChild' V='0' F='No Formula'/><Cell N='TagName' V=''/><Cell N='ButtonFace' V=''/><Cell N='SortKey' V=''/></Row></Section><Section N='Connection'><Row T='Connection' N='Row_1'><Cell N='X' V='0.5' F='Width*0.5'/><Cell N='Y' V='0.5' F='Height*0.5'/><Cell N='DirX' V='0'/><Cell N='DirY' V='0'/><Cell N='Type' V='0'/><Cell N='AutoGen' V='0'/><Cell N='Prompt' V='' F='No Formula'/></Row></Section><Section N='Control'><Row N='Row_1'><Cell N='X' V='0.5' F='Width*0.5'/><Cell N='Y' V='-0.1555555555555555' F='-TxtHeight*0.5'/><Cell N='XDyn' V='0.5' F='Controls.Row_1'/><Cell N='YDyn' V='-0.1555555555555555' F='Controls.Row_1.Y'/><Cell N='XCon' V='2' F='(Controls.Row_1&gt;Width/2)*2+2'/><Cell N='YCon' V='7' F='(Controls.Row_1.Y&gt;Height/2)*2+2+5*NOT(User.HasText)'/><Cell N='CanGlue' V='1'/><Cell N='Prompt' V='Reposition Text'/></Row></Section><Section N='Property'><Row N='ShapeClass'><Cell N='Value' V='Equipment' U='STR'/><Cell N='Prompt' V='' F='No Formula'/><Cell N='Label' V='ShapeClass'/><Cell N='Format' V='' F='No Formula'/><Cell N='SortKey' V='' F='No Formula'/><Cell N='Type' V='0'/><Cell N='Invisible' V='1'/><Cell N='Verify' V='0'/><Cell N='DataLinked' V='0' F='No Formula'/><Cell N='LangID' V='en-US'/><Cell N='Calendar' V='0' F='No Formula'/></Row><Row N='ShapeType'><Cell N='Value' V='Device' U='STR'/><Cell N='Prompt' V='' F='No Formula'/><Cell N='Label' V='ShapeType'/><Cell N='Format' V='' F='No Formula'/><Cell N='SortKey' V='' F='No Formula'/><Cell N='Type' V='0'/><Cell N='Invisible' V='1'/><Cell N='Verify' V='0'/><Cell N='DataLinked' V='0' F='No Formula'/><Cell N='LangID' V='en-US'/><Cell N='Calendar' V='0' F='No Formula'/></Row><Row N='SubShapeType'><Cell N='Value' V='Switch' U='STR'/><Cell N='Prompt' V='' F='No Formula'/><Cell N='Label' V='SubShapeType'/><Cell N='Format' V='' F='No Formula'/><Cell N='SortKey' V='' F='No Formula'/><Cell N='Type' V='0'/><Cell N='Invisible' V='1'/><Cell N='Verify' V='0'/><Cell N='DataLinked' V='0' F='No Formula'/><Cell N='LangID' V='en-US'/><Cell N='Calendar' V='0' F='No Formula'/></Row><Row N='Manufacturer'><Cell N='Value' V='0' F='No Formula'/><Cell N='Prompt' V='' F='No Formula'/><Cell N='Label' V='Manufacturer'/><Cell N='Format' V='' F='No Formula'/><Cell N='SortKey' V='Equipment'/><Cell N='Type' V='0'/><Cell N='Invisible' V='0'/><Cell N='Verify' V='0'/><Cell N='DataLinked' V='0' F='No Formula'/><Cell N='LangID' V='en-US'/><Cell N='Calendar' V='0' F='No Formula'/></Row><Row N='ProductNumber'><Cell N='Value' V='0' F='No Formula'/><Cell N='Prompt' V='' F='No Formula'/><Cell N='Label' V='Product Number'/><Cell N='Format' V='' F='No Formula'/><Cell N='SortKey' V='Equipment'/><Cell N='Type' V='0'/><Cell N='Invisible' V='0'/><Cell N='Verify' V='0'/><Cell N='DataLinked' V='0' F='No Formula'/><Cell N='LangID' V='en-US'/><Cell N='Calendar' V='0' F='No Formula'/></Row><Row N='PartNumber'><Cell N='Value' V='0' F='No Formula'/><Cell N='Prompt' V='' F='No Formula'/><Cell N='Label' V='Part Number'/><Cell N='Format' V='' F='No Formula'/><Cell N='SortKey' V='Equipment'/><Cell N='Type' V='0'/><Cell N='Invisible' V='0'/><Cell N='Verify' V='0'/><Cell N='DataLinked' V='0' F='No Formula'/><Cell N='LangID' V='en-US'/><Cell N='Calendar' V='0' F='No Formula'/></Row><Row N='ProductDescription'><Cell N='Value' V='0' F='No Formula'/><Cell N='Prompt' V='' F='No Formula'/><Cell N='Label' V='Product Description'/><Cell N='Format' V='' F='No Formula'/><Cell N='SortKey' V='Equipment'/><Cell N='Type' V='0'/><Cell N='Invisible' V='0'/><Cell N='Verify' V='0'/><Cell N='DataLinked' V='0' F='No Formula'/><Cell N='LangID' V='en-US'/><Cell N='Calendar' V='0' F='No Formula'/></Row><Row N='AssetNumber'><Cell N='Value' V='0' F='No Formula'/><Cell N='Prompt' V='' F='No Formula'/><Cell N='Label' V='Asset Number'/><Cell N='Format' V='' F='No Formula'/><Cell N='SortKey' V='Asset'/><Cell N='Type' V='0'/><Cell N='Invisible' V='0'/><Cell N='Verify' V='0'/><Cell N='DataLinked' V='0' F='No Formula'/><Cell N='LangID' V='en-US'/><Cell N='Calendar' V='0' F='No Formula'/></Row><Row N='SerialNumber'><Cell N='Value' V='0' F='No Formula'/><Cell N='Prompt' V='' F='No Formula'/><Cell N='Label' V='Serial Number'/><Cell N='Format' V='' F='No Formula'/><Cell N='SortKey' V='Asset'/><Cell N='Type' V='0'/><Cell N='Invisible' V='0'/><Cell N='Verify' V='0'/><Cell N='DataLinked' V='0' F='No Formula'/><Cell N='LangID' V='en-US'/><Cell N='Calendar' V='0' F='No Formula'/></Row><Row N='Location'><Cell N='Value' V='0' F='No Formula'/><Cell N='Prompt' V='' F='No Formula'/><Cell N='Label' V='Location'/><Cell N='Format' V='' F='No Formula'/><Cell N='SortKey' V='Asset'/><Cell N='Type' V='0'/><Cell N='Invisible' V='0'/><Cell N='Verify' V='0'/><Cell N='DataLinked' V='0' F='No Formula'/><Cell N='LangID' V='en-US'/><Cell N='Calendar' V='0' F='No Formula'/></Row><Row N='Building'><Cell N='Value' V='0' F='No Formula'/><Cell N='Prompt' V='' F='No Formula'/><Cell N='Label' V='Building'/><Cell N='Format' V='' F='No Formula'/><Cell N='SortKey' V='Asset'/><Cell N='Type' V='0'/><Cell N='Invisible' V='0'/><Cell N='Verify' V='0'/><Cell N='DataLinked' V='0' F='No Formula'/><Cell N='LangID' V='en-US'/><Cell N='Calendar' V='0' F='No Formula'/></Row><Row N='Room'><Cell N='Value' V='0' F='No Formula'/><Cell N='Prompt' V='' F='No Formula'/><Cell N='Label' V='Room'/><Cell N='Format' V='' F='No Formula'/><Cell N='SortKey' V='Asset'/><Cell N='Type' V='0'/><Cell N='Invisible' V='0'/><Cell N='Verify' V='0'/><Cell N='DataLinked' V='0' F='No Formula'/><Cell N='LangID' V='en-US'/><Cell N='Calendar' V='0' F='No Formula'/></Row><Row N='NetworkName'><Cell N='Value' V='0' F='No Formula'/><Cell N='Prompt' V='' F='No Formula'/><Cell N='Label' V='Network Name'/><Cell N='Format' V='' F='No Formula'/><Cell N='SortKey' V='Network'/><Cell N='Type' V='0'/><Cell N='Invisible' V='0'/><Cell N='Verify' V='0'/><Cell N='DataLinked' V='0' F='No Formula'/><Cell N='LangID' V='en-US'/><Cell N='Calendar' V='0' F='No Formula'/></Row><Row N='IPAddress'><Cell N='Value' V='0' F='No Formula'/><Cell N='Prompt' V='' F='No Formula'/><Cell N='Label' V='IP Address'/><Cell N='Format' V='' F='No Formula'/><Cell N='SortKey' V='Network'/><Cell N='Type' V='0'/><Cell N='Invisible' V='0'/><Cell N='Verify' V='0'/><Cell N='DataLinked' V='0' F='No Formula'/><Cell N='LangID' V='en-US'/><Cell N='Calendar' V='0' F='No Formula'/></Row><Row N='SubnetMask'><Cell N='Value' V='0' F='No Formula'/><Cell N='Prompt' V='' F='No Formula'/><Cell N='Label' V='Subnet Mask'/><Cell N='Format' V='' F='No Formula'/><Cell N='SortKey' V='Network'/><Cell N='Type' V='0'/><Cell N='Invisible' V='0'/><Cell N='Verify' V='0'/><Cell N='DataLinked' V='0' F='No Formula'/><Cell N='LangID' V='en-US'/><Cell N='Calendar' V='0' F='No Formula'/></Row><Row N='AdminInterface'><Cell N='Value' V='0' F='No Formula'/><Cell N='Prompt' V='' F='No Formula'/><Cell N='Label' V='Administrative Interface'/><Cell N='Format' V='' F='No Formula'/><Cell N='SortKey' V='Network'/><Cell N='Type' V='0'/><Cell N='Invisible' V='0'/><Cell N='Verify' V='0'/><Cell N='DataLinked' V='0' F='No Formula'/><Cell N='LangID' V='en-US'/><Cell N='Calendar' V='0' F='No Formula'/></Row><Row N='NumberOfPorts'><Cell N='Value' V='0' F='No Formula'/><Cell N='Prompt' V='' F='No Formula'/><Cell N='Label' V='Number of Ports'/><Cell N='Format' V='' F='No Formula'/><Cell N='SortKey' V='Network'/><Cell N='Type' V='0'/><Cell N='Invisible' V='0'/><Cell N='Verify' V='0'/><Cell N='DataLinked' V='0' F='No Formula'/><Cell N='LangID' V='en-US'/><Cell N='Calendar' V='0' F='No Formula'/></Row><Row N='MACAddress'><Cell N='Value' V='0' F='No Formula'/><Cell N='Prompt' V='' F='No Formula'/><Cell N='Label' V='MAC Address'/><Cell N='Format' V='' F='No Formula'/><Cell N='SortKey' V='Network'/><Cell N='Type' V='0'/><Cell N='Invisible' V='0'/><Cell N='Verify' V='0'/><Cell N='DataLinked' V='0' F='No Formula'/><Cell N='LangID' V='en-US'/><Cell N='Calendar' V='0' F='No Formula'/></Row><Row N='CommunityString'><Cell N='Value' V='0' F='No Formula'/><Cell N='Prompt' V='' F='No Formula'/><Cell N='Label' V='Community String'/><Cell N='Format' V='' F='No Formula'/><Cell N='SortKey' V='Network'/><Cell N='Type' V='0'/><Cell N='Invisible' V='0'/><Cell N='Verify' V='0'/><Cell N='DataLinked' V='0' F='No Formula'/><Cell N='LangID' V='en-US'/><Cell N='Calendar' V='0' F='No Formula'/></Row><Row N='NetworkDescription'><Cell N='Value' V='0' F='No Formula'/><Cell N='Prompt' V='' F='No Formula'/><Cell N='Label' V='Network Description'/><Cell N='Format' V='' F='No Formula'/><Cell N='SortKey' V='Network'/><Cell N='Type' V='0'/><Cell N='Invisible' V='0'/><Cell N='Verify' V='0'/><Cell N='DataLinked' V='0' F='No Formula'/><Cell N='LangID' V='en-US'/><Cell N='Calendar' V='0' F='No Formula'/></Row></Section><Shapes><Shape ID='16' Type='Shape' LineStyle='8' FillStyle='8' TextStyle='8'><Cell N='PinX' V='0.5' F='Sheet.5!Width*0.5'/><Cell N='PinY' V='0.7' F='Sheet.5!Height*0.7'/><Cell N='Width' V='1' F='Sheet.5!Width*1'/><Cell N='Height' V='0.6' F='Sheet.5!Height*0.6'/><Cell N='LocPinX' V='0.5' F='Width*0.5'/><Cell N='LocPinY' V='0.3' F='Height*0.5'/><Cell N='Angle' V='0'/><Cell N='FlipX' V='0'/><Cell N='FlipY' V='0'/><Cell N='ResizeMode' V='0'/><Cell N='Copyright' V='Copyright (c) 2003 Microsoft Corporation.  All rights reserved.'/><Cell N='LayerMember' V='' F='No Formula'/><Section N='Geometry' IX='0'><Cell N='NoFill' V='0'/><Cell N='NoLine' V='0'/><Cell N='NoShow' V='0'/><Cell N='NoSnap' V='0'/><Cell N='NoQuickDrag' V='0' F='No Formula'/><Row T='Ellipse' IX='1'><Cell N='X' V='0.5' F='Width*0.5'/><Cell N='Y' V='0.3' F='Height*0.5'/><Cell N='A' V='1' U='DL' F='Width*1'/><Cell N='B' V='0.3' U='DL' F='Height*0.5'/><Cell N='C' V='0.5' U='DL' F='Width*0.5'/><Cell N='D' V='0.6' U='DL' F='Height*1'/></Row></Section></Shape><Shape ID='9' Type='Shape' LineStyle='10' FillStyle='10' TextStyle='10'><Cell N='PinX' V='0.6710400172474275' F='Sheet.5!Width*0.67104001724743'/><Cell N='PinY' V='0.7987499999999981' F='Sheet.5!Height*0.79875'/><Cell N='Width' V='0.3420800344948575' F='Sheet.5!Width*0.34208003449486'/><Cell N='Height' V='0.1974999999999993' F='Sheet.5!Height*0.1975'/><Cell N='LocPinX' V='0.1710400172474288' F='Width*0.5'/><Cell N='LocPinY' V='0.09874999999999963' F='Height*0.5'/><Cell N='Angle' V='0'/><Cell N='FlipX' V='1'/><Cell N='FlipY' V='0'/><Cell N='ResizeMode' V='0'/><Cell N='LineWeight' V='0.003333333333333333' U='PT' F='GUARD(0.24PT)'/><Cell N='FillForegnd' V='2' F='GUARD(2)'/><Cell N='FillPattern' V='1' F='GUARD(1)'/><Cell N='Copyright' V='Copyright (c) 2003 Microsoft Corporation.  All rights reserved.'/><Cell N='LayerMember' V='' F='No Formula'/><Cell N='FillGradientEnabled' V='0' F='GUARD(FALSE)'/><Section N='Geometry' IX='0'><Cell N='NoFill' V='0'/><Cell N='NoLine' V='0'/><Cell N='NoShow' V='0'/><Cell N='NoSnap' V='0'/><Cell N='NoQuickDrag' V='0' F='No Formula'/><Row T='MoveTo' IX='1'><Cell N='X' V='0' F='Width*0'/><Cell N='Y' V='0.05749999999999948' F='Height*0.29113924050633'/></Row><Row T='LineTo' IX='2'><Cell N='X' V='0' F='Width*0'/><Cell N='Y' V='0.1974999999999993' F='Height*1'/></Row><Row T='LineTo' IX='3'><Cell N='X' V='0.2424871130596475' F='Width*0.70886075949368'/><Cell N='Y' V='0.1974999999999956' F='Height*0.99999999999998'/></Row><Row T='LineTo' IX='4'><Cell N='X' V='0.1428941916244368' F='Width*0.41772151898735'/><Cell N='Y' V='0.1399999999999972' F='Height*0.70886075949366'/></Row><Row T='LineTo' IX='5'><Cell N='X' V='0.3420800344948576' F='Width*1'/><Cell N='Y' V='0.02499999999999973' F='Height*0.12658227848101'/></Row><Row T='LineTo' IX='6'><Cell N='X' V='0.2987787643056356' F='Width*0.87341772151899'/><Cell N='Y' V='0' F='Height*0'/></Row><Row T='LineTo' IX='7'><Cell N='X' V='0.09959292143521445' F='Width*0.29113924050634'/><Cell N='Y' V='0.1149999999999978' F='Height*0.58227848101265'/></Row><Row T='LineTo' IX='8'><Cell N='X' V='0' F='Geometry1.X1'/><Cell N='Y' V='0.05749999999999948' F='Geometry1.Y1'/></Row></Section></Shape><Shape ID='10' Type='Shape' LineStyle='10' FillStyle='10' TextStyle='10'><Cell N='PinX' V='0.3181346652052651' F='Sheet.5!Width*0.31813466520527'/><Cell N='PinY' V='0.8049999999999973' F='Sheet.5!Height*0.805'/><Cell N='Width' V='0.3637306695894661' F='Sheet.5!Width*0.36373066958947'/><Cell N='Height' V='0.21' F='Sheet.5!Height*0.21'/><Cell N='LocPinX' V='0.1818653347947331' F='Width*0.5'/><Cell N='LocPinY' V='0.105' F='Height*0.5'/><Cell N='Angle' V='0'/><Cell N='FlipX' V='0'/><Cell N='FlipY' V='0'/><Cell N='ResizeMode' V='0'/><Cell N='LineWeight' V='0.003333333333333333' U='PT' F='GUARD(0.24PT)'/><Cell N='FillForegnd' V='2' F='GUARD(2)'/><Cell N='FillPattern' V='1' F='GUARD(1)'/><Cell N='Copyright' V='Copyright (c) 2003 Microsoft Corporation.  All rights reserved.'/><Cell N='LayerMember' V='' F='No Formula'/><Cell N='FillGradientEnabled' V='0' F='GUARD(FALSE)'/><Section N='Geometry' IX='0'><Cell N='NoFill' V='0'/><Cell N='NoLine' V='0'/><Cell N='NoShow' V='0'/><Cell N='NoSnap' V='0'/><Cell N='NoQuickDrag' V='0' F='No Formula'/><Row T='MoveTo' IX='1'><Cell N='X' V='0.3637306695894661' F='Width*1'/><Cell N='Y' V='0.14' F='Height*0.66666666666667'/></Row><Row T='LineTo' IX='2'><Cell N='X' V='0.3420800344948557' F='Width*0.94047619047619'/><Cell N='Y' V='0.01250000000000058' F='Height*0.059523809523812'/></Row><Row T='LineTo' IX='3'><Cell N='X' V='0.1212435565298234' F='Width*0.33333333333334'/><Cell N='Y' V='0' F='Height*0'/></Row><Row T='LineTo' IX='4'><Cell N='X' V='0.2208364779650339' F='Width*0.60714285714286'/><Cell N='Y' V='0.05750000000000029' F='Height*0.27380952380953'/></Row><Row T='LineTo' IX='5'><Cell N='X' V='0' F='Width*0'/><Cell N='Y' V='0.1849999999999994' F='Height*0.88095238095238'/></Row><Row T='LineTo' IX='6'><Cell N='X' V='0.04330127018922175' F='Width*0.11904761904762'/><Cell N='Y' V='0.21' F='Height*1'/></Row><Row T='LineTo' IX='7'><Cell N='X' V='0.2641377481542557' F='Width*0.72619047619048'/><Cell N='Y' V='0.08250000000000009' F='Height*0.39285714285714'/></Row><Row T='LineTo' IX='8'><Cell N='X' V='0.3637306695894661' F='Geometry1.X1'/><Cell N='Y' V='0.14' F='Geometry1.Y1'/></Row></Section></Shape><Shape ID='11' Type='Shape' LineStyle='10' FillStyle='10' TextStyle='10'><Cell N='PinX' V='0.6818653347947317' F='Sheet.5!Width*0.68186533479473'/><Cell N='PinY' V='0.595' F='Sheet.5!Height*0.595'/><Cell N='Width' V='0.3637306695894652' F='Sheet.5!Width*0.36373066958947'/><Cell N='Height' V='0.2099999999999989' F='Sheet.5!Height*0.21'/><Cell N='LocPinX' V='0.1818653347947326' F='Width*0.5'/><Cell N='LocPinY' V='0.1049999999999994' F='Height*0.5'/><Cell N='Angle' V='0'/><Cell N='FlipX' V='0'/><Cell N='FlipY' V='0'/><Cell N='ResizeMode' V='0'/><Cell N='LineWeight' V='0.003333333333333333' U='PT' F='GUARD(0.24PT)'/><Cell N='FillForegnd' V='2' F='GUARD(2)'/><Cell N='FillPattern' V='1' F='GUARD(1)'/><Cell N='Copyright' V='Copyright (c) 2003 Microsoft Corporation.  All rights reserved.'/><Cell N='LayerMember' V='' F='No Formula'/><Cell N='FillGradientEnabled' V='0' F='GUARD(FALSE)'/><Section N='Geometry' IX='0'><Cell N='NoFill' V='0'/><Cell N='NoLine' V='0'/><Cell N='NoShow' V='0'/><Cell N='NoSnap' V='0'/><Cell N='NoQuickDrag' V='0' F='No Formula'/><Row T='MoveTo' IX='1'><Cell N='X' V='0' F='Width*0'/><Cell N='Y' V='0.06999999999999861' F='Height*0.33333333333333'/></Row><Row T='LineTo' IX='2'><Cell N='X' V='0.02165063509461096' F='Width*0.059523809523809'/><Cell N='Y' V='0.1974999999999976' F='Height*0.94047619047618'/></Row><Row T='LineTo' IX='3'><Cell N='X' V='0.2424871130596428' F='Width*0.66666666666666'/><Cell N='Y' V='0.2099999999999989' F='Height*1'/></Row><Row T='LineTo' IX='4'><Cell N='X' V='0.1428941916244322' F='Width*0.39285714285714'/><Cell N='Y' V='0.1524999999999986' F='Height*0.72619047619047'/></Row><Row T='LineTo' IX='5'><Cell N='X' V='0.3637306695894652' F='Width*1'/><Cell N='Y' V='0.025' F='Height*0.11904761904762'/></Row><Row T='LineTo' IX='6'><Cell N='X' V='0.3204293994002433' F='Width*0.88095238095238'/><Cell N='Y' V='0' F='Height*0'/></Row><Row T='LineTo' IX='7'><Cell N='X' V='0.09959292143521061' F='Width*0.27380952380952'/><Cell N='Y' V='0.1274999999999987' F='Height*0.60714285714285'/></Row><Row T='LineTo' IX='8'><Cell N='X' V='0' F='Geometry1.X1'/><Cell N='Y' V='0.06999999999999866' F='Geometry1.Y1'/></Row></Section></Shape><Shape ID='12' Type='Shape' LineStyle='10' FillStyle='10' TextStyle='10'><Cell N='PinX' V='0.3289599827525732' F='Sheet.5!Width*0.32895998275257'/><Cell N='PinY' V='0.6012499999999978' F='Sheet.5!Height*0.60125'/><Cell N='Width' V='0.3420800344948536' F='Sheet.5!Width*0.34208003449485'/><Cell N='Height' V='0.1974999999999991' F='Sheet.5!Height*0.1975'/><Cell N='LocPinX' V='0.1710400172474268' F='Width*0.5'/><Cell N='LocPinY' V='0.09874999999999956' F='Height*0.5'/><Cell N='Angle' V='3.1415926535898'/><Cell N='FlipX' V='1'/><Cell N='FlipY' V='0'/><Cell N='ResizeMode' V='0'/><Cell N='LineWeight' V='0.003333333333333333' U='PT' F='GUARD(0.24PT)'/><Cell N='FillForegnd' V='2' F='GUARD(2)'/><Cell N='FillPattern' V='1' F='GUARD(1)'/><Cell N='Copyright' V='Copyright (c) 2003 Microsoft Corporation.  All rights reserved.'/><Cell N='LayerMember' V='' F='No Formula'/><Cell N='FillGradientEnabled' V='0' F='GUARD(FALSE)'/><Section N='Geometry' IX='0'><Cell N='NoFill' V='0'/><Cell N='NoLine' V='0'/><Cell N='NoShow' V='0'/><Cell N='NoSnap' V='0'/><Cell N='NoQuickDrag' V='0' F='No Formula'/><Row T='MoveTo' IX='1'><Cell N='X' V='0' F='Width*0'/><Cell N='Y' V='0.05749999999999886' F='Height*0.29113924050632'/></Row><Row T='LineTo' IX='2'><Cell N='X' V='0' F='Width*0'/><Cell N='Y' V='0.1974999999999981' F='Height*0.99999999999999'/></Row><Row T='LineTo' IX='3'><Cell N='X' V='0.2424871130596423' F='Width*0.70886075949367'/><Cell N='Y' V='0.1974999999999991' F='Height*1'/></Row><Row T='LineTo' IX='4'><Cell N='X' V='0.1428941916244321' F='Width*0.41772151898734'/><Cell N='Y' V='0.1399999999999992' F='Height*0.70886075949367'/></Row><Row T='LineTo' IX='5'><Cell N='X' V='0.3420800344948536' F='Width*1'/><Cell N='Y' V='0.02500000000000016' F='Height*0.12658227848101'/></Row><Row T='LineTo' IX='6'><Cell N='X' V='0.2987787643056319' F='Width*0.87341772151899'/><Cell N='Y' V='0' F='Height*0'/></Row><Row T='LineTo' IX='7'><Cell N='X' V='0.09959292143521047' F='Width*0.29113924050633'/><Cell N='Y' V='0.114999999999999' F='Height*0.58227848101266'/></Row><Row T='LineTo' IX='8'><Cell N='X' V='0' F='Geometry1.X1'/><Cell N='Y' V='0.05749999999999886' F='Geometry1.Y1'/></Row></Section></Shape><Shape ID='8' Type='Shape' LineStyle='10' FillStyle='10' TextStyle='10'><Cell N='PinX' V='0.5' F='Sheet.5!Width*0.5'/><Cell N='PinY' V='0.35' F='Sheet.5!Height*0.35'/><Cell N='Width' V='1' F='Sheet.5!Width*1'/><Cell N='Height' V='0.7' F='Sheet.5!Height*0.7'/><Cell N='LocPinX' V='0.5' F='Width*0.5'/><Cell N='LocPinY' V='0.35' F='Height*0.5'/><Cell N='Angle' V='0'/><Cell N='FlipX' V='0'/><Cell N='FlipY' V='0'/><Cell N='ResizeMode' V='0'/><Cell N='FillPattern' V='26' F='THEMEVAL("FillPattern",26)'/><Cell N='Copyright' V='Copyright (c) 2003 Microsoft Corporation.  All rights reserved.'/><Cell N='LayerMember' V='' F='No Formula'/><Cell N='FillGradientDir' V='0'/><Cell N='FillGradientAngle' V='3.1415926535898' U='DEG'/><Section N='FillGradient'><Row IX='0'><Cell N='GradientStopColor' V='#c0c0c0' F='THEMEVAL("FillColor2",HSL(0,0,181))'/><Cell N='GradientStopColorTrans' V='0' F='THEMEVAL()'/><Cell N='GradientStopPosition' V='0.01'/></Row><Row IX='1'><Cell N='GradientStopColor' V='#ffffff' F='THEMEVAL("FillColor",HSL(0,0,240))'/><Cell N='GradientStopColorTrans' V='0' F='THEMEVAL()'/><Cell N='GradientStopPosition' V='0.5'/></Row><Row IX='2'><Cell N='GradientStopColor' V='#c0c0c0' F='THEMEVAL("FillColor2",HSL(0,0,181))'/><Cell N='GradientStopColorTrans' V='0' F='THEMEVAL()'/><Cell N='GradientStopPosition' V='1'/></Row></Section><Section N='Geometry' IX='0'><Cell N='NoFill' V='0'/><Cell N='NoLine' V='0'/><Cell N='NoShow' V='0'/><Cell N='NoSnap' V='0'/><Cell N='NoQuickDrag' V='0' F='No Formula'/><Row T='MoveTo' IX='1'><Cell N='X' V='0' F='Width*0'/><Cell N='Y' V='0.7' F='Height*1'/></Row><Row T='LineTo' IX='2'><Cell N='X' V='0' F='Width*0'/><Cell N='Y' V='0.3' F='Height*0.42857142857143'/></Row><Row T='EllipticalArcTo' IX='3'><Cell N='X' V='1' F='Width*1'/><Cell N='Y' V='0.3' F='Height*0.42857142857143'/><Cell N='A' V='0.4999999999999964' U='DL' F='Width*0.5'/><Cell N='B' V='0' U='DL' F='Height*0'/><Cell N='C' V='0' U='DA'/><Cell N='D' V='1.666666666666666' F='Width/Height*1.1666666666667'/></Row><Row T='LineTo' IX='4'><Cell N='X' V='1' F='Width*1'/><Cell N='Y' V='0.7' F='Height*1'/></Row><Row T='EllipticalArcTo' IX='5'><Cell N='X' V='0' F='Width*0'/><Cell N='Y' V='0.6999999999999957' F='Height*0.99999999999999'/><Cell N='A' V='0.5000000000000069' U='DL' F='Width*0.50000000000001'/><Cell N='B' V='0.4' U='DL' F='Height*0.57142857142857'/><Cell N='C' V='0' U='DA'/><Cell N='D' V='1.666666666666666' F='Width/Height*1.1666666666667'/></Row></Section></Shape><Shape ID='19' Type='Shape' LineStyle='12' FillStyle='12' TextStyle='12'><Cell N='PinX' V='0.5' F='Sheet.5!Width*0.5'/><Cell N='PinY' V='0.5' F='Sheet.5!Height*0.5'/><Cell N='Width' V='1' F='Sheet.5!Width*1'/><Cell N='Height' V='1' F='Sheet.5!Height*1'/><Cell N='LocPinX' V='0.5' F='Width*0.5'/><Cell N='LocPinY' V='0.5' F='Height*0.5'/><Cell N='Angle' V='0'/><Cell N='FlipX' V='0'/><Cell N='FlipY' V='0'/><Cell N='ResizeMode' V='0'/><Cell N='Copyright' V='Copyright (c) 2003 Microsoft Corporation.  All rights reserved.'/><Cell N='LayerMember' V='' F='No Formula'/><Cell N='QuickStyleVariation' V='4'/><Section N='Geometry' IX='0'><Cell N='NoFill' V='1' F='GUARD(TRUE)'/><Cell N='NoLine' V='0'/><Cell N='NoShow' V='0'/><Cell N='NoSnap' V='0'/><Cell N='NoQuickDrag' V='0' F='No Formula'/><Row T='MoveTo' IX='1'><Cell N='X' V='1' F='Width*1'/><Cell N='Y' V='0.7' F='Height*0.7'/></Row><Row T='EllipticalArcTo' IX='2'><Cell N='X' V='0' F='Width*0'/><Cell N='Y' V='0.6999999999999979' F='Height*0.7'/><Cell N='A' V='0.4999999999999983' U='DL' F='Width*0.5'/><Cell N='B' V='1' U='DL' F='Height*1'/><Cell N='C' V='0' U='DA'/><Cell N='D' V='1.666666666666667' F='Width/Height*1.6666666666667'/></Row><Row T='LineTo' IX='3'><Cell N='X' V='0' F='Width*0'/><Cell N='Y' V='0.3' F='Height*0.3'/></Row><Row T='EllipticalArcTo' IX='4'><Cell N='X' V='1' F='Width*1'/><Cell N='Y' V='0.3' F='Height*0.3'/><Cell N='A' V='0.5' U='DL' F='Width*0.5'/><Cell N='B' V='0' U='DL' F='Height*0'/><Cell N='C' V='0' U='DA'/><Cell N='D' V='1.666666666666667' F='Width/Height*1.6666666666667'/></Row><Row T='LineTo' IX='5'><Cell N='X' V='1' F='Width*1'/><Cell N='Y' V='0.7' F='Height*0.7'/></Row></Section></Shape></Shapes></Shape></Shapes></MasterContents>