<?xml version='1.0' encoding='utf-8' ?>
<MasterContents xmlns='http://schemas.microsoft.com/office/visio/2012/main' xmlns:r='http://schemas.openxmlformats.org/officeDocument/2006/relationships' xml:space='preserve'><Shapes><Shape ID='5' Type='Group' LineStyle='3' FillStyle='3' TextStyle='3'><Cell N='PinX' V='1' U='IN'/><Cell N='PinY' V='1' U='IN'/><Cell N='Width' V='0.5' U='IN'/><Cell N='Height' V='0.4' U='IN'/><Cell N='LocPinX' V='0.25' U='IN' F='Width*0.5'/><Cell N='LocPinY' V='0.2' U='IN' F='Height*0.5'/><Cell N='Angle' V='0'/><Cell N='FlipX' V='0'/><Cell N='FlipY' V='0'/><Cell N='ResizeMode' V='0'/><Cell N='ObjType' V='8'/><Cell N='Comment' V='&lt;no master&gt;' F='INDEX(0,INDEX(0,MASTERNAME(),":"),".")'/><Cell N='EventDblClick' V='0' F='OPENTEXTWIN()'/><Cell N='TxtPinX' V='0.25' U='IN' F='Controls.Row_1'/><Cell N='TxtPinY' V='-0.1555555555555556' F='Controls.Row_1.Y'/><Cell N='TxtWidth' V='0.1111111111111111' F='TEXTWIDTH(TheText)'/><Cell N='TxtHeight' V='0.3111111111111111' F='TEXTHEIGHT(TheText,TxtWidth)'/><Cell N='TxtLocPinX' V='0.05555555555555555' F='TxtWidth*0.5'/><Cell N='TxtLocPinY' V='0.1555555555555556' F='TxtHeight*0.5'/><Cell N='TxtAngle' V='0' F='IF(BITXOR(FlipX,FlipY),1,-1)*Angle'/><Cell N='SelectMode' V='0'/><Cell N='HelpTopic' V='Vis_PRXY.chm!#55463'/><Cell N='Copyright' V='Copyright (c) 2012 Microsoft Corporation.  All rights reserved.'/><Cell N='LayerMember' V='' F='No Formula'/><Cell N='LockAspect' V='1'/><Cell N='QuickStyleVariation' V='6'/><Section N='User'><Row N='HasText'><Cell N='Value' V='0' U='BOOL' F='NOT(OR(HideText,STRSAME(SHAPETEXT(TheText),"")))'/><Cell N='Prompt' V='' F='No Formula'/></Row><Row N='ShapeClass'><Cell N='Value' V='5'/><Cell N='Prompt' V='' F='No Formula'/></Row><Row N='ShapeType'><Cell N='Value' V='8'/><Cell N='Prompt' V='' F='No Formula'/></Row><Row N='SubShapeType'><Cell N='Value' V='60'/><Cell N='Prompt' V='' F='No Formula'/></Row><Row N='SolSH'><Cell N='Value' V='{BF0433D9-CD73-4EB5-8390-8653BE590246}' U='GUID'/><Cell N='Prompt' V='' F='No Formula'/></Row><Row N='visLegendShape'><Cell N='Value' V='2'/><Cell N='Prompt' V='' F='No Formula'/></Row><Row N='visVersion'><Cell N='Value' V='15'/><Cell N='Prompt' V=''/></Row></Section><Section N='Control'><Row N='Row_1'><Cell N='X' V='0.25' U='IN' F='Width*0.5'/><Cell N='Y' V='-0.1555555555555556' F='-TxtHeight*0.5'/><Cell N='XDyn' V='0.25' U='IN' F='Controls.Row_1'/><Cell N='YDyn' V='-0.1555555555555556' F='Controls.Row_1.Y'/><Cell N='XCon' V='2' F='(Controls.Row_1&gt;Width/2)*2+2'/><Cell N='YCon' V='7' F='(Controls.Row_1.Y&gt;Height/2)*2+2+5*NOT(User.HasText)'/><Cell N='CanGlue' V='1'/><Cell N='Prompt' V='Reposition Text'/></Row></Section><Section N='Connection'><Row T='Connection' N='Row_1'><Cell N='X' V='0.25' U='IN' F='Width*0.5'/><Cell N='Y' V='0.2' U='IN' F='Height*0.5'/><Cell N='DirX' V='0'/><Cell N='DirY' V='0'/><Cell N='Type' V='0'/><Cell N='AutoGen' V='0'/><Cell N='Prompt' V='' F='No Formula'/></Row></Section><Section N='Property'><Row N='ShapeClass'><Cell N='Value' V='Equipment' U='STR'/><Cell N='Prompt' V='' F='No Formula'/><Cell N='Label' V='ShapeClass'/><Cell N='Format' V='' F='No Formula'/><Cell N='SortKey' V='' F='No Formula'/><Cell N='Type' V='0'/><Cell N='Invisible' V='1'/><Cell N='Verify' V='0'/><Cell N='DataLinked' V='0' F='No Formula'/><Cell N='LangID' V='en-US'/><Cell N='Calendar' V='0' F='No Formula'/></Row><Row N='ShapeType'><Cell N='Value' V='Device' U='STR'/><Cell N='Prompt' V='' F='No Formula'/><Cell N='Label' V='ShapeType'/><Cell N='Format' V='' F='No Formula'/><Cell N='SortKey' V='' F='No Formula'/><Cell N='Type' V='0'/><Cell N='Invisible' V='1'/><Cell N='Verify' V='0'/><Cell N='DataLinked' V='0' F='No Formula'/><Cell N='LangID' V='en-US'/><Cell N='Calendar' V='0' F='No Formula'/></Row><Row N='SubShapeType'><Cell N='Value' V='Router' U='STR'/><Cell N='Prompt' V='' F='No Formula'/><Cell N='Label' V='SubShapeType'/><Cell N='Format' V='' F='No Formula'/><Cell N='SortKey' V='' F='No Formula'/><Cell N='Type' V='0'/><Cell N='Invisible' V='1'/><Cell N='Verify' V='0'/><Cell N='DataLinked' V='0' F='No Formula'/><Cell N='LangID' V='en-US'/><Cell N='Calendar' V='0' F='No Formula'/></Row><Row N='Manufacturer'><Cell N='Value' V='0' F='No Formula'/><Cell N='Prompt' V='' F='No Formula'/><Cell N='Label' V='Manufacturer'/><Cell N='Format' V='' F='No Formula'/><Cell N='SortKey' V='Equipment'/><Cell N='Type' V='0'/><Cell N='Invisible' V='0'/><Cell N='Verify' V='0'/><Cell N='DataLinked' V='0' F='No Formula'/><Cell N='LangID' V='en-US'/><Cell N='Calendar' V='0' F='No Formula'/></Row><Row N='ProductNumber'><Cell N='Value' V='0' F='No Formula'/><Cell N='Prompt' V='' F='No Formula'/><Cell N='Label' V='Product Number'/><Cell N='Format' V='' F='No Formula'/><Cell N='SortKey' V='Equipment'/><Cell N='Type' V='0'/><Cell N='Invisible' V='0'/><Cell N='Verify' V='0'/><Cell N='DataLinked' V='0' F='No Formula'/><Cell N='LangID' V='en-US'/><Cell N='Calendar' V='0' F='No Formula'/></Row><Row N='PartNumber'><Cell N='Value' V='0' F='No Formula'/><Cell N='Prompt' V='' F='No Formula'/><Cell N='Label' V='Part Number'/><Cell N='Format' V='' F='No Formula'/><Cell N='SortKey' V='Equipment'/><Cell N='Type' V='0'/><Cell N='Invisible' V='0'/><Cell N='Verify' V='0'/><Cell N='DataLinked' V='0' F='No Formula'/><Cell N='LangID' V='en-US'/><Cell N='Calendar' V='0' F='No Formula'/></Row><Row N='ProductDescription'><Cell N='Value' V='0' F='No Formula'/><Cell N='Prompt' V='' F='No Formula'/><Cell N='Label' V='Product Description'/><Cell N='Format' V='' F='No Formula'/><Cell N='SortKey' V='Equipment'/><Cell N='Type' V='0'/><Cell N='Invisible' V='0'/><Cell N='Verify' V='0'/><Cell N='DataLinked' V='0' F='No Formula'/><Cell N='LangID' V='en-US'/><Cell N='Calendar' V='0' F='No Formula'/></Row><Row N='AssetNumber'><Cell N='Value' V='0' F='No Formula'/><Cell N='Prompt' V='' F='No Formula'/><Cell N='Label' V='Asset Number'/><Cell N='Format' V='' F='No Formula'/><Cell N='SortKey' V='Asset'/><Cell N='Type' V='0'/><Cell N='Invisible' V='0'/><Cell N='Verify' V='0'/><Cell N='DataLinked' V='0' F='No Formula'/><Cell N='LangID' V='en-US'/><Cell N='Calendar' V='0' F='No Formula'/></Row><Row N='SerialNumber'><Cell N='Value' V='0' F='No Formula'/><Cell N='Prompt' V='' F='No Formula'/><Cell N='Label' V='Serial Number'/><Cell N='Format' V='' F='No Formula'/><Cell N='SortKey' V='Asset'/><Cell N='Type' V='0'/><Cell N='Invisible' V='0'/><Cell N='Verify' V='0'/><Cell N='DataLinked' V='0' F='No Formula'/><Cell N='LangID' V='en-US'/><Cell N='Calendar' V='0' F='No Formula'/></Row><Row N='Location'><Cell N='Value' V='0' F='No Formula'/><Cell N='Prompt' V='' F='No Formula'/><Cell N='Label' V='Location'/><Cell N='Format' V='' F='No Formula'/><Cell N='SortKey' V='Asset'/><Cell N='Type' V='0'/><Cell N='Invisible' V='0'/><Cell N='Verify' V='0'/><Cell N='DataLinked' V='0' F='No Formula'/><Cell N='LangID' V='en-US'/><Cell N='Calendar' V='0' F='No Formula'/></Row><Row N='Building'><Cell N='Value' V='0' F='No Formula'/><Cell N='Prompt' V='' F='No Formula'/><Cell N='Label' V='Building'/><Cell N='Format' V='' F='No Formula'/><Cell N='SortKey' V='Asset'/><Cell N='Type' V='0'/><Cell N='Invisible' V='0'/><Cell N='Verify' V='0'/><Cell N='DataLinked' V='0' F='No Formula'/><Cell N='LangID' V='en-US'/><Cell N='Calendar' V='0' F='No Formula'/></Row><Row N='Room'><Cell N='Value' V='0' F='No Formula'/><Cell N='Prompt' V='' F='No Formula'/><Cell N='Label' V='Room'/><Cell N='Format' V='' F='No Formula'/><Cell N='SortKey' V='Asset'/><Cell N='Type' V='0'/><Cell N='Invisible' V='0'/><Cell N='Verify' V='0'/><Cell N='DataLinked' V='0' F='No Formula'/><Cell N='LangID' V='en-US'/><Cell N='Calendar' V='0' F='No Formula'/></Row><Row N='NetworkName'><Cell N='Value' V='0' F='No Formula'/><Cell N='Prompt' V='' F='No Formula'/><Cell N='Label' V='Network Name'/><Cell N='Format' V='' F='No Formula'/><Cell N='SortKey' V='Network'/><Cell N='Type' V='0'/><Cell N='Invisible' V='0'/><Cell N='Verify' V='0'/><Cell N='DataLinked' V='0' F='No Formula'/><Cell N='LangID' V='en-US'/><Cell N='Calendar' V='0' F='No Formula'/></Row><Row N='IPAddress'><Cell N='Value' V='0' F='No Formula'/><Cell N='Prompt' V='' F='No Formula'/><Cell N='Label' V='IP Address'/><Cell N='Format' V='' F='No Formula'/><Cell N='SortKey' V='Network'/><Cell N='Type' V='0'/><Cell N='Invisible' V='0'/><Cell N='Verify' V='0'/><Cell N='DataLinked' V='0' F='No Formula'/><Cell N='LangID' V='en-US'/><Cell N='Calendar' V='0' F='No Formula'/></Row><Row N='SubnetMask'><Cell N='Value' V='0' F='No Formula'/><Cell N='Prompt' V='' F='No Formula'/><Cell N='Label' V='Subnet Mask'/><Cell N='Format' V='' F='No Formula'/><Cell N='SortKey' V='Network'/><Cell N='Type' V='0'/><Cell N='Invisible' V='0'/><Cell N='Verify' V='0'/><Cell N='DataLinked' V='0' F='No Formula'/><Cell N='LangID' V='en-US'/><Cell N='Calendar' V='0' F='No Formula'/></Row><Row N='AdminInterface'><Cell N='Value' V='0' F='No Formula'/><Cell N='Prompt' V='' F='No Formula'/><Cell N='Label' V='Administrative Interface'/><Cell N='Format' V='' F='No Formula'/><Cell N='SortKey' V='Network'/><Cell N='Type' V='0'/><Cell N='Invisible' V='0'/><Cell N='Verify' V='0'/><Cell N='DataLinked' V='0' F='No Formula'/><Cell N='LangID' V='en-US'/><Cell N='Calendar' V='0' F='No Formula'/></Row><Row N='NumberOfPorts'><Cell N='Value' V='0' F='No Formula'/><Cell N='Prompt' V='' F='No Formula'/><Cell N='Label' V='Number of Ports'/><Cell N='Format' V='' F='No Formula'/><Cell N='SortKey' V='Network'/><Cell N='Type' V='0'/><Cell N='Invisible' V='0'/><Cell N='Verify' V='0'/><Cell N='DataLinked' V='0' F='No Formula'/><Cell N='LangID' V='en-US'/><Cell N='Calendar' V='0' F='No Formula'/></Row><Row N='MACAddress'><Cell N='Value' V='0' F='No Formula'/><Cell N='Prompt' V='' F='No Formula'/><Cell N='Label' V='MAC Address'/><Cell N='Format' V='' F='No Formula'/><Cell N='SortKey' V='Network'/><Cell N='Type' V='0'/><Cell N='Invisible' V='0'/><Cell N='Verify' V='0'/><Cell N='DataLinked' V='0' F='No Formula'/><Cell N='LangID' V='en-US'/><Cell N='Calendar' V='0' F='No Formula'/></Row><Row N='CommunityString'><Cell N='Value' V='0' F='No Formula'/><Cell N='Prompt' V='' F='No Formula'/><Cell N='Label' V='Community String'/><Cell N='Format' V='' F='No Formula'/><Cell N='SortKey' V='Network'/><Cell N='Type' V='0'/><Cell N='Invisible' V='0'/><Cell N='Verify' V='0'/><Cell N='DataLinked' V='0' F='No Formula'/><Cell N='LangID' V='en-US'/><Cell N='Calendar' V='0' F='No Formula'/></Row><Row N='NetworkDescription'><Cell N='Value' V='0' F='No Formula'/><Cell N='Prompt' V='' F='No Formula'/><Cell N='Label' V='Network Description'/><Cell N='Format' V='' F='No Formula'/><Cell N='SortKey' V='Network'/><Cell N='Type' V='0'/><Cell N='Invisible' V='0'/><Cell N='Verify' V='0'/><Cell N='DataLinked' V='0' F='No Formula'/><Cell N='LangID' V='en-US'/><Cell N='Calendar' V='0' F='No Formula'/></Row></Section><Section N='Actions'><Row N='Properties'><Cell N='Menu' V='%_P&amp;roperties'/><Cell N='Action' V='0' F='RUNADDON("NETWORK SHAPE PROPERTIES")'/><Cell N='Checked' V='0'/><Cell N='Disabled' V='0'/><Cell N='ReadOnly' V='0'/><Cell N='Invisible' V='0'/><Cell N='BeginGroup' V='0'/><Cell N='FlyoutChild' V='0' F='No Formula'/><Cell N='TagName' V=''/><Cell N='ButtonFace' V=''/><Cell N='SortKey' V=''/></Row></Section><Shapes><Shape ID='11' Type='Shape' LineStyle='3' FillStyle='3' TextStyle='3'><Cell N='PinX' V='0.25' U='IN' F='Width/2'/><Cell N='PinY' V='0.19906346010171' U='IN' F='Height/2'/><Cell N='Width' V='0.5' U='IN' F='Sheet.5!Width*1'/><Cell N='Height' V='0.3981269202034201' U='IN' F='Sheet.5!Height*0.99531730050855'/><Cell N='LocPinX' V='0.25' U='IN' F='Width*0.5'/><Cell N='LocPinY' V='0.19906346010171' U='IN' F='Height*0.5'/><Cell N='Angle' V='0'/><Cell N='FlipX' V='0'/><Cell N='FlipY' V='0'/><Cell N='ResizeMode' V='0'/><Cell N='LineWeight' V='0.01' U='PT' F='GUARD(0.72PT)'/><Cell N='LineColor' V='0' F='GUARD(0)'/><Cell N='LinePattern' V='1' F='GUARD(1)'/><Cell N='Rounding' V='0' F='GUARD(0)'/><Cell N='BeginArrow' V='0' F='GUARD(0)'/><Cell N='EndArrow' V='0' F='GUARD(0)'/><Cell N='LineColorTrans' V='1' F='GUARD(100%)'/><Cell N='FillForegnd' V='6' F='GUARD(6)'/><Cell N='FillBkgnd' V='6' F='GUARD(6)'/><Cell N='FillPattern' V='1' F='GUARD(1)'/><Cell N='FillForegndTrans' V='1' F='GUARD(100%)'/><Cell N='FillBkgndTrans' V='1' F='GUARD(100%)'/><Cell N='Copyright' V='Copyright (c) 2012 Microsoft Corporation.  All rights reserved.'/><Cell N='FillGradientEnabled' V='0' F='GUARD(FALSE)'/><Section N='Geometry' IX='0'><Cell N='NoFill' V='0'/><Cell N='NoLine' V='0'/><Cell N='NoShow' V='0'/><Cell N='NoSnap' V='0'/><Cell N='NoQuickDrag' V='0' F='No Formula'/><Row T='MoveTo' IX='1'><Cell N='X' V='0' U='IN' F='Width*0'/><Cell N='Y' V='0.23' U='IN' F='Height*0.57770521993962'/></Row><Row T='LineTo' IX='2'><Cell N='X' V='0' U='IN' F='Width*0'/><Cell N='Y' V='0.2112311610300091' U='IN' F='Height*0.53056236669975'/></Row><Row T='LineTo' IX='3'><Cell N='X' V='0' U='IN' F='Width*0'/><Cell N='Y' V='0.201999999999998' U='IN' F='Height*0.50737588881653'/></Row><Row T='LineTo' IX='4'><Cell N='X' V='0.0083333333333335' U='IN' F='Width*0.016666666666667'/><Cell N='Y' V='0.1960000000000006' U='IN' F='Height*0.49230531786159'/></Row><Row T='LineTo' IX='5'><Cell N='X' V='0.0083333333333335' U='IN' F='Width*0.016666666666667'/><Cell N='Y' V='0.1800000000000009' U='IN' F='Height*0.4521171286484'/></Row><Row T='LineTo' IX='6'><Cell N='X' V='0.075' U='IN' F='Width*0.15'/><Cell N='Y' V='0.1440000000000008' U='IN' F='Height*0.36169370291872'/></Row><Row T='EllipticalArcTo' IX='7'><Cell N='X' V='0.258333333333335' U='IN' F='Width*0.51666666666667'/><Cell N='Y' V='0.04200000000000155' U='IN' F='Height*0.10549399668463'/><Cell N='A' V='0.14766014995401' U='IN' F='Width*0.29532029990802'/><Cell N='B' V='0.06234098043362219' U='IN' F='Height*0.15658569483764'/><Cell N='C' V='-0.002529224154647601' U='DA' F='_ELLIPSE_THETA(-0.0025292241546441,1.055746298366,0.5,0.39812692020342,Width,Height)'/><Cell N='D' V='1.055746298366' F='_ELLIPSE_ECC(-0.0025292241546441,1.055746298366,0.5,0.39812692020342,Width,Height,Geometry1.C7)'/></Row><Row T='LineTo' IX='8'><Cell N='X' V='0.333333333333335' U='IN' F='Width*0.66666666666667'/><Cell N='Y' V='0' U='IN' F='Height*0'/></Row><Row T='LineTo' IX='9'><Cell N='X' V='0.491666666666665' U='IN' F='Width*0.98333333333333'/><Cell N='Y' V='0.088' U='IN' F='Height*0.22103504067255'/></Row><Row T='LineTo' IX='10'><Cell N='X' V='0.491666666666665' U='IN' F='Width*0.98333333333333'/><Cell N='Y' V='0.104' U='IN' F='Height*0.26122322988574'/></Row><Row T='LineTo' IX='11'><Cell N='X' V='0.5' U='IN' F='Width*1'/><Cell N='Y' V='0.1080000000000006' U='IN' F='Height*0.27127027718904'/></Row><Row T='LineTo' IX='12'><Cell N='X' V='0.5' U='IN' F='Width*1'/><Cell N='Y' V='0.212' U='IN' F='Height*0.53249350707478'/></Row><Row T='LineTo' IX='13'><Cell N='X' V='0.165060660410945' U='IN' F='Width*0.33012132082189'/><Cell N='Y' V='0.3981269202034201' U='IN' F='Height*1'/></Row><Row T='LineTo' IX='14'><Cell N='X' V='0' U='IN' F='Width*0'/><Cell N='Y' V='0.3059999999999977' U='IN' F='Height*0.76859911870227'/></Row><Row T='LineTo' IX='15'><Cell N='X' V='0' U='IN' F='Width*0'/><Cell N='Y' V='0.244' U='IN' F='Height*0.61286988550116'/></Row><Row T='LineTo' IX='16'><Cell N='X' V='0' U='IN' F='Width*0'/><Cell N='Y' V='0.23' U='IN' F='Height*0.57770521993962'/></Row></Section><Section N='Geometry' IX='1'><Cell N='NoFill' V='0'/><Cell N='NoLine' V='0'/><Cell N='NoShow' V='0'/><Cell N='NoSnap' V='0'/><Cell N='NoQuickDrag' V='0' F='No Formula'/><Row T='MoveTo' IX='1'><Cell N='X' V='0.13075215067312' U='IN' F='Width*0.26150430134624'/><Cell N='Y' V='0.1930932997962288' U='IN' F='Height*0.48500437925064'/></Row><Row T='EllipticalArcTo' IX='2'><Cell N='X' V='0.258333333333335' U='IN' F='Width*0.51666666666667'/><Cell N='Y' V='0.1620000000000008' U='IN' F='Height*0.40690541578356'/><Cell N='A' V='0.191220381792385' U='IN' F='Width*0.38244076358477'/><Cell N='B' V='0.1653108869419108' U='IN' F='Height*0.41522157521387'/><Cell N='C' V='-0.001081314207430595' U='DA' F='_ELLIPSE_THETA(-0.0010813142074271,1.055748120269,0.5,0.39812692020342,Width,Height)'/><Cell N='D' V='1.055748120269' F='_ELLIPSE_ECC(-0.0010813142074271,1.055748120269,0.5,0.39812692020342,Width,Height,Geometry2.C2)'/></Row><Row T='EllipticalArcTo' IX='3'><Cell N='X' V='0.13075215067312' U='IN' F='Width*0.26150430134624'/><Cell N='Y' V='0.1930932997962288' U='IN' F='Height*0.48500437925064'/><Cell N='A' V='0.191221306309425' U='IN' F='Width*0.38244261261885'/><Cell N='B' V='0.1653100112584852' U='IN' F='Height*0.41521937570567'/><Cell N='C' V='-0.001962864239235999' U='DA' F='_ELLIPSE_THETA(-0.0019628642392325,1.0557471850302,0.5,0.39812692020342,Width,Height)'/><Cell N='D' V='1.0557471850302' F='_ELLIPSE_ECC(-0.0019628642392325,1.0557471850302,0.5,0.39812692020342,Width,Height,Geometry2.C3)'/></Row></Section></Shape><Shape ID='6' Type='Shape' LineStyle='28' FillStyle='28' TextStyle='28'><Cell N='PinX' V='0.25' U='IN' F='Sheet.5!Width*0.5'/><Cell N='PinY' V='0.2590634601017121' U='IN' F='Sheet.5!Height*0.64765865025428'/><Cell N='Width' V='0.5' U='IN' F='Sheet.5!Width*1'/><Cell N='Height' V='0.27812692020342' U='IN' F='Sheet.5!Height*0.69531730050855'/><Cell N='LocPinX' V='0.25' U='IN' F='Width*0.5'/><Cell N='LocPinY' V='0.13906346010171' U='IN' F='Height*0.5'/><Cell N='Angle' V='0'/><Cell N='FlipX' V='0'/><Cell N='FlipY' V='0'/><Cell N='ResizeMode' V='0'/><Cell N='LineWeight' V='0.01' U='PT' F='GUARD(0.72PT)'/><Cell N='LineColor' V='#ffffff' F='GUARD(RGB(255,255,255))'/><Cell N='LinePattern' V='1' F='GUARD(1)'/><Cell N='Rounding' V='0' F='GUARD(0)'/><Cell N='BeginArrow' V='0' F='GUARD(0)'/><Cell N='EndArrow' V='0' F='GUARD(0)'/><Cell N='FillPattern' V='30' F='GUARD(30)'/><Cell N='ShdwPattern' V='0' F='GUARD(0)'/><Cell N='Copyright' V='Copyright (c) 2012 Microsoft Corporation.  All rights reserved.'/><Cell N='LayerMember' V='' F='No Formula'/><Cell N='FillGradientDir' V='0' F='GUARD(0)'/><Cell N='FillGradientAngle' V='4.7123889803847' U='DEG' F='GUARD(270DEG)'/><Cell N='FillGradientEnabled' V='1' F='GUARD(TRUE)'/><Cell N='UseGroupGradient' V='0' F='GUARD(FALSE)'/><Section N='Geometry' IX='0'><Cell N='NoFill' V='0'/><Cell N='NoLine' V='0'/><Cell N='NoShow' V='0'/><Cell N='NoSnap' V='0'/><Cell N='NoQuickDrag' V='0' F='No Formula'/><Row T='MoveTo' IX='1'><Cell N='X' V='0' U='IN' F='Width*0'/><Cell N='Y' V='0.1859999999999988' U='IN' F='Height*0.66875942776039'/></Row><Row T='LineTo' IX='2'><Cell N='X' V='0.075' U='IN' F='Width*0.15'/><Cell N='Y' V='0.1439999999999989' U='IN' F='Height*0.51774923439514'/></Row><Row T='EllipticalArcTo' IX='3'><Cell N='X' V='0.258333333333335' U='IN' F='Width*0.51666666666667'/><Cell N='Y' V='0.04199999999999991' U='IN' F='Height*0.15101019336525'/><Cell N='A' V='0.13075215066245' U='IN' F='Width*0.2615043013249'/><Cell N='B' V='0.07309329980393409' U='IN' F='Height*0.26280555564515'/><Cell N='C' V='-0.001081314207416535' U='DA' F='_ELLIPSE_THETA(-3.1459632600236,1.0135185866331,0.47244094488189,0.27374696870415,Width,Height)'/><Cell N='D' V='1.055748120268969' F='_ELLIPSE_ECC(-3.1459632600236,1.0135185866331,0.47244094488189,0.27374696870415,Width,Height,Geometry1.C3)'/></Row><Row T='LineTo' IX='4'><Cell N='X' V='0.333333333333335' U='IN' F='Width*0.66666666666667'/><Cell N='Y' V='0' U='IN' F='Height*0'/></Row><Row T='LineTo' IX='5'><Cell N='X' V='0.5' U='IN' F='Width*1'/><Cell N='Y' V='0.09200000000000101' U='IN' F='Height*0.33078423308579'/></Row><Row T='LineTo' IX='6'><Cell N='X' V='0.165060660410945' U='IN' F='Width*0.33012132082189'/><Cell N='Y' V='0.27812692020342' U='IN' F='Height*1'/></Row><Row T='LineTo' IX='7'><Cell N='X' V='0' U='IN' F='Geometry1.X1'/><Cell N='Y' V='0.1859999999999988' U='IN' F='Geometry1.Y1'/></Row></Section></Shape><Shape ID='7' Type='Shape' LineStyle='29' FillStyle='29' TextStyle='29'><Cell N='PinX' V='0.416666666666665' U='IN' F='Sheet.5!Width*0.83333333333333'/><Cell N='PinY' V='0.106' U='IN' F='Sheet.5!Height*0.265'/><Cell N='Width' V='0.166666666666665' U='IN' F='Sheet.5!Width*0.33333333333333'/><Cell N='Height' V='0.212' U='IN' F='Sheet.5!Height*0.53'/><Cell N='LocPinX' V='0.0833333333333325' U='IN' F='Width*0.5'/><Cell N='LocPinY' V='0.106' U='IN' F='Height*0.5'/><Cell N='Angle' V='0'/><Cell N='FlipX' V='0'/><Cell N='FlipY' V='0'/><Cell N='ResizeMode' V='0'/><Cell N='LineWeight' V='0.01' U='PT' F='GUARD(0.72PT)'/><Cell N='LineColor' V='#ffffff' F='GUARD(RGB(255,255,255))'/><Cell N='LinePattern' V='1' F='GUARD(1)'/><Cell N='Rounding' V='0' F='GUARD(0)'/><Cell N='BeginArrow' V='0' F='GUARD(0)'/><Cell N='EndArrow' V='0' F='GUARD(0)'/><Cell N='FillPattern' V='31' F='GUARD(31)'/><Cell N='ShdwPattern' V='0' F='GUARD(0)'/><Cell N='Copyright' V='Copyright (c) 2012 Microsoft Corporation.  All rights reserved.'/><Cell N='LayerMember' V='' F='No Formula'/><Cell N='FillGradientDir' V='12' F='GUARD(12)'/><Cell N='FillGradientEnabled' V='1' F='GUARD(TRUE)'/><Cell N='UseGroupGradient' V='0' F='GUARD(FALSE)'/><Section N='Geometry' IX='0'><Cell N='NoFill' V='0'/><Cell N='NoLine' V='0'/><Cell N='NoShow' V='0'/><Cell N='NoSnap' V='0'/><Cell N='NoQuickDrag' V='0' F='No Formula'/><Row T='MoveTo' IX='1'><Cell N='X' V='0' U='IN' F='Width*0'/><Cell N='Y' V='0' U='IN' F='Height*0'/></Row><Row T='LineTo' IX='2'><Cell N='X' V='0.1583333333333317' U='IN' F='Width*0.95'/><Cell N='Y' V='0.08799999999999969' U='IN' F='Height*0.41509433962264'/></Row><Row T='LineTo' IX='3'><Cell N='X' V='0.1583333333333317' U='IN' F='Width*0.95'/><Cell N='Y' V='0.104' U='IN' F='Height*0.49056603773585'/></Row><Row T='LineTo' IX='4'><Cell N='X' V='0.166666666666665' U='IN' F='Width*1'/><Cell N='Y' V='0.108' U='IN' F='Height*0.50943396226415'/></Row><Row T='LineTo' IX='5'><Cell N='X' V='0.166666666666665' U='IN' F='Width*1'/><Cell N='Y' V='0.212' U='IN' F='Height*1'/></Row><Row T='LineTo' IX='6'><Cell N='X' V='0' U='IN' F='Width*0'/><Cell N='Y' V='0.1200000000000007' U='IN' F='Height*0.56603773584906'/></Row><Row T='LineTo' IX='7'><Cell N='X' V='0' U='IN' F='Geometry1.X1'/><Cell N='Y' V='0' U='IN' F='Geometry1.Y1'/></Row></Section></Shape><Shape ID='8' Type='Shape' LineStyle='30' FillStyle='30' TextStyle='30'><Cell N='PinX' V='0.16666666666667' U='IN' F='Sheet.5!Width*0.33333333333334'/><Cell N='PinY' V='0.153' U='IN' F='Sheet.5!Height*0.3825'/><Cell N='Width' V='0.33333333333333' U='IN' F='Sheet.5!Width*0.66666666666666'/><Cell N='Height' V='0.306' U='IN' F='Sheet.5!Height*0.765'/><Cell N='LocPinX' V='0.166666666666665' U='IN' F='Width*0.5'/><Cell N='LocPinY' V='0.153' U='IN' F='Height*0.5'/><Cell N='Angle' V='0'/><Cell N='FlipX' V='0'/><Cell N='FlipY' V='0'/><Cell N='ResizeMode' V='0'/><Cell N='LineWeight' V='0.01' U='PT' F='GUARD(0.72PT)'/><Cell N='LineColor' V='#000000' F='GUARD(RGB(0,0,0))'/><Cell N='LinePattern' V='1' F='GUARD(1)'/><Cell N='Rounding' V='0' F='GUARD(0)'/><Cell N='BeginArrow' V='0' F='GUARD(0)'/><Cell N='EndArrow' V='0' F='GUARD(0)'/><Cell N='FillPattern' V='32' F='GUARD(32)'/><Cell N='ShdwPattern' V='0' F='GUARD(0)'/><Cell N='Copyright' V='Copyright (c) 2012 Microsoft Corporation.  All rights reserved.'/><Cell N='LayerMember' V='' F='No Formula'/><Cell N='FillGradientDir' V='11' F='GUARD(11)'/><Cell N='FillGradientEnabled' V='1' F='GUARD(TRUE)'/><Cell N='UseGroupGradient' V='0' F='GUARD(FALSE)'/><Section N='Geometry' IX='0'><Cell N='NoFill' V='0'/><Cell N='NoLine' V='0'/><Cell N='NoShow' V='0'/><Cell N='NoSnap' V='0'/><Cell N='NoQuickDrag' V='0' F='No Formula'/><Row T='MoveTo' IX='1'><Cell N='X' V='0' U='IN' F='Width*0'/><Cell N='Y' V='0.2020000000000005' U='IN' F='Height*0.66013071895425'/></Row><Row T='LineTo' IX='2'><Cell N='X' V='0.00833333333333125' U='IN' F='Width*0.024999999999994'/><Cell N='Y' V='0.195999999999999' U='IN' F='Height*0.64052287581699'/></Row><Row T='LineTo' IX='3'><Cell N='X' V='0.00833333333333125' U='IN' F='Width*0.024999999999994'/><Cell N='Y' V='0.1800000000000009' U='IN' F='Height*0.58823529411765'/></Row><Row T='LineTo' IX='4'><Cell N='X' V='0.07499999999999925' U='IN' F='Width*0.225'/><Cell N='Y' V='0.1440000000000007' U='IN' F='Height*0.47058823529412'/></Row><Row T='EllipticalArcTo' IX='5'><Cell N='X' V='0.2583333333333308' U='IN' F='Width*0.775'/><Cell N='Y' V='0.04199999999999868' U='IN' F='Height*0.13725490196078'/><Cell N='A' V='0.1307521506624487' U='IN' F='Width*0.39225645198735'/><Cell N='B' V='0.07309329980393288' U='IN' F='Height*0.23886699282331'/><Cell N='C' V='-0.002529224154624918' U='DA' F='_ELLIPSE_THETA(-3.1518158451686,1.0135185866331,0.31496062992126,0.3011811023622,Width,Height)'/><Cell N='D' V='1.055746298365905' F='_ELLIPSE_ECC(-3.1518158451686,1.0135185866331,0.31496062992126,0.3011811023622,Width,Height,Geometry1.C5)'/></Row><Row T='LineTo' IX='6'><Cell N='X' V='0.33333333333333' U='IN' F='Width*1'/><Cell N='Y' V='0' U='IN' F='Height*0'/></Row><Row T='LineTo' IX='7'><Cell N='X' V='0.33333333333333' U='IN' F='Width*1'/><Cell N='Y' V='0.1200000000000006' U='IN' F='Height*0.3921568627451'/></Row><Row T='LineTo' IX='8'><Cell N='X' V='0.2583333333333308' U='IN' F='Width*0.775'/><Cell N='Y' V='0.1619999999999993' U='IN' F='Height*0.52941176470588'/></Row><Row T='EllipticalArcTo' IX='9'><Cell N='X' V='0.07499999999999925' U='IN' F='Width*0.225'/><Cell N='Y' V='0.2640000000000013' U='IN' F='Height*0.86274509803922'/><Cell N='A' V='0.1307521506624487' U='IN' F='Width*0.39225645198735'/><Cell N='B' V='0.1930932998039335' U='IN' F='Height*0.63102385556841'/><Cell N='C' V='-0.001962864239215314' U='DA' F='_ELLIPSE_THETA(-3.1495265198049,1.0135185866331,0.31496062992126,0.3011811023622,Width,Height)'/><Cell N='D' V='1.055747185030152' F='_ELLIPSE_ECC(-3.1495265198049,1.0135185866331,0.31496062992126,0.3011811023622,Width,Height,Geometry1.C9)'/></Row><Row T='LineTo' IX='10'><Cell N='X' V='0' U='IN' F='Width*0'/><Cell N='Y' V='0.306' U='IN' F='Height*1'/></Row><Row T='LineTo' IX='11'><Cell N='X' V='0' U='IN' F='Geometry1.X1'/><Cell N='Y' V='0.2020000000000005' U='IN' F='Geometry1.Y1'/></Row></Section></Shape><Shape ID='9' Type='Shape' LineStyle='21' FillStyle='21' TextStyle='21'><Cell N='PinX' V='0.25' U='IN' F='Sheet.5!Width*0.5'/><Cell N='PinY' V='0.2' U='IN' F='Sheet.5!Height*0.5'/><Cell N='Width' V='0.5' U='IN' F='Sheet.5!Width*1'/><Cell N='Height' V='0.4' U='IN' F='Sheet.5!Height*1'/><Cell N='LocPinX' V='0.25' U='IN' F='Width*0.5'/><Cell N='LocPinY' V='0.2' U='IN' F='Height*0.5'/><Cell N='Angle' V='0'/><Cell N='FlipX' V='0'/><Cell N='FlipY' V='0'/><Cell N='ResizeMode' V='0'/><Cell N='LineWeight' V='0.02083333333333333' U='PT' F='GUARD(1.5PT)'/><Cell N='LinePattern' V='1' F='GUARD(1)'/><Cell N='Rounding' V='0' F='GUARD(0)'/><Cell N='BeginArrow' V='0' F='GUARD(0)'/><Cell N='EndArrow' V='0' F='GUARD(0)'/><Cell N='FillPattern' V='1' F='GUARD(1)'/><Cell N='ShdwPattern' V='0' F='GUARD(0)'/><Cell N='Copyright' V='Copyright (c) 2012 Microsoft Corporation.  All rights reserved.'/><Cell N='LayerMember' V='' F='No Formula'/><Cell N='FillGradientEnabled' V='0' F='GUARD(FALSE)'/><Section N='Geometry' IX='0'><Cell N='NoFill' V='1' F='GUARD(TRUE)'/><Cell N='NoLine' V='0'/><Cell N='NoShow' V='0'/><Cell N='NoSnap' V='0'/><Cell N='NoQuickDrag' V='0' F='No Formula'/><Row T='MoveTo' IX='1'><Cell N='X' V='0' U='IN' F='Width*0'/><Cell N='Y' V='0.306' U='IN' F='Height*0.765'/></Row><Row T='LineTo' IX='2'><Cell N='X' V='0' U='IN' F='Width*0'/><Cell N='Y' V='0.202' U='IN' F='Height*0.505'/></Row><Row T='LineTo' IX='3'><Cell N='X' V='0.008333333333332501' U='IN' F='Width*0.016666666666665'/><Cell N='Y' V='0.196' U='IN' F='Height*0.49'/></Row><Row T='LineTo' IX='4'><Cell N='X' V='0.008333333333332501' U='IN' F='Width*0.016666666666665'/><Cell N='Y' V='0.18' U='IN' F='Height*0.45'/></Row><Row T='LineTo' IX='5'><Cell N='X' V='0.075' U='IN' F='Width*0.15'/><Cell N='Y' V='0.144' U='IN' F='Height*0.36'/></Row><Row T='EllipticalArcTo' IX='6'><Cell N='X' V='0.258333333333335' U='IN' F='Width*0.51666666666667'/><Cell N='Y' V='0.042' U='IN' F='Height*0.105'/><Cell N='A' V='0.13075215066245' U='IN' F='Width*0.2615043013249'/><Cell N='B' V='0.07309329980393201' U='IN' F='Height*0.18273324950983'/><Cell N='C' V='-0.002577649373045539' U='DA' F='_ELLIPSE_THETA(-0.010418938259083,1.0135185866331,0.47244094488189,0.39370078740157,Width,Height)'/><Cell N='D' V='1.055746212176887' F='_ELLIPSE_ECC(-0.010418938259083,1.0135185866331,0.47244094488189,0.39370078740157,Width,Height,Geometry1.C6)'/></Row><Row T='LineTo' IX='7'><Cell N='X' V='0.333333333333335' U='IN' F='Width*0.66666666666667'/><Cell N='Y' V='0' U='IN' F='Height*0'/></Row><Row T='LineTo' IX='8'><Cell N='X' V='0.491666666666665' U='IN' F='Width*0.98333333333333'/><Cell N='Y' V='0.088' U='IN' F='Height*0.22'/></Row><Row T='LineTo' IX='9'><Cell N='X' V='0.491666666666665' U='IN' F='Width*0.98333333333333'/><Cell N='Y' V='0.104' U='IN' F='Height*0.26'/></Row><Row T='LineTo' IX='10'><Cell N='X' V='0.5' U='IN' F='Width*1'/><Cell N='Y' V='0.108' U='IN' F='Height*0.27'/></Row><Row T='LineTo' IX='11'><Cell N='X' V='0.5' U='IN' F='Width*1'/><Cell N='Y' V='0.212' U='IN' F='Height*0.53'/></Row><Row T='LineTo' IX='12'><Cell N='X' V='0.166666666666665' U='IN' F='Width*0.33333333333333'/><Cell N='Y' V='0.4' U='IN' F='Height*1'/></Row><Row T='LineTo' IX='13'><Cell N='X' V='0' U='IN' F='Geometry1.X1'/><Cell N='Y' V='0.306' U='IN' F='Geometry1.Y1'/></Row></Section></Shape><Shape ID='10' Type='Shape' LineStyle='26' FillStyle='26' TextStyle='26'><Cell N='PinX' V='0.0416666666666665' U='IN' F='Sheet.5!Width*0.083333333333333'/><Cell N='PinY' V='0.251416819218864' U='IN' F='Sheet.5!Height*0.62854204804716'/><Cell N='Width' V='0.037806062400925' U='IN' F='Sheet.5!Width*0.07561212480185'/><Cell N='Height' V='0.05483363843772801' U='IN' F='Sheet.5!Height*0.13708409609432'/><Cell N='LocPinX' V='0.0189030312004625' U='IN' F='Width*0.5'/><Cell N='LocPinY' V='0.02741681921886401' U='IN' F='Height*0.5'/><Cell N='Angle' V='0'/><Cell N='FlipX' V='0'/><Cell N='FlipY' V='0'/><Cell N='ResizeMode' V='0'/><Cell N='LineWeight' V='0.001666666666666667' U='PT' F='GUARD(0.12PT)'/><Cell N='LineColor' V='0' F='GUARD(0)'/><Cell N='LinePattern' V='1' F='GUARD(1)'/><Cell N='Rounding' V='0' F='GUARD(0)'/><Cell N='BeginArrow' V='0' F='GUARD(0)'/><Cell N='EndArrow' V='0' F='GUARD(0)'/><Cell N='FillForegnd' V='1' F='GUARD(1)'/><Cell N='FillBkgnd' V='9' F='GUARD(9)'/><Cell N='FillPattern' V='40' F='GUARD(40)'/><Cell N='ShdwPattern' V='0' F='GUARD(0)'/><Cell N='Copyright' V='Copyright (c) 2012 Microsoft Corporation.  All rights reserved.'/><Cell N='LayerMember' V='' F='No Formula'/><Cell N='FillGradientDir' V='3' F='GUARD(3)'/><Cell N='FillGradientEnabled' V='1' F='GUARD(TRUE)'/><Cell N='UseGroupGradient' V='0' F='GUARD(FALSE)'/><Cell N='QuickStyleVariation' V='6'/><Section N='Character'><Row IX='0'><Cell N='ComplexScriptSize' V='-1'/></Row></Section><Section N='FillGradient'><Row IX='0'><Cell N='GradientStopColor' V='1' F='GUARD(1)'/></Row><Row IX='1'><Cell N='GradientStopColor' V='9' F='GUARD(9)'/></Row></Section><Section N='Geometry' IX='0'><Cell N='NoFill' V='0'/><Cell N='NoLine' V='0'/><Cell N='NoShow' V='0'/><Cell N='NoSnap' V='0'/><Cell N='NoQuickDrag' V='0' F='No Formula'/><Row T='MoveTo' IX='1'><Cell N='X' V='0' U='IN' F='Width*0'/><Cell N='Y' V='0.01939693332491117' U='IN' F='Height*0.35374149659865'/></Row><Row T='LineTo' IX='2'><Cell N='X' V='0.037806062400925' U='IN' F='Width*1'/><Cell N='Y' V='0' U='IN' F='Height*0'/></Row><Row T='LineTo' IX='3'><Cell N='X' V='0.037806062400925' U='IN' F='Width*1'/><Cell N='Y' V='0.03469066921570604' U='IN' F='Height*0.6326530612245'/></Row><Row T='LineTo' IX='4'><Cell N='X' V='0' U='IN' F='Width*0'/><Cell N='Y' V='0.05483363843772801' U='IN' F='Height*1'/></Row><Row T='LineTo' IX='5'><Cell N='X' V='0' U='IN' F='Geometry1.X1'/><Cell N='Y' V='0.01939693332491117' U='IN' F='Geometry1.Y1'/></Row></Section></Shape><Shape ID='32' Type='Shape' LineStyle='30' FillStyle='30' TextStyle='30'><Cell N='PinX' V='0.16666666666667' U='IN' F='Sheet.5!Width*0.33333333333334'/><Cell N='PinY' V='0.136' U='IN' F='Sheet.5!Height*0.34'/><Cell N='Width' V='0.33333333333333' U='IN' F='Sheet.5!Width*0.66666666666666'/><Cell N='Height' V='0.216' U='IN' F='Sheet.5!Height*0.54'/><Cell N='LocPinX' V='0.166666666666665' U='IN' F='Width*0.5'/><Cell N='LocPinY' V='0.108' U='IN' F='Height*0.5'/><Cell N='Angle' V='0'/><Cell N='FlipX' V='0'/><Cell N='FlipY' V='0'/><Cell N='ResizeMode' V='0'/><Cell N='LineWeight' V='0.01' U='PT' F='GUARD(0.72PT)'/><Cell N='LineColor' V='#000000' F='GUARD(RGB(0,0,0))'/><Cell N='LinePattern' V='1' F='GUARD(1)'/><Cell N='Rounding' V='0' F='GUARD(0)'/><Cell N='BeginArrow' V='0' F='GUARD(0)'/><Cell N='EndArrow' V='0' F='GUARD(0)'/><Cell N='FillPattern' V='32' F='GUARD(32)'/><Cell N='ShdwPattern' V='0' F='GUARD(0)'/><Cell N='Copyright' V='Copyright (c) 2012 Microsoft Corporation.  All rights reserved.'/><Cell N='LayerMember' V='' F='No Formula'/><Cell N='FillGradientDir' V='11' F='GUARD(11)'/><Cell N='FillGradientEnabled' V='1' F='GUARD(TRUE)'/><Cell N='UseGroupGradient' V='0' F='GUARD(FALSE)'/><Section N='Geometry' IX='0'><Cell N='NoFill' V='0'/><Cell N='NoLine' V='0'/><Cell N='NoShow' V='0'/><Cell N='NoSnap' V='0'/><Cell N='NoQuickDrag' V='0' F='No Formula'/><Row T='MoveTo' IX='1'><Cell N='X' V='0' U='IN' F='Width*0'/><Cell N='Y' V='0.2019999999999989' U='IN' F='Height*0.93518518518518'/></Row><Row T='LineTo' IX='2'><Cell N='X' V='0' U='IN' F='Width*0'/><Cell N='Y' V='0.1832311610300117' U='IN' F='Height*0.84829241217598'/></Row><Row T='LineTo' IX='3'><Cell N='X' V='0.07499999999999925' U='IN' F='Width*0.225'/><Cell N='Y' V='0.1440000000000007' U='IN' F='Height*0.66666666666667'/></Row><Row T='EllipticalArcTo' IX='4'><Cell N='X' V='0.2583333333333308' U='IN' F='Width*0.775'/><Cell N='Y' V='0.04199999999999905' U='IN' F='Height*0.19444444444444'/><Cell N='A' V='0.1307521506624487' U='IN' F='Width*0.39225645198735'/><Cell N='B' V='0.07309329980393305' U='IN' F='Height*0.33839490649969'/><Cell N='C' V='-0.002529224154636945' U='DA' F='_ELLIPSE_THETA(-0.010223191578858,1.0135185866331,0.31496062992126,0.21259842519685,Width,Height)'/><Cell N='D' V='1.055746298365919' F='_ELLIPSE_ECC(-0.010223191578858,1.0135185866331,0.31496062992126,0.21259842519685,Width,Height,Geometry1.C4)'/></Row><Row T='LineTo' IX='5'><Cell N='X' V='0.33333333333333' U='IN' F='Width*1'/><Cell N='Y' V='0' U='IN' F='Height*0'/></Row><Row T='LineTo' IX='6'><Cell N='X' V='0.33333333333333' U='IN' F='Width*1'/><Cell N='Y' V='0.03000000000000025' U='IN' F='Height*0.13888888888889'/></Row><Row T='LineTo' IX='7'><Cell N='X' V='0.2583333333333308' U='IN' F='Width*0.775'/><Cell N='Y' V='0.07199999999999929' U='IN' F='Height*0.33333333333333'/></Row><Row T='EllipticalArcTo' IX='8'><Cell N='X' V='0.07499999999999925' U='IN' F='Width*0.225'/><Cell N='Y' V='0.174000000000001' U='IN' F='Height*0.80555555555556'/><Cell N='A' V='0.1307521506624487' U='IN' F='Width*0.39225645198735'/><Cell N='B' V='0.1030932998039333' U='IN' F='Height*0.47728379538858'/><Cell N='C' V='-0.001962864239227483' U='DA' F='_ELLIPSE_THETA(-0.0079338662151578,1.0135185866331,0.31496062992126,0.21259842519685,Width,Height)'/><Cell N='D' V='1.055747185030167' F='_ELLIPSE_ECC(-0.0079338662151578,1.0135185866331,0.31496062992126,0.21259842519685,Width,Height,Geometry1.C8)'/></Row><Row T='LineTo' IX='9'><Cell N='X' V='0' U='IN' F='Width*0'/><Cell N='Y' V='0.216' U='IN' F='Height*1'/></Row><Row T='LineTo' IX='10'><Cell N='X' V='0' U='IN' F='Geometry1.X1'/><Cell N='Y' V='0.2019999999999989' U='IN' F='Geometry1.Y1'/></Row></Section></Shape><Shape ID='14' Type='Shape' LineStyle='3' FillStyle='3' TextStyle='3'><Cell N='PinX' V='0.145055438500125' U='IN' F='Sheet.5!Width*0.29011087700025'/><Cell N='PinY' V='0.169645613281852' U='IN' F='Sheet.5!Height*0.42411403320463'/><Cell N='Width' V='0.017063401544965' U='IN' F='Sheet.5!Width*0.03412680308993'/><Cell N='Height' V='0.046881518307584' U='IN' F='Sheet.5!Height*0.11720379576896'/><Cell N='LocPinX' V='0.0085317007724825' U='IN' F='Width*0.5'/><Cell N='LocPinY' V='0.023440759153792' U='IN' F='Height*0.5'/><Cell N='Angle' V='0'/><Cell N='FlipX' V='0'/><Cell N='FlipY' V='0'/><Cell N='ResizeMode' V='0'/><Cell N='LineWeight' V='0.01' U='PT' F='GUARD(0.72PT)'/><Cell N='LineColor' V='#009900' F='GUARD(RGB(0,153,0))'/><Cell N='LinePattern' V='1' F='GUARD(1)'/><Cell N='Rounding' V='0' F='GUARD(0)'/><Cell N='BeginArrow' V='0' F='GUARD(0)'/><Cell N='EndArrow' V='0' F='GUARD(0)'/><Cell N='FillForegnd' V='#339966' F='GUARD(RGB(51,153,102))'/><Cell N='FillBkgnd' V='0' F='GUARD(0)'/><Cell N='FillPattern' V='1' F='GUARD(1)'/><Cell N='ShdwPattern' V='0' F='GUARD(0)'/><Cell N='Copyright' V='Copyright (c) 2012 Microsoft Corporation.  All rights reserved.'/><Cell N='LayerMember' V='' F='No Formula'/><Cell N='FillGradientEnabled' V='0' F='GUARD(FALSE)'/><Section N='Geometry' IX='0'><Cell N='NoFill' V='1'/><Cell N='NoLine' V='0'/><Cell N='NoShow' V='0'/><Cell N='NoSnap' V='0'/><Cell N='NoQuickDrag' V='0' F='No Formula'/><Row T='MoveTo' IX='1'><Cell N='X' V='0.017063401544965' U='IN' F='Width*1'/><Cell N='Y' V='0.046881518307584' U='IN' F='Height*1'/></Row><Row T='LineTo' IX='2'><Cell N='X' V='0' U='IN' F='Width*0'/><Cell N='Y' V='0.03925928279874872' U='IN' F='Height*0.83741491777577'/></Row><Row T='LineTo' IX='3'><Cell N='X' V='0.0007946322530225968' U='IN' F='Width*0.04656939303272'/><Cell N='Y' V='0' U='IN' F='Height*0'/></Row></Section></Shape><Shape ID='15' Type='Shape' LineStyle='3' FillStyle='3' TextStyle='3'><Cell N='PinX' V='0.16626993178837' U='IN' F='Sheet.5!Width*0.33253986357674'/><Cell N='PinY' V='0.157114525713764' U='IN' F='Sheet.5!Height*0.39278631428441'/><Cell N='Width' V='0.017063401544965' U='IN' F='Sheet.5!Width*0.03412680308993'/><Cell N='Height' V='0.05022905142752801' U='IN' F='Sheet.5!Height*0.12557262856882'/><Cell N='LocPinX' V='0.0085317007724825' U='IN' F='Width*0.5'/><Cell N='LocPinY' V='0.02511452571376401' U='IN' F='Height*0.5'/><Cell N='Angle' V='0'/><Cell N='FlipX' V='0'/><Cell N='FlipY' V='0'/><Cell N='ResizeMode' V='0'/><Cell N='LineWeight' V='0.01' U='PT' F='GUARD(0.72PT)'/><Cell N='LineColor' V='#009900' F='GUARD(RGB(0,153,0))'/><Cell N='LinePattern' V='1' F='GUARD(1)'/><Cell N='Rounding' V='0' F='GUARD(0)'/><Cell N='BeginArrow' V='0' F='GUARD(0)'/><Cell N='EndArrow' V='0' F='GUARD(0)'/><Cell N='FillForegnd' V='#339966' F='GUARD(RGB(51,153,102))'/><Cell N='FillBkgnd' V='0' F='GUARD(0)'/><Cell N='FillPattern' V='1' F='GUARD(1)'/><Cell N='ShdwPattern' V='0' F='GUARD(0)'/><Cell N='Copyright' V='Copyright (c) 2012 Microsoft Corporation.  All rights reserved.'/><Cell N='LayerMember' V='' F='No Formula'/><Cell N='FillGradientEnabled' V='0' F='GUARD(FALSE)'/><Section N='Geometry' IX='0'><Cell N='NoFill' V='1'/><Cell N='NoLine' V='0'/><Cell N='NoShow' V='0'/><Cell N='NoSnap' V='0'/><Cell N='NoQuickDrag' V='0' F='No Formula'/><Row T='MoveTo' IX='1'><Cell N='X' V='0.017063401544965' U='IN' F='Width*1'/><Cell N='Y' V='0.05022905142752801' U='IN' F='Height*1'/></Row><Row T='LineTo' IX='2'><Cell N='X' V='0' U='IN' F='Width*0'/><Cell N='Y' V='0.0420625569711383' U='IN' F='Height*0.83741491777577'/></Row><Row T='LineTo' IX='3'><Cell N='X' V='0.0007946322530225968' U='IN' F='Width*0.04656939303272'/><Cell N='Y' V='0' U='IN' F='Height*0'/></Row></Section></Shape><Shape ID='16' Type='Shape' LineStyle='3' FillStyle='3' TextStyle='3'><Cell N='PinX' V='0.1875' U='IN' F='Sheet.5!Width*0.375'/><Cell N='PinY' V='0.149440759153792' U='IN' F='Sheet.5!Height*0.37360189788448'/><Cell N='Width' V='0.017063401544965' U='IN' F='Sheet.5!Width*0.03412680308993'/><Cell N='Height' V='0.050881518307584' U='IN' F='Sheet.5!Height*0.12720379576896'/><Cell N='LocPinX' V='0.0085317007724825' U='IN' F='Width*0.5'/><Cell N='LocPinY' V='0.025440759153792' U='IN' F='Height*0.5'/><Cell N='Angle' V='0'/><Cell N='FlipX' V='0'/><Cell N='FlipY' V='0'/><Cell N='ResizeMode' V='0'/><Cell N='LineWeight' V='0.01' U='PT' F='GUARD(0.72PT)'/><Cell N='LineColor' V='#009900' F='GUARD(RGB(0,153,0))'/><Cell N='LinePattern' V='1' F='GUARD(1)'/><Cell N='Rounding' V='0' F='GUARD(0)'/><Cell N='BeginArrow' V='0' F='GUARD(0)'/><Cell N='EndArrow' V='0' F='GUARD(0)'/><Cell N='FillForegnd' V='#339966' F='GUARD(RGB(51,153,102))'/><Cell N='FillBkgnd' V='0' F='GUARD(0)'/><Cell N='FillPattern' V='1' F='GUARD(1)'/><Cell N='ShdwPattern' V='0' F='GUARD(0)'/><Cell N='Copyright' V='Copyright (c) 2012 Microsoft Corporation.  All rights reserved.'/><Cell N='LayerMember' V='' F='No Formula'/><Cell N='FillGradientEnabled' V='0' F='GUARD(FALSE)'/><Section N='Geometry' IX='0'><Cell N='NoFill' V='1'/><Cell N='NoLine' V='0'/><Cell N='NoShow' V='0'/><Cell N='NoSnap' V='0'/><Cell N='NoQuickDrag' V='0' F='No Formula'/><Row T='MoveTo' IX='1'><Cell N='X' V='0.017063401544965' U='IN' F='Width*1'/><Cell N='Y' V='0.050881518307584' U='IN' F='Height*1'/></Row><Row T='LineTo' IX='2'><Cell N='X' V='0' U='IN' F='Width*0'/><Cell N='Y' V='0.04260894246985179' U='IN' F='Height*0.83741491777577'/></Row><Row T='LineTo' IX='3'><Cell N='X' V='0.0007946322530225968' U='IN' F='Width*0.04656939303272'/><Cell N='Y' V='0' U='IN' F='Height*0'/></Row></Section></Shape><Shape ID='17' Type='Shape' LineStyle='3' FillStyle='3' TextStyle='3'><Cell N='PinX' V='0.1125' U='IN' F='Sheet.5!Width*0.225'/><Cell N='PinY' V='0.1970446350276' U='IN' F='Sheet.5!Height*0.492611587569'/><Cell N='Width' V='0.017063401544965' U='IN' F='Sheet.5!Width*0.03412680308993'/><Cell N='Height' V='0.042089270055196' U='IN' F='Sheet.5!Height*0.10522317513799'/><Cell N='LocPinX' V='0.0085317007724825' U='IN' F='Width*0.5'/><Cell N='LocPinY' V='0.021044635027598' U='IN' F='Height*0.5'/><Cell N='Angle' V='0'/><Cell N='FlipX' V='0'/><Cell N='FlipY' V='0'/><Cell N='ResizeMode' V='0'/><Cell N='LineWeight' V='0.01' U='PT' F='GUARD(0.72PT)'/><Cell N='LineColor' V='#009900' F='GUARD(RGB(0,153,0))'/><Cell N='LinePattern' V='1' F='GUARD(1)'/><Cell N='Rounding' V='0' F='GUARD(0)'/><Cell N='BeginArrow' V='0' F='GUARD(0)'/><Cell N='EndArrow' V='0' F='GUARD(0)'/><Cell N='FillForegnd' V='#339966' F='GUARD(RGB(51,153,102))'/><Cell N='FillBkgnd' V='0' F='GUARD(0)'/><Cell N='FillPattern' V='1' F='GUARD(1)'/><Cell N='ShdwPattern' V='0' F='GUARD(0)'/><Cell N='Copyright' V='Copyright (c) 2012 Microsoft Corporation.  All rights reserved.'/><Cell N='LayerMember' V='' F='No Formula'/><Cell N='FillGradientEnabled' V='0' F='GUARD(FALSE)'/><Section N='Geometry' IX='0'><Cell N='NoFill' V='1'/><Cell N='NoLine' V='0'/><Cell N='NoShow' V='0'/><Cell N='NoSnap' V='0'/><Cell N='NoQuickDrag' V='0' F='No Formula'/><Row T='MoveTo' IX='1'><Cell N='X' V='0.017063401544965' U='IN' F='Width*1'/><Cell N='Y' V='0.042089270055196' U='IN' F='Height*1'/></Row><Row T='LineTo' IX='2'><Cell N='X' V='0' U='IN' F='Width*0'/><Cell N='Y' V='0.03524618262251414' U='IN' F='Height*0.83741491777577'/></Row><Row T='LineTo' IX='3'><Cell N='X' V='0.0007946322530225968' U='IN' F='Width*0.04656939303272'/><Cell N='Y' V='0' U='IN' F='Height*0'/></Row></Section></Shape><Shape ID='18' Type='Shape' LineStyle='3' FillStyle='3' TextStyle='3'><Cell N='PinX' V='0.129166666666665' U='IN' F='Sheet.5!Width*0.25833333333333'/><Cell N='PinY' V='0.18213582539368' U='IN' F='Sheet.5!Height*0.4553395634842'/><Cell N='Width' V='0.017063401544965' U='IN' F='Sheet.5!Width*0.03412680308993'/><Cell N='Height' V='0.044271650787356' U='IN' F='Sheet.5!Height*0.11067912696839'/><Cell N='LocPinX' V='0.0085317007724825' U='IN' F='Width*0.5'/><Cell N='LocPinY' V='0.022135825393678' U='IN' F='Height*0.5'/><Cell N='Angle' V='0'/><Cell N='FlipX' V='0'/><Cell N='FlipY' V='0'/><Cell N='ResizeMode' V='0'/><Cell N='LineWeight' V='0.01' U='PT' F='GUARD(0.72PT)'/><Cell N='LineColor' V='#009900' F='GUARD(RGB(0,153,0))'/><Cell N='LinePattern' V='1' F='GUARD(1)'/><Cell N='Rounding' V='0' F='GUARD(0)'/><Cell N='BeginArrow' V='0' F='GUARD(0)'/><Cell N='EndArrow' V='0' F='GUARD(0)'/><Cell N='FillForegnd' V='#339966' F='GUARD(RGB(51,153,102))'/><Cell N='FillBkgnd' V='0' F='GUARD(0)'/><Cell N='FillPattern' V='1' F='GUARD(1)'/><Cell N='ShdwPattern' V='0' F='GUARD(0)'/><Cell N='Copyright' V='Copyright (c) 2012 Microsoft Corporation.  All rights reserved.'/><Cell N='LayerMember' V='' F='No Formula'/><Cell N='FillGradientEnabled' V='0' F='GUARD(FALSE)'/><Section N='Geometry' IX='0'><Cell N='NoFill' V='1'/><Cell N='NoLine' V='0'/><Cell N='NoShow' V='0'/><Cell N='NoSnap' V='0'/><Cell N='NoQuickDrag' V='0' F='No Formula'/><Row T='MoveTo' IX='1'><Cell N='X' V='0.017063401544965' U='IN' F='Width*1'/><Cell N='Y' V='0.044271650787356' U='IN' F='Height*1'/></Row><Row T='LineTo' IX='2'><Cell N='X' V='0' U='IN' F='Width*0'/><Cell N='Y' V='0.03707374080389133' U='IN' F='Height*0.83741491777577'/></Row><Row T='LineTo' IX='3'><Cell N='X' V='0.0007946322530225968' U='IN' F='Width*0.04656939303272'/><Cell N='Y' V='0' U='IN' F='Height*0'/></Row></Section></Shape></Shapes></Shape></Shapes></MasterContents>