<?xml version='1.0' encoding='utf-8' ?>
<MasterContents xmlns='http://schemas.microsoft.com/office/visio/2012/main' xmlns:r='http://schemas.openxmlformats.org/officeDocument/2006/relationships' xml:space='preserve'><Shapes><Shape ID='5' Type='Group' LineStyle='3' FillStyle='3' TextStyle='3'><Cell N='PinX' V='1' U='IN'/><Cell N='PinY' V='1' U='IN'/><Cell N='Width' V='0.625'/><Cell N='Height' V='0.625'/><Cell N='LocPinX' V='0.3125' F='Width*0.5'/><Cell N='LocPinY' V='0.3125' F='Height*0.5'/><Cell N='Angle' V='0'/><Cell N='FlipX' V='0'/><Cell N='FlipY' V='0'/><Cell N='ResizeMode' V='0'/><Cell N='ObjType' V='8'/><Cell N='Comment' V='&lt;no master&gt;' F='INDEX(0,INDEX(0,MASTERNAME(),":"),".")'/><Cell N='EventDblClick' V='0' F='OPENTEXTWIN()'/><Cell N='TxtPinX' V='0.3125' F='Controls.Row_1'/><Cell N='TxtPinY' V='-0.1555555555555556' F='Controls.Row_1.Y'/><Cell N='TxtWidth' V='0.1111111111111111' F='TEXTWIDTH(TheText)'/><Cell N='TxtHeight' V='0.3111111111111111' F='TEXTHEIGHT(TheText,TxtWidth)'/><Cell N='TxtLocPinX' V='0.05555555555555555' F='TxtWidth*0.5'/><Cell N='TxtLocPinY' V='0.1555555555555556' F='TxtHeight*0.5'/><Cell N='TxtAngle' V='0' F='IF(BITXOR(FlipX,FlipY),1,-1)*Angle'/><Cell N='SelectMode' V='0'/><Cell N='HelpTopic' V='Vis_PRXY.chm!#55190'/><Cell N='Copyright' V='Copyright (c) 2012 Microsoft Corporation.  All rights reserved.'/><Cell N='LayerMember' V='' F='No Formula'/><Cell N='LockAspect' V='1'/><Cell N='QuickStyleVariation' V='6'/><Section N='User'><Row N='HasText'><Cell N='Value' V='0' U='BOOL' F='NOT(OR(HideText,STRSAME(SHAPETEXT(TheText),"")))'/><Cell N='Prompt' V='' F='No Formula'/></Row><Row N='ShapeClass'><Cell N='Value' V='8'/><Cell N='Prompt' V='' F='No Formula'/></Row><Row N='ShapeType'><Cell N='Value' V='7'/><Cell N='Prompt' V='' F='No Formula'/></Row><Row N='SubShapeType'><Cell N='Value' V='36'/><Cell N='Prompt' V='' F='No Formula'/></Row><Row N='visLegendShape'><Cell N='Value' V='2'/><Cell N='Prompt' V='' F='No Formula'/></Row><Row N='SolSH'><Cell N='Value' V='{BF0433D9-CD73-4EB5-8390-8653BE590246}' U='GUID'/><Cell N='Prompt' V='' F='No Formula'/></Row><Row N='visVersion'><Cell N='Value' V='15'/><Cell N='Prompt' V=''/></Row></Section><Section N='Connection'><Row T='Connection' N='Row_1'><Cell N='X' V='0.3125' F='Width*0.5'/><Cell N='Y' V='0.3125' F='Height*0.5'/><Cell N='DirX' V='0'/><Cell N='DirY' V='0'/><Cell N='Type' V='0'/><Cell N='AutoGen' V='0'/><Cell N='Prompt' V='' F='No Formula'/></Row></Section><Section N='Control'><Row N='Row_1'><Cell N='X' V='0.3125' F='Width*0.5'/><Cell N='Y' V='-0.1555555555555556' F='-TxtHeight*0.5'/><Cell N='XDyn' V='0.3125' F='Controls.Row_1'/><Cell N='YDyn' V='-0.1555555555555556' F='Controls.Row_1.Y'/><Cell N='XCon' V='2' F='(Controls.Row_1&gt;Width/2)*2+2'/><Cell N='YCon' V='7' F='(Controls.Row_1.Y&gt;Height/2)*2+2+5*NOT(User.HasText)'/><Cell N='CanGlue' V='1'/><Cell N='Prompt' V='Reposition Text'/></Row></Section><Section N='Property'><Row N='ShapeClass'><Cell N='Value' V='Security' U='STR'/><Cell N='Prompt' V='' F='No Formula'/><Cell N='Label' V='ShapeClass'/><Cell N='Format' V='' F='No Formula'/><Cell N='SortKey' V='' F='No Formula'/><Cell N='Type' V='0'/><Cell N='Invisible' V='1'/><Cell N='Verify' V='0'/><Cell N='DataLinked' V='0' F='No Formula'/><Cell N='LangID' V='en-US'/><Cell N='Calendar' V='0' F='No Formula'/></Row><Row N='ShapeType'><Cell N='Value' V='Conceptual' U='STR'/><Cell N='Prompt' V='' F='No Formula'/><Cell N='Label' V='ShapeType'/><Cell N='Format' V='' F='No Formula'/><Cell N='SortKey' V='' F='No Formula'/><Cell N='Type' V='0'/><Cell N='Invisible' V='1'/><Cell N='Verify' V='0'/><Cell N='DataLinked' V='0' F='No Formula'/><Cell N='LangID' V='en-US'/><Cell N='Calendar' V='0' F='No Formula'/></Row><Row N='SubShapeType'><Cell N='Value' V='Key' U='STR'/><Cell N='Prompt' V='' F='No Formula'/><Cell N='Label' V='SubShapeType'/><Cell N='Format' V='' F='No Formula'/><Cell N='SortKey' V='' F='No Formula'/><Cell N='Type' V='0'/><Cell N='Invisible' V='1'/><Cell N='Verify' V='0'/><Cell N='DataLinked' V='0' F='No Formula'/><Cell N='LangID' V='en-US'/><Cell N='Calendar' V='0' F='No Formula'/></Row></Section><Shapes><Shape ID='6' Type='Shape' LineStyle='3' FillStyle='3' TextStyle='3'><Cell N='PinX' V='0.3125' F='Width/2'/><Cell N='PinY' V='0.3125' F='Height/2'/><Cell N='Width' V='0.625' F='Sheet.5!Width*1'/><Cell N='Height' V='0.625' F='Sheet.5!Height*1'/><Cell N='LocPinX' V='0.3125' F='Width*0.5'/><Cell N='LocPinY' V='0.3125' F='Height*0.5'/><Cell N='Angle' V='0'/><Cell N='FlipX' V='0'/><Cell N='FlipY' V='0'/><Cell N='ResizeMode' V='0'/><Cell N='LineWeight' V='0.01' U='PT' F='GUARD(0.72PT)'/><Cell N='LinePattern' V='1' F='GUARD(1)'/><Cell N='Rounding' V='0' F='GUARD(0)'/><Cell N='BeginArrow' V='0' F='GUARD(0)'/><Cell N='EndArrow' V='0' F='GUARD(0)'/><Cell N='LineColorTrans' V='1' F='GUARD(100%)'/><Cell N='FillForegnd' V='6' F='GUARD(6)'/><Cell N='FillBkgnd' V='6' F='GUARD(6)'/><Cell N='FillPattern' V='1' F='GUARD(1)'/><Cell N='FillForegndTrans' V='1' F='GUARD(100%)'/><Cell N='FillBkgndTrans' V='1' F='GUARD(100%)'/><Cell N='Copyright' V='Copyright (c) 2012 Microsoft Corporation.  All rights reserved.'/><Cell N='FillGradientEnabled' V='0' F='GUARD(FALSE)'/><Section N='Geometry' IX='0'><Cell N='NoFill' V='0'/><Cell N='NoLine' V='0'/><Cell N='NoShow' V='0'/><Cell N='NoSnap' V='0'/><Cell N='NoQuickDrag' V='0' F='No Formula'/><Row T='MoveTo' IX='1'><Cell N='X' V='0.1021780776562063' F='Width*0.16348492424993'/><Cell N='Y' V='0.008360035549523125' F='Height*0.013376056879237'/></Row><Row T='EllipticalArcTo' IX='2'><Cell N='X' V='0.1034880457530188' F='Width*0.16558087320483'/><Cell N='Y' V='0.007575220953238751' F='Height*0.012120353525182'/><Cell N='A' V='0.10283045799075' U='DL' F='Width*0.1645287327852'/><Cell N='B' V='0.00796315465113125' U='DL' F='Height*0.01274104744181'/><Cell N='C' V='0' U='DA'/><Cell N='D' V='0.98563215670658' F='Width/Height*0.98563215670658'/></Row><Row T='EllipticalArcTo' IX='3'><Cell N='X' V='0.1021780776562063' F='Width*0.16348492424993'/><Cell N='Y' V='0.008360035549523125' F='Height*0.013376056879237'/><Cell N='A' V='0.1027072784792438' U='DL' F='Width*0.16433164556679'/><Cell N='B' V='0.007751937303516875' U='DL' F='Height*0.012403099685627'/><Cell N='C' V='-1.570796326794904' U='DA' F='_ELLIPSE_THETA(-1.5707963267949,1.0145772874755,0.625,0.625,Width,Height)'/><Cell N='D' V='1.0145772874755' F='_ELLIPSE_ECC(-1.5707963267949,1.0145772874755,0.625,0.625,Width,Height,Geometry1.C3)'/></Row></Section><Section N='Geometry' IX='1'><Cell N='NoFill' V='0'/><Cell N='NoLine' V='0'/><Cell N='NoShow' V='0'/><Cell N='NoSnap' V='0'/><Cell N='NoQuickDrag' V='0' F='No Formula'/><Row T='MoveTo' IX='1'><Cell N='X' V='0.1034880457530188' F='Width*0.16558087320483'/><Cell N='Y' V='0.007575220953238751' F='Height*0.012120353525182'/></Row><Row T='EllipticalArcTo' IX='2'><Cell N='X' V='0.1646481709119438' F='Width*0.26343707345911'/><Cell N='Y' V='0.0108601560412' F='Height*0.01737624966592'/><Cell N='A' V='0.134544887401075' U='DL' F='Width*0.21527181984172'/><Cell N='B' V='8.015407386419375E-5' U='DL' F='Height*0.00012824651818271'/><Cell N='C' V='0' U='DA'/><Cell N='D' V='0.98563215670658' F='Width/Height*0.98563215670658'/></Row><Row T='EllipticalArcTo' IX='3'><Cell N='X' V='0.2136890874127312' F='Width*0.34190253986037'/><Cell N='Y' V='0.05771727169922688' F='Height*0.092347634718763'/><Cell N='A' V='0.191155308749175' U='DL' F='Width*0.30584849399868'/><Cell N='B' V='0.0321483819547775' U='DL' F='Height*0.051437411127644'/><Cell N='C' V='0' U='DA'/><Cell N='D' V='0.98563215670658' F='Width/Height*0.98563215670658'/></Row><Row T='EllipticalArcTo' IX='4'><Cell N='X' V='0.2674758990587562' F='Width*0.42796143849401'/><Cell N='Y' V='0.1965520040652313' F='Height*0.31448320650437'/><Cell N='A' V='0.2456387155839063' U='DL' F='Width*0.39302194493425'/><Cell N='B' V='0.12511824985835' U='DL' F='Height*0.20018919977336'/><Cell N='C' V='0' U='DA'/><Cell N='D' V='0.98563215670658' F='Width/Height*0.98563215670658'/></Row><Row T='LineTo' IX='5'><Cell N='X' V='0.395615067980175' F='Width*0.63298410876828'/><Cell N='Y' V='0.2703831912194062' F='Height*0.43261310595105'/></Row><Row T='LineTo' IX='6'><Cell N='X' V='0.4430740194325562' F='Width*0.70891843109209'/><Cell N='Y' V='0.370697304200625' F='Height*0.593115686721'/></Row><Row T='LineTo' IX='7'><Cell N='X' V='0.5874283301002' F='Width*0.93988532816032'/><Cell N='Y' V='0.45496115910485' F='Height*0.72793785456776'/></Row><Row T='LineTo' IX='8'><Cell N='X' V='0.625' F='Width*1'/><Cell N='Y' V='0.531199884970575' F='Height*0.84991981595292'/></Row><Row T='LineTo' IX='9'><Cell N='X' V='0.625' F='Width*1'/><Cell N='Y' V='0.5985807315509125' F='Height*0.95772917048146'/></Row><Row T='LineTo' IX='10'><Cell N='X' V='0.5791243589134375' F='Width*0.9265989742615'/><Cell N='Y' V='0.625' F='Height*1'/></Row><Row T='LineTo' IX='11'><Cell N='X' V='0.257193126244075' F='Width*0.41150900199052'/><Cell N='Y' V='0.4348983365086063' F='Height*0.69583733841377'/></Row><Row T='EllipticalArcTo' IX='12'><Cell N='X' V='0.2470723829856313' F='Width*0.39531581277701'/><Cell N='Y' V='0.4538035302245625' F='Height*0.7260856483593'/><Cell N='A' V='0.2528215992402937' U='DL' F='Width*0.40451455878447'/><Cell N='B' V='0.4447293309037562' U='DL' F='Height*0.71156692944601'/><Cell N='C' V='0' U='DA'/><Cell N='D' V='0.98563215670658' F='Width/Height*0.98563215670658'/></Row><Row T='EllipticalArcTo' IX='13'><Cell N='X' V='0.2191100000141' F='Width*0.35057600002256'/><Cell N='Y' V='0.479191484540925' F='Height*0.76670637526548'/><Cell N='A' V='0.2350282752122312' U='DL' F='Width*0.37604524033957'/><Cell N='B' V='0.468693673225175' U='DL' F='Height*0.74990987716028'/><Cell N='C' V='0' U='DA'/><Cell N='D' V='0.98563215670658' F='Width/Height*0.98563215670658'/></Row><Row T='EllipticalArcTo' IX='14'><Cell N='X' V='0.1731351658614375' F='Width*0.2770162653783'/><Cell N='Y' V='0.4811919860197938' F='Height*0.76990717763167'/><Cell N='A' V='0.1963121434428563' U='DL' F='Width*0.31409942950857'/><Cell N='B' V='0.4846760844738562' U='DL' F='Height*0.77548173515817'/><Cell N='C' V='0' U='DA'/><Cell N='D' V='0.98563215670658' F='Width/Height*0.98563215670658'/></Row><Row T='EllipticalArcTo' IX='15'><Cell N='X' V='0.2192163983928625' F='Width*0.35074623742858'/><Cell N='Y' V='0.4794245766870563' F='Height*0.76707932269929'/><Cell N='A' V='0.1963502601120437' U='DL' F='Width*0.31416041617927'/><Cell N='B' V='0.4849909976983751' U='DL' F='Height*0.7759855963174'/><Cell N='C' V='-1.570796326794804' U='DA' F='_ELLIPSE_THETA(-1.5707963267948,1.0145772874755,0.625,0.625,Width,Height)'/><Cell N='D' V='1.0145772874755' F='_ELLIPSE_ECC(-1.5707963267948,1.0145772874755,0.625,0.625,Width,Height,Geometry2.C15)'/></Row><Row T='LineTo' IX='16'><Cell N='X' V='0.1949913490816' F='Width*0.31198615853056'/><Cell N='Y' V='0.4947315438212' F='Height*0.79157047011392'/></Row><Row T='EllipticalArcTo' IX='17'><Cell N='X' V='0.1189404587926188' F='Width*0.19030473406819'/><Cell N='Y' V='0.5038297189902938' F='Height*0.80612755038447'/><Cell N='A' V='0.1581450898415125' U='DL' F='Width*0.25303214374642'/><Cell N='B' V='0.5094268113247812' U='DL' F='Height*0.81508289811965'/><Cell N='C' V='-1.570796326794904' U='DA' F='_ELLIPSE_THETA(-1.5707963267949,1.0145772874755,0.625,0.625,Width,Height)'/><Cell N='D' V='1.0145772874755' F='_ELLIPSE_ECC(-1.5707963267949,1.0145772874755,0.625,0.625,Width,Height,Geometry2.C17)'/></Row><Row T='EllipticalArcTo' IX='18'><Cell N='X' V='0.0451797203868225' F='Width*0.072287552618916'/><Cell N='Y' V='0.4045052354130563' F='Height*0.64720837666089'/><Cell N='A' V='0.07513578605471875' U='DL' F='Width*0.12021725768755'/><Cell N='B' V='0.4594606407036375' U='DL' F='Height*0.73513702512582'/><Cell N='C' V='-1.570796326794904' U='DA' F='_ELLIPSE_THETA(-1.5707963267949,1.0145772874755,0.625,0.625,Width,Height)'/><Cell N='D' V='1.0145772874755' F='_ELLIPSE_ECC(-1.5707963267949,1.0145772874755,0.625,0.625,Width,Height,Geometry2.C18)'/></Row><Row T='EllipticalArcTo' IX='19'><Cell N='X' V='0' F='Width*0'/><Cell N='Y' V='0.1991760013197125' F='Height*0.31868160211154'/><Cell N='A' V='0.0127929256305175' U='DL' F='Width*0.020468681008828'/><Cell N='B' V='0.30405959756295' U='DL' F='Height*0.48649535610072'/><Cell N='C' V='-1.570796326794904' U='DA' F='_ELLIPSE_THETA(-1.5707963267949,1.0145772874755,0.625,0.625,Width,Height)'/><Cell N='D' V='1.0145772874755' F='_ELLIPSE_ECC(-1.5707963267949,1.0145772874755,0.625,0.625,Width,Height,Geometry2.C19)'/></Row><Row T='EllipticalArcTo' IX='20'><Cell N='X' V='0.0460007922809975' F='Width*0.073601267649596'/><Cell N='Y' V='0.04069450406783375' F='Height*0.065111206508534'/><Cell N='A' V='0.0117914810911725' U='DL' F='Width*0.018866369745876'/><Cell N='B' V='0.1165862106811813' U='DL' F='Height*0.18653793708989'/><Cell N='C' V='-1.570796326794904' U='DA' F='_ELLIPSE_THETA(-1.5707963267949,1.0145772874755,0.625,0.625,Width,Height)'/><Cell N='D' V='1.0145772874755' F='_ELLIPSE_ECC(-1.5707963267949,1.0145772874755,0.625,0.625,Width,Height,Geometry2.C20)'/></Row><Row T='LineTo' IX='21'><Cell N='X' V='0.1032385857811188' F='Width*0.16518173724979'/><Cell N='Y' V='0.007145732771479375' F='Height*0.011433172434367'/></Row></Section><Section N='Geometry' IX='2'><Cell N='NoFill' V='0'/><Cell N='NoLine' V='0'/><Cell N='NoShow' V='0'/><Cell N='NoSnap' V='0'/><Cell N='NoQuickDrag' V='0' F='No Formula'/><Row T='MoveTo' IX='1'><Cell N='X' V='0.04590979227830187' F='Width*0.073455667645283'/><Cell N='Y' V='0.1731964353539062' F='Height*0.27711429656625'/></Row><Row T='EllipticalArcTo' IX='2'><Cell N='X' V='0.07951992217221876' F='Width*0.12723187547555'/><Cell N='Y' V='0.3515382678424125' F='Height*0.56246122854786'/><Cell N='A' V='0.05548502738808625' U='DL' F='Width*0.088776043820938'/><Cell N='B' V='0.2637698917842813' U='DL' F='Height*0.42203182685485'/><Cell N='C' V='-1.570796326794904' U='DA' F='_ELLIPSE_THETA(-1.5707963267949,1.0145772874755,0.625,0.625,Width,Height)'/><Cell N='D' V='1.0145772874755' F='_ELLIPSE_ECC(-1.5707963267949,1.0145772874755,0.625,0.625,Width,Height,Geometry3.C2)'/></Row><Row T='EllipticalArcTo' IX='3'><Cell N='X' V='0.04600079228099938' F='Width*0.073601267649599'/><Cell N='Y' V='0.1729518898297875' F='Height*0.27672302372766'/><Cell N='A' V='0.05629475330024375' U='DL' F='Width*0.09007160528039'/><Cell N='B' V='0.2634942552506375' U='DL' F='Height*0.42159080840102'/><Cell N='C' V='0' U='DA'/><Cell N='D' V='0.98563215670658' F='Width/Height*0.98563215670658'/></Row><Row T='EllipticalArcTo' IX='4'><Cell N='X' V='0.06445168296603125' F='Width*0.10312269274565'/><Cell N='Y' V='0.06859396013597501' F='Height*0.10975033621756'/><Cell N='A' V='0.05057121435833437' U='DL' F='Width*0.080913942973335'/><Cell N='B' V='0.1199257287641875' U='DL' F='Height*0.1918811660227'/><Cell N='C' V='0' U='DA'/><Cell N='D' V='0.98563215670658' F='Width/Height*0.98563215670658'/></Row><Row T='EllipticalArcTo' IX='5'><Cell N='X' V='0.04590979227830187' F='Width*0.073455667645283'/><Cell N='Y' V='0.1731964353539062' F='Height*0.27711429656625'/><Cell N='A' V='0.04915619669981375' U='DL' F='Width*0.078649914719702'/><Cell N='B' V='0.1197959229113625' U='DL' F='Height*0.19167347665818'/><Cell N='C' V='-1.570796326794904' U='DA' F='_ELLIPSE_THETA(-1.5707963267949,1.0145772874755,0.625,0.625,Width,Height)'/><Cell N='D' V='1.0145772874755' F='_ELLIPSE_ECC(-1.5707963267949,1.0145772874755,0.625,0.625,Width,Height,Geometry3.C5)'/></Row></Section></Shape><Shape ID='7' Type='Shape' LineStyle='10' FillStyle='10' TextStyle='10'><Cell N='PinX' V='0.3354997234818' F='Sheet.5!Width*0.53679955757088'/><Cell N='PinY' V='0.2992903657754563' F='Sheet.5!Height*0.47886458524073'/><Cell N='Width' V='0.5790005530364' F='Sheet.5!Width*0.92640088485824'/><Cell N='Height' V='0.5985807315509125' F='Sheet.5!Height*0.95772917048146'/><Cell N='LocPinX' V='0.2895002765182' F='Width*0.5'/><Cell N='LocPinY' V='0.2992903657754563' F='Height*0.5'/><Cell N='Angle' V='0'/><Cell N='FlipX' V='0'/><Cell N='FlipY' V='0'/><Cell N='ResizeMode' V='0'/><Cell N='LineWeight' V='0.01' U='PT' F='GUARD(0.72PT)'/><Cell N='LinePattern' V='1' F='GUARD(1)'/><Cell N='Rounding' V='0' F='GUARD(0)'/><Cell N='BeginArrow' V='0' F='GUARD(0)'/><Cell N='EndArrow' V='0' F='GUARD(0)'/><Cell N='Copyright' V='Copyright (c) 2012 Microsoft Corporation.  All rights reserved.'/><Cell N='LayerMember' V='' F='No Formula'/><Cell N='FillPattern' V='32' F='GUARD(32)'/><Cell N='ShdwPattern' V='0' F='GUARD(0)'/><Cell N='FillGradientDir' V='11' F='GUARD(11)'/><Cell N='FillGradientEnabled' V='1' F='GUARD(TRUE)'/><Cell N='UseGroupGradient' V='0' F='GUARD(FALSE)'/><Section N='Geometry' IX='0'><Cell N='NoFill' V='0'/><Cell N='NoLine' V='0'/><Cell N='NoShow' V='0'/><Cell N='NoSnap' V='0'/><Cell N='NoQuickDrag' V='0' F='No Formula'/><Row T='MoveTo' IX='1'><Cell N='X' V='0.5790005530364' F='Width*1'/><Cell N='Y' V='0.5985807315509125' F='Height*1'/></Row><Row T='LineTo' IX='2'><Cell N='X' V='0.5790005530364' F='Width*1'/><Cell N='Y' V='0.5311998849705746' F='Height*0.88743231609585'/></Row><Row T='LineTo' IX='3'><Cell N='X' V='0.5414288831366018' F='Width*0.93510944039213'/><Cell N='Y' V='0.4549611591048515' F='Height*0.760066495836'/></Row><Row T='LineTo' IX='4'><Cell N='X' V='0.3970745724689551' F='Width*0.68579307979347'/><Cell N='Y' V='0.3706973042006284' F='Height*0.61929374712774'/></Row><Row T='LineTo' IX='5'><Cell N='X' V='0.34961562101658' F='Width*0.6038260571309'/><Cell N='Y' V='0.2703831912194114' F='Height*0.45170714152267'/></Row><Row T='LineTo' IX='6'><Cell N='X' V='0.2214764520951607' F='Width*0.38251509594195'/><Cell N='Y' V='0.1965520040652365' F='Height*0.32836339979734'/></Row><Row T='EllipticalArcTo' IX='7'><Cell N='X' V='0.1676896404491293' F='Width*0.28961913692436'/><Cell N='Y' V='0.05771727169922786' F='Height*0.096423537639916'/><Cell N='A' V='0.2004763517485374' U='DL' F='Width*0.34624552722307'/><Cell N='B' V='0.1272936222601166' U='DL' F='Height*0.21265907094988'/><Cell N='C' V='0' U='DA'/><Cell N='D' V='0.985632156706566' F='Width/Height*1.0189634781997'/></Row><Row T='EllipticalArcTo' IX='8'><Cell N='X' V='0.118648723948343' F='Width*0.20491988017304'/><Cell N='Y' V='0.01086015604120109' F='Height*0.018143176799331'/><Cell N='A' V='0.1431691821987361' U='DL' F='Width*0.2472695085487'/><Cell N='B' V='0.03027614935096538' U='DL' F='Height*0.05057989299542'/><Cell N='C' V='0' U='DA'/><Cell N='D' V='0.985632156706566' F='Width/Height*1.0189634781997'/></Row><Row T='EllipticalArcTo' IX='9'><Cell N='X' V='0.03560096170878117' F='Width*0.061486921769042'/><Cell N='Y' V='0.03055000462220714' F='Height*0.051037400657807'/><Cell N='A' V='0.0771248428285615' U='DL' F='Width*0.13320340097104'/><Cell N='B' V='0.0006422577354603451' U='DL' F='Height*0.0010729676075544'/><Cell N='C' V='0' U='DA'/><Cell N='D' V='0.985632156706566' F='Width/Height*1.0189634781997'/></Row><Row T='EllipticalArcTo' IX='10'><Cell N='X' V='1.345317399724183E-6' F='Width*2.3235166057598E-6'/><Cell N='Y' V='0.1729518898297895' F='Height*0.28893661408324'/><Cell N='A' V='0.009891328271027801' U='DL' F='Width*0.017083452199062'/><Cell N='B' V='0.09573210044712571' U='DL' F='Height*0.15993181103422'/><Cell N='C' V='0' U='DA'/><Cell N='D' V='0.985632156706566' F='Width/Height*1.0189634781997'/></Row><Row T='EllipticalArcTo' IX='11'><Cell N='X' V='0.03528809451266393' F='Width*0.060946564433498'/><Cell N='Y' V='0.3566214739582742' F='Height*0.59577840575368'/><Cell N='A' V='0.01171235098348456' U='DL' F='Width*0.02022856614223'/><Cell N='B' V='0.2708055286729083' U='DL' F='Height*0.45241270625477'/><Cell N='C' V='0' U='DA'/><Cell N='D' V='0.985632156706566' F='Width/Height*1.0189634781997'/></Row><Row T='EllipticalArcTo' IX='12'><Cell N='X' V='0.118648723948343' F='Width*0.20491988017304'/><Cell N='Y' V='0.4774315204126408' F='Height*0.79760589549153'/><Cell N='A' V='0.06708112767792708' U='DL' F='Width*0.11585675924857'/><Cell N='B' V='0.4210390617047075' U='DL' F='Height*0.70339561484681'/><Cell N='C' V='0' U='DA'/><Cell N='D' V='0.985632156706566' F='Width/Height*1.0189634781997'/></Row><Row T='EllipticalArcTo' IX='13'><Cell N='X' V='0.2010729360220349' F='Width*0.34727589631403'/><Cell N='Y' V='0.4538035302245611' F='Height*0.7581325396973'/><Cell N='A' V='0.1667819270719899' U='DL' F='Width*0.28805141238182'/><Cell N='B' V='0.4816677833955979' U='DL' F='Height*0.80468307449123'/><Cell N='C' V='0' U='DA'/><Cell N='D' V='0.985632156706566' F='Width/Height*1.0189634781997'/></Row><Row T='EllipticalArcTo' IX='14'><Cell N='X' V='0.2269144569490751' F='Width*0.39190715062203'/><Cell N='Y' V='0.3921645243786059' F='Height*0.65515728072722'/><Cell N='A' V='0.2178002251452865' U='DL' F='Width*0.37616583266302'/><Cell N='B' V='0.4225194091852967' U='DL' F='Height*0.70586871062581'/><Cell N='C' V='0' U='DA'/><Cell N='D' V='0.985632156706566' F='Width/Height*1.0189634781997'/></Row><Row T='LineTo' IX='15'><Cell N='X' V='0.5790005530364' F='Geometry1.X1'/><Cell N='Y' V='0.5985807315509125' F='Geometry1.Y1'/></Row></Section></Shape><Shape ID='8' Type='Shape' LineStyle='10' FillStyle='10' TextStyle='10'><Cell N='PinX' V='0.12029082050175' F='Sheet.5!Width*0.1924653128028'/><Cell N='PinY' V='0.2196510642542437' F='Sheet.5!Height*0.35144170280679'/><Cell N='Width' V='0.06971366644928731' F='Sheet.5!Width*0.1081309375767+Sheet.5!Height*0.0034109287421597'/><Cell N='Height' V='0.1374103820727117' F='Sheet.5!Width*0.0065370687132088+Sheet.5!Height*0.21331954260313'/><Cell N='LocPinX' V='0.03485683322464366' F='Width*0.5'/><Cell N='LocPinY' V='0.06870519103635586' F='Height*0.5'/><Cell N='Angle' V='-0.1745329251994333' U='DEG'/><Cell N='FlipX' V='0'/><Cell N='FlipY' V='0'/><Cell N='ResizeMode' V='0'/><Cell N='LineWeight' V='0.01' U='PT' F='GUARD(0.72PT)'/><Cell N='LinePattern' V='1' F='GUARD(1)'/><Cell N='Rounding' V='0' F='GUARD(0)'/><Cell N='BeginArrow' V='0' F='GUARD(0)'/><Cell N='EndArrow' V='0' F='GUARD(0)'/><Cell N='Copyright' V='Copyright (c) 2012 Microsoft Corporation.  All rights reserved.'/><Cell N='LayerMember' V='' F='No Formula'/><Cell N='FillPattern' V='32' F='GUARD(32)'/><Cell N='ShdwPattern' V='0' F='GUARD(0)'/><Cell N='FillGradientDir' V='11' F='GUARD(11)'/><Cell N='FillGradientEnabled' V='1' F='GUARD(TRUE)'/><Cell N='UseGroupGradient' V='0' F='GUARD(FALSE)'/><Section N='Geometry' IX='0'><Cell N='NoFill' V='1'/><Cell N='NoLine' V='0'/><Cell N='NoShow' V='0'/><Cell N='NoSnap' V='0'/><Cell N='NoQuickDrag' V='0' F='No Formula'/><Row T='Ellipse' IX='1'><Cell N='X' V='0.03485683322464366' F='Width*0.5'/><Cell N='Y' V='0.06870519103635586' F='Height*0.5'/><Cell N='A' V='0.06971366644928731' U='DL' F='Width*1'/><Cell N='B' V='0.06870519103635586' U='DL' F='Height*0.5'/><Cell N='C' V='0.03485683322464366' U='DL' F='Width*0.5'/><Cell N='D' V='0.1374103820727117' U='DL' F='Height*1'/></Row></Section></Shape><Shape ID='9' Type='Shape' LineStyle='10' FillStyle='10' TextStyle='10'><Cell N='PinX' V='0.4410965631220375' F='Sheet.5!Width*0.70575450099526'/><Cell N='PinY' V='0.5085822621893062' F='Sheet.5!Height*0.81373161950289'/><Cell N='Width' V='0.367806873755925' F='Sheet.5!Width*0.58849099800948'/><Cell N='Height' V='0.2328354756213938' F='Sheet.5!Height*0.37253676099423'/><Cell N='LocPinX' V='0.1839034368779625' F='Width*0.5'/><Cell N='LocPinY' V='0.1164177378106969' F='Height*0.5'/><Cell N='Angle' V='0'/><Cell N='FlipX' V='0'/><Cell N='FlipY' V='0'/><Cell N='ResizeMode' V='0'/><Cell N='LineWeight' V='0.01' U='PT' F='GUARD(0.72PT)'/><Cell N='LinePattern' V='1' F='GUARD(1)'/><Cell N='Rounding' V='0' F='GUARD(0)'/><Cell N='BeginArrow' V='0' F='GUARD(0)'/><Cell N='EndArrow' V='0' F='GUARD(0)'/><Cell N='FillPattern' V='32' F='GUARD(32)'/><Cell N='ShdwPattern' V='0' F='GUARD(0)'/><Cell N='Copyright' V='Copyright (c) 2012 Microsoft Corporation.  All rights reserved.'/><Cell N='LayerMember' V='' F='No Formula'/><Cell N='FillGradientDir' V='11' F='GUARD(11)'/><Cell N='FillGradientEnabled' V='1' F='GUARD(TRUE)'/><Cell N='UseGroupGradient' V='0' F='GUARD(FALSE)'/><Section N='Geometry' IX='0'><Cell N='NoFill' V='0'/><Cell N='NoLine' V='0'/><Cell N='NoShow' V='0'/><Cell N='NoSnap' V='0'/><Cell N='NoQuickDrag' V='0' F='No Formula'/><Row T='MoveTo' IX='1'><Cell N='X' V='0' F='Width*0'/><Cell N='Y' V='0.0427338121299983' F='Height*0.18353651657227'/></Row><Row T='LineTo' IX='2'><Cell N='X' V='0.01572077766860004' F='Width*0.042741935483871'/><Cell N='Y' V='0' F='Height*0'/></Row><Row T='LineTo' IX='3'><Cell N='X' V='0.367806873755925' F='Width*1'/><Cell N='Y' V='0.2064162071723056' F='Height*0.88653246083493'/></Row><Row T='LineTo' IX='4'><Cell N='X' V='0.3219312326693599' F='Width*0.87527247487765'/><Cell N='Y' V='0.2328354756213938' F='Height*1'/></Row><Row T='LineTo' IX='5'><Cell N='X' V='0' F='Geometry1.X1'/><Cell N='Y' V='0.0427338121299983' F='Geometry1.Y1'/></Row></Section></Shape><Shape ID='10' Type='Shape' LineStyle='10' FillStyle='10' TextStyle='10'><Cell N='PinX' V='0.1096081991964313' F='Sheet.5!Width*0.17537311871429'/><Cell N='PinY' V='0.2585579153571813' F='Sheet.5!Height*0.41369266457149'/><Cell N='Width' V='0.2192163983928625' F='Sheet.5!Width*0.35074623742858'/><Cell N='Height' V='0.5028243651714062' F='Sheet.5!Height*0.80451898427425'/><Cell N='LocPinX' V='0.1096081991964313' F='Width*0.5'/><Cell N='LocPinY' V='0.2514121825857031' F='Height*0.5'/><Cell N='Angle' V='0'/><Cell N='FlipX' V='0'/><Cell N='FlipY' V='0'/><Cell N='ResizeMode' V='0'/><Cell N='LineWeight' V='0.01' U='PT' F='GUARD(0.72PT)'/><Cell N='LinePattern' V='1' F='GUARD(1)'/><Cell N='Rounding' V='0' F='GUARD(0)'/><Cell N='BeginArrow' V='0' F='GUARD(0)'/><Cell N='EndArrow' V='0' F='GUARD(0)'/><Cell N='FillPattern' V='32' F='GUARD(32)'/><Cell N='ShdwPattern' V='0' F='GUARD(0)'/><Cell N='Copyright' V='Copyright (c) 2012 Microsoft Corporation.  All rights reserved.'/><Cell N='LayerMember' V='' F='No Formula'/><Cell N='FillGradientDir' V='11' F='GUARD(11)'/><Cell N='FillGradientEnabled' V='1' F='GUARD(TRUE)'/><Cell N='UseGroupGradient' V='0' F='GUARD(FALSE)'/><Section N='Geometry' IX='0'><Cell N='NoFill' V='0'/><Cell N='NoLine' V='0'/><Cell N='NoShow' V='0'/><Cell N='NoSnap' V='0'/><Cell N='NoQuickDrag' V='0' F='No Formula'/><Row T='MoveTo' IX='1'><Cell N='X' V='0.1032385857811165' F='Width*0.47094371834401'/><Cell N='Y' V='0' F='Height*0'/></Row><Row T='EllipticalArcTo' IX='2'><Cell N='X' V='0.04590979227830136' F='Width*0.20942681576232'/><Cell N='Y' V='0.1660507025824222' F='Height*0.33023599110162'/><Cell N='A' V='0.05444952512679752' U='DL' F='Width*0.24838253673531'/><Cell N='B' V='0.08963472297118956' U='DL' F='Height*0.17826248921059'/><Cell N='C' V='0' U='DA' F='_ELLIPSE_THETA(-0.0073412331110419,1,0.21651908354901,0.48950183032037,Width,Height)'/><Cell N='D' V='0.9856321567065705' F='_ELLIPSE_ECC(-0.0073412331110419,1,0.21651908354901,0.48950183032037,Width,Height,Geometry1.C2)'/></Row><Row T='EllipticalArcTo' IX='3'><Cell N='X' V='0.08141393720497191' F='Width*0.37138616363484'/><Cell N='Y' V='0.3495287116688528' F='Height*0.69513081680062'/><Cell N='A' V='0.05572761592592483' U='DL' F='Width*0.25421280677212'/><Cell N='B' V='0.2579032498826847' U='DL' F='Height*0.51290921392556'/><Cell N='C' V='0' U='DA' F='_ELLIPSE_THETA(-0.014283732648932,1,0.21651908354901,0.48950183032037,Width,Height)'/><Cell N='D' V='0.9856321567065705' F='_ELLIPSE_ECC(-0.014283732648932,1,0.21651908354901,0.48950183032037,Width,Height,Geometry1.C3)'/></Row><Row T='EllipticalArcTo' IX='4'><Cell N='X' V='0.1647541294845516' F='Width*0.75155932992427'/><Cell N='Y' V='0.4700961412391902' F='Height*0.93491122109594'/><Cell N='A' V='0.1136599213100911' U='DL' F='Width*0.51848275103215'/><Cell N='B' V='0.4123933899316211' U='DL' F='Height*0.82015395135246'/><Cell N='C' V='0' U='DA' F='_ELLIPSE_THETA(-0.068141854070678,1,0.21651908354901,0.48950183032037,Width,Height)'/><Cell N='D' V='0.9856321567065705' F='_ELLIPSE_ECC(-0.068141854070678,1,0.21651908354901,0.48950183032037,Width,Height,Geometry1.C4)'/></Row><Row T='EllipticalArcTo' IX='5'><Cell N='X' V='0.2192163983928625' F='Width*1'/><Cell N='Y' V='0.4722788439155752' F='Height*0.93925210596066'/><Cell N='A' V='0.1933514783561778' U='DL' F='Width*0.88201192873203'/><Cell N='B' V='0.4778840056272492' U='DL' F='Height*0.95039946098146'/><Cell N='C' V='0' U='DA' F='_ELLIPSE_THETA(-0.28885935057104,1,0.21651908354901,0.48950183032037,Width,Height)'/><Cell N='D' V='0.9856321567065705' F='_ELLIPSE_ECC(-0.28885935057104,1,0.21651908354901,0.48950183032037,Width,Height,Geometry1.C5)'/></Row><Row T='LineTo' IX='6'><Cell N='X' V='0.1949913490815959' F='Width*0.88949253117528'/><Cell N='Y' V='0.4875858110497197' F='Height*0.9696940817168'/></Row><Row T='EllipticalArcTo' IX='7'><Cell N='X' V='0.1189404587926142' F='Width*0.54257099224602'/><Cell N='Y' V='0.4966839862188117' F='Height*0.98778822312936'/><Cell N='A' V='0.1670419845812556' U='DL' F='Width*0.76199584431588'/><Cell N='B' V='0.5006808921000733' U='DL' F='Height*0.99573713363989'/><Cell N='C' V='0' U='DA' F='_ELLIPSE_THETA(-0.018531958940685,1,0.21651908354901,0.48950183032037,Width,Height)'/><Cell N='D' V='0.9856321567065705' F='_ELLIPSE_ECC(-0.018531958940685,1,0.21651908354901,0.48950183032037,Width,Height,Geometry1.C7)'/></Row><Row T='EllipticalArcTo' IX='8'><Cell N='X' V='0.04517972038682202' F='Width*0.2060964449651'/><Cell N='Y' V='0.3973595026415778' F='Height*0.79025506750478'/><Cell N='A' V='0.06662335300889678' U='DL' F='Width*0.30391591823117'/><Cell N='B' V='0.4400150864747492' U='DL' F='Height*0.8750870422215'/><Cell N='C' V='0' U='DA' F='_ELLIPSE_THETA(-3.1354650926757,1,0.21651908354901,0.48950183032037,Width,Height)'/><Cell N='D' V='0.9856321567065705' F='_ELLIPSE_ECC(-3.1354650926757,1,0.21651908354901,0.48950183032037,Width,Height,Geometry1.C8)'/></Row><Row T='EllipticalArcTo' IX='9'><Cell N='X' V='0' F='Width*0'/><Cell N='Y' V='0.1920302685482316' F='Height*0.38190326851558'/><Cell N='A' V='0.01113436687181208' U='DL' F='Width*0.050791669571443'/><Cell N='B' V='0.2891094162562879' U='DL' F='Height*0.57497097651132'/><Cell N='C' V='0' U='DA' F='_ELLIPSE_THETA(-3.1397114343525,1,0.21651908354901,0.48950183032037,Width,Height)'/><Cell N='D' V='0.9856321567065705' F='_ELLIPSE_ECC(-3.1397114343525,1,0.21651908354901,0.48950183032037,Width,Height,Geometry1.C9)'/></Row><Row T='EllipticalArcTo' IX='10'><Cell N='X' V='0.04600079228099638' F='Width*0.20984193070519'/><Cell N='Y' V='0.03354877129635413' F='Height*0.066720655600923'/><Cell N='A' V='0.01026420419841976' U='DL' F='Width*0.046822246299408'/><Cell N='B' V='0.1148960592121219' U='DL' F='Height*0.22850137576956'/><Cell N='C' V='0' U='DA' F='_ELLIPSE_THETA(-3.1385625495486,1,0.21651908354901,0.48950183032037,Width,Height)'/><Cell N='D' V='0.9856321567065705' F='_ELLIPSE_ECC(-3.1385625495486,1,0.21651908354901,0.48950183032037,Width,Height,Geometry1.C10)'/></Row><Row T='LineTo' IX='11'><Cell N='X' V='0.1032385857811165' F='Geometry1.X1'/><Cell N='Y' V='0' F='Geometry1.Y1'/></Row></Section></Shape><Shape ID='11' Type='Shape' LineStyle='10' FillStyle='10' TextStyle='10'><Cell N='PinX' V='0.1236010650311875' F='Sheet.5!Width*0.1977617040499'/><Cell N='PinY' V='0.2197161409689563' F='Sheet.5!Height*0.35154582555033'/><Cell N='Width' V='0.065666845213825' F='Sheet.5!Width*0.10506695234212'/><Cell N='Height' V='0.1354184308830375' F='Sheet.5!Height*0.21666948941286'/><Cell N='LocPinX' V='0.0328334226069125' F='Width*0.5'/><Cell N='LocPinY' V='0.06770921544151874' F='Height*0.5'/><Cell N='Angle' V='0'/><Cell N='FlipX' V='0'/><Cell N='FlipY' V='0'/><Cell N='ResizeMode' V='0'/><Cell N='LineWeight' V='0.01' U='PT' F='GUARD(0.72PT)'/><Cell N='LinePattern' V='1' F='GUARD(1)'/><Cell N='Rounding' V='0' F='GUARD(0)'/><Cell N='BeginArrow' V='0' F='GUARD(0)'/><Cell N='EndArrow' V='0' F='GUARD(0)'/><Cell N='FillPattern' V='32' F='GUARD(32)'/><Cell N='ShdwPattern' V='0' F='GUARD(0)'/><Cell N='Copyright' V='Copyright (c) 2012 Microsoft Corporation.  All rights reserved.'/><Cell N='LayerMember' V='' F='No Formula'/><Cell N='FillGradientDir' V='11' F='GUARD(11)'/><Cell N='FillGradientEnabled' V='1' F='GUARD(TRUE)'/><Cell N='UseGroupGradient' V='0' F='GUARD(FALSE)'/><Section N='Geometry' IX='0'><Cell N='NoFill' V='0'/><Cell N='NoLine' V='0'/><Cell N='NoShow' V='0'/><Cell N='NoSnap' V='0'/><Cell N='NoQuickDrag' V='0' F='No Formula'/><Row T='MoveTo' IX='1'><Cell N='X' V='0.02701481392844718' F='Width*0.41139198693772'/><Cell N='Y' V='0.09831344309572901' F='Height*0.72599750606063'/></Row><Row T='EllipticalArcTo' IX='2'><Cell N='X' V='0' F='Width*0'/><Cell N='Y' V='0.0166336857034162' F='Height*0.1228317710887'/><Cell N='A' V='0.0220654780772058' U='DL' F='Width*0.33602159514982'/><Cell N='B' V='0.06002927922352903' U='DL' F='Height*0.44328736370736'/><Cell N='C' V='0' U='DA' F='_ELLIPSE_THETA(0.0036403310287207,1,0.06485885750103,0.13183046480606,Width,Height)'/><Cell N='D' V='0.9856321567065851' F='_ELLIPSE_ECC(0.0036403310287207,1,0.06485885750103,0.13183046480606,Width,Height,Geometry1.C2)'/></Row><Row T='EllipticalArcTo' IX='3'><Cell N='X' V='0.03364470484703903' F='Width*0.51235451828826'/><Cell N='Y' V='0.003657187453144126' F='Height*0.027006570887702'/><Cell N='A' V='0.01632798834589047' U='DL' F='Width*0.24864889264473'/><Cell N='B' V='0.0006155958450643287' U='DL' F='Height*0.0045458793241817'/><Cell N='C' V='0' U='DA'/><Cell N='D' V='0.985632156706586' F='Width/Height*2.0325745763247'/></Row><Row T='EllipticalArcTo' IX='4'><Cell N='X' V='0.05766538674144076' F='Width*0.87815070990041'/><Cell N='Y' V='0.03912811643680959' F='Height*0.28894232625251'/><Cell N='A' V='0.04713813802712671' U='DL' F='Width*0.71783771359253'/><Cell N='B' V='0.01738008742572837' U='DL' F='Height*0.1283435889221'/><Cell N='C' V='0' U='DA'/><Cell N='D' V='0.985632156706586' F='Width/Height*2.0325745763247'/></Row><Row T='EllipticalArcTo' IX='5'><Cell N='X' V='0.06365194159758392' F='Width*0.96931627201398'/><Cell N='Y' V='0.1076776687627882' F='Height*0.79514781009234'/><Cell N='A' V='0.06510794086817276' U='DL' F='Width*0.99148878945178'/><Cell N='B' V='0.07239975146998627' U='DL' F='Height*0.53463735326042'/><Cell N='C' V='0' U='DA'/><Cell N='D' V='0.985632156706586' F='Width/Height*2.0325745763247'/></Row><Row T='EllipticalArcTo' IX='6'><Cell N='X' V='0.0407774286788045' F='Width*0.62097438282629'/><Cell N='Y' V='0.1354184308830375' F='Height*1'/><Cell N='A' V='0.05369777737108101' U='DL' F='Width*0.81773042691833'/><Cell N='B' V='0.1280684671666917' U='DL' F='Height*0.94572405197418'/><Cell N='C' V='0' U='DA'/><Cell N='D' V='0.985632156706586' F='Width/Height*2.0325745763247'/></Row><Row T='EllipticalArcTo' IX='7'><Cell N='X' V='0.01961385962567502' F='Width*0.29868740552113'/><Cell N='Y' V='0.1267440337408565' F='Height*0.93594374794024'/><Cell N='A' V='0.02970128007461071' U='DL' F='Width*0.45230252767431'/><Cell N='B' V='0.1330875145715708' U='DL' F='Height*0.98278730379412'/><Cell N='C' V='0' U='DA'/><Cell N='D' V='0.985632156706586' F='Width/Height*2.0325745763247'/></Row><Row T='EllipticalArcTo' IX='8'><Cell N='X' V='0.02701481392844718' F='Geometry1.X1'/><Cell N='Y' V='0.09831344309572901' F='Geometry1.Y1'/><Cell N='A' V='0.02384621988471711' U='DL' F='Width*0.36313941696253'/><Cell N='B' V='0.1140405474663517' U='DL' F='Height*0.8421346099103'/><Cell N='C' V='0' U='DA' F='_ELLIPSE_THETA(-0.021100152845076,1,0.06485885750103,0.13183046480606,Width,Height)'/><Cell N='D' V='0.9856321567065851' F='_ELLIPSE_ECC(-0.021100152845076,1,0.06485885750103,0.13183046480606,Width,Height,Geometry1.C8)'/></Row></Section></Shape></Shapes></Shape></Shapes></MasterContents>