<?xml version='1.0' encoding='utf-8' ?>
<MasterContents xmlns='http://schemas.microsoft.com/office/visio/2012/main' xmlns:r='http://schemas.openxmlformats.org/officeDocument/2006/relationships' xml:space='preserve'><Shapes><Shape ID='5' Type='Group' LineStyle='3' FillStyle='3' TextStyle='3'><Cell N='PinX' V='2.000000029802322'/><Cell N='PinY' V='2.138888888888889'/><Cell N='Width' V='1'/><Cell N='Height' V='1'/><Cell N='LocPinX' V='0.5' F='Width*0.5'/><Cell N='LocPinY' V='0.5' F='Height*0.5'/><Cell N='Angle' V='0'/><Cell N='FlipX' V='0'/><Cell N='FlipY' V='0'/><Cell N='ResizeMode' V='0'/><Cell N='TxtPinX' V='0.5' F='Width*0.5'/><Cell N='TxtPinY' V='-0.1388888888888889' F='SETATREF(Controls.visSSTXT.Y)'/><Cell N='TxtWidth' V='0.1111111111111111' F='MIN(TEXTWIDTH(TheText),Width*2.5)'/><Cell N='TxtHeight' V='0.2777777777777778' F='TEXTHEIGHT(TheText,TxtWidth)'/><Cell N='TxtLocPinX' V='0.05555555555555555' F='TxtWidth*0.5'/><Cell N='TxtLocPinY' V='0.1388888888888889' F='TxtHeight*0.5'/><Cell N='TxtAngle' V='0' F='IF(BITXOR(FlipX,FlipY),1,-1)*Angle'/><Cell N='Rounding' V='0'/><Cell N='ShapeShdwShow' V='1'/><Cell N='ObjType' V='1'/><Cell N='LockGroup' V='1'/><Cell N='SelectMode' V='0'/><Cell N='IsSnapTarget' V='0'/><Cell N='EventDblClick' V='0' F='OPENTEXTWIN()'/><Cell N='HelpTopic' V='Vis_PRXY.chm!#60479'/><Cell N='Copyright' V='Copyright (c) 2012 Microsoft Corporation.  All rights reserved.'/><Section N='Property'><Row N='AssetNumber'><Cell N='Value' V='0' F='No Formula'/><Cell N='Prompt' V=''/><Cell N='Label' V='Asset Number'/><Cell N='Format' V=''/><Cell N='SortKey' V='Asset'/><Cell N='Type' V='0'/><Cell N='Invisible' V='0'/><Cell N='Verify' V='0'/><Cell N='DataLinked' V='0'/><Cell N='LangID' V='en-US'/><Cell N='Calendar' V='0'/></Row><Row N='SerialNumber'><Cell N='Value' V='0' F='No Formula'/><Cell N='Prompt' V=''/><Cell N='Label' V='Serial Number'/><Cell N='Format' V=''/><Cell N='SortKey' V='Asset'/><Cell N='Type' V='0'/><Cell N='Invisible' V='0'/><Cell N='Verify' V='0'/><Cell N='DataLinked' V='0'/><Cell N='LangID' V='en-US'/><Cell N='Calendar' V='0'/></Row><Row N='Location'><Cell N='Value' V='0' F='No Formula'/><Cell N='Prompt' V=''/><Cell N='Label' V='Location'/><Cell N='Format' V=''/><Cell N='SortKey' V='Asset'/><Cell N='Type' V='0'/><Cell N='Invisible' V='0'/><Cell N='Verify' V='0'/><Cell N='DataLinked' V='0'/><Cell N='LangID' V='en-US'/><Cell N='Calendar' V='0'/></Row><Row N='Building'><Cell N='Value' V='0' F='No Formula'/><Cell N='Prompt' V=''/><Cell N='Label' V='Building'/><Cell N='Format' V=''/><Cell N='SortKey' V='Asset'/><Cell N='Type' V='0'/><Cell N='Invisible' V='0'/><Cell N='Verify' V='0'/><Cell N='DataLinked' V='0'/><Cell N='LangID' V='en-US'/><Cell N='Calendar' V='0'/></Row><Row N='Room'><Cell N='Value' V='0' F='No Formula'/><Cell N='Prompt' V=''/><Cell N='Label' V='Room'/><Cell N='Format' V=''/><Cell N='SortKey' V='Asset'/><Cell N='Type' V='0'/><Cell N='Invisible' V='0'/><Cell N='Verify' V='0'/><Cell N='DataLinked' V='0'/><Cell N='LangID' V='en-US'/><Cell N='Calendar' V='0'/></Row><Row N='Manufacturer'><Cell N='Value' V='0' F='No Formula'/><Cell N='Prompt' V=''/><Cell N='Label' V='Manufacturer'/><Cell N='Format' V=''/><Cell N='SortKey' V='Equipment'/><Cell N='Type' V='0'/><Cell N='Invisible' V='0'/><Cell N='Verify' V='0'/><Cell N='DataLinked' V='0'/><Cell N='LangID' V='en-US'/><Cell N='Calendar' V='0'/></Row><Row N='ProductNumber'><Cell N='Value' V='0' F='No Formula'/><Cell N='Prompt' V=''/><Cell N='Label' V='Product Number'/><Cell N='Format' V=''/><Cell N='SortKey' V='Equipment'/><Cell N='Type' V='0'/><Cell N='Invisible' V='0'/><Cell N='Verify' V='0'/><Cell N='DataLinked' V='0'/><Cell N='LangID' V='en-US'/><Cell N='Calendar' V='0'/></Row><Row N='PartNumber'><Cell N='Value' V='0' F='No Formula'/><Cell N='Prompt' V=''/><Cell N='Label' V='Part Number'/><Cell N='Format' V=''/><Cell N='SortKey' V='Equipment'/><Cell N='Type' V='0'/><Cell N='Invisible' V='0'/><Cell N='Verify' V='0'/><Cell N='DataLinked' V='0'/><Cell N='LangID' V='en-US'/><Cell N='Calendar' V='0'/></Row><Row N='ProductDescription'><Cell N='Value' V='0' F='No Formula'/><Cell N='Prompt' V=''/><Cell N='Label' V='Product Description'/><Cell N='Format' V=''/><Cell N='SortKey' V='Equipment'/><Cell N='Type' V='0'/><Cell N='Invisible' V='0'/><Cell N='Verify' V='0'/><Cell N='DataLinked' V='0'/><Cell N='LangID' V='en-US'/><Cell N='Calendar' V='0'/></Row><Row N='NetworkName'><Cell N='Value' V='0' F='No Formula'/><Cell N='Prompt' V=''/><Cell N='Label' V='Network Name'/><Cell N='Format' V=''/><Cell N='SortKey' V='Network'/><Cell N='Type' V='0'/><Cell N='Invisible' V='0'/><Cell N='Verify' V='0'/><Cell N='DataLinked' V='0'/><Cell N='LangID' V='en-US'/><Cell N='Calendar' V='0'/></Row><Row N='IPAddress'><Cell N='Value' V='0' F='No Formula'/><Cell N='Prompt' V=''/><Cell N='Label' V='IP Address'/><Cell N='Format' V=''/><Cell N='SortKey' V='Network'/><Cell N='Type' V='0'/><Cell N='Invisible' V='0'/><Cell N='Verify' V='0'/><Cell N='DataLinked' V='0'/><Cell N='LangID' V='en-US'/><Cell N='Calendar' V='0'/></Row><Row N='SubnetMask'><Cell N='Value' V='0' F='No Formula'/><Cell N='Prompt' V=''/><Cell N='Label' V='Subnet Mask'/><Cell N='Format' V=''/><Cell N='SortKey' V='Network'/><Cell N='Type' V='0'/><Cell N='Invisible' V='0'/><Cell N='Verify' V='0'/><Cell N='DataLinked' V='0'/><Cell N='LangID' V='en-US'/><Cell N='Calendar' V='0'/></Row><Row N='AdminInterface'><Cell N='Value' V='0' F='No Formula'/><Cell N='Prompt' V=''/><Cell N='Label' V='Administrative Interface'/><Cell N='Format' V=''/><Cell N='SortKey' V='Network'/><Cell N='Type' V='0'/><Cell N='Invisible' V='0'/><Cell N='Verify' V='0'/><Cell N='DataLinked' V='0'/><Cell N='LangID' V='en-US'/><Cell N='Calendar' V='0'/></Row><Row N='NumberOfPorts'><Cell N='Value' V='0' F='No Formula'/><Cell N='Prompt' V=''/><Cell N='Label' V='Number of Ports'/><Cell N='Format' V=''/><Cell N='SortKey' V='Network'/><Cell N='Type' V='0'/><Cell N='Invisible' V='0'/><Cell N='Verify' V='0'/><Cell N='DataLinked' V='0'/><Cell N='LangID' V='en-US'/><Cell N='Calendar' V='0'/></Row><Row N='CommunityString'><Cell N='Value' V='0' F='No Formula'/><Cell N='Prompt' V=''/><Cell N='Label' V='Community String'/><Cell N='Format' V=''/><Cell N='SortKey' V='Network'/><Cell N='Type' V='0'/><Cell N='Invisible' V='0'/><Cell N='Verify' V='0'/><Cell N='DataLinked' V='0'/><Cell N='LangID' V='en-US'/><Cell N='Calendar' V='0'/></Row><Row N='NetworkDescription'><Cell N='Value' V='0' F='No Formula'/><Cell N='Prompt' V=''/><Cell N='Label' V='Network Description'/><Cell N='Format' V=''/><Cell N='SortKey' V='Network'/><Cell N='Type' V='0'/><Cell N='Invisible' V='0'/><Cell N='Verify' V='0'/><Cell N='DataLinked' V='0'/><Cell N='LangID' V='en-US'/><Cell N='Calendar' V='0'/></Row><Row N='MACAddress'><Cell N='Value' V='0' F='No Formula'/><Cell N='Prompt' V=''/><Cell N='Label' V='MAC Address'/><Cell N='Format' V=''/><Cell N='SortKey' V='Network'/><Cell N='Type' V='0'/><Cell N='Invisible' V='0'/><Cell N='Verify' V='0'/><Cell N='DataLinked' V='0'/><Cell N='LangID' V='en-US'/><Cell N='Calendar' V='0'/></Row><Row N='ShapeClass'><Cell N='Value' V='Equipment' U='STR'/><Cell N='Prompt' V=''/><Cell N='Label' V='ShapeClass'/><Cell N='Format' V=''/><Cell N='SortKey' V=''/><Cell N='Type' V='0'/><Cell N='Invisible' V='1'/><Cell N='Verify' V='0'/><Cell N='DataLinked' V='0'/><Cell N='LangID' V='en-US'/><Cell N='Calendar' V='0'/></Row><Row N='ShapeType'><Cell N='Value' V='Device' U='STR'/><Cell N='Prompt' V=''/><Cell N='Label' V='ShapeType'/><Cell N='Format' V=''/><Cell N='SortKey' V=''/><Cell N='Type' V='0'/><Cell N='Invisible' V='1'/><Cell N='Verify' V='0'/><Cell N='DataLinked' V='0'/><Cell N='LangID' V='en-US'/><Cell N='Calendar' V='0'/></Row><Row N='SubShapeType'><Cell N='Value' V='Load balancer' U='STR'/><Cell N='Prompt' V=''/><Cell N='Label' V='SubShapeType'/><Cell N='Format' V=''/><Cell N='SortKey' V=''/><Cell N='Type' V='0'/><Cell N='Invisible' V='1'/><Cell N='Verify' V='0'/><Cell N='DataLinked' V='0'/><Cell N='LangID' V='en-US'/><Cell N='Calendar' V='0'/></Row></Section><Section N='User'><Row N='visVersion'><Cell N='Value' V='15'/><Cell N='Prompt' V=''/></Row><Row N='ShapeClass'><Cell N='Value' V='5'/><Cell N='Prompt' V=''/></Row><Row N='SolSH'><Cell N='Value' V='{BF0433D9-CD73-4EB5-8390-8653BE590246}' U='GUID'/><Cell N='Prompt' V=''/></Row><Row N='visLegendShape'><Cell N='Value' V='2'/><Cell N='Prompt' V=''/></Row></Section><Section N='Control'><Row N='visSSTXT'><Cell N='X' V='0.5' F='Width*0.5'/><Cell N='Y' V='-0.1388888888888889' F='-(IF(MODULUS(Angle,180DEG)=0DEG,TxtHeight/2,IF(MODULUS(Angle,180DEG)=90DEG,TxtWidth/2,MIN(ABS(TxtHeight/2/COS(Angle))+ABS(TAN(Angle)*Width/2),ABS(TxtWidth/2/SIN(Angle))+ABS(Width/2/TAN(Angle)),0.5*(ABS(SIN(Angle))*TxtWidth+ABS(COS(Angle))*TxtHeight)))))'/><Cell N='XDyn' V='0.5' F='Controls.visSSTXT'/><Cell N='YDyn' V='-0.1388888888888889' F='Controls.visSSTXT.Y'/><Cell N='XCon' V='5' F='((Controls.visSSTXT&lt;0)*2)+((Controls.visSSTXT&gt;Width)*4)+IF(OR(HideText,STRSAME(SHAPETEXT(TheText),"")),5,0)'/><Cell N='YCon' V='2' F='((Controls.visSSTXT.Y&lt;0)*2)+((Controls.visSSTXT.Y&gt;Height)*4)'/><Cell N='CanGlue' V='0'/><Cell N='Prompt' V='Reposition Text'/></Row></Section><Section N='Connection'><Row T='Connection' IX='0'><Cell N='X' V='0.5' F='Width*0.5'/><Cell N='Y' V='0.5' F='Height*0.5'/><Cell N='DirX' V='0'/><Cell N='DirY' V='0'/><Cell N='Type' V='0'/><Cell N='AutoGen' V='0'/><Cell N='Prompt' V='' F='No Formula'/></Row></Section><Section N='Character'><Row IX='0'><Cell N='Color' V='#4d1e1a' F='IF(LUM(THEMEVAL("BackgroundColor"))&gt;120,SHADE(THEMEVAL(QuickStyleFillColor),75),THEMEVAL("Light"))'/><Cell N='Size' V='0.1388888888888889' U='PT'/></Row></Section><Shapes><Shape ID='6' Type='Shape' LineStyle='3' FillStyle='3' TextStyle='3'><Cell N='PinX' V='0.5' F='Sheet.5!Width*0.5'/><Cell N='PinY' V='0.5' F='Sheet.5!Height*0.5'/><Cell N='Width' V='1' F='Sheet.5!Width*1'/><Cell N='Height' V='0.796348468148169' F='Sheet.5!Height*0.79634846814817'/><Cell N='LocPinX' V='0.5' F='Width*0.5'/><Cell N='LocPinY' V='0.3981742340740845' F='Height*0.5'/><Cell N='Angle' V='0'/><Cell N='FlipX' V='0'/><Cell N='FlipY' V='0'/><Cell N='ResizeMode' V='0'/><Cell N='ShapeShdwShow' V='1'/><Cell N='FillGradientEnabled' V='0'/><Cell N='ReflectionSize' V='0' F='GUARD(0)'/><Cell N='Rounding' V='0'/><Cell N='Copyright' V='Copyright (c) 2012 Microsoft Corporation.  All rights reserved.'/><Section N='Geometry' IX='0'><Cell N='NoFill' V='1'/><Cell N='NoLine' V='0'/><Cell N='NoShow' V='0'/><Cell N='NoSnap' V='0'/><Cell N='NoQuickDrag' V='0'/><Row T='RelMoveTo' IX='1'><Cell N='X' V='0'/><Cell N='Y' V='0.8145190704460192'/></Row><Row T='RelLineTo' IX='2'><Cell N='X' V='0.9999999559964424'/><Cell N='Y' V='0.8145190704460192'/></Row></Section><Section N='Geometry' IX='1'><Cell N='NoFill' V='0'/><Cell N='NoLine' V='0'/><Cell N='NoShow' V='0'/><Cell N='NoSnap' V='0'/><Cell N='NoQuickDrag' V='0'/><Row T='RelMoveTo' IX='1'><Cell N='X' V='0.7499999255758179'/><Cell N='Y' V='1'/></Row><Row T='RelLineTo' IX='2'><Cell N='X' V='0.2499999755348925'/><Cell N='Y' V='1'/></Row><Row T='RelLineTo' IX='3'><Cell N='X' V='0'/><Cell N='Y' V='0.8145190704460192'/></Row><Row T='RelLineTo' IX='4'><Cell N='X' V='0'/><Cell N='Y' V='0'/></Row><Row T='RelLineTo' IX='5'><Cell N='X' V='0.9999999005962804'/><Cell N='Y' V='0'/></Row><Row T='RelLineTo' IX='6'><Cell N='X' V='0.9999999005962804'/><Cell N='Y' V='0.8145190704460192'/></Row><Row T='RelLineTo' IX='7'><Cell N='X' V='0.7499999255758179'/><Cell N='Y' V='1'/></Row></Section></Shape><Shape ID='7' Type='Shape' LineStyle='3' FillStyle='3' TextStyle='3'><Cell N='PinX' V='0.4949065900684248' F='Sheet.5!Width*0.49490659006842'/><Cell N='PinY' V='0.4248132855208125' F='Sheet.5!Height*0.42481328552081'/><Cell N='Width' V='0.766742661977696' F='Sheet.5!Width*0.7667426619777'/><Cell N='Height' V='0.4903941418720835' F='Sheet.5!Height*0.49039414187208'/><Cell N='LocPinX' V='0.383371330988848' F='Width*0.5'/><Cell N='LocPinY' V='0.2451970709360418' F='Height*0.5'/><Cell N='Angle' V='0'/><Cell N='FlipX' V='0'/><Cell N='FlipY' V='0'/><Cell N='ResizeMode' V='0'/><Cell N='FillForegnd' V='Themed' F='IF(LUMDIFF(Sheet.5!FillForegnd,THEMEVAL("FillColor"))&lt;50,TINT(THEMEVAL(),50),THEMEVAL())'/><Cell N='ShapeShdwShow' V='1'/><Cell N='Rounding' V='0'/><Cell N='FillGradientEnabled' V='0'/><Cell N='QuickStyleLineColor' V='102'/><Cell N='QuickStyleFillColor' V='102'/><Cell N='QuickStyleShadowColor' V='102'/><Cell N='QuickStyleFontColor' V='102'/><Cell N='ReflectionSize' V='0' F='GUARD(0)'/><Cell N='Copyright' V='Copyright (c) 2012 Microsoft Corporation.  All rights reserved.'/><Section N='Geometry' IX='0'><Cell N='NoFill' V='0'/><Cell N='NoLine' V='0'/><Cell N='NoShow' V='0'/><Cell N='NoSnap' V='0'/><Cell N='NoQuickDrag' V='0'/><Row T='RelMoveTo' IX='1'><Cell N='X' V='0.821238195740996'/><Cell N='Y' V='0.07792867115116219'/></Row><Row T='RelLineTo' IX='2'><Cell N='X' V='0.7463809291879742'/><Cell N='Y' V='0.05394085543850802'/></Row><Row T='RelLineTo' IX='3'><Cell N='X' V='0.7992396568985571'/><Cell N='Y' V='0'/></Row><Row T='RelLineTo' IX='4'><Cell N='X' V='0.8999512947479508'/><Cell N='Y' V='0.03989507974785334'/></Row><Row T='RelLineTo' IX='5'><Cell N='X' V='0.8830532781340478'/><Cell N='Y' V='0.1997292380589774'/></Row><Row T='RelLineTo' IX='6'><Cell N='X' V='0.8296939686662876'/><Cell N='Y' V='0.2541354655836214'/></Row><Row T='RelLineTo' IX='7'><Cell N='X' V='0.8457667018426819'/><Cell N='Y' V='0.1382155095824356'/></Row><Row T='RelLineTo' IX='8'><Cell N='X' V='0.6697648618664915'/><Cell N='Y' V='0.3178914413842736'/></Row><Row T='RelLineTo' IX='9'><Cell N='X' V='0.6448034201910308'/><Cell N='Y' V='0.2581122815924213'/></Row><Row T='RelLineTo' IX='10'><Cell N='X' V='0.821238195740996'/><Cell N='Y' V='0.07792867115116219'/></Row></Section><Section N='Geometry' IX='1'><Cell N='NoFill' V='0'/><Cell N='NoLine' V='0'/><Cell N='NoShow' V='0'/><Cell N='NoSnap' V='0'/><Cell N='NoQuickDrag' V='0'/><Row T='RelMoveTo' IX='1'><Cell N='X' V='0.9207592607625077'/><Cell N='Y' V='0.5438507424800073'/></Row><Row T='RelLineTo' IX='2'><Cell N='X' V='0.7100143409908802'/><Cell N='Y' V='0.5438507424800073'/></Row><Row T='RelLineTo' IX='3'><Cell N='X' V='0.7100143409908802'/><Cell N='Y' V='0.4724372805347515'/></Row><Row T='RelLineTo' IX='4'><Cell N='X' V='0.9201910328219281'/><Cell N='Y' V='0.4724372805347515'/></Row><Row T='RelLineTo' IX='5'><Cell N='X' V='0.8662229077035472'/><Cell N='Y' V='0.3890299107331689'/></Row><Row T='RelLineTo' IX='6'><Cell N='X' V='0.9299320832318639'/><Cell N='Y' V='0.3890299107331689'/></Row><Row T='RelLineTo' IX='7'><Cell N='X' V='1'/><Cell N='Y' V='0.5084613106570177'/></Row><Row T='RelLineTo' IX='8'><Cell N='X' V='0.929553264604811'/><Cell N='Y' V='0.6279350171341517'/></Row><Row T='RelLineTo' IX='9'><Cell N='X' V='0.8664664339637953'/><Cell N='Y' V='0.6279350171341517'/></Row><Row T='RelLineTo' IX='10'><Cell N='X' V='0.9207592607625077'/><Cell N='Y' V='0.5438507424800073'/></Row></Section><Section N='Geometry' IX='2'><Cell N='NoFill' V='0'/><Cell N='NoLine' V='0'/><Cell N='NoShow' V='0'/><Cell N='NoSnap' V='0'/><Cell N='NoQuickDrag' V='0'/><Row T='RelMoveTo' IX='1'><Cell N='X' V='0.8421408664123162'/><Cell N='Y' V='0.9220501755721963'/></Row><Row T='RelLineTo' IX='2'><Cell N='X' V='0.665706090862351'/><Cell N='Y' V='0.7418877184075813'/></Row><Row T='RelLineTo' IX='3'><Cell N='X' V='0.6906945910111727'/><Cell N='Y' V='0.6820874053390867'/></Row><Row T='RelLineTo' IX='4'><Cell N='X' V='0.8666693725140021'/><Cell N='Y' V='0.861763337140923'/></Row><Row T='RelLineTo' IX='5'><Cell N='X' V='0.8506507562843295'/><Cell N='Y' V='0.7458010745864533'/></Row><Row T='RelLineTo' IX='6'><Cell N='X' V='0.9040100657520899'/><Cell N='Y' V='0.8002707619410248'/></Row><Row T='RelLineTo' IX='7'><Cell N='X' V='0.9208539654192709'/><Cell N='Y' V='0.9601260735287898'/></Row><Row T='RelLineTo' IX='8'><Cell N='X' V='0.8201558568065577'/><Cell N='Y' V='1'/></Row><Row T='RelLineTo' IX='9'><Cell N='X' V='0.7672971290959747'/><Cell N='Y' V='0.9460379912848502'/></Row><Row T='RelLineTo' IX='10'><Cell N='X' V='0.8421408664123162'/><Cell N='Y' V='0.9220501755721963'/></Row></Section><Section N='Geometry' IX='3'><Cell N='NoFill' V='0'/><Cell N='NoLine' V='0'/><Cell N='NoShow' V='0'/><Cell N='NoSnap' V='0'/><Cell N='NoQuickDrag' V='0'/><Row T='RelMoveTo' IX='1'><Cell N='X' V='0.5018940931352703'/><Cell N='Y' V='0.7761983331218092'/></Row><Row T='RelCubBezTo' IX='2'><Cell N='X' V='0.3364856454798857'/><Cell N='Y' V='0.5175149130600386'/><Cell N='A' V='0.4105446870687599'/><Cell N='B' V='0.7761983331218092'/><Cell N='C' V='0.3364856454798857'/><Cell N='D' V='0.6604052967804784'/></Row><Row T='RelCubBezTo' IX='3'><Cell N='X' V='0.5018940931352703'/><Cell N='Y' V='0.2588737995515531'/><Cell N='A' V='0.3364856454798857'/><Cell N='B' V='0.3747302957228115'/><Cell N='C' V='0.4105446870687599'/><Cell N='D' V='0.2588737995515531'/></Row><Row T='RelCubBezTo' IX='4'><Cell N='X' V='0.6673295992640159'/><Cell N='Y' V='0.5175149130600386'/><Cell N='A' V='0.5932434992017808'/><Cell N='B' V='0.2588737995515531'/><Cell N='C' V='0.6673295992640159'/><Cell N='D' V='0.3747302957228115'/></Row><Row T='RelCubBezTo' IX='5'><Cell N='X' V='0.5018940931352703'/><Cell N='Y' V='0.7761983331218092'/><Cell N='A' V='0.6673295992640159'/><Cell N='B' V='0.6604264500571211'/><Cell N='C' V='0.5932434992017808'/><Cell N='D' V='0.7761983331218092'/></Row></Section><Section N='Geometry' IX='4'><Cell N='NoFill' V='0'/><Cell N='NoLine' V='0'/><Cell N='NoShow' V='0'/><Cell N='NoSnap' V='0'/><Cell N='NoQuickDrag' V='0'/><Row T='RelMoveTo' IX='1'><Cell N='X' V='0.5018940931352703'/><Cell N='Y' V='0.694631298388128'/></Row><Row T='RelCubBezTo' IX='2'><Cell N='X' V='0.6151338041507756'/><Cell N='Y' V='0.5175149130600386'/><Cell N='A' V='0.5643315204156236'/><Cell N='B' V='0.694631298388128'/><Cell N='C' V='0.6151338041507756'/><Cell N='D' V='0.6152007445953445'/></Row><Row T='RelCubBezTo' IX='3'><Cell N='X' V='0.5018940931352703'/><Cell N='Y' V='0.3404408342852345'/><Cell N='A' V='0.6151338041507756'/><Cell N='B' V='0.4199348479079455'/><Cell N='C' V='0.5643315204156234'/><Cell N='D' V='0.3404408342852345'/></Row><Row T='RelCubBezTo' IX='4'><Cell N='X' V='0.388654382119765'/><Cell N='Y' V='0.5175149130600386'/><Cell N='A' V='0.439456665854917'/><Cell N='B' V='0.3404408342852345'/><Cell N='C' V='0.388654382119765'/><Cell N='D' V='0.4199348479079455'/></Row><Row T='RelCubBezTo' IX='5'><Cell N='X' V='0.5018940931352703'/><Cell N='Y' V='0.694631298388128'/><Cell N='A' V='0.388654382119765'/><Cell N='B' V='0.6152007445953445'/><Cell N='C' V='0.4394566658549171'/><Cell N='D' V='0.694631298388128'/></Row></Section><Section N='Geometry' IX='5'><Cell N='NoFill' V='0'/><Cell N='NoLine' V='0'/><Cell N='NoShow' V='0'/><Cell N='NoSnap' V='0'/><Cell N='NoQuickDrag' V='0'/><Row T='RelMoveTo' IX='1'><Cell N='X' V='0.2107584490083076'/><Cell N='Y' V='0.5529043448830275'/></Row><Row T='RelLineTo' IX='2'><Cell N='X' V='0'/><Cell N='Y' V='0.5529043448830275'/></Row><Row T='RelLineTo' IX='3'><Cell N='X' V='0'/><Cell N='Y' V='0.4815120362144136'/></Row><Row T='RelLineTo' IX='4'><Cell N='X' V='0.210190221067728'/><Cell N='Y' V='0.4815120362144136'/></Row><Row T='RelLineTo' IX='5'><Cell N='X' V='0.1561950374759861'/><Cell N='Y' V='0.398062359859545'/></Row><Row T='RelLineTo' IX='6'><Cell N='X' V='0.2199448007143443'/><Cell N='Y' V='0.398062359859545'/></Row><Row T='RelLineTo' IX='7'><Cell N='X' V='0.2899991882458'/><Cell N='Y' V='0.5175360663366802'/></Row><Row T='RelLineTo' IX='8'><Cell N='X' V='0.2195659820872912'/><Cell N='Y' V='0.637030926090458'/></Row><Row T='RelLineTo' IX='9'><Cell N='X' V='0.1564385637362344'/><Cell N='Y' V='0.637030926090458'/></Row><Row T='RelLineTo' IX='10'><Cell N='X' V='0.2107584490083076'/><Cell N='Y' V='0.5529043448830275'/></Row></Section></Shape></Shapes></Shape></Shapes></MasterContents>