<?xml version='1.0' encoding='utf-8' ?>
<MasterContents xmlns='http://schemas.microsoft.com/office/visio/2012/main' xmlns:r='http://schemas.openxmlformats.org/officeDocument/2006/relationships' xml:space='preserve'><Shapes><Shape ID='5' NameU='Semi Circle.30' IsCustomNameU='1' Name='Semi Circle.30' IsCustomName='1' Type='Group' LineStyle='8' FillStyle='8' TextStyle='8'><Cell N='PinX' V='2'/><Cell N='PinY' V='2'/><Cell N='Width' V='1.5'/><Cell N='Height' V='0.75'/><Cell N='LocPinX' V='0.75' F='Width*0.5'/><Cell N='LocPinY' V='0.375' F='Height*0.5'/><Cell N='Angle' V='0'/><Cell N='FlipX' V='0'/><Cell N='FlipY' V='0'/><Cell N='ResizeMode' V='0'/><Cell N='EventDblClick' V='0' F='OPENTEXTWIN()'/><Cell N='LeftMargin' V='0.05555555555555555' U='PT'/><Cell N='RightMargin' V='0.05555555555555555' U='PT'/><Cell N='TopMargin' V='0.05555555555555555' U='PT'/><Cell N='BottomMargin' V='0.05555555555555555' U='PT'/><Cell N='DefaultTabStop' V='0.5' U='PT'/><Cell N='Comment' V='&lt;no master&gt;' F='INDEX(0,INDEX(0,MASTERNAME(),":"),".")'/><Cell N='ColorSchemeIndex' V='37'/><Cell N='EffectSchemeIndex' V='37'/><Cell N='ConnectorSchemeIndex' V='37'/><Cell N='FontSchemeIndex' V='37'/><Cell N='ThemeIndex' V='37'/><Cell N='LockAspect' V='1'/><Cell N='SelectMode' V='0'/><Cell N='HelpTopic' V='Vis_PRXY.chm!#54286'/><Cell N='LineWeight' V='Themed' F='THEMEVAL()'/><Cell N='LineColor' V='Themed' F='THEMEVAL()'/><Cell N='LinePattern' V='Themed' F='THEMEVAL()'/><Cell N='Rounding' V='0' U='PT'/><Cell N='EndArrowSize' V='Themed' F='THEMEVAL()'/><Cell N='BeginArrow' V='Themed' F='THEMEVAL()'/><Cell N='EndArrow' V='Themed' F='THEMEVAL()'/><Cell N='LineCap' V='Themed' F='THEMEVAL()'/><Cell N='BeginArrowSize' V='Themed' F='THEMEVAL()'/><Cell N='LineColorTrans' V='Themed' F='THEMEVAL()'/><Cell N='CompoundType' V='Themed' F='THEMEVAL()'/><Cell N='FillForegnd' V='Themed' F='THEMEVAL()'/><Cell N='FillBkgnd' V='Themed' F='THEMEVAL()'/><Cell N='FillPattern' V='Themed' F='THEMEVAL()'/><Cell N='ShdwForegnd' V='Themed' F='THEMEVAL()'/><Cell N='FillForegndTrans' V='Themed' F='THEMEVAL()'/><Cell N='FillBkgndTrans' V='Themed' F='THEMEVAL()'/><Cell N='ShdwForegndTrans' V='Themed' F='THEMEVAL()'/><Cell N='ShapeShdwType' V='Themed' F='THEMEVAL()'/><Cell N='ShapeShdwOffsetX' V='Themed' F='THEMEVAL()'/><Cell N='ShapeShdwOffsetY' V='Themed' F='THEMEVAL()'/><Cell N='ShapeShdwObliqueAngle' V='Themed' F='THEMEVAL()'/><Cell N='ShapeShdwScaleFactor' V='Themed' F='THEMEVAL()'/><Cell N='ShapeShdwBlur' V='Themed' F='THEMEVAL()'/><Cell N='ReflectionTrans' V='Themed' F='THEMEVAL()'/><Cell N='ReflectionSize' V='Themed' F='THEMEVAL()'/><Cell N='ReflectionDist' V='Themed' F='THEMEVAL()'/><Cell N='ReflectionBlur' V='Themed' F='THEMEVAL()'/><Cell N='GlowColor' V='Themed' F='THEMEVAL()'/><Cell N='GlowColorTrans' V='Themed' F='THEMEVAL()'/><Cell N='GlowSize' V='Themed' F='THEMEVAL()'/><Cell N='SoftEdgesSize' V='Themed' F='THEMEVAL()'/><Cell N='SketchSeed' V='Themed' F='THEMEVAL()'/><Cell N='SketchEnabled' V='Themed' F='THEMEVAL()'/><Cell N='SketchAmount' V='Themed' F='THEMEVAL()'/><Cell N='SketchLineWeight' V='Themed' F='THEMEVAL()'/><Cell N='SketchLineChange' V='Themed' F='THEMEVAL()'/><Cell N='SketchFillChange' V='Themed' F='THEMEVAL()'/><Cell N='BevelTopType' V='Themed' F='THEMEVAL()'/><Cell N='BevelTopWidth' V='Themed' F='THEMEVAL()'/><Cell N='BevelTopHeight' V='Themed' F='THEMEVAL()'/><Cell N='BevelBottomType' V='Themed' F='THEMEVAL()'/><Cell N='BevelBottomWidth' V='Themed' F='THEMEVAL()'/><Cell N='BevelBottomHeight' V='Themed' F='THEMEVAL()'/><Cell N='BevelDepthColor' V='Themed' F='THEMEVAL()'/><Cell N='BevelDepthSize' V='Themed' F='THEMEVAL()'/><Cell N='BevelContourColor' V='Themed' F='THEMEVAL()'/><Cell N='BevelContourSize' V='Themed' F='THEMEVAL()'/><Cell N='BevelMaterialType' V='Themed' F='THEMEVAL()'/><Cell N='BevelLightingType' V='Themed' F='THEMEVAL()'/><Cell N='BevelLightingAngle' V='Themed' F='THEMEVAL()'/><Cell N='LineGradientDir' V='Themed' F='THEMEVAL()'/><Cell N='LineGradientAngle' V='Themed' F='THEMEVAL()'/><Cell N='FillGradientDir' V='Themed' F='THEMEVAL()'/><Cell N='FillGradientAngle' V='Themed' F='THEMEVAL()'/><Cell N='LineGradientEnabled' V='Themed' F='THEMEVAL()'/><Cell N='FillGradientEnabled' V='Themed' F='THEMEVAL()'/><Cell N='RotateGradientWithShape' V='Themed' F='THEMEVAL()'/><Cell N='UseGroupGradient' V='Themed' F='THEMEVAL()'/><Section N='User'><Row N='visVersion'><Cell N='Value' V='17'/><Cell N='Prompt' V=''/></Row></Section><Section N='Connection'><Row T='Connection' IX='0'><Cell N='X' V='0.75' F='Width*0.5'/><Cell N='Y' V='0' F='Height*0'/><Cell N='DirX' V='0'/><Cell N='DirY' V='0'/><Cell N='Type' V='0'/><Cell N='AutoGen' V='0'/><Cell N='Prompt' V='' F='No Formula'/></Row><Row T='Connection' IX='1'><Cell N='X' V='0.75' F='Width*0.5'/><Cell N='Y' V='0.75' F='Height*1'/><Cell N='DirX' V='0'/><Cell N='DirY' V='0'/><Cell N='Type' V='0'/><Cell N='AutoGen' V='0'/><Cell N='Prompt' V='' F='No Formula'/></Row><Row T='Connection' IX='2'><Cell N='X' V='0.105' F='Width*0.07'/><Cell N='Y' V='0.375' F='Height*0.5'/><Cell N='DirX' V='0'/><Cell N='DirY' V='0'/><Cell N='Type' V='0'/><Cell N='AutoGen' V='0'/><Cell N='Prompt' V='' F='No Formula'/></Row><Row T='Connection' IX='3'><Cell N='X' V='1.395' F='Width*0.93'/><Cell N='Y' V='0.375' F='Height*0.5'/><Cell N='DirX' V='0'/><Cell N='DirY' V='0'/><Cell N='Type' V='0'/><Cell N='AutoGen' V='0'/><Cell N='Prompt' V='' F='No Formula'/></Row></Section><Section N='Character'><Row IX='0'><Cell N='Font' V='Themed' F='THEMEVAL()'/><Cell N='Color' V='Themed' F='THEMEVAL()'/><Cell N='Style' V='Themed' F='THEMEVAL()'/><Cell N='Size' V='0.1388888888888889' U='PT'/><Cell N='AsianFont' V='Themed' F='THEMEVAL()'/><Cell N='ComplexScriptFont' V='Themed' F='THEMEVAL()'/></Row></Section><Section N='Paragraph'><Row IX='0'><Cell N='IndFirst' V='0' U='PT'/><Cell N='IndLeft' V='0' U='PT'/><Cell N='IndRight' V='0' U='PT'/><Cell N='TextPosAfterBullet' V='0' U='PT'/></Row></Section><Section N='LineGradient'><Row IX='0'><Cell N='GradientStopColor' V='Themed' F='THEMEVAL()'/><Cell N='GradientStopColorTrans' V='Themed' F='THEMEVAL()'/><Cell N='GradientStopPosition' V='Themed' F='THEMEVAL()'/></Row><Row IX='1'><Cell N='GradientStopColor' V='Themed' F='THEMEVAL()'/><Cell N='GradientStopColorTrans' V='Themed' F='THEMEVAL()'/><Cell N='GradientStopPosition' V='Themed' F='THEMEVAL()'/></Row><Row IX='2'><Cell N='GradientStopColor' V='Themed' F='THEMEVAL()'/><Cell N='GradientStopColorTrans' V='Themed' F='THEMEVAL()'/><Cell N='GradientStopPosition' V='Themed' F='THEMEVAL()'/></Row><Row IX='3'><Cell N='GradientStopColor' V='Themed' F='THEMEVAL()'/><Cell N='GradientStopColorTrans' V='Themed' F='THEMEVAL()'/><Cell N='GradientStopPosition' V='Themed' F='THEMEVAL()'/></Row></Section><Section N='FillGradient'><Row IX='0'><Cell N='GradientStopColor' V='Themed' F='THEMEVAL()'/><Cell N='GradientStopColorTrans' V='Themed' F='THEMEVAL()'/><Cell N='GradientStopPosition' V='Themed' F='THEMEVAL()'/></Row><Row IX='1'><Cell N='GradientStopColor' V='Themed' F='THEMEVAL()'/><Cell N='GradientStopColorTrans' V='Themed' F='THEMEVAL()'/><Cell N='GradientStopPosition' V='Themed' F='THEMEVAL()'/></Row><Row IX='2'><Cell N='GradientStopColor' V='Themed' F='THEMEVAL()'/><Cell N='GradientStopColorTrans' V='Themed' F='THEMEVAL()'/><Cell N='GradientStopPosition' V='Themed' F='THEMEVAL()'/></Row></Section><Text><cp IX='0'/><pp IX='0'/></Text><Shapes><Shape ID='6' Type='Shape' LineStyle='8' FillStyle='8' TextStyle='8'><Cell N='PinX' V='0.75' F='Sheet.5!Width*0.5'/><Cell N='PinY' V='0.375' F='Sheet.5!Height*0.5'/><Cell N='Width' V='1.5' F='Sheet.5!Width*1'/><Cell N='Height' V='0.75' F='Sheet.5!Height*1'/><Cell N='LocPinX' V='0.75' F='Width*0.5'/><Cell N='LocPinY' V='0.375' F='Height*0.5'/><Cell N='Angle' V='0'/><Cell N='FlipX' V='0'/><Cell N='FlipY' V='0'/><Cell N='ResizeMode' V='0'/><Cell N='ColorSchemeIndex' V='37'/><Cell N='EffectSchemeIndex' V='37'/><Cell N='ConnectorSchemeIndex' V='37'/><Cell N='FontSchemeIndex' V='37'/><Cell N='ThemeIndex' V='37'/><Cell N='FillForegnd' V='Themed' F='THEMEVAL()'/><Cell N='FillBkgnd' V='Themed' F='THEMEVAL()'/><Cell N='FillPattern' V='Themed' F='THEMEVAL()'/><Cell N='ShdwForegnd' V='Themed' F='THEMEVAL()'/><Cell N='ShdwPattern' V='Themed' F='THEMEVAL()'/><Cell N='FillForegndTrans' V='Themed' F='THEMEVAL()'/><Cell N='FillBkgndTrans' V='Themed' F='THEMEVAL()'/><Cell N='ShdwForegndTrans' V='Themed' F='THEMEVAL()'/><Cell N='ShapeShdwType' V='Themed' F='THEMEVAL()'/><Cell N='ShapeShdwOffsetX' V='Themed' F='THEMEVAL()'/><Cell N='ShapeShdwOffsetY' V='Themed' F='THEMEVAL()'/><Cell N='ShapeShdwObliqueAngle' V='Themed' F='THEMEVAL()'/><Cell N='ShapeShdwScaleFactor' V='Themed' F='THEMEVAL()'/><Cell N='ShapeShdwBlur' V='Themed' F='THEMEVAL()'/><Cell N='ShapeShdwShow' V='Themed' F='THEMEVAL()'/><Cell N='LineWeight' V='Themed' F='THEMEVAL()'/><Cell N='LineColor' V='Themed' F='THEMEVAL()'/><Cell N='LinePattern' V='Themed' F='THEMEVAL()'/><Cell N='Rounding' V='Themed' F='THEMEVAL()'/><Cell N='EndArrowSize' V='Themed' F='THEMEVAL()'/><Cell N='BeginArrow' V='Themed' F='THEMEVAL()'/><Cell N='EndArrow' V='Themed' F='THEMEVAL()'/><Cell N='LineCap' V='Themed' F='THEMEVAL()'/><Cell N='BeginArrowSize' V='Themed' F='THEMEVAL()'/><Cell N='LineColorTrans' V='Themed' F='THEMEVAL()'/><Cell N='CompoundType' V='Themed' F='THEMEVAL()'/><Cell N='LeftMargin' V='0' U='PT'/><Cell N='RightMargin' V='0' U='PT'/><Cell N='TopMargin' V='0' U='PT'/><Cell N='BottomMargin' V='0' U='PT'/><Cell N='DefaultTabStop' V='0.5' U='PT'/><Cell N='ReflectionTrans' V='Themed' F='THEMEVAL()'/><Cell N='ReflectionSize' V='Themed' F='THEMEVAL()'/><Cell N='ReflectionDist' V='Themed' F='THEMEVAL()'/><Cell N='ReflectionBlur' V='Themed' F='THEMEVAL()'/><Cell N='GlowColor' V='Themed' F='THEMEVAL()'/><Cell N='GlowColorTrans' V='Themed' F='THEMEVAL()'/><Cell N='GlowSize' V='Themed' F='THEMEVAL()'/><Cell N='SoftEdgesSize' V='Themed' F='THEMEVAL()'/><Cell N='SketchSeed' V='Themed' F='THEMEVAL()'/><Cell N='SketchEnabled' V='Themed' F='THEMEVAL()'/><Cell N='SketchAmount' V='Themed' F='THEMEVAL()'/><Cell N='SketchLineWeight' V='Themed' F='THEMEVAL()'/><Cell N='SketchLineChange' V='Themed' F='THEMEVAL()'/><Cell N='SketchFillChange' V='Themed' F='THEMEVAL()'/><Cell N='BevelTopType' V='Themed' F='THEMEVAL()'/><Cell N='BevelTopWidth' V='Themed' F='THEMEVAL()'/><Cell N='BevelTopHeight' V='Themed' F='THEMEVAL()'/><Cell N='BevelBottomType' V='Themed' F='THEMEVAL()'/><Cell N='BevelBottomWidth' V='Themed' F='THEMEVAL()'/><Cell N='BevelBottomHeight' V='Themed' F='THEMEVAL()'/><Cell N='BevelDepthColor' V='Themed' F='THEMEVAL()'/><Cell N='BevelDepthSize' V='Themed' F='THEMEVAL()'/><Cell N='BevelContourColor' V='Themed' F='THEMEVAL()'/><Cell N='BevelContourSize' V='Themed' F='THEMEVAL()'/><Cell N='BevelMaterialType' V='Themed' F='THEMEVAL()'/><Cell N='BevelLightingType' V='Themed' F='THEMEVAL()'/><Cell N='BevelLightingAngle' V='Themed' F='THEMEVAL()'/><Cell N='LineGradientDir' V='Themed' F='THEMEVAL()'/><Cell N='LineGradientAngle' V='Themed' F='THEMEVAL()'/><Cell N='FillGradientDir' V='Themed' F='THEMEVAL()'/><Cell N='FillGradientAngle' V='Themed' F='THEMEVAL()'/><Cell N='LineGradientEnabled' V='Themed' F='THEMEVAL()'/><Cell N='FillGradientEnabled' V='Themed' F='THEMEVAL()'/><Cell N='RotateGradientWithShape' V='Themed' F='THEMEVAL()'/><Cell N='UseGroupGradient' V='Themed' F='THEMEVAL()'/><Section N='Character'><Row IX='0'><Cell N='Font' V='Themed' F='THEMEVAL()'/><Cell N='Color' V='Themed' F='THEMEVAL()'/><Cell N='Style' V='Themed' F='THEMEVAL()'/><Cell N='AsianFont' V='Themed' F='THEMEVAL()'/><Cell N='ComplexScriptFont' V='Themed' F='THEMEVAL()'/></Row></Section><Section N='Paragraph'><Row IX='0'><Cell N='IndFirst' V='0' U='PT'/><Cell N='IndLeft' V='0' U='PT'/><Cell N='IndRight' V='0' U='PT'/><Cell N='TextPosAfterBullet' V='0' U='PT'/></Row></Section><Section N='LineGradient'><Row IX='0'><Cell N='GradientStopColor' V='Themed' F='THEMEVAL()'/><Cell N='GradientStopColorTrans' V='Themed' F='THEMEVAL()'/><Cell N='GradientStopPosition' V='Themed' F='THEMEVAL()'/></Row><Row IX='1'><Cell N='GradientStopColor' V='Themed' F='THEMEVAL()'/><Cell N='GradientStopColorTrans' V='Themed' F='THEMEVAL()'/><Cell N='GradientStopPosition' V='Themed' F='THEMEVAL()'/></Row><Row IX='2'><Cell N='GradientStopColor' V='Themed' F='THEMEVAL()'/><Cell N='GradientStopColorTrans' V='Themed' F='THEMEVAL()'/><Cell N='GradientStopPosition' V='Themed' F='THEMEVAL()'/></Row><Row IX='3'><Cell N='GradientStopColor' V='Themed' F='THEMEVAL()'/><Cell N='GradientStopColorTrans' V='Themed' F='THEMEVAL()'/><Cell N='GradientStopPosition' V='Themed' F='THEMEVAL()'/></Row></Section><Section N='FillGradient'><Row IX='0'><Cell N='GradientStopColor' V='Themed' F='THEMEVAL()'/><Cell N='GradientStopColorTrans' V='Themed' F='THEMEVAL()'/><Cell N='GradientStopPosition' V='Themed' F='THEMEVAL()'/></Row><Row IX='1'><Cell N='GradientStopColor' V='Themed' F='THEMEVAL()'/><Cell N='GradientStopColorTrans' V='Themed' F='THEMEVAL()'/><Cell N='GradientStopPosition' V='Themed' F='THEMEVAL()'/></Row><Row IX='2'><Cell N='GradientStopColor' V='Themed' F='THEMEVAL()'/><Cell N='GradientStopColorTrans' V='Themed' F='THEMEVAL()'/><Cell N='GradientStopPosition' V='Themed' F='THEMEVAL()'/></Row></Section><Section N='Geometry' IX='0'><Cell N='NoFill' V='0'/><Cell N='NoLine' V='0'/><Cell N='NoShow' V='0'/><Cell N='NoSnap' V='0'/><Cell N='NoQuickDrag' V='0'/><Row T='RelMoveTo' IX='1'><Cell N='X' V='0.5'/><Cell N='Y' V='1'/></Row><Row T='RelCubBezTo' IX='2'><Cell N='X' V='0'/><Cell N='Y' V='0'/><Cell N='A' V='0.2238541666666668'/><Cell N='B' V='1'/><Cell N='C' V='0'/><Cell N='D' V='0.5522916666666665'/></Row><Row T='RelLineTo' IX='3'><Cell N='X' V='1'/><Cell N='Y' V='0'/></Row><Row T='RelCubBezTo' IX='4'><Cell N='X' V='0.5'/><Cell N='Y' V='1'/><Cell N='A' V='1'/><Cell N='B' V='0.5522916666666665'/><Cell N='C' V='0.7761458333333332'/><Cell N='D' V='1'/></Row><Row T='RelLineTo' IX='5'><Cell N='X' V='0.5'/><Cell N='Y' V='1'/></Row></Section></Shape></Shapes></Shape></Shapes></MasterContents>