<?xml version='1.0' encoding='utf-8' ?>
<MasterContents xmlns='http://schemas.microsoft.com/office/visio/2012/main' xmlns:r='http://schemas.openxmlformats.org/officeDocument/2006/relationships' xml:space='preserve'><Shapes><Shape ID='5' Type='Shape' LineStyle='3' FillStyle='3' TextStyle='3'><Cell N='PinX' V='2' U='IN'/><Cell N='PinY' V='2' U='IN'/><Cell N='Width' V='1.5' U='IN'/><Cell N='Height' V='1.5' U='IN'/><Cell N='LocPinX' V='0.75' U='IN' F='Width*0.5'/><Cell N='LocPinY' V='0.75' U='IN' F='Height*0.5'/><Cell N='Angle' V='0' U='DEG'/><Cell N='FlipX' V='0'/><Cell N='FlipY' V='0'/><Cell N='ResizeMode' V='0'/><Cell N='EventDblClick' V='0' F='OPENTEXTWIN()'/><Cell N='LockAspect' V='1'/><Cell N='TxtPinX' V='0.75' U='IN' F='Width*0.5'/><Cell N='TxtPinY' V='0.75' U='IN' F='Height*0.5'/><Cell N='TxtWidth' V='1.3125' U='IN' F='Width*0.875'/><Cell N='TxtHeight' V='1.125' U='IN' F='Height*0.75'/><Cell N='TxtLocPinX' V='0.65625' U='IN' F='TxtWidth*0.5'/><Cell N='TxtLocPinY' V='0.5625' U='IN' F='TxtHeight*0.5'/><Cell N='TxtAngle' V='0'/><Cell N='HelpTopic' V='Vis_Sba.chm!#45748'/><Cell N='Copyright' V='Copyright (c) 2012 Microsoft Corporation.  All rights reserved.'/><Cell N='ShapeSplit' V='1'/><Cell N='LineWeight' V='0.003333333333333333' U='PT' F='THEMEVAL("LineWeight",0.24PT)'/><Cell N='QuickStyleType' V='2'/><Section N='Connection'><Row T='Connection' IX='0'><Cell N='X' V='0.75' U='IN' F='Width*0.5'/><Cell N='Y' V='1.5' U='IN' F='Height*1'/><Cell N='DirX' V='0' F='No Formula'/><Cell N='DirY' V='0' F='No Formula'/><Cell N='Type' V='0' F='No Formula'/><Cell N='AutoGen' V='0' F='No Formula'/><Cell N='Prompt' V='' F='No Formula'/></Row><Row T='Connection' IX='1'><Cell N='X' V='0.75' U='IN' F='Width*0.5'/><Cell N='Y' V='0.75' U='IN' F='Height*0.5'/><Cell N='DirX' V='0'/><Cell N='DirY' V='1'/><Cell N='Type' V='0' F='No Formula'/><Cell N='AutoGen' V='0' F='No Formula'/><Cell N='Prompt' V='' F='No Formula'/></Row><Row T='Connection' IX='2'><Cell N='X' V='0' U='IN' F='Width*0'/><Cell N='Y' V='0.75' U='IN' F='Height*0.5'/><Cell N='DirX' V='0' F='No Formula'/><Cell N='DirY' V='0' F='No Formula'/><Cell N='Type' V='0' F='No Formula'/><Cell N='AutoGen' V='0' F='No Formula'/><Cell N='Prompt' V='' F='No Formula'/></Row><Row T='Connection' IX='3'><Cell N='X' V='0.75' U='IN' F='Width*0.5'/><Cell N='Y' V='0' U='IN' F='Height*0'/><Cell N='DirX' V='0' F='No Formula'/><Cell N='DirY' V='0' F='No Formula'/><Cell N='Type' V='0' F='No Formula'/><Cell N='AutoGen' V='0' F='No Formula'/><Cell N='Prompt' V='' F='No Formula'/></Row><Row T='Connection' IX='4'><Cell N='X' V='1.5' U='IN' F='Width*1'/><Cell N='Y' V='0.75' U='IN' F='Height*0.5'/><Cell N='DirX' V='0' F='No Formula'/><Cell N='DirY' V='0' F='No Formula'/><Cell N='Type' V='0' F='No Formula'/><Cell N='AutoGen' V='0' F='No Formula'/><Cell N='Prompt' V='' F='No Formula'/></Row><Row T='Connection' IX='5'><Cell N='X' V='0.2196' U='IN' F='Width*0.1464'/><Cell N='Y' V='0.2196' U='IN' F='Height*0.1464'/><Cell N='DirX' V='0'/><Cell N='DirY' V='0'/><Cell N='Type' V='0'/><Cell N='AutoGen' V='0'/><Cell N='Prompt' V='' F='No Formula'/></Row><Row T='Connection' IX='6'><Cell N='X' V='1.2804' U='IN' F='Width*0.8536'/><Cell N='Y' V='0.2196' U='IN' F='Height*0.1464'/><Cell N='DirX' V='0'/><Cell N='DirY' V='0'/><Cell N='Type' V='0'/><Cell N='AutoGen' V='0'/><Cell N='Prompt' V='' F='No Formula'/></Row><Row T='Connection' IX='7'><Cell N='X' V='1.2804' U='IN' F='Width*0.8536'/><Cell N='Y' V='1.2804' U='IN' F='Height*0.8536'/><Cell N='DirX' V='0'/><Cell N='DirY' V='0'/><Cell N='Type' V='0'/><Cell N='AutoGen' V='0'/><Cell N='Prompt' V='' F='No Formula'/></Row><Row T='Connection' IX='8'><Cell N='X' V='0.2196' U='IN' F='Width*0.1464'/><Cell N='Y' V='1.2804' U='IN' F='Height*0.8536'/><Cell N='DirX' V='0'/><Cell N='DirY' V='0'/><Cell N='Type' V='0'/><Cell N='AutoGen' V='0'/><Cell N='Prompt' V='' F='No Formula'/></Row></Section><Section N='User'><Row N='visVersion'><Cell N='Value' V='15'/><Cell N='Prompt' V='' F='No Formula'/></Row></Section><Section N='Character'><Row IX='0'><Cell N='Size' V='0.1388888888888889' U='PT'/></Row></Section><Section N='Geometry' IX='0'><Cell N='NoFill' V='0'/><Cell N='NoLine' V='0'/><Cell N='NoShow' V='0'/><Cell N='NoSnap' V='0' F='No Formula'/><Cell N='NoQuickDrag' V='0' F='No Formula'/><Row T='MoveTo' IX='1'><Cell N='X' V='0' U='IN' F='Width*0'/><Cell N='Y' V='0.75' U='IN' F='Height*0.5'/></Row><Row T='EllipticalArcTo' IX='2'><Cell N='X' V='1.5' U='IN' F='Width*1'/><Cell N='Y' V='0.75' U='IN' F='Height*0.5'/><Cell N='A' V='0.75' U='IN' F='Width*0.5'/><Cell N='B' V='1.5' U='IN' F='Height*1'/><Cell N='C' V='0' U='DA'/><Cell N='D' V='1' F='Width/Height*1'/></Row><Row T='EllipticalArcTo' IX='3'><Cell N='X' V='0' U='IN' F='Geometry1.X1'/><Cell N='Y' V='0.75' U='IN' F='Geometry1.Y1'/><Cell N='A' V='0.75' U='IN' F='Width*0.5'/><Cell N='B' V='0' U='IN' F='Height*0'/><Cell N='C' V='0' U='DA'/><Cell N='D' V='1' F='Width/Height*1'/></Row></Section></Shape></Shapes></MasterContents>