<?xml version='1.0' encoding='utf-8' ?>
<MasterContents xmlns='http://schemas.microsoft.com/office/visio/2012/main' xmlns:r='http://schemas.openxmlformats.org/officeDocument/2006/relationships' xml:space='preserve'><Shapes><Shape ID='5' Type='Shape' LineStyle='3' FillStyle='3' TextStyle='3'><Cell N='PinX' V='2'/><Cell N='PinY' V='2'/><Cell N='Width' V='1.25'/><Cell N='Height' V='1.25'/><Cell N='LocPinX' V='0.625' F='Width*0.5'/><Cell N='LocPinY' V='0.625' F='Height*0.5'/><Cell N='Angle' V='0'/><Cell N='FlipX' V='0'/><Cell N='FlipY' V='0'/><Cell N='ResizeMode' V='0'/><Cell N='LineWeight' V='0.003333333333333333' U='PT' F='THEMEVAL("LineWeight",0.24PT)'/><Cell N='QuickStyleType' V='2'/><Cell N='EventDblClick' V='0' F='OPENTEXTWIN()'/><Cell N='ShapeSplit' V='1'/><Cell N='HelpTopic' V='Vis_PRXY.chm!#60313'/><Cell N='Copyright' V='Copyright (c) 2012 Microsoft Corporation.  All rights reserved.'/><Section N='Control'><Row N='Row_1'><Cell N='X' V='0.625' F='BOUND(Width*0.5,0,FALSE,0,Width)'/><Cell N='Y' V='1.25' F='Height*1'/><Cell N='XDyn' V='0' F='Width*0'/><Cell N='YDyn' V='0' F='Height*0'/><Cell N='XCon' V='0'/><Cell N='YCon' V='1'/><Cell N='CanGlue' V='0'/><Cell N='Prompt' V='Thickness'/></Row></Section><Section N='Connection'><Row T='Connection' IX='0'><Cell N='X' V='0.3125' F='Controls.Row_1*0.5'/><Cell N='Y' V='0' F='Height*0'/><Cell N='DirX' V='0'/><Cell N='DirY' V='0'/><Cell N='Type' V='0'/><Cell N='AutoGen' V='0'/><Cell N='Prompt' V='' F='No Formula'/></Row><Row T='Connection' IX='1'><Cell N='X' V='0.3125' F='Connections.X1'/><Cell N='Y' V='1.25' F='Height*1'/><Cell N='DirX' V='0'/><Cell N='DirY' V='0'/><Cell N='Type' V='0'/><Cell N='AutoGen' V='0'/><Cell N='Prompt' V='' F='No Formula'/></Row><Row T='Connection' IX='2'><Cell N='X' V='1.25' F='Width*1'/><Cell N='Y' V='0.625' F='Height*0.5'/><Cell N='DirX' V='0'/><Cell N='DirY' V='0'/><Cell N='Type' V='0'/><Cell N='AutoGen' V='0'/><Cell N='Prompt' V='' F='No Formula'/></Row><Row T='Connection' IX='3'><Cell N='X' V='0.625' F='Width-Controls.Row_1'/><Cell N='Y' V='0.625' F='Height*0.5'/><Cell N='DirX' V='0'/><Cell N='DirY' V='0'/><Cell N='Type' V='0'/><Cell N='AutoGen' V='0'/><Cell N='Prompt' V='' F='No Formula'/></Row></Section><Section N='Character'><Row IX='0'><Cell N='Size' V='0.1388888888888889' U='PT'/></Row></Section><Section N='User'><Row N='visVersion'><Cell N='Value' V='15'/><Cell N='Prompt' V=''/></Row></Section><Section N='Geometry' IX='0'><Cell N='NoFill' V='0'/><Cell N='NoLine' V='0'/><Cell N='NoShow' V='0'/><Cell N='NoSnap' V='0'/><Cell N='NoQuickDrag' V='0'/><Row T='MoveTo' IX='1'><Cell N='X' V='0' F='Width*0'/><Cell N='Y' V='0' F='Height*0'/></Row><Row T='LineTo' IX='2'><Cell N='X' V='0.625' F='Controls.Row_1'/><Cell N='Y' V='0' F='Height*0'/></Row><Row T='LineTo' IX='3'><Cell N='X' V='1.25' F='Width*1'/><Cell N='Y' V='0.625' F='Height*0.5'/></Row><Row T='LineTo' IX='4'><Cell N='X' V='0.625' F='Controls.Row_1'/><Cell N='Y' V='1.25' F='Height*1'/></Row><Row T='LineTo' IX='5'><Cell N='X' V='0' F='Width*0'/><Cell N='Y' V='1.25' F='Height*1'/></Row><Row T='LineTo' IX='6'><Cell N='X' V='0.625' F='Width-Controls.Row_1'/><Cell N='Y' V='0.625' F='Height*0.5'/></Row><Row T='LineTo' IX='7'><Cell N='X' V='0' F='Geometry1.X1'/><Cell N='Y' V='0' F='Geometry1.Y1'/></Row></Section></Shape></Shapes></MasterContents>