<?xml version='1.0' encoding='utf-8' ?>
<MasterContents xmlns='http://schemas.microsoft.com/office/visio/2012/main' xmlns:r='http://schemas.openxmlformats.org/officeDocument/2006/relationships' xml:space='preserve'><Shapes><Shape ID='5' Type='Group' LineStyle='3' FillStyle='3' TextStyle='3'><Cell N='PinX' V='0.5'/><Cell N='PinY' V='0.25'/><Cell N='Width' V='1.25' U='IN' F='1.25IN*DropOnPageScale'/><Cell N='Height' V='0.2844939358181424' U='IN' F='GUARD(MAX(8PT,User.BottomHeight+User.MiddleHeight+User.TopHeight)+User.CalloutMargin*2)'/><Cell N='LocPinX' V='0.625' U='IN' F='Width*0.5+INDEX(LOOKUP(Prop.msvCalloutPropOffset,Prop.msvCalloutPropOffset.Format),"1;0;-1")*User.CalloutOffset'/><Cell N='LocPinY' V='0.1422469679090712' U='IN' F='Height*0.5'/><Cell N='Angle' V='0'/><Cell N='FlipX' V='0'/><Cell N='FlipY' V='0'/><Cell N='ResizeMode' V='0'/><Cell N='EventDblClick' V='0' F='OPENTEXTWIN()'/><Cell N='LayerMember' V='0'/><Cell N='LeftMargin' V='0.1111111111111111' U='PT' F='IF(User.LabelPosition=2,2PT,8PT)'/><Cell N='RightMargin' V='0.02777777777777778' U='PT' F='IF(User.LabelPosition=1,2PT,8PT)'/><Cell N='TopMargin' V='0.05555555555555555' U='PT' F='IF(User.LabelPosition=4,0PT,4PT)'/><Cell N='BottomMargin' V='0.05555555555555555' U='PT' F='IF(User.LabelPosition=3,0PT,4PT)'/><Cell N='VerticalAlign' V='0'/><Cell N='TxtPinX' V='0.02' U='IN' F='IF(User.LabelPosition=2,Width-User.CalloutMargin,User.CalloutMargin)'/><Cell N='TxtPinY' V='0.1422469679090712' U='IN' F='IF(User.LabelPosition=4,User.BottomHeight,IF(User.LabelPosition=3,User.BottomHeight+User.MiddleHeight,User.MiddleHeight*0.5))+User.CalloutMargin'/><Cell N='TxtWidth' V='0.75625' U='IN' F='(Width-User.CalloutMargin*2)*IF(AND(OR(User.LabelPosition=1,User.LabelPosition=2),User.ValuePosition=5),0.625,1)'/><Cell N='TxtHeight' V='0.2444939358181424' F='TEXTHEIGHT(TheText,TxtWidth)'/><Cell N='TxtLocPinX' V='0' U='IN' F='IF(User.LabelPosition=2,TxtWidth*1,TxtWidth*0)'/><Cell N='TxtLocPinY' V='0.1222469679090712' F='TxtHeight*IF(User.LabelPosition=4,1,IF(User.LabelPosition=3,0,0.5))'/><Cell N='TxtAngle' V='0'/><Cell N='LockRotate' V='1'/><Cell N='LockGroup' V='1'/><Cell N='LockCalcWH' V='1'/><Cell N='LockCustProp' V='1'/><Cell N='LockFromGroupFormat' V='1'/><Cell N='DisplayMode' V='1'/><Cell N='IsSnapTarget' V='0'/><Cell N='DontMoveChildren' V='1'/><Cell N='HideText' V='0' F='IF(User.LabelPosition=0,TRUE,FALSE)'/><Cell N='GlueType' V='8'/><Cell N='ObjType' V='4'/><Cell N='LinePattern' V='0' F='GUARD(IF(User.BorderType=0,0,SETATREFEXPR(1)))'/><Cell N='Rounding' V='0' F='GUARD(0)'/><Cell N='FillForegnd' V='#9dbb61' F='IF(QuickStyleFillMatrix=255,THEMEVAL("Accentcolor2"),THEMEVAL())'/><Cell N='FillPattern' V='1' F='GUARD(IF(User.FillType=0,0,SETATREFEXPR(1)))'/><Cell N='ShdwPattern' V='0' F='GUARD(0)'/><Cell N='FillGradientEnabled' V='0' F='GUARD(IF(OR(User.FillType=0,QuickStyleFillMatrix=255),FALSE,THEMEVAL()))'/><Cell N='QuickStyleFillMatrix' V='255'/><Cell N='HelpTopic' V='Vis_PRXY.chm!#60451'/><Section N='User'><Row N='msvCalloutType'><Cell N='Value' V='Text Callout' U='STR'/><Cell N='Prompt' V=''/></Row><Row N='visDGDefaultPos'><Cell N='Value' V='0'/><Cell N='Prompt' V=''/></Row><Row N='BorderType'><Cell N='Value' V='0' F='LOOKUP(Prop.msvCalloutPropBorder,Prop.msvCalloutPropBorder.Format)'/><Cell N='Prompt' V=''/></Row><Row N='FillType'><Cell N='Value' V='1' F='LOOKUP(Prop.msvCalloutPropFill,Prop.msvCalloutPropFill.Format)'/><Cell N='Prompt' V=''/></Row><Row N='LabelText'><Cell N='Value' V='Label' U='STR' F='IF(STRSAME(Prop.msvCalloutPropLabel,Prop.msvCalloutPropLabel.Format),Prop.msvCalloutField.SortKey,Prop.msvCalloutPropLabel)'/><Cell N='Prompt' V=''/></Row><Row N='LabelPosition'><Cell N='Value' V='1' F='IF(Para.Flags=0,User.LabelPosition2,IF(User.LabelPosition2=1,2,IF(User.LabelPosition2=2,1,User.LabelPosition2)))'/><Cell N='Prompt' V=''/></Row><Row N='ValueText'><Cell N='Value' V='Abc' U='STR' F='FORMATEX(Prop.msvCalloutField,User.ValueFormat,,,User.ValueTextLangID,IF(STRSAME(Prop.msvCalloutPropValueFormat,""),Prop.msvCalloutField.Calendar,Prop.msvCalloutPropValueFormat.Calendar))'/><Cell N='Prompt' V=''/></Row><Row N='TopHeight'><Cell N='Value' V='0' F='IF(User.LabelPosition=3,TxtHeight,0)'/><Cell N='Prompt' V=''/></Row><Row N='MiddleHeight'><Cell N='Value' V='0.2444939358181424' U='DL' F='MAX(IF(OR(User.LabelPosition=1,User.LabelPosition=2),TxtHeight,0),IF(User.ValuePosition=5,Sheet.6!TxtHeight,0))'/><Cell N='Prompt' V=''/></Row><Row N='BottomHeight'><Cell N='Value' V='0' F='IF(User.LabelPosition=4,TxtHeight,0)'/><Cell N='Prompt' V=''/></Row><Row N='visDGStackHeight'><Cell N='Value' V='0'/><Cell N='Prompt' V=''/></Row><Row N='ValuePosition'><Cell N='Value' V='5' F='IF(STRSAME(User.ValueText,""),0,IF(Prop.msvCalloutPropShowValue=TRUE,5,0))'/><Cell N='Prompt' V=''/></Row><Row N='ThemeColor'><Cell N='Value' V='#de7e18' U='COLOR' F='THEMEGUARD(THEMEVAL("AccentColor2"))'/><Cell N='Prompt' V=''/></Row><Row N='CalloutMargin'><Cell N='Value' V='0.02' U='IN' F='0.02IN*DropOnPageScale'/><Cell N='Prompt' V=''/></Row><Row N='CalloutOffset'><Cell N='Value' V='0.125' U='IN' F='0.125IN*DropOnPageScale'/><Cell N='Prompt' V=''/></Row><Row N='UnitSample'><Cell N='Value' V='12.3456' U='IN'/><Cell N='Prompt' V=''/></Row><Row N='ValueFormat'><Cell N='Value' V='esc(0)' U='STR' F='IF(STRSAME(Prop.msvCalloutPropValueFormat,""),IF(STRSAME(Prop.msvCalloutField.Format,""),FIELDPICTURE(0),Prop.msvCalloutField.Format),Prop.msvCalloutPropValueFormat)'/><Cell N='Prompt' V=''/></Row><Row N='TextSample'><Cell N='Value' V='Abc' U='STR'/><Cell N='Prompt' V=''/></Row><Row N='visDGCalloutItem'><Cell N='Value' V='5'/><Cell N='Prompt' V=''/></Row><Row N='ThemeColor2'><Cell N='Value' V='#4d2800' U='COLOR' F='IF(LUMDIFF(THEMEVAL("LineColor"),THEMEVAL("FillColor"))&lt;0,TINT(TONE(User.ThemeColor,-50),-80),TINT(TONE(User.ThemeColor,-50),120))'/><Cell N='Prompt' V=''/></Row><Row N='LabelTextLangID'><Cell N='Value' V='1033' F='IF(STRSAME(Prop.msvCalloutPropLabel,Prop.msvCalloutPropLabel.Format),Prop.msvCalloutField.LangID,Prop.msvCalloutPropLabel.LangID)'/><Cell N='Prompt' V=''/></Row><Row N='ValueTextLangID'><Cell N='Value' V='1033' F='IF(STRSAME(Prop.msvCalloutPropValueFormat,""),Prop.msvCalloutField.LangID,Prop.msvCalloutPropValueFormat.LangID)'/><Cell N='Prompt' V=''/></Row><Row N='LabelPosition2'><Cell N='Value' V='1' F='IF(STRSAME(User.LabelText,""),0,LOOKUP(Prop.msvCalloutPropLabelPosition,Prop.msvCalloutPropLabelPosition.Format))'/><Cell N='Prompt' V=''/></Row><Row N='visVersion'><Cell N='Value' V='15'/><Cell N='Prompt' V=''/></Row><Row N='msvQuickStyleVariationRestore'><Cell N='Value' V='0'/><Cell N='Prompt' V=''/></Row></Section><Section N='Property'><Row N='msvCalloutPropShowValue'><Cell N='Value' V='1' U='BOOL'/><Cell N='Prompt' V='Bool'/><Cell N='Label' V='Show Value'/><Cell N='Format' V=''/><Cell N='SortKey' V=''/><Cell N='Type' V='3'/><Cell N='Invisible' V='1'/><Cell N='Verify' V='0'/><Cell N='DataLinked' V='0' F='No Formula'/><Cell N='LangID' V='en-US'/><Cell N='Calendar' V='0'/></Row><Row N='msvCalloutPropValueFormat'><Cell N='Value' V='' U='STR'/><Cell N='Prompt' V='Format'/><Cell N='Label' V='Value Format'/><Cell N='Format' V=''/><Cell N='SortKey' V=''/><Cell N='Type' V='0'/><Cell N='Invisible' V='1'/><Cell N='Verify' V='0'/><Cell N='DataLinked' V='0' F='No Formula'/><Cell N='LangID' V='en-US'/><Cell N='Calendar' V='0'/></Row><Row N='msvCalloutPropValueSize'><Cell N='Value' V='0.1111111111111111' U='PT' F='SETATREF(Sheet.6!Char.Size)'/><Cell N='Prompt' V='Font'/><Cell N='Label' V='Value Font Size'/><Cell N='Format' V=''/><Cell N='SortKey' V=''/><Cell N='Type' V='2'/><Cell N='Invisible' V='1'/><Cell N='Verify' V='0'/><Cell N='DataLinked' V='0' F='No Formula'/><Cell N='LangID' V='en-US'/><Cell N='Calendar' V='0'/></Row><Row N='msvCalloutPropLabelPosition'><Cell N='Value' V='Left of Value' U='STR' F='INDEX(1,Prop.msvCalloutPropLabelPosition.Format)'/><Cell N='Prompt' V='List'/><Cell N='Label' V='Label Position'/><Cell N='Format' V='Not Shown;Left of Value;Right of Value;Above Value;Below Value'/><Cell N='SortKey' V=''/><Cell N='Type' V='1'/><Cell N='Invisible' V='1'/><Cell N='Verify' V='0'/><Cell N='DataLinked' V='0' F='No Formula'/><Cell N='LangID' V='en-US'/><Cell N='Calendar' V='0'/></Row><Row N='msvCalloutPropLabel'><Cell N='Value' V='[Default]' U='STR' F='Prop.msvCalloutPropLabel.Format'/><Cell N='Prompt' V='String'/><Cell N='Label' V='Label'/><Cell N='Format' V='[Default]'/><Cell N='SortKey' V=''/><Cell N='Type' V='0'/><Cell N='Invisible' V='1'/><Cell N='Verify' V='0'/><Cell N='DataLinked' V='0' F='No Formula'/><Cell N='LangID' V='en-US'/><Cell N='Calendar' V='0'/></Row><Row N='msvCalloutPropLabelSize'><Cell N='Value' V='0.1111111111111111' U='PT' F='SETATREF(Char.Size)'/><Cell N='Prompt' V='Font'/><Cell N='Label' V='Label Font Size'/><Cell N='Format' V=''/><Cell N='SortKey' V=''/><Cell N='Type' V='2'/><Cell N='Invisible' V='1'/><Cell N='Verify' V='0'/><Cell N='DataLinked' V='0' F='No Formula'/><Cell N='LangID' V='en-US'/><Cell N='Calendar' V='0'/></Row><Row N='msvCalloutPropBorder'><Cell N='Value' V='None' U='STR' F='INDEX(0,Prop.msvCalloutPropBorder.Format)'/><Cell N='Prompt' V='List'/><Cell N='Label' V='Border Type'/><Cell N='Format' V='None;Bottom;Outline'/><Cell N='SortKey' V=''/><Cell N='Type' V='1'/><Cell N='Invisible' V='1'/><Cell N='Verify' V='0'/><Cell N='DataLinked' V='0'/><Cell N='LangID' V='en-US'/><Cell N='Calendar' V='0'/></Row><Row N='msvCalloutPropFill'><Cell N='Value' V='Filled' U='STR' F='INDEX(1,Prop.msvCalloutPropFill.Format)'/><Cell N='Prompt' V='List'/><Cell N='Label' V='Fill Type'/><Cell N='Format' V='None;Filled'/><Cell N='SortKey' V=''/><Cell N='Type' V='1'/><Cell N='Invisible' V='1'/><Cell N='Verify' V='0'/><Cell N='DataLinked' V='0' F='No Formula'/><Cell N='LangID' V='en-US'/><Cell N='Calendar' V='0'/></Row><Row N='msvCalloutPropOffset'><Cell N='Value' V='None' U='STR' F='INDEX(1,Prop.msvCalloutPropOffset.Format)'/><Cell N='Prompt' V='List'/><Cell N='Label' V='Callout Offset'/><Cell N='Format' V='Left;None;Right'/><Cell N='SortKey' V=''/><Cell N='Type' V='1'/><Cell N='Invisible' V='1'/><Cell N='Verify' V='0'/><Cell N='DataLinked' V='0' F='No Formula'/><Cell N='LangID' V='en-US'/><Cell N='Calendar' V='0'/></Row><Row N='msvCalloutPropWidth'><Cell N='Value' V='0'/><Cell N='Prompt' V='Number'/><Cell N='Label' V='Callout Width'/><Cell N='Format' V=''/><Cell N='SortKey' V=''/><Cell N='Type' V='2'/><Cell N='Invisible' V='1'/><Cell N='Verify' V='0'/><Cell N='DataLinked' V='0' F='No Formula'/><Cell N='LangID' V='en-US'/><Cell N='Calendar' V='0'/></Row><Row N='msvCalloutField'><Cell N='Value' V='Abc' U='STR' F='IF(STRSAME("esc(0)",User.ValueFormat),User.TextSample,IF(ISERROR(FIND("[",User.ValueFormat))=FALSE,12.34,IF(ISERROR(FIND("@",User.ValueFormat))=FALSE,User.TextSample,IF(ISERROR(FIND("%",User.ValueFormat))=FALSE,0.1234,IF(ISERROR(FIND("{",User.ValueFormat))=FALSE,NOW(),IF(ISERROR(FIND("$",User.ValueFormat))=FALSE,123.45,IF(ISERROR(FIND("esc",User.ValueFormat))=FALSE,User.UnitSample,IF(ISERROR(FIND("#/",User.ValueFormat))=FALSE,User.UnitSample,IF(ISERROR(FIND("/",User.ValueFormat))=FALSE,NOW(),User.UnitSample*100)))))))))'/><Cell N='Prompt' V=''/><Cell N='Label' V=''/><Cell N='Format' V=''/><Cell N='SortKey' V='Label'/><Cell N='Type' V='0'/><Cell N='Invisible' V='1'/><Cell N='Verify' V='0'/><Cell N='DataLinked' V='0' F='No Formula'/><Cell N='LangID' V='en-US'/><Cell N='Calendar' V='0'/></Row></Section><Section N='Character'><Row IX='0'><Cell N='Color' V='#ffffff' F='IF(QuickStyleFillMatrix=255,IF(User.FillType=1,THEMEVAL("Light"),IF(LUM(THEMEVAL("BackgroundColor"))&gt;120,THEMEVAL("Dark"),THEMEVAL("Light"))),THEMEVAL())'/><Cell N='Size' V='0.1111111111111111' U='PT'/><Cell N='LangID' V='en-US' F='User.LabelTextLangID'/></Row></Section><Section N='Field'><Row IX='0'><Cell N='Value' V='Label' U='STR' F='User.LabelText'/><Cell N='Format' V='esc(0)' U='STR' F='FIELDPICTURE(0)'/><Cell N='Type' V='0'/><Cell N='UICat' V='0' F='No Formula'/><Cell N='UICod' V='0' F='No Formula'/><Cell N='UIFmt' V='0' F='No Formula'/><Cell N='Calendar' V='0'/><Cell N='ObjectKind' V='0'/></Row></Section><Section N='Paragraph'><Row IX='0'><Cell N='HorzAlign' V='0' F='IF(OR(User.ValuePosition=0,User.LabelPosition=0,User.LabelPosition=3,User.LabelPosition=4),SETATREFEXPR(IF(Para.Flags+User.LabelPosition=2,2,0)),IF(Para.Flags+User.LabelPosition=2,2,0))'/></Row></Section><Section N='Geometry' IX='0'><Cell N='NoFill' V='1'/><Cell N='NoLine' V='0'/><Cell N='NoShow' V='1' F='IF(User.BorderType=1,FALSE,TRUE)'/><Cell N='NoSnap' V='0'/><Cell N='NoQuickDrag' V='0' F='No Formula'/><Row T='MoveTo' IX='1'><Cell N='X' V='0.02' U='IN' F='User.CalloutMargin'/><Cell N='Y' V='0.02' U='IN' F='User.CalloutMargin'/></Row><Row T='LineTo' IX='2'><Cell N='X' V='1.23' U='IN' F='Width*1-Geometry1.X1'/><Cell N='Y' V='0.02' U='IN' F='Geometry1.Y1'/></Row></Section><Section N='Geometry' IX='1'><Cell N='NoFill' V='0' F='IF(User.FillType=0,TRUE,FALSE)'/><Cell N='NoLine' V='0' F='IF(User.BorderType=1,TRUE,FALSE)'/><Cell N='NoShow' V='0'/><Cell N='NoSnap' V='0'/><Cell N='NoQuickDrag' V='0' F='No Formula'/><Row T='Ellipse' IX='1'><Cell N='X' V='0.625' U='IN' F='Width*0.5'/><Cell N='Y' V='0.1422469679090712' U='IN' F='Height*0.5'/><Cell N='A' V='1.23' U='IN' F='Width*1-User.CalloutMargin'/><Cell N='B' V='0.1422469679090712' U='IN' F='Height*0.5'/><Cell N='C' V='0.625' U='IN' F='Width*0.5'/><Cell N='D' V='0.2644939358181424' U='IN' F='Height*1-User.CalloutMargin'/></Row></Section><Text><cp IX='0'/><pp IX='0'/><fld IX='0'>Label</fld>
</Text><Shapes><Shape ID='6' Type='Shape' LineStyle='3' FillStyle='3' TextStyle='3'><Cell N='PinX' V='0.625' U='IN' F='Sheet.5!Width*0.5'/><Cell N='PinY' V='0.1422469679090712' U='IN' F='Sheet.5!Height*0.5'/><Cell N='Width' V='1.25' U='IN' F='Sheet.5!Width*1'/><Cell N='Height' V='0.2844939358181424' U='IN' F='Sheet.5!Height*1'/><Cell N='LocPinX' V='0.625' U='IN' F='Width*0.5'/><Cell N='LocPinY' V='0.1422469679090712' U='IN' F='Height*0.5'/><Cell N='Angle' V='0'/><Cell N='FlipX' V='0'/><Cell N='FlipY' V='0'/><Cell N='ResizeMode' V='0'/><Cell N='ShdwPattern' V='0' F='GUARD(0)'/><Cell N='LayerMember' V='0'/><Cell N='NoObjHandles' V='1'/><Cell N='HideText' V='0' F='IF(User.ValuePosition=0,TRUE,FALSE)'/><Cell N='GlueType' V='8'/><Cell N='ObjType' V='4'/><Cell N='TxtPinX' V='1.23' U='IN' F='IF(User.LabelPosition&lt;2,Width-User.CalloutMargin,User.CalloutMargin)'/><Cell N='TxtPinY' V='0.1422469679090712' U='IN' F='IF(User.LabelPosition=4,User.BottomHeight,IF(User.LabelPosition=3,User.BottomHeight+User.MiddleHeight,User.MiddleHeight*0.5))+User.CalloutMargin'/><Cell N='TxtWidth' V='0.8068513627966579' U='IN' F='(Width-User.CalloutMargin*2)*IF(OR(User.LabelPosition=1,User.LabelPosition=2),1-TEXTWIDTH(Sheet.5!TheText,Sheet.5!TxtWidth)/(Width-User.CalloutMargin*2),1)'/><Cell N='TxtHeight' V='0.2444939358181424' F='TEXTHEIGHT(TheText,TxtWidth)'/><Cell N='TxtLocPinX' V='0.8068513627966579' U='IN' F='TxtWidth*IF(User.LabelPosition&lt;2,1,0)'/><Cell N='TxtLocPinY' V='0.1222469679090712' F='TxtHeight*IF(User.LabelPosition=4,0,IF(User.LabelPosition=3,1,0.5))'/><Cell N='TxtAngle' V='0'/><Cell N='LeftMargin' V='0.02777777777777778' U='PT' F='IF(User.LabelPosition=1,2PT,8PT)'/><Cell N='RightMargin' V='0.1111111111111111' U='PT' F='IF(User.LabelPosition=2,2PT,8PT)'/><Cell N='TopMargin' V='0.05555555555555555' U='PT' F='IF(User.LabelPosition=3,0PT,4PT)'/><Cell N='BottomMargin' V='0.05555555555555555' U='PT' F='IF(User.LabelPosition=4,0PT,4PT)'/><Cell N='ShapeFixedCode' V='128'/><Cell N='LockCalcWH' V='1'/><Section N='Field'><Row IX='0'><Cell N='Value' V='Abc' U='STR' F='Sheet.5!User.ValueText'/><Cell N='Format' V='esc(0)' U='STR' F='FIELDPICTURE(0)'/><Cell N='Type' V='0'/><Cell N='UICat' V='0' F='No Formula'/><Cell N='UICod' V='0' F='No Formula'/><Cell N='UIFmt' V='0' F='No Formula'/><Cell N='Calendar' V='0'/><Cell N='ObjectKind' V='0'/></Row></Section><Section N='User'><Row N='LabelPosition'><Cell N='Value' V='1' F='Sheet.5!User.LabelPosition'/><Cell N='Prompt' V=''/></Row><Row N='ValuePosition'><Cell N='Value' V='5' F='Sheet.5!User.ValuePosition'/><Cell N='Prompt' V=''/></Row><Row N='BottomHeight'><Cell N='Value' V='0' F='Sheet.5!User.BottomHeight'/><Cell N='Prompt' V=''/></Row><Row N='MiddleHeight'><Cell N='Value' V='0.2444939358181424' U='DL' F='Sheet.5!User.MiddleHeight'/><Cell N='Prompt' V=''/></Row><Row N='CalloutMargin'><Cell N='Value' V='0.02' U='IN' F='Sheet.5!User.CalloutMargin'/><Cell N='Prompt' V=''/></Row></Section><Section N='Character'><Row IX='0'><Cell N='Color' V='#ffffff' F='GUARD(Sheet.5!Char.Color)'/><Cell N='Size' V='0.1111111111111111' U='PT'/><Cell N='LangID' V='en-US' F='Sheet.5!User.ValueTextLangID'/></Row></Section><Section N='Paragraph'><Row IX='0'><Cell N='HorzAlign' V='2' F='IF(OR(User.ValuePosition=0,User.LabelPosition=0,User.LabelPosition=3,User.LabelPosition=4),SETATREFEXPR(IF(Para.Flags=0,IF(User.LabelPosition&lt;2,2,0),IF(User.LabelPosition=2,2,0))),IF(Para.Flags=0,IF(User.LabelPosition&lt;2,2,0),IF(User.LabelPosition=2,2,0)))'/><Cell N='Flags' V='0' F='GUARD(Sheet.5!Para.Flags)'/></Row></Section><Text><cp IX='0'/><pp IX='0'/><fld IX='0'>Abc</fld>
</Text></Shape></Shapes></Shape></Shapes></MasterContents>