<?xml version='1.0' encoding='utf-8' ?>
<MasterContents xmlns='http://schemas.microsoft.com/office/visio/2012/main' xmlns:r='http://schemas.openxmlformats.org/officeDocument/2006/relationships' xml:space='preserve'><Shapes><Shape ID='5' Type='Group' LineStyle='3' FillStyle='3' TextStyle='3'><Cell N='PinX' V='1' U='IN'/><Cell N='PinY' V='1' U='IN'/><Cell N='Width' V='1.125' U='IN'/><Cell N='Height' V='1.5' U='IN'/><Cell N='LocPinX' V='0.5625' U='IN' F='Width*0.5'/><Cell N='LocPinY' V='0.75' U='IN' F='Height*0.5'/><Cell N='Angle' V='0'/><Cell N='FlipX' V='0'/><Cell N='FlipY' V='0'/><Cell N='ResizeMode' V='0'/><Cell N='ObjType' V='8'/><Cell N='Comment' V='&lt;no master&gt;' F='INDEX(0,INDEX(0,MASTERNAME(),":"),".")'/><Cell N='EventDblClick' V='0' F='OPENTEXTWIN()'/><Cell N='TxtPinX' V='0.5625' U='IN' F='Controls.Row_1'/><Cell N='TxtPinY' V='-0.1555555555555556' F='Controls.Row_1.Y'/><Cell N='TxtWidth' V='0.1111111111111111' F='TEXTWIDTH(TheText)'/><Cell N='TxtHeight' V='0.3111111111111111' F='TEXTHEIGHT(TheText,TxtWidth)'/><Cell N='TxtLocPinX' V='0.05555555555555555' F='TxtWidth*0.5'/><Cell N='TxtLocPinY' V='0.1555555555555556' F='TxtHeight*0.5'/><Cell N='TxtAngle' V='0' F='IF(BITXOR(FlipX,FlipY),1,-1)*Angle'/><Cell N='SelectMode' V='0'/><Cell N='HelpTopic' V='Vis_PRXY.chm!#55173'/><Cell N='Copyright' V='Copyright (c) 2012 Microsoft Corporation.  All rights reserved.'/><Cell N='LayerMember' V='' F='No Formula'/><Cell N='LockAspect' V='1'/><Cell N='QuickStyleVariation' V='6'/><Section N='User'><Row N='HasText'><Cell N='Value' V='0' U='BOOL' F='NOT(OR(HideText,STRSAME(SHAPETEXT(TheText),"")))'/><Cell N='Prompt' V='' F='No Formula'/></Row><Row N='ShapeClass'><Cell N='Value' V='5'/><Cell N='Prompt' V='' F='No Formula'/></Row><Row N='ShapeType'><Cell N='Value' V='8'/><Cell N='Prompt' V='' F='No Formula'/></Row><Row N='SubShapeType'><Cell N='Value' V='66'/><Cell N='Prompt' V='' F='No Formula'/></Row><Row N='visLegendShape'><Cell N='Value' V='2'/><Cell N='Prompt' V='' F='No Formula'/></Row><Row N='SolSH'><Cell N='Value' V='{BF0433D9-CD73-4EB5-8390-8653BE590246}' U='GUID'/><Cell N='Prompt' V='' F='No Formula'/></Row><Row N='visVersion'><Cell N='Value' V='15'/><Cell N='Prompt' V=''/></Row></Section><Section N='Actions'><Row N='Properties'><Cell N='Menu' V='%_P&amp;roperties'/><Cell N='Action' V='0' F='RUNADDON("NETWORK SHAPE PROPERTIES")'/><Cell N='Checked' V='0'/><Cell N='Disabled' V='0'/><Cell N='ReadOnly' V='0'/><Cell N='Invisible' V='0'/><Cell N='BeginGroup' V='0'/><Cell N='FlyoutChild' V='0' F='No Formula'/><Cell N='TagName' V=''/><Cell N='ButtonFace' V=''/><Cell N='SortKey' V=''/></Row></Section><Section N='Connection'><Row T='Connection' N='Row_1'><Cell N='X' V='0.5625' U='IN' F='Width*0.5'/><Cell N='Y' V='0.75' U='IN' F='Height*0.5'/><Cell N='DirX' V='0'/><Cell N='DirY' V='0'/><Cell N='Type' V='0'/><Cell N='AutoGen' V='0'/><Cell N='Prompt' V='' F='No Formula'/></Row></Section><Section N='Control'><Row N='Row_1'><Cell N='X' V='0.5625' U='IN' F='Width*0.5'/><Cell N='Y' V='-0.1555555555555556' F='-TxtHeight*0.5'/><Cell N='XDyn' V='0.5625' U='IN' F='Controls.Row_1'/><Cell N='YDyn' V='-0.1555555555555556' F='Controls.Row_1.Y'/><Cell N='XCon' V='2' F='(Controls.Row_1&gt;Width/2)*2+2'/><Cell N='YCon' V='7' F='(Controls.Row_1.Y&gt;Height/2)*2+2+5*NOT(User.HasText)'/><Cell N='CanGlue' V='1'/><Cell N='Prompt' V='Reposition Text'/></Row></Section><Section N='Property'><Row N='ShapeClass'><Cell N='Value' V='Equipment' U='STR'/><Cell N='Prompt' V='' F='No Formula'/><Cell N='Label' V='ShapeClass'/><Cell N='Format' V='' F='No Formula'/><Cell N='SortKey' V='' F='No Formula'/><Cell N='Type' V='0'/><Cell N='Invisible' V='1'/><Cell N='Verify' V='0'/><Cell N='DataLinked' V='0' F='No Formula'/><Cell N='LangID' V='en-US'/><Cell N='Calendar' V='0' F='No Formula'/></Row><Row N='ShapeType'><Cell N='Value' V='Device' U='STR'/><Cell N='Prompt' V='' F='No Formula'/><Cell N='Label' V='ShapeType'/><Cell N='Format' V='' F='No Formula'/><Cell N='SortKey' V='' F='No Formula'/><Cell N='Type' V='0'/><Cell N='Invisible' V='1'/><Cell N='Verify' V='0'/><Cell N='DataLinked' V='0' F='No Formula'/><Cell N='LangID' V='en-US'/><Cell N='Calendar' V='0' F='No Formula'/></Row><Row N='SubShapeType'><Cell N='Value' V='Switch' U='STR'/><Cell N='Prompt' V='' F='No Formula'/><Cell N='Label' V='SubShapeType'/><Cell N='Format' V='' F='No Formula'/><Cell N='SortKey' V='' F='No Formula'/><Cell N='Type' V='0'/><Cell N='Invisible' V='1'/><Cell N='Verify' V='0'/><Cell N='DataLinked' V='0' F='No Formula'/><Cell N='LangID' V='en-US'/><Cell N='Calendar' V='0' F='No Formula'/></Row><Row N='Manufacturer'><Cell N='Value' V='0' F='No Formula'/><Cell N='Prompt' V='' F='No Formula'/><Cell N='Label' V='Manufacturer'/><Cell N='Format' V='' F='No Formula'/><Cell N='SortKey' V='Equipment'/><Cell N='Type' V='0'/><Cell N='Invisible' V='0'/><Cell N='Verify' V='0'/><Cell N='DataLinked' V='0' F='No Formula'/><Cell N='LangID' V='en-US'/><Cell N='Calendar' V='0' F='No Formula'/></Row><Row N='ProductNumber'><Cell N='Value' V='0' F='No Formula'/><Cell N='Prompt' V='' F='No Formula'/><Cell N='Label' V='Product Number'/><Cell N='Format' V='' F='No Formula'/><Cell N='SortKey' V='Equipment'/><Cell N='Type' V='0'/><Cell N='Invisible' V='0'/><Cell N='Verify' V='0'/><Cell N='DataLinked' V='0' F='No Formula'/><Cell N='LangID' V='en-US'/><Cell N='Calendar' V='0' F='No Formula'/></Row><Row N='PartNumber'><Cell N='Value' V='0' F='No Formula'/><Cell N='Prompt' V='' F='No Formula'/><Cell N='Label' V='Part Number'/><Cell N='Format' V='' F='No Formula'/><Cell N='SortKey' V='Equipment'/><Cell N='Type' V='0'/><Cell N='Invisible' V='0'/><Cell N='Verify' V='0'/><Cell N='DataLinked' V='0' F='No Formula'/><Cell N='LangID' V='en-US'/><Cell N='Calendar' V='0' F='No Formula'/></Row><Row N='ProductDescription'><Cell N='Value' V='0' F='No Formula'/><Cell N='Prompt' V='' F='No Formula'/><Cell N='Label' V='Product Description'/><Cell N='Format' V='' F='No Formula'/><Cell N='SortKey' V='Equipment'/><Cell N='Type' V='0'/><Cell N='Invisible' V='0'/><Cell N='Verify' V='0'/><Cell N='DataLinked' V='0' F='No Formula'/><Cell N='LangID' V='en-US'/><Cell N='Calendar' V='0' F='No Formula'/></Row><Row N='AssetNumber'><Cell N='Value' V='0' F='No Formula'/><Cell N='Prompt' V='' F='No Formula'/><Cell N='Label' V='Asset Number'/><Cell N='Format' V='' F='No Formula'/><Cell N='SortKey' V='Asset'/><Cell N='Type' V='0'/><Cell N='Invisible' V='0'/><Cell N='Verify' V='0'/><Cell N='DataLinked' V='0' F='No Formula'/><Cell N='LangID' V='en-US'/><Cell N='Calendar' V='0' F='No Formula'/></Row><Row N='SerialNumber'><Cell N='Value' V='0' F='No Formula'/><Cell N='Prompt' V='' F='No Formula'/><Cell N='Label' V='Serial Number'/><Cell N='Format' V='' F='No Formula'/><Cell N='SortKey' V='Asset'/><Cell N='Type' V='0'/><Cell N='Invisible' V='0'/><Cell N='Verify' V='0'/><Cell N='DataLinked' V='0' F='No Formula'/><Cell N='LangID' V='en-US'/><Cell N='Calendar' V='0' F='No Formula'/></Row><Row N='Location'><Cell N='Value' V='0' F='No Formula'/><Cell N='Prompt' V='' F='No Formula'/><Cell N='Label' V='Location'/><Cell N='Format' V='' F='No Formula'/><Cell N='SortKey' V='Asset'/><Cell N='Type' V='0'/><Cell N='Invisible' V='0'/><Cell N='Verify' V='0'/><Cell N='DataLinked' V='0' F='No Formula'/><Cell N='LangID' V='en-US'/><Cell N='Calendar' V='0' F='No Formula'/></Row><Row N='Building'><Cell N='Value' V='0' F='No Formula'/><Cell N='Prompt' V='' F='No Formula'/><Cell N='Label' V='Building'/><Cell N='Format' V='' F='No Formula'/><Cell N='SortKey' V='Asset'/><Cell N='Type' V='0'/><Cell N='Invisible' V='0'/><Cell N='Verify' V='0'/><Cell N='DataLinked' V='0' F='No Formula'/><Cell N='LangID' V='en-US'/><Cell N='Calendar' V='0' F='No Formula'/></Row><Row N='Room'><Cell N='Value' V='0' F='No Formula'/><Cell N='Prompt' V='' F='No Formula'/><Cell N='Label' V='Room'/><Cell N='Format' V='' F='No Formula'/><Cell N='SortKey' V='Asset'/><Cell N='Type' V='0'/><Cell N='Invisible' V='0'/><Cell N='Verify' V='0'/><Cell N='DataLinked' V='0' F='No Formula'/><Cell N='LangID' V='en-US'/><Cell N='Calendar' V='0' F='No Formula'/></Row><Row N='NetworkName'><Cell N='Value' V='0' F='No Formula'/><Cell N='Prompt' V='' F='No Formula'/><Cell N='Label' V='Network Name'/><Cell N='Format' V='' F='No Formula'/><Cell N='SortKey' V='Network'/><Cell N='Type' V='0'/><Cell N='Invisible' V='0'/><Cell N='Verify' V='0'/><Cell N='DataLinked' V='0' F='No Formula'/><Cell N='LangID' V='en-US'/><Cell N='Calendar' V='0' F='No Formula'/></Row><Row N='IPAddress'><Cell N='Value' V='0' F='No Formula'/><Cell N='Prompt' V='' F='No Formula'/><Cell N='Label' V='IP Address'/><Cell N='Format' V='' F='No Formula'/><Cell N='SortKey' V='Network'/><Cell N='Type' V='0'/><Cell N='Invisible' V='0'/><Cell N='Verify' V='0'/><Cell N='DataLinked' V='0' F='No Formula'/><Cell N='LangID' V='en-US'/><Cell N='Calendar' V='0' F='No Formula'/></Row><Row N='SubnetMask'><Cell N='Value' V='0' F='No Formula'/><Cell N='Prompt' V='' F='No Formula'/><Cell N='Label' V='Subnet Mask'/><Cell N='Format' V='' F='No Formula'/><Cell N='SortKey' V='Network'/><Cell N='Type' V='0'/><Cell N='Invisible' V='0'/><Cell N='Verify' V='0'/><Cell N='DataLinked' V='0' F='No Formula'/><Cell N='LangID' V='en-US'/><Cell N='Calendar' V='0' F='No Formula'/></Row><Row N='AdminInterface'><Cell N='Value' V='0' F='No Formula'/><Cell N='Prompt' V='' F='No Formula'/><Cell N='Label' V='Administrative Interface'/><Cell N='Format' V='' F='No Formula'/><Cell N='SortKey' V='Network'/><Cell N='Type' V='0'/><Cell N='Invisible' V='0'/><Cell N='Verify' V='0'/><Cell N='DataLinked' V='0' F='No Formula'/><Cell N='LangID' V='en-US'/><Cell N='Calendar' V='0' F='No Formula'/></Row><Row N='NumberOfPorts'><Cell N='Value' V='0' F='No Formula'/><Cell N='Prompt' V='' F='No Formula'/><Cell N='Label' V='Number of Ports'/><Cell N='Format' V='' F='No Formula'/><Cell N='SortKey' V='Network'/><Cell N='Type' V='0'/><Cell N='Invisible' V='0'/><Cell N='Verify' V='0'/><Cell N='DataLinked' V='0' F='No Formula'/><Cell N='LangID' V='en-US'/><Cell N='Calendar' V='0' F='No Formula'/></Row><Row N='MACAddress'><Cell N='Value' V='0' F='No Formula'/><Cell N='Prompt' V='' F='No Formula'/><Cell N='Label' V='MAC Address'/><Cell N='Format' V='' F='No Formula'/><Cell N='SortKey' V='Network'/><Cell N='Type' V='0'/><Cell N='Invisible' V='0'/><Cell N='Verify' V='0'/><Cell N='DataLinked' V='0' F='No Formula'/><Cell N='LangID' V='en-US'/><Cell N='Calendar' V='0' F='No Formula'/></Row><Row N='CommunityString'><Cell N='Value' V='0' F='No Formula'/><Cell N='Prompt' V='' F='No Formula'/><Cell N='Label' V='Community String'/><Cell N='Format' V='' F='No Formula'/><Cell N='SortKey' V='Network'/><Cell N='Type' V='0'/><Cell N='Invisible' V='0'/><Cell N='Verify' V='0'/><Cell N='DataLinked' V='0' F='No Formula'/><Cell N='LangID' V='en-US'/><Cell N='Calendar' V='0' F='No Formula'/></Row><Row N='NetworkDescription'><Cell N='Value' V='0' F='No Formula'/><Cell N='Prompt' V='' F='No Formula'/><Cell N='Label' V='Network Description'/><Cell N='Format' V='' F='No Formula'/><Cell N='SortKey' V='Network'/><Cell N='Type' V='0'/><Cell N='Invisible' V='0'/><Cell N='Verify' V='0'/><Cell N='DataLinked' V='0' F='No Formula'/><Cell N='LangID' V='en-US'/><Cell N='Calendar' V='0' F='No Formula'/></Row></Section><Shapes><Shape ID='11' Type='Shape' LineStyle='3' FillStyle='3' TextStyle='3'><Cell N='PinX' V='0.5575' U='IN' F='Width/2+-0.0050000000000002IN*DropOnPageScale'/><Cell N='PinY' V='0.75' U='IN' F='Height/2'/><Cell N='Width' V='1.125' U='IN' F='Sheet.5!Width*1'/><Cell N='Height' V='1.5' U='IN' F='Sheet.5!Height*1'/><Cell N='LocPinX' V='0.5625' U='IN' F='Width*0.5'/><Cell N='LocPinY' V='0.75' U='IN' F='Height*0.5'/><Cell N='Angle' V='0'/><Cell N='FlipX' V='0'/><Cell N='FlipY' V='0'/><Cell N='ResizeMode' V='0'/><Cell N='LineWeight' V='0.01' U='PT' F='GUARD(0.72PT)'/><Cell N='LinePattern' V='1' F='GUARD(1)'/><Cell N='Rounding' V='0' F='GUARD(0)'/><Cell N='BeginArrow' V='0' F='GUARD(0)'/><Cell N='EndArrow' V='0' F='GUARD(0)'/><Cell N='LineColorTrans' V='1' F='GUARD(100%)'/><Cell N='FillForegnd' V='6' F='GUARD(6)'/><Cell N='FillBkgnd' V='6' F='GUARD(6)'/><Cell N='FillPattern' V='1' F='GUARD(1)'/><Cell N='FillForegndTrans' V='1' F='GUARD(100%)'/><Cell N='FillBkgndTrans' V='1' F='GUARD(100%)'/><Cell N='Copyright' V='Copyright (c) 2012 Microsoft Corporation.  All rights reserved.'/><Cell N='DropOnPageScale' V='1' F='Sheet.5!DropOnPageScale'/><Cell N='FillGradientEnabled' V='0' F='GUARD(FALSE)'/><Section N='Geometry' IX='0'><Cell N='NoFill' V='0'/><Cell N='NoLine' V='0'/><Cell N='NoShow' V='0'/><Cell N='NoSnap' V='0'/><Cell N='NoQuickDrag' V='0' F='No Formula'/><Row T='MoveTo' IX='1'><Cell N='X' V='0.7500000000000037' U='IN' F='Width*0.66666666666667'/><Cell N='Y' V='0' U='IN' F='Height*0'/></Row><Row T='LineTo' IX='2'><Cell N='X' V='1.125' U='IN' F='Width*1'/><Cell N='Y' V='0.216506350946115' U='IN' F='Height*0.14433756729741'/></Row><Row T='LineTo' IX='3'><Cell N='X' V='1.125' U='IN' F='Width*1'/><Cell N='Y' V='1.066987298107785' U='IN' F='Height*0.71132486540519'/></Row><Row T='LineTo' IX='4'><Cell N='X' V='0.3749999999999962' U='IN' F='Width*0.33333333333333'/><Cell N='Y' V='1.5' U='IN' F='Height*1'/></Row><Row T='LineTo' IX='5'><Cell N='X' V='0' U='IN' F='Width*0'/><Cell N='Y' V='1.283493649053885' U='IN' F='Height*0.85566243270259'/></Row><Row T='LineTo' IX='6'><Cell N='X' V='0' U='IN' F='Width*0'/><Cell N='Y' V='0.433012701892215' U='IN' F='Height*0.28867513459481'/></Row><Row T='LineTo' IX='7'><Cell N='X' V='0.7500000000000037' U='IN' F='Width*0.66666666666667'/><Cell N='Y' V='0' U='IN' F='Height*0'/></Row></Section></Shape><Shape ID='6' Type='Shape' LineStyle='14' FillStyle='14' TextStyle='14'><Cell N='PinX' V='0.9325000000000012' U='IN' F='Sheet.5!Width*0.82888888888889'/><Cell N='PinY' V='0.53599364905389' U='IN' F='Sheet.5!Height*0.35732909936926'/><Cell N='Width' V='0.3749999999999962' U='IN' F='Sheet.5!Width*0.33333333333333'/><Cell N='Height' V='1.066987298107785' U='IN' F='Sheet.5!Height*0.71132486540519'/><Cell N='LocPinX' V='0.1874999999999981' U='IN' F='Width*0.5'/><Cell N='LocPinY' V='0.5334936490538925' U='IN' F='Height*0.5'/><Cell N='Angle' V='0'/><Cell N='FlipX' V='0'/><Cell N='FlipY' V='0'/><Cell N='ResizeMode' V='0'/><Cell N='LineWeight' V='0.01' U='PT' F='GUARD(0.72PT)'/><Cell N='LineColor' V='#ffffff' F='GUARD(RGB(255,255,255))'/><Cell N='LinePattern' V='1' F='GUARD(1)'/><Cell N='Rounding' V='0' F='GUARD(0)'/><Cell N='BeginArrow' V='0' F='GUARD(0)'/><Cell N='EndArrow' V='0' F='GUARD(0)'/><Cell N='Copyright' V='Copyright (c) 2012 Microsoft Corporation.  All rights reserved.'/><Cell N='LayerMember' V='' F='No Formula'/><Cell N='FillPattern' V='31' F='GUARD(31)'/><Cell N='ShdwPattern' V='0' F='GUARD(0)'/><Cell N='FillGradientDir' V='12' F='GUARD(12)'/><Cell N='FillGradientEnabled' V='1' F='GUARD(TRUE)'/><Cell N='UseGroupGradient' V='0' F='GUARD(FALSE)'/><Section N='Geometry' IX='0'><Cell N='NoFill' V='0'/><Cell N='NoLine' V='0'/><Cell N='NoShow' V='0'/><Cell N='NoSnap' V='0'/><Cell N='NoQuickDrag' V='0' F='No Formula'/><Row T='MoveTo' IX='1'><Cell N='X' V='0' U='IN' F='Width*0'/><Cell N='Y' V='0.8504809471616732' U='IN' F='Height*0.79708629022101'/></Row><Row T='LineTo' IX='2'><Cell N='X' V='0' U='IN' F='Width*0'/><Cell N='Y' V='0' U='IN' F='Height*0'/></Row><Row T='LineTo' IX='3'><Cell N='X' V='0.3749999999999962' U='IN' F='Width*1'/><Cell N='Y' V='0.2165063509461118' U='IN' F='Height*0.20291370977899'/></Row><Row T='LineTo' IX='4'><Cell N='X' V='0.3749999999999962' U='IN' F='Width*1'/><Cell N='Y' V='1.066987298107785' U='IN' F='Height*1'/></Row><Row T='LineTo' IX='5'><Cell N='X' V='0' U='IN' F='Geometry1.X1'/><Cell N='Y' V='0.8504809471616732' U='IN' F='Geometry1.Y1'/></Row></Section></Shape><Shape ID='7' Type='Shape' LineStyle='8' FillStyle='8' TextStyle='8'><Cell N='PinX' V='0.557500000000005' U='IN' F='Sheet.5!Width*0.49555555555556'/><Cell N='PinY' V='1.17774047358084' U='IN' F='Sheet.5!Height*0.78516031572056'/><Cell N='Width' V='1.125' U='IN' F='Sheet.5!Width*1'/><Cell N='Height' V='0.64951905283833' U='IN' F='Sheet.5!Height*0.43301270189222'/><Cell N='LocPinX' V='0.5625' U='IN' F='Width*0.5'/><Cell N='LocPinY' V='0.324759526419165' U='IN' F='Height*0.5'/><Cell N='Angle' V='0'/><Cell N='FlipX' V='0'/><Cell N='FlipY' V='0'/><Cell N='ResizeMode' V='0'/><Cell N='LineWeight' V='0.01' U='PT' F='GUARD(0.72PT)'/><Cell N='LineColor' V='#ffffff' F='GUARD(RGB(255,255,255))'/><Cell N='LinePattern' V='1' F='GUARD(1)'/><Cell N='Rounding' V='0' F='GUARD(0)'/><Cell N='BeginArrow' V='0' F='GUARD(0)'/><Cell N='EndArrow' V='0' F='GUARD(0)'/><Cell N='Copyright' V='Copyright (c) 2012 Microsoft Corporation.  All rights reserved.'/><Cell N='LayerMember' V='' F='No Formula'/><Cell N='FillPattern' V='30' F='GUARD(30)'/><Cell N='ShdwPattern' V='0' F='GUARD(0)'/><Cell N='FillGradientDir' V='0' F='GUARD(0)'/><Cell N='FillGradientAngle' V='4.7123889803847' U='DEG' F='GUARD(270DEG)'/><Cell N='FillGradientEnabled' V='1' F='GUARD(TRUE)'/><Cell N='UseGroupGradient' V='0' F='GUARD(FALSE)'/><Section N='Geometry' IX='0'><Cell N='NoFill' V='0'/><Cell N='NoLine' V='0'/><Cell N='NoShow' V='0'/><Cell N='NoSnap' V='0'/><Cell N='NoQuickDrag' V='0' F='No Formula'/><Row T='MoveTo' IX='1'><Cell N='X' V='0' U='IN' F='Width*0'/><Cell N='Y' V='0.4330127018922156' U='IN' F='Height*0.66666666666666'/></Row><Row T='LineTo' IX='2'><Cell N='X' V='0.7500000000000037' U='IN' F='Width*0.66666666666667'/><Cell N='Y' V='0' U='IN' F='Height*0'/></Row><Row T='LineTo' IX='3'><Cell N='X' V='1.125' U='IN' F='Width*1'/><Cell N='Y' V='0.2165063509461143' U='IN' F='Height*0.33333333333334'/></Row><Row T='LineTo' IX='4'><Cell N='X' V='0.3749999999999962' U='IN' F='Width*0.33333333333333'/><Cell N='Y' V='0.64951905283833' U='IN' F='Height*1'/></Row><Row T='LineTo' IX='5'><Cell N='X' V='0' U='IN' F='Geometry1.X1'/><Cell N='Y' V='0.4330127018922156' U='IN' F='Geometry1.Y1'/></Row></Section></Shape><Shape ID='8' Type='Shape' LineStyle='10' FillStyle='10' TextStyle='10'><Cell N='PinX' V='0.3700000000000013' U='IN' F='Sheet.5!Width*0.32888888888889'/><Cell N='PinY' V='0.6442468245269399' U='IN' F='Sheet.5!Height*0.42949788301796'/><Cell N='Width' V='0.7500000000000037' U='IN' F='Sheet.5!Width*0.66666666666667'/><Cell N='Height' V='1.283493649053885' U='IN' F='Sheet.5!Height*0.85566243270259'/><Cell N='LocPinX' V='0.3750000000000018' U='IN' F='Width*0.5'/><Cell N='LocPinY' V='0.6417468245269425' U='IN' F='Height*0.5'/><Cell N='Angle' V='0'/><Cell N='FlipX' V='0'/><Cell N='FlipY' V='0'/><Cell N='ResizeMode' V='0'/><Cell N='LineWeight' V='0.01' U='PT' F='GUARD(0.72PT)'/><Cell N='LineColor' V='#000000' F='GUARD(RGB(0,0,0))'/><Cell N='LinePattern' V='1' F='GUARD(1)'/><Cell N='Rounding' V='0' F='GUARD(0)'/><Cell N='BeginArrow' V='0' F='GUARD(0)'/><Cell N='EndArrow' V='0' F='GUARD(0)'/><Cell N='Copyright' V='Copyright (c) 2012 Microsoft Corporation.  All rights reserved.'/><Cell N='LayerMember' V='' F='No Formula'/><Cell N='FillPattern' V='32' F='GUARD(32)'/><Cell N='ShdwPattern' V='0' F='GUARD(0)'/><Cell N='FillGradientDir' V='11' F='GUARD(11)'/><Cell N='FillGradientEnabled' V='1' F='GUARD(TRUE)'/><Cell N='UseGroupGradient' V='0' F='GUARD(FALSE)'/><Section N='Geometry' IX='0'><Cell N='NoFill' V='0'/><Cell N='NoLine' V='0'/><Cell N='NoShow' V='0'/><Cell N='NoSnap' V='0'/><Cell N='NoQuickDrag' V='0' F='No Formula'/><Row T='MoveTo' IX='1'><Cell N='X' V='0' U='IN' F='Width*0'/><Cell N='Y' V='0.4330127018922179' U='IN' F='Height*0.33737035022449'/></Row><Row T='LineTo' IX='2'><Cell N='X' V='0.7500000000000037' U='IN' F='Width*1'/><Cell N='Y' V='0' U='IN' F='Height*0'/></Row><Row T='LineTo' IX='3'><Cell N='X' V='0.7500000000000037' U='IN' F='Width*1'/><Cell N='Y' V='0.8504809471616672' U='IN' F='Height*0.66262964977551'/></Row><Row T='LineTo' IX='4'><Cell N='X' V='0' U='IN' F='Width*0'/><Cell N='Y' V='1.283493649053885' U='IN' F='Height*1'/></Row><Row T='LineTo' IX='5'><Cell N='X' V='0' U='IN' F='Geometry1.X1'/><Cell N='Y' V='0.4330127018922179' U='IN' F='Geometry1.Y1'/></Row></Section></Shape><Shape ID='9' Type='Shape' LineStyle='12' FillStyle='12' TextStyle='12'><Cell N='PinX' V='0.557500000000005' U='IN' F='Sheet.5!Width*0.49555555555556'/><Cell N='PinY' V='0.7525000000000051' U='IN' F='Sheet.5!Height*0.50166666666667'/><Cell N='Width' V='1.125' U='IN' F='Sheet.5!Width*1'/><Cell N='Height' V='1.5' U='IN' F='Sheet.5!Height*1'/><Cell N='LocPinX' V='0.5625' U='IN' F='Width*0.5'/><Cell N='LocPinY' V='0.75' U='IN' F='Height*0.5'/><Cell N='Angle' V='0'/><Cell N='FlipX' V='0'/><Cell N='FlipY' V='0'/><Cell N='ResizeMode' V='0'/><Cell N='LineWeight' V='0.02083333333333333' U='PT' F='GUARD(1.5PT)'/><Cell N='LinePattern' V='1' F='GUARD(1)'/><Cell N='Rounding' V='0' F='GUARD(0)'/><Cell N='BeginArrow' V='0' F='GUARD(0)'/><Cell N='EndArrow' V='0' F='GUARD(0)'/><Cell N='FillPattern' V='1' F='GUARD(1)'/><Cell N='ShdwPattern' V='0' F='GUARD(0)'/><Cell N='Copyright' V='Copyright (c) 2012 Microsoft Corporation.  All rights reserved.'/><Cell N='LayerMember' V='' F='No Formula'/><Cell N='FillGradientEnabled' V='0' F='GUARD(FALSE)'/><Section N='Geometry' IX='0'><Cell N='NoFill' V='1'/><Cell N='NoLine' V='0'/><Cell N='NoShow' V='0'/><Cell N='NoSnap' V='0'/><Cell N='NoQuickDrag' V='0' F='No Formula'/><Row T='MoveTo' IX='1'><Cell N='X' V='0' U='IN' F='Width*0'/><Cell N='Y' V='1.283493649053885' U='IN' F='Height*0.85566243270259'/></Row><Row T='LineTo' IX='2'><Cell N='X' V='0' U='IN' F='Width*0'/><Cell N='Y' V='0.433012701892215' U='IN' F='Height*0.28867513459481'/></Row><Row T='LineTo' IX='3'><Cell N='X' V='0.7500000000000037' U='IN' F='Width*0.66666666666667'/><Cell N='Y' V='0' U='IN' F='Height*0'/></Row><Row T='LineTo' IX='4'><Cell N='X' V='1.125' U='IN' F='Width*1'/><Cell N='Y' V='0.216506350946115' U='IN' F='Height*0.14433756729741'/></Row><Row T='LineTo' IX='5'><Cell N='X' V='1.125' U='IN' F='Width*1'/><Cell N='Y' V='1.066987298107785' U='IN' F='Height*0.71132486540519'/></Row><Row T='LineTo' IX='6'><Cell N='X' V='0.3749999999999962' U='IN' F='Width*0.33333333333333'/><Cell N='Y' V='1.5' U='IN' F='Height*1'/></Row><Row T='LineTo' IX='7'><Cell N='X' V='0' U='IN' F='Geometry1.X1'/><Cell N='Y' V='1.283493649053885' U='IN' F='Geometry1.Y1'/></Row></Section></Shape><Shape ID='10' Type='Shape' LineStyle='10' FillStyle='10' TextStyle='10'><Cell N='PinX' V='0.3714191427188475' U='IN' F='Sheet.5!Width*0.33015034908342'/><Cell N='PinY' V='0.647479361599845' U='IN' F='Sheet.5!Height*0.43165290773323'/><Cell N='Width' V='0.6428382854377049' U='IN' F='Sheet.5!Width*0.57141180927796'/><Cell N='Height' V='0.9349587231996901' U='IN' F='Sheet.5!Height*0.62330581546646'/><Cell N='LocPinX' V='0.3214191427188525' U='IN' F='Width*0.5'/><Cell N='LocPinY' V='0.467479361599845' U='IN' F='Height*0.5'/><Cell N='Angle' V='0'/><Cell N='FlipX' V='0'/><Cell N='FlipY' V='0'/><Cell N='ResizeMode' V='0'/><Cell N='LineWeight' V='0.003333333333333333' U='PT' F='GUARD(0.24PT)'/><Cell N='LineColor' V='#000000' F='GUARD(RGB(0,0,0))'/><Cell N='LinePattern' V='1' F='GUARD(1)'/><Cell N='Rounding' V='0' F='GUARD(0)'/><Cell N='BeginArrow' V='0' F='GUARD(0)'/><Cell N='EndArrow' V='0' F='GUARD(0)'/><Cell N='FillForegnd' V='2' F='GUARD(2)'/><Cell N='FillBkgnd' V='#c0c0c0' F='GUARD(RGB(192,192,192))'/><Cell N='FillPattern' V='1' F='GUARD(1)'/><Cell N='ShdwPattern' V='0' F='GUARD(0)'/><Cell N='Copyright' V='Copyright (c) 2012 Microsoft Corporation.  All rights reserved.'/><Cell N='LayerMember' V='' F='No Formula'/><Cell N='FillGradientEnabled' V='0' F='GUARD(FALSE)'/><Section N='Geometry' IX='0'><Cell N='NoFill' V='0'/><Cell N='NoLine' V='0'/><Cell N='NoShow' V='0'/><Cell N='NoSnap' V='0'/><Cell N='NoQuickDrag' V='0' F='No Formula'/><Row T='MoveTo' IX='1'><Cell N='X' V='0.1071397142396196' U='IN' F='Width*0.16666666666667'/><Cell N='Y' V='0.9349587231996901' U='IN' F='Height*1'/></Row><Row T='LineTo' IX='2'><Cell N='X' V='0' U='IN' F='Width*0'/><Cell N='Y' V='0.8740436438346074' U='IN' F='Height*0.93484730624619'/></Row><Row T='LineTo' IX='3'><Cell N='X' V='0.1071397142396196' U='IN' F='Width*0.16666666666667'/><Cell N='Y' V='0.6894142787552429' U='IN' F='Height*0.73737402694728'/></Row><Row T='LineTo' IX='4'><Cell N='X' V='0.1071397142396196' U='IN' F='Width*0.16666666666667'/><Cell N='Y' V='0.7876365009774651' U='IN' F='Height*0.84242916979474'/></Row><Row T='LineTo' IX='5'><Cell N='X' V='0.1874975928672037' U='IN' F='Width*0.29167147806005'/><Cell N='Y' V='0.7412418581203238' U='IN' F='Height*0.79280704027616'/></Row><Row T='LineTo' IX='6'><Cell N='X' V='0.2946373071068169' U='IN' F='Width*0.45833814472671'/><Cell N='Y' V='0.4829291597076299' U='IN' F='Height*0.51652457774276'/></Row><Row T='LineTo' IX='7'><Cell N='X' V='0.1874975928672037' U='IN' F='Width*0.29167147806005'/><Cell N='Y' V='0.3483529692314348' U='IN' F='Height*0.37258646888632'/></Row><Row T='LineTo' IX='8'><Cell N='X' V='0.1071397142396196' U='IN' F='Width*0.16666666666667'/><Cell N='Y' V='0.3947476120885853' U='IN' F='Height*0.42220859840491'/></Row><Row T='LineTo' IX='9'><Cell N='X' V='0.1071397142396196' U='IN' F='Width*0.16666666666667'/><Cell N='Y' V='0.4929698343108076' U='IN' F='Height*0.52726374125237'/></Row><Row T='LineTo' IX='10'><Cell N='X' V='0' U='IN' F='Width*0'/><Cell N='Y' V='0.432054754945725' U='IN' F='Height*0.46211104749856'/></Row><Row T='LineTo' IX='11'><Cell N='X' V='0.1071397142396196' U='IN' F='Width*0.16666666666667'/><Cell N='Y' V='0.2474285714285735' U='IN' F='Height*0.26464117109021'/></Row><Row T='LineTo' IX='12'><Cell N='X' V='0.1071397142396196' U='IN' F='Width*0.16666666666667'/><Cell N='Y' V='0.3456476120885826' U='IN' F='Height*0.36969291104711'/></Row><Row T='EllipticalArcTo' IX='13'><Cell N='X' V='0.2142794284792328' U='IN' F='Width*0.33333333333333'/><Cell N='Y' V='0.2837904692314416' U='IN' F='Height*0.30353261827456'/><Cell N='A' V='0.1600824962265188' U='IN' F='Width*0.24902452117879'/><Cell N='B' V='0.3137097849085869' U='IN' F='Height*0.33553329909045'/><Cell N='C' V='-0.0308620747662561' U='DA' F='_ELLIPSE_THETA(-0.030862074766249,1.073254507742,0.64283828543771,0.93495872319969,Width,Height)'/><Cell N='D' V='1.073254507741991' F='_ELLIPSE_ECC(-0.030862074766249,1.073254507742,0.64283828543771,0.93495872319969,Width,Height,Geometry1.C13)'/></Row><Row T='LineTo' IX='14'><Cell N='X' V='0.3214191427188525' U='IN' F='Width*0.5'/><Cell N='Y' V='0.4183666597076273' U='IN' F='Height*0.44747072713099'/></Row><Row T='LineTo' IX='15'><Cell N='X' V='0.4285588569584721' U='IN' F='Width*0.66666666666667'/><Cell N='Y' V='0.1600761835171501' U='IN' F='Height*0.17121203272945'/></Row><Row T='LineTo' IX='16'><Cell N='X' V='0.5356985711980853' U='IN' F='Width*0.83333333333333'/><Cell N='Y' V='0.09821904066000908' U='IN' F='Height*0.1050517399569'/></Row><Row T='LineTo' IX='17'><Cell N='X' V='0.5356985711980853' U='IN' F='Width*0.83333333333333'/><Cell N='Y' V='0' U='IN' F='Height*0'/></Row><Row T='LineTo' IX='18'><Cell N='X' V='0.6428382854377049' U='IN' F='Width*1'/><Cell N='Y' V='0.06091189780286758' U='IN' F='Height*0.065149290863248'/></Row><Row T='LineTo' IX='19'><Cell N='X' V='0.5356985711980853' U='IN' F='Width*0.83333333333333'/><Cell N='Y' V='0.2455412628822342' U='IN' F='Height*0.26262257016216'/></Row><Row T='LineTo' IX='20'><Cell N='X' V='0.5356985711980853' U='IN' F='Width*0.83333333333333'/><Cell N='Y' V='0.1473190406600119' U='IN' F='Height*0.1575674273147'/></Row><Row T='LineTo' IX='21'><Cell N='X' V='0.4553406925705012' U='IN' F='Width*0.70832852193995'/><Cell N='Y' V='0.1937136835171531' U='IN' F='Height*0.20718955683328'/></Row><Row T='LineTo' IX='22'><Cell N='X' V='0.348200978330888' U='IN' F='Width*0.54166185527329'/><Cell N='Y' V='0.4520041597076303' U='IN' F='Height*0.48344825123482'/></Row><Row T='LineTo' IX='23'><Cell N='X' V='0.4553406925705012' U='IN' F='Width*0.70832852193995'/><Cell N='Y' V='0.5866025724060422' U='IN' F='Height*0.62741012822312'/></Row><Row T='LineTo' IX='24'><Cell N='X' V='0.5356985711980853' U='IN' F='Width*0.83333333333333'/><Cell N='Y' V='0.540207929548901' U='IN' F='Height*0.57778799870454'/></Row><Row T='LineTo' IX='25'><Cell N='X' V='0.5356985711980853' U='IN' F='Width*0.83333333333333'/><Cell N='Y' V='0.4419857073266787' U='IN' F='Height*0.47273285585708'/></Row><Row T='LineTo' IX='26'><Cell N='X' V='0.6428382854377049' U='IN' F='Width*1'/><Cell N='Y' V='0.5029007866917519' U='IN' F='Height*0.53788554961088'/></Row><Row T='LineTo' IX='27'><Cell N='X' V='0.5356985711980853' U='IN' F='Width*0.83333333333333'/><Cell N='Y' V='0.6875301517711167' U='IN' F='Height*0.73535882890979'/></Row><Row T='LineTo' IX='28'><Cell N='X' V='0.5356985711980853' U='IN' F='Width*0.83333333333333'/><Cell N='Y' V='0.5893079295488943' U='IN' F='Height*0.63030368606233'/></Row><Row T='LineTo' IX='29'><Cell N='X' V='0.4285588569584721' U='IN' F='Width*0.66666666666667'/><Cell N='Y' V='0.6511650724060447' U='IN' F='Height*0.69646397883489'/></Row><Row T='EllipticalArcTo' IX='30'><Cell N='X' V='0.3214191427188525' U='IN' F='Width*0.5'/><Cell N='Y' V='0.5165666597076236' U='IN' F='Height*0.55250210184658'/><Cell N='A' V='0.3701496273211283' U='IN' F='Width*0.57580519969979'/><Cell N='B' V='0.5804677734201946' U='IN' F='Height*0.62084855621612'/><Cell N='C' V='-0.04611432159961548' U='DA' F='_ELLIPSE_THETA(-3.1877069751894,1.073254507742,0.64283828543771,0.93495872319969,Width,Height)'/><Cell N='D' V='1.073254507741991' F='_ELLIPSE_ECC(-3.1877069751894,1.073254507742,0.64283828543771,0.93495872319969,Width,Height,Geometry1.C30)'/></Row><Row T='LineTo' IX='31'><Cell N='X' V='0.2142794284792328' U='IN' F='Width*0.33333333333333'/><Cell N='Y' V='0.7748793581203268' U='IN' F='Height*0.82878456437999'/></Row><Row T='LineTo' IX='32'><Cell N='X' V='0.1071397142396196' U='IN' F='Width*0.16666666666667'/><Cell N='Y' V='0.8367365009774679' U='IN' F='Height*0.89494485715254'/></Row><Row T='LineTo' IX='33'><Cell N='X' V='0.1071397142396196' U='IN' F='Geometry1.X1'/><Cell N='Y' V='0.9349587231996901' U='IN' F='Geometry1.Y1'/></Row></Section></Shape></Shapes></Shape></Shapes></MasterContents>