<?xml version='1.0' encoding='utf-8' ?>
<MasterContents xmlns='http://schemas.microsoft.com/office/visio/2012/main' xmlns:r='http://schemas.openxmlformats.org/officeDocument/2006/relationships' xml:space='preserve'><Shapes><Shape ID='5' NameU='Zone Cloud.2983' IsCustomNameU='1' Name='Zone Cloud.2983' IsCustomName='1' Type='Shape' LineStyle='17' FillStyle='18' TextStyle='18' UniqueID='{4259E787-3B4B-45C8-86F2-8B60E3E97B83}'><Cell N='PinX' V='16.55468749043278'/><Cell N='PinY' V='0.4160156178245824'/><Cell N='Width' V='1.109374980865553'/><Cell N='Height' V='0.8320312356491648'/><Cell N='LocPinX' V='0.5546874904327765' F='Width*0.5'/><Cell N='LocPinY' V='0.4160156178245824' F='Height*0.5'/><Cell N='Angle' V='0'/><Cell N='FlipX' V='0'/><Cell N='FlipY' V='0'/><Cell N='ResizeMode' V='0'/><Cell N='EventDblClick' V='0' F='OPENTEXTWIN()'/><Cell N='LayerMember' V='0'/><Cell N='FillForegnd' V='#23b8e9' F='Inh'/><Cell N='ColorSchemeIndex' V='50'/><Cell N='EffectSchemeIndex' V='47'/><Cell N='ConnectorSchemeIndex' V='50'/><Cell N='FontSchemeIndex' V='47'/><Cell N='ThemeIndex' V='47'/><Cell N='LineWeight' V='0.01388888888888889' U='PT' F='Inh'/><Cell N='ObjType' V='1'/><Cell N='HelpTopic' V='Shape.hlp!#11025'/><Cell N='Copyright' V='Copyright © 1997 Visio Corporation.  All rights reserved.'/><Section N='Actions'><Row N='Row_1'><Cell N='Menu' V='%Properties'/><Cell N='Action' V='0' F='DOCMD(1312)'/><Cell N='Checked' V='0'/><Cell N='Disabled' V='0'/><Cell N='ReadOnly' V='0' F='No Formula'/><Cell N='Invisible' V='0' F='No Formula'/><Cell N='BeginGroup' V='0' F='No Formula'/><Cell N='FlyoutChild' V='0' F='No Formula'/><Cell N='TagName' V='' F='No Formula'/><Cell N='ButtonFace' V='' F='No Formula'/><Cell N='SortKey' V='' F='No Formula'/></Row></Section><Section N='Property'><Row N='Description'><Cell N='Value' V='' U='STR'/><Cell N='Prompt' V='Enter description of this network.'/><Cell N='Label' V='Description'/><Cell N='Format' V='' F='No Formula'/><Cell N='SortKey' V='7' F='7'/><Cell N='Type' V='0'/><Cell N='Invisible' V='0' F='No Formula'/><Cell N='Verify' V='0' F='No Formula'/><Cell N='DataLinked' V='0' F='No Formula'/><Cell N='LangID' V='en-US'/><Cell N='Calendar' V='0' F='No Formula'/></Row><Row N='Name'><Cell N='Value' V='' U='STR'/><Cell N='Prompt' V='Enter agency/entity name.'/><Cell N='Label' V='Name'/><Cell N='Format' V='' F='No Formula'/><Cell N='SortKey' V='1' F='1'/><Cell N='Type' V='0'/><Cell N='Invisible' V='0' F='No Formula'/><Cell N='Verify' V='0' F='No Formula'/><Cell N='DataLinked' V='0' F='No Formula'/><Cell N='LangID' V='en-US'/><Cell N='Calendar' V='0' F='No Formula'/></Row><Row N='VLANs'><Cell N='Value' V='' U='STR'/><Cell N='Prompt' V='List the VLANs coming from this network.'/><Cell N='Label' V='VLANs'/><Cell N='Format' V='' F='No Formula'/><Cell N='SortKey' V='' F='No Formula'/><Cell N='Type' V='0'/><Cell N='Invisible' V='0' F='No Formula'/><Cell N='Verify' V='0' F='No Formula'/><Cell N='DataLinked' V='0' F='No Formula'/><Cell N='LangID' V='en-US'/><Cell N='Calendar' V='0' F='No Formula'/></Row><Row N='VRFs'><Cell N='Value' V='0' F='No Formula'/><Cell N='Prompt' V='List the VRFs coming through this network.'/><Cell N='Label' V='VRFs'/><Cell N='Format' V='' F='No Formula'/><Cell N='SortKey' V='' F='No Formula'/><Cell N='Type' V='0'/><Cell N='Invisible' V='0' F='No Formula'/><Cell N='Verify' V='0' F='No Formula'/><Cell N='DataLinked' V='0' F='No Formula'/><Cell N='LangID' V='en-US'/><Cell N='Calendar' V='0' F='No Formula'/></Row></Section><Section N='Connection'><Row T='Connection' IX='0'><Cell N='X' V='0'/><Cell N='Y' V='0.4160156178245824' F='LocPinY'/><Cell N='DirX' V='0' F='No Formula'/><Cell N='DirY' V='0' F='No Formula'/><Cell N='Type' V='0' F='No Formula'/><Cell N='AutoGen' V='0' F='No Formula'/><Cell N='Prompt' V='' F='No Formula'/></Row><Row T='Connection' IX='1'><Cell N='X' V='0.3915439151216692' F='Width*0.352941'/><Cell N='Y' V='0.8320312356491648' F='Height*1'/><Cell N='DirX' V='0' F='No Formula'/><Cell N='DirY' V='0' F='No Formula'/><Cell N='Type' V='0' F='No Formula'/><Cell N='AutoGen' V='0' F='No Formula'/><Cell N='Prompt' V='' F='No Formula'/></Row><Row T='Connection' IX='2'><Cell N='X' V='0.7178765501180994' F='Width*0.6471'/><Cell N='Y' V='0.8320312356491648' F='Height*1'/><Cell N='DirX' V='0' F='No Formula'/><Cell N='DirY' V='0' F='No Formula'/><Cell N='Type' V='0' F='No Formula'/><Cell N='AutoGen' V='0' F='No Formula'/><Cell N='Prompt' V='' F='No Formula'/></Row><Row T='Connection' IX='3'><Cell N='X' V='0.3915439151216692' F='Width*0.352941'/><Cell N='Y' V='0'/><Cell N='DirX' V='0' F='No Formula'/><Cell N='DirY' V='0' F='No Formula'/><Cell N='Type' V='0' F='No Formula'/><Cell N='AutoGen' V='0' F='No Formula'/><Cell N='Prompt' V='' F='No Formula'/></Row><Row T='Connection' IX='4'><Cell N='X' V='0.717831065743884' F='Width*0.647059'/><Cell N='Y' V='0'/><Cell N='DirX' V='0' F='No Formula'/><Cell N='DirY' V='0' F='No Formula'/><Cell N='Type' V='0' F='No Formula'/><Cell N='AutoGen' V='0' F='No Formula'/><Cell N='Prompt' V='' F='No Formula'/></Row><Row T='Connection' IX='5'><Cell N='X' V='1.109374980865553' F='Width*1'/><Cell N='Y' V='0.4160156178245824' F='LocPinY'/><Cell N='DirX' V='0' F='No Formula'/><Cell N='DirY' V='0' F='No Formula'/><Cell N='Type' V='0' F='No Formula'/><Cell N='AutoGen' V='0' F='No Formula'/><Cell N='Prompt' V='' F='No Formula'/></Row></Section><Section N='Character'><Row IX='0'><Cell N='Color' V='#000000' F='THEMEGUARD(RGB(0,0,0))'/><Cell N='Style' V='17'/><Cell N='Size' V='0.1388888888888889' U='PT'/></Row></Section><Section N='Geometry' IX='0'><Cell N='NoFill' V='0'/><Cell N='NoLine' V='0' F='No Formula'/><Cell N='NoShow' V='0' F='No Formula'/><Cell N='NoSnap' V='0' F='No Formula'/><Cell N='NoQuickDrag' V='0' F='No Formula'/><Row T='MoveTo' IX='1'><Cell N='X' V='0.16314337953905' F='Width*0.14705882352941'/><Cell N='Y' V='0.2146129228749857' F='Height*0.25793854086204'/></Row><Row T='EllipticalArcTo' IX='2'><Cell N='X' V='0.5546874904327765' F='Width*0.5'/><Cell N='Y' V='0.09126353024745855' F='Height*0.1096876251001'/><Cell N='A' V='0.3409263868932724' U='DL' F='Width*0.30731393151419'/><Cell N='B' V='0.007896734319982895' U='DL' F='Height*0.009490910895697'/><Cell N='C' V='0' U='DA'/><Cell N='D' V='0.62745098039216' F='Width/Height*0.47058823529412'/></Row><Row T='EllipticalArcTo' IX='3'><Cell N='X' V='0.9462316013265031' F='Width*0.85294117647059'/><Cell N='Y' V='0.2146129228749857' F='Height*0.25793854086204'/><Cell N='A' V='0.7684485939722807' U='DL' F='Width*0.69268606848581'/><Cell N='B' V='0.007896734319980734' U='DL' F='Height*0.0094909108956944'/><Cell N='C' V='0' U='DA'/><Cell N='D' V='0.62745098039216' F='Width/Height*0.47058823529412'/></Row><Row T='EllipticalArcTo' IX='4'><Cell N='X' V='1.109374980865553' F='Width*1'/><Cell N='Y' V='0.4160156178245824' F='Height*0.5'/><Cell N='A' V='1.058783884191088' U='DL' F='Width*0.95439675714068'/><Cell N='B' V='0.2515710060086076' U='DL' F='Height*0.30235764623948'/><Cell N='C' V='0' U='DA'/><Cell N='D' V='0.62745098039216' F='Width/Height*0.47058823529412'/></Row><Row T='EllipticalArcTo' IX='5'><Cell N='X' V='0.9462316013265031' F='Width*0.85294117647059'/><Cell N='Y' V='0.617418312774179' F='Height*0.74206145913796'/><Cell N='A' V='1.058783884191088' U='DL' F='Width*0.95439675714068'/><Cell N='B' V='0.5804602296405572' U='DL' F='Height*0.69764235376052'/><Cell N='C' V='0' U='DA'/><Cell N='D' V='0.62745098039216' F='Width/Height*0.47058823529412'/></Row><Row T='EllipticalArcTo' IX='6'><Cell N='X' V='0.5546874904327765' F='Width*0.5'/><Cell N='Y' V='0.7407677054017062' F='Height*0.8903123748999'/><Cell N='A' V='0.7684485939722807' U='DL' F='Width*0.69268606848581'/><Cell N='B' V='0.8241345013291794' U='DL' F='Height*0.9905090891043'/><Cell N='C' V='0' U='DA'/><Cell N='D' V='0.62745098039216' F='Width/Height*0.47058823529412'/></Row><Row T='EllipticalArcTo' IX='7'><Cell N='X' V='0.16314337953905' F='Width*0.14705882352941'/><Cell N='Y' V='0.617418312774179' F='Height*0.74206145913796'/><Cell N='A' V='0.3409263868932724' U='DL' F='Width*0.30731393151419'/><Cell N='B' V='0.8241345013291878' U='DL' F='Height*0.99050908910431'/><Cell N='C' V='0' U='DA'/><Cell N='D' V='0.62745098039216' F='Width/Height*0.47058823529412'/></Row><Row T='EllipticalArcTo' IX='8'><Cell N='X' V='0' F='Width*0'/><Cell N='Y' V='0.4160156178245824' F='Height*0.5'/><Cell N='A' V='0.05059109667446197' U='DL' F='Width*0.045603242859317'/><Cell N='B' V='0.5804602296405572' U='DL' F='Height*0.69764235376052'/><Cell N='C' V='0' U='DA'/><Cell N='D' V='0.62745098039216' F='Width/Height*0.47058823529412'/></Row><Row T='EllipticalArcTo' IX='9'><Cell N='X' V='0.16314337953905' F='Geometry1.X1'/><Cell N='Y' V='0.2146129228749857' F='Geometry1.Y1'/><Cell N='A' V='0.05059109667446419' U='DL' F='Width*0.045603242859319'/><Cell N='B' V='0.2515710060086076' U='DL' F='Height*0.30235764623948'/><Cell N='C' V='0' U='DA'/><Cell N='D' V='0.62745098039216' F='Width/Height*0.47058823529412'/></Row></Section><Text><cp IX='0'/>ABC
</Text></Shape></Shapes></MasterContents>