<?xml version='1.0' encoding='utf-8' ?>
<MasterContents xmlns='http://schemas.microsoft.com/office/visio/2012/main' xmlns:r='http://schemas.openxmlformats.org/officeDocument/2006/relationships' xml:space='preserve'><Shapes><Shape ID='5' Type='Group' LineStyle='3' FillStyle='3' TextStyle='3'><Cell N='PinX' V='2'/><Cell N='PinY' V='2.138888888888889'/><Cell N='Width' V='1'/><Cell N='Height' V='1'/><Cell N='LocPinX' V='0.5' F='Width*0.5'/><Cell N='LocPinY' V='0.5' F='Height*0.5'/><Cell N='Angle' V='0'/><Cell N='FlipX' V='0'/><Cell N='FlipY' V='0'/><Cell N='ResizeMode' V='0'/><Cell N='TxtPinX' V='0.5' F='Width*0.5'/><Cell N='TxtPinY' V='-0.1388888888888889' F='SETATREF(Controls.visSSTXT.Y)'/><Cell N='TxtWidth' V='0.1111111111111111' F='MIN(TEXTWIDTH(TheText),Width*2.5)'/><Cell N='TxtHeight' V='0.2777777777777778' F='TEXTHEIGHT(TheText,TxtWidth)'/><Cell N='TxtLocPinX' V='0.05555555555555555' F='TxtWidth*0.5'/><Cell N='TxtLocPinY' V='0.1388888888888889' F='TxtHeight*0.5'/><Cell N='TxtAngle' V='0' F='IF(BITXOR(FlipX,FlipY),1,-1)*Angle'/><Cell N='Rounding' V='0'/><Cell N='ShapeShdwShow' V='1'/><Cell N='ObjType' V='1'/><Cell N='LockGroup' V='1'/><Cell N='SelectMode' V='0'/><Cell N='IsSnapTarget' V='0'/><Cell N='EventDblClick' V='0' F='OPENTEXTWIN()'/><Cell N='HelpTopic' V='Vis_PRXY.chm!#60606'/><Cell N='Copyright' V='Copyright (c) 2012 Microsoft Corporation.  All rights reserved.'/><Section N='User'><Row N='visVersion'><Cell N='Value' V='15'/><Cell N='Prompt' V=''/></Row><Row N='ShapeClass'><Cell N='Value' V='5'/><Cell N='Prompt' V=''/></Row><Row N='SolSH'><Cell N='Value' V='{BF0433D9-CD73-4EB5-8390-8653BE590246}' U='GUID'/><Cell N='Prompt' V=''/></Row><Row N='visLegendShape'><Cell N='Value' V='2'/><Cell N='Prompt' V=''/></Row></Section><Section N='Control'><Row N='visSSTXT'><Cell N='X' V='0.5' F='Width*0.5'/><Cell N='Y' V='-0.1388888888888889' F='-(IF(MODULUS(Angle,180DEG)=0DEG,TxtHeight/2,IF(MODULUS(Angle,180DEG)=90DEG,TxtWidth/2,MIN(ABS(TxtHeight/2/COS(Angle))+ABS(TAN(Angle)*Width/2),ABS(TxtWidth/2/SIN(Angle))+ABS(Width/2/TAN(Angle)),0.5*(ABS(SIN(Angle))*TxtWidth+ABS(COS(Angle))*TxtHeight)))))'/><Cell N='XDyn' V='0.5' F='Controls.visSSTXT'/><Cell N='YDyn' V='-0.1388888888888889' F='Controls.visSSTXT.Y'/><Cell N='XCon' V='5' F='((Controls.visSSTXT&lt;0)*2)+((Controls.visSSTXT&gt;Width)*4)+IF(OR(HideText,STRSAME(SHAPETEXT(TheText),"")),5,0)'/><Cell N='YCon' V='2' F='((Controls.visSSTXT.Y&lt;0)*2)+((Controls.visSSTXT.Y&gt;Height)*4)'/><Cell N='CanGlue' V='0'/><Cell N='Prompt' V='Reposition Text'/></Row></Section><Section N='Connection'><Row T='Connection' IX='0'><Cell N='X' V='0.5' F='Width*0.5'/><Cell N='Y' V='0.5' F='Height*0.5'/><Cell N='DirX' V='0'/><Cell N='DirY' V='0'/><Cell N='Type' V='0'/><Cell N='AutoGen' V='0'/><Cell N='Prompt' V='' F='No Formula'/></Row></Section><Section N='Character'><Row IX='0'><Cell N='Color' V='#4d1e1a' F='IF(LUM(THEMEVAL("BackgroundColor"))&gt;120,SHADE(THEMEVAL(QuickStyleFillColor),75),THEMEVAL("Light"))'/><Cell N='Size' V='0.1388888888888889' U='PT'/></Row></Section><Shapes><Shape ID='6' Type='Shape' LineStyle='3' FillStyle='3' TextStyle='3'><Cell N='PinX' V='0.3231633807731028' F='Sheet.5!Width*0.3231633807731'/><Cell N='PinY' V='0.5469146840383423' F='Sheet.5!Height*0.54691468403834'/><Cell N='Width' V='0.272178515791893' F='Sheet.5!Width*0.27217851579189'/><Cell N='Height' V='0.08545372635126114' F='Sheet.5!Height*0.085453726351261'/><Cell N='LocPinX' V='0.1360892578959465' F='Width*0.5'/><Cell N='LocPinY' V='0.04272686317563057' F='Height*0.5'/><Cell N='Angle' V='0'/><Cell N='FlipX' V='0'/><Cell N='FlipY' V='0'/><Cell N='ResizeMode' V='0'/><Cell N='ShapeShdwShow' V='1'/><Cell N='FillGradientEnabled' V='0'/><Cell N='Rounding' V='0'/><Cell N='QuickStyleLineColor' V='100' F='GUARD(IF(THEMEPROP("MultiFormat"),101,Sheet.5!QuickStyleLineColor))'/><Cell N='QuickStyleFillColor' V='100' F='GUARD(IF(THEMEPROP("MultiFormat"),101,Sheet.5!QuickStyleFillColor))'/><Cell N='QuickStyleShadowColor' V='101'/><Cell N='QuickStyleFontColor' V='101'/><Cell N='QuickStyleVariation' V='4'/><Cell N='ReflectionSize' V='0' F='GUARD(0)'/><Cell N='Copyright' V='Copyright (c) 2012 Microsoft Corporation.  All rights reserved.'/><Section N='Geometry' IX='0'><Cell N='NoFill' V='1'/><Cell N='NoLine' V='0'/><Cell N='NoShow' V='0'/><Cell N='NoSnap' V='0'/><Cell N='NoQuickDrag' V='0'/><Row T='RelMoveTo' IX='1'><Cell N='X' V='0.1915636696459299'/><Cell N='Y' V='0.9999999727390694'/></Row><Row T='RelLineTo' IX='2'><Cell N='X' V='6.168160262242259E-9'/><Cell N='Y' V='1.260762099746074E-9'/></Row></Section><Section N='Geometry' IX='1'><Cell N='NoFill' V='1'/><Cell N='NoLine' V='0'/><Cell N='NoShow' V='0'/><Cell N='NoSnap' V='0'/><Cell N='NoQuickDrag' V='0'/><Row T='RelMoveTo' IX='1'><Cell N='X' V='0.4999999957815481'/><Cell N='Y' V='0.1141528429225314'/></Row><Row T='RelLineTo' IX='2'><Cell N='X' V='0.4999999957815481'/><Cell N='Y' V='0.7239576774979128'/></Row></Section><Section N='Geometry' IX='2'><Cell N='NoFill' V='1'/><Cell N='NoLine' V='0'/><Cell N='NoShow' V='0'/><Cell N='NoSnap' V='0'/><Cell N='NoQuickDrag' V='0'/><Row T='RelMoveTo' IX='1'><Cell N='X' V='0.8084363219171621'/><Cell N='Y' V='0.9999999727390589'/></Row><Row T='RelLineTo' IX='2'><Cell N='X' V='0.9999999853949451'/><Cell N='Y' V='1.260778989471001E-9'/></Row></Section></Shape><Shape ID='7' Type='Shape' LineStyle='3' FillStyle='3' TextStyle='3'><Cell N='PinX' V='0.323163378983736' F='Sheet.5!Width*0.32316337898374'/><Cell N='PinY' V='0.3596736014938672' F='Sheet.5!Height*0.35967360149387'/><Cell N='Width' V='0.5092512592673302' F='Sheet.5!Width*0.50925125926733'/><Cell N='Height' V='0.06579570472240448' F='Sheet.5!Height*0.065795704722404'/><Cell N='LocPinX' V='0.2546256296336651' F='Width*0.5'/><Cell N='LocPinY' V='0.03289785236120224' F='Height*0.5'/><Cell N='Angle' V='0'/><Cell N='FlipX' V='0'/><Cell N='FlipY' V='0'/><Cell N='ResizeMode' V='0'/><Cell N='ShapeShdwShow' V='1'/><Cell N='FillGradientEnabled' V='0'/><Cell N='QuickStyleVariation' V='4'/><Cell N='ReflectionSize' V='0' F='GUARD(0)'/><Cell N='Rounding' V='0'/><Cell N='Copyright' V='Copyright (c) 2012 Microsoft Corporation.  All rights reserved.'/><Section N='Geometry' IX='0'><Cell N='NoFill' V='1'/><Cell N='NoLine' V='0'/><Cell N='NoShow' V='0'/><Cell N='NoSnap' V='0'/><Cell N='NoQuickDrag' V='0'/><Row T='RelMoveTo' IX='1'><Cell N='X' V='0.9999999958228987'/><Cell N='Y' V='2.711088678343149E-8'/></Row><Row T='RelLineTo' IX='2'><Cell N='X' V='0.9101380614928541'/><Cell N='Y' V='1.000000073647528'/></Row></Section><Section N='Geometry' IX='1'><Cell N='NoFill' V='1'/><Cell N='NoLine' V='0'/><Cell N='NoShow' V='0'/><Cell N='NoSnap' V='0'/><Cell N='NoQuickDrag' V='0'/><Row T='RelMoveTo' IX='1'><Cell N='X' V='0.8314968158417103'/><Cell N='Y' V='0.1186153535070904'/></Row><Row T='RelLineTo' IX='2'><Cell N='X' V='0.833094123558922'/><Cell N='Y' V='0.8187821590105371'/></Row></Section><Section N='Geometry' IX='2'><Cell N='NoFill' V='1'/><Cell N='NoLine' V='0'/><Cell N='NoShow' V='0'/><Cell N='NoSnap' V='0'/><Cell N='NoQuickDrag' V='0'/><Row T='RelMoveTo' IX='1'><Cell N='X' V='0.5806919916455103'/><Cell N='Y' V='0.08019905294718281'/></Row><Row T='RelLineTo' IX='2'><Cell N='X' V='0.5439602504690545'/><Cell N='Y' V='0.8774737161828309'/></Row></Section><Section N='Geometry' IX='3'><Cell N='NoFill' V='1'/><Cell N='NoLine' V='0'/><Cell N='NoShow' V='0'/><Cell N='NoSnap' V='0'/><Cell N='NoQuickDrag' V='0'/><Row T='RelMoveTo' IX='1'><Cell N='X' V='0.4193080108726765'/><Cell N='Y' V='0.08019905294718281'/></Row><Row T='RelLineTo' IX='2'><Cell N='X' V='0.4560397520491321'/><Cell N='Y' V='0.8774737161828309'/></Row></Section><Section N='Geometry' IX='4'><Cell N='NoFill' V='1'/><Cell N='NoLine' V='0'/><Cell N='NoShow' V='0'/><Cell N='NoSnap' V='0'/><Cell N='NoQuickDrag' V='0'/><Row T='RelMoveTo' IX='1'><Cell N='X' V='0.1685031866764765'/><Cell N='Y' V='0.1186153535070896'/></Row><Row T='RelLineTo' IX='2'><Cell N='X' V='0.1669058789592647'/><Cell N='Y' V='0.8187821590105353'/></Row></Section><Section N='Geometry' IX='5'><Cell N='NoFill' V='1'/><Cell N='NoLine' V='0'/><Cell N='NoShow' V='0'/><Cell N='NoSnap' V='0'/><Cell N='NoQuickDrag' V='0'/><Row T='RelMoveTo' IX='1'><Cell N='X' V='6.695288093945443E-9'/><Cell N='Y' V='2.711088678343149E-8'/></Row><Row T='RelLineTo' IX='2'><Cell N='X' V='0.08986194102533268'/><Cell N='Y' V='1.000000073647527'/></Row></Section></Shape><Shape ID='8' Type='Shape' LineStyle='3' FillStyle='3' TextStyle='3'><Cell N='PinX' V='0.4840215761388266' F='(BeginX+EndX)/2'/><Cell N='PinY' V='0.15625' F='(BeginY+EndY)/2'/><Cell N='Width' V='0.3349550183537317' F='SQRT((EndX-BeginX)^2+(EndY-BeginY)^2)'/><Cell N='Height' V='0'/><Cell N='LocPinX' V='0.1674775091768658' F='Width*0.5'/><Cell N='LocPinY' V='0' F='Height*0.5'/><Cell N='Angle' V='0' F='ATAN2(EndY-BeginY,EndX-BeginX)'/><Cell N='FlipX' V='0'/><Cell N='FlipY' V='0'/><Cell N='ResizeMode' V='0'/><Cell N='BeginX' V='0.3165440669619608' F='Sheet.5!Width*0.31654406696196'/><Cell N='BeginY' V='0.15625' F='Sheet.5!Height*0.15625'/><Cell N='EndX' V='0.6514990853156925' F='Sheet.5!Width*0.65149908531569'/><Cell N='EndY' V='0.15625' F='Sheet.5!Height*0.15625'/><Cell N='QuickStyleType' V='2'/><Cell N='ShapeShdwShow' V='1'/><Cell N='ReflectionSize' V='0' F='GUARD(0)'/><Cell N='SoftEdgesSize' V='0' F='GUARD(0)'/><Cell N='LineColor' V='Themed' F='IF(OR(AND(LUM(THEMEVAL("BackGroundColor"))&gt;200,LUM(THEMEVAL())&gt;200),AND(LUM(THEMEVAL("BackGroundColor"))&lt;40,LUM(THEMEVAL())&lt;40)),THEMEVAL(QuickStyleFillColor),THEMEVAL())'/><Cell N='Rounding' V='0'/><Cell N='BevelTopType' V='0' F='GUARD(0)'/><Cell N='BevelBottomType' V='0' F='GUARD(0)'/><Cell N='Copyright' V='Copyright (c) 2012 Microsoft Corporation.  All rights reserved.'/><Section N='Geometry' IX='0'><Cell N='NoFill' V='1'/><Cell N='NoLine' V='0'/><Cell N='NoShow' V='0'/><Cell N='NoSnap' V='0'/><Cell N='NoQuickDrag' V='0'/><Row T='MoveTo' IX='1'><Cell N='X' V='0' F='Width*0'/><Cell N='Y' V='0'/></Row><Row T='LineTo' IX='2'><Cell N='X' V='0.3349550183537317' F='Width*1'/><Cell N='Y' V='0'/></Row></Section></Shape><Shape ID='9' Type='Shape' LineStyle='3' FillStyle='3' TextStyle='3'><Cell N='PinX' V='0.3231633901596069' F='Sheet.5!Width*0.32316339015961'/><Cell N='PinY' V='0.2909598731553872' F='Sheet.5!Height*0.29095987315539'/><Cell N='Width' V='0.6463267803192139' F='Sheet.5!Width*0.64632678031921'/><Cell N='Height' V='0.0872541144490242' F='Sheet.5!Height*0.087254114449024'/><Cell N='LocPinX' V='0.3231633901596069' F='Width*0.5'/><Cell N='LocPinY' V='0.0436270572245121' F='Height*0.5'/><Cell N='Angle' V='0'/><Cell N='FlipX' V='0'/><Cell N='FlipY' V='0'/><Cell N='ResizeMode' V='0'/><Cell N='ShapeShdwShow' V='1'/><Cell N='FillGradientEnabled' V='0'/><Cell N='ReflectionSize' V='0' F='GUARD(0)'/><Cell N='Rounding' V='0'/><Cell N='Copyright' V='Copyright (c) 2012 Microsoft Corporation.  All rights reserved.'/><Section N='Geometry' IX='0'><Cell N='NoFill' V='0'/><Cell N='NoLine' V='0'/><Cell N='NoShow' V='0'/><Cell N='NoSnap' V='0'/><Cell N='NoQuickDrag' V='0'/><Row T='Ellipse' IX='1'><Cell N='X' V='0.04362705358349944' F='Width*0.067499993674953'/><Cell N='Y' V='0.04362705666542577' F='Height*0.49999999359244'/><Cell N='A' V='0.08725411024892513' U='DL' F='Width*0.13499999211828'/><Cell N='B' V='0.04362705666542577' U='DL' F='Height*0.49999999359244'/><Cell N='C' V='0.04362705358349944' U='DL' F='Width*0.067499993674953'/><Cell N='D' V='0.08725411333085148' U='DL' F='Height*0.99999998718487'/></Row></Section><Section N='Geometry' IX='1'><Cell N='NoFill' V='0'/><Cell N='NoLine' V='0'/><Cell N='NoShow' V='0'/><Cell N='NoSnap' V='0'/><Cell N='NoQuickDrag' V='0'/><Row T='Ellipse' IX='1'><Cell N='X' V='0.1551184206173651' F='Width*0.23999998969678'/><Cell N='Y' V='0.04362705666542577' F='Height*0.49999999359244'/><Cell N='A' V='0.1987454772827908' U='DL' F='Width*0.30749998814011'/><Cell N='B' V='0.04362705666542577' U='DL' F='Height*0.49999999359244'/><Cell N='C' V='0.1551184206173651' U='DL' F='Width*0.23999998969678'/><Cell N='D' V='0.08725411333085148' U='DL' F='Height*0.99999998718487'/></Row></Section><Section N='Geometry' IX='2'><Cell N='NoFill' V='0'/><Cell N='NoLine' V='0'/><Cell N='NoShow' V='0'/><Cell N='NoSnap' V='0'/><Cell N='NoQuickDrag' V='0'/><Row T='Ellipse' IX='1'><Cell N='X' V='0.267417696107998' F='Width*0.41374998568978'/><Cell N='Y' V='0.04362705666542577' F='Height*0.49999999359244'/><Cell N='A' V='0.3110447527734238' U='DL' F='Width*0.48124998413311'/><Cell N='B' V='0.04362705666542577' U='DL' F='Height*0.49999999359244'/><Cell N='C' V='0.267417696107998' U='DL' F='Width*0.41374998568978'/><Cell N='D' V='0.08725411333085148' U='DL' F='Height*0.99999998718487'/></Row></Section><Section N='Geometry' IX='3'><Cell N='NoFill' V='0'/><Cell N='NoLine' V='0'/><Cell N='NoShow' V='0'/><Cell N='NoSnap' V='0'/><Cell N='NoQuickDrag' V='0'/><Row T='Ellipse' IX='1'><Cell N='X' V='0.3789090631418637' F='Width*0.58624998171161'/><Cell N='Y' V='0.04362705666542577' F='Height*0.49999999359244'/><Cell N='A' V='0.4225361198072895' U='DL' F='Width*0.65374998015494'/><Cell N='B' V='0.04362705666542577' U='DL' F='Height*0.49999999359244'/><Cell N='C' V='0.3789090631418637' U='DL' F='Width*0.58624998171161'/><Cell N='D' V='0.08725411333085148' U='DL' F='Height*0.99999998718487'/></Row></Section><Section N='Geometry' IX='4'><Cell N='NoFill' V='0'/><Cell N='NoLine' V='0'/><Cell N='NoShow' V='0'/><Cell N='NoSnap' V='0'/><Cell N='NoQuickDrag' V='0'/><Row T='Ellipse' IX='1'><Cell N='X' V='0.4912083386324966' F='Width*0.75999997770461'/><Cell N='Y' V='0.04362705666542577' F='Height*0.49999999359244'/><Cell N='A' V='0.5348353952979223' U='DL' F='Width*0.82749997614794'/><Cell N='B' V='0.04362705666542577' U='DL' F='Height*0.49999999359244'/><Cell N='C' V='0.4912083386324966' U='DL' F='Width*0.75999997770461'/><Cell N='D' V='0.08725411333085148' U='DL' F='Height*0.99999998718487'/></Row></Section><Section N='Geometry' IX='5'><Cell N='NoFill' V='0'/><Cell N='NoLine' V='0'/><Cell N='NoShow' V='0'/><Cell N='NoSnap' V='0'/><Cell N='NoQuickDrag' V='0'/><Row T='Ellipse' IX='1'><Cell N='X' V='0.6026997056663623' F='Width*0.93249997372644'/><Cell N='Y' V='0.04362705666542577' F='Height*0.49999999359244'/><Cell N='A' V='0.646326762331788' U='DL' F='Width*0.99999997216977'/><Cell N='B' V='0.04362705666542577' U='DL' F='Height*0.49999999359244'/><Cell N='C' V='0.6026997056663623' U='DL' F='Width*0.93249997372644'/><Cell N='D' V='0.08725411333085148' U='DL' F='Height*0.99999998718487'/></Row></Section></Shape><Shape ID='10' Type='Shape' LineStyle='3' FillStyle='3' TextStyle='3'><Cell N='PinX' V='0.3231633733225222' F='Sheet.5!Width*0.32316337332252'/><Cell N='PinY' V='0.4472901582826985' F='Sheet.5!Height*0.4472901582827'/><Cell N='Width' V='0.4749155044555664' F='Sheet.5!Width*0.47491550445557'/><Cell N='Height' V='0.1333048939704895' F='Sheet.5!Height*0.13330489397049'/><Cell N='LocPinX' V='0.2374577522277832' F='Width*0.5'/><Cell N='LocPinY' V='0.06665244698524475' F='Height*0.5'/><Cell N='Angle' V='0'/><Cell N='FlipX' V='0'/><Cell N='FlipY' V='0'/><Cell N='ResizeMode' V='0'/><Cell N='FillForegnd' V='Themed' F='IF(LUMDIFF(Sheet.5!FillForegnd,THEMEVAL("FillColor"))&lt;50,TINT(THEMEVAL(),50),THEMEVAL())'/><Cell N='ShapeShdwShow' V='1'/><Cell N='FillGradientEnabled' V='0'/><Cell N='Rounding' V='0'/><Cell N='QuickStyleLineColor' V='102'/><Cell N='QuickStyleFillColor' V='102'/><Cell N='QuickStyleShadowColor' V='102'/><Cell N='QuickStyleFontColor' V='102'/><Cell N='ReflectionSize' V='0' F='GUARD(0)'/><Cell N='Copyright' V='Copyright (c) 2012 Microsoft Corporation.  All rights reserved.'/><Section N='Geometry' IX='0'><Cell N='NoFill' V='0'/><Cell N='NoLine' V='0'/><Cell N='NoShow' V='0'/><Cell N='NoSnap' V='0'/><Cell N='NoQuickDrag' V='0'/><Row T='Ellipse' IX='1'><Cell N='X' V='0.06665244562867187' F='Width*0.14034590364676'/><Cell N='Y' V='0.06665244768328926' F='Height*0.50000000523645'/><Cell N='A' V='0.1333048933119611' U='DL' F='Width*0.28069181161979'/><Cell N='B' V='0.06665244768328926' U='DL' F='Height*0.50000000523645'/><Cell N='C' V='0.06665244562867187' U='DL' F='Width*0.14034590364676'/><Cell N='D' V='0.1333048953665786' U='DL' F='Height*1.0000000104729'/></Row></Section><Section N='Geometry' IX='1'><Cell N='NoFill' V='0'/><Cell N='NoLine' V='0'/><Cell N='NoShow' V='0'/><Cell N='NoSnap' V='0'/><Cell N='NoQuickDrag' V='0'/><Row T='Ellipse' IX='1'><Cell N='X' V='0.2374577585301919' F='Width*0.50000001327059'/><Cell N='Y' V='0.06665244768328926' F='Height*0.50000000523645'/><Cell N='A' V='0.3041102062134812' U='DL' F='Width*0.64034592124363'/><Cell N='B' V='0.06665244768328926' U='DL' F='Height*0.50000000523645'/><Cell N='C' V='0.2374577585301919' U='DL' F='Width*0.50000001327059'/><Cell N='D' V='0.1333048953665786' U='DL' F='Height*1.0000000104729'/></Row></Section><Section N='Geometry' IX='2'><Cell N='NoFill' V='0'/><Cell N='NoLine' V='0'/><Cell N='NoShow' V='0'/><Cell N='NoSnap' V='0'/><Cell N='NoQuickDrag' V='0'/><Row T='Ellipse' IX='1'><Cell N='X' V='0.4082630714317119' F='Width*0.85965412289442'/><Cell N='Y' V='0.06665244768328926' F='Height*0.50000000523645'/><Cell N='A' V='0.4749155191150012' U='DL' F='Width*1.0000000308675'/><Cell N='B' V='0.06665244768328926' U='DL' F='Height*0.50000000523645'/><Cell N='C' V='0.4082630714317119' U='DL' F='Width*0.85965412289442'/><Cell N='D' V='0.1333048953665786' U='DL' F='Height*1.0000000104729'/></Row></Section></Shape><Shape ID='11' Type='Shape' LineStyle='3' FillStyle='3' TextStyle='3'><Cell N='PinX' V='0.8257495426578461' F='Sheet.5!Width*0.82574954265785'/><Cell N='PinY' V='0.1566501738558108' F='Sheet.5!Height*0.15665017385581'/><Cell N='Width' V='0.3485009146843073' F='Sheet.5!Width*0.34850091468431'/><Cell N='Height' V='0.09011659660535942' F='Sheet.5!Height*0.090116596605359'/><Cell N='LocPinX' V='0.1742504573421536' F='Width*0.5'/><Cell N='LocPinY' V='0.04505829830267971' F='Height*0.5'/><Cell N='Angle' V='0'/><Cell N='FlipX' V='0'/><Cell N='FlipY' V='0'/><Cell N='ResizeMode' V='0'/><Cell N='ShapeShdwShow' V='1'/><Cell N='QuickStyleFillColor' V='1' F='GUARD(IF(LUM(LineColor)&gt;205,Sheet.5!QuickStyleFillColor,1))'/><Cell N='ReflectionSize' V='0' F='GUARD(0)'/><Cell N='SoftEdgesSize' V='0' F='GUARD(0)'/><Cell N='Rounding' V='0'/><Cell N='BevelTopType' V='0' F='GUARD(0)'/><Cell N='BevelBottomType' V='0' F='GUARD(0)'/><Cell N='Copyright' V='Copyright (c) 2012 Microsoft Corporation.  All rights reserved.'/><Section N='Geometry' IX='0'><Cell N='NoFill' V='0'/><Cell N='NoLine' V='0'/><Cell N='NoShow' V='0'/><Cell N='NoSnap' V='0'/><Cell N='NoQuickDrag' V='0'/><Row T='RelMoveTo' IX='1'><Cell N='X' V='0.04399920363431936'/><Cell N='Y' V='-2.485808147097722E-8'/></Row><Row T='RelLineTo' IX='2'><Cell N='X' V='0.9562179934554319'/><Cell N='Y' V='-2.485808147097722E-8'/></Row><Row T='RelLineTo' IX='3'><Cell N='X' V='0.9562179934554319'/><Cell N='Y' V='1.000000052457019'/></Row><Row T='RelLineTo' IX='4'><Cell N='X' V='0.04399920363431936'/><Cell N='Y' V='1.000000052457019'/></Row><Row T='RelLineTo' IX='5'><Cell N='X' V='0.04399920363431936'/><Cell N='Y' V='-2.485808147097722E-8'/></Row></Section><Section N='Geometry' IX='1'><Cell N='NoFill' V='0'/><Cell N='NoLine' V='0'/><Cell N='NoShow' V='0'/><Cell N='NoSnap' V='0'/><Cell N='NoQuickDrag' V='0'/><Row T='RelMoveTo' IX='1'><Cell N='X' V='0.958498488715136'/><Cell N='Y' V='0.8124869311273961'/></Row><Row T='RelLineTo' IX='2'><Cell N='X' V='1'/><Cell N='Y' V='0.8124869311273961'/></Row><Row T='RelLineTo' IX='3'><Cell N='X' V='1'/><Cell N='Y' V='0.1875831110861852'/></Row><Row T='RelLineTo' IX='4'><Cell N='X' V='0.9600188231887203'/><Cell N='Y' V='0.1875831110861852'/></Row><Row T='MoveTo' IX='5'><Cell N='X' V='0.3340376000407511' F='Width*0.95849848871514'/><Cell N='Y' V='0.073218557019534' F='Height*0.8124869311274'/></Row></Section><Section N='Geometry' IX='2'><Cell N='NoFill' V='0'/><Cell N='NoLine' V='0'/><Cell N='NoShow' V='0'/><Cell N='NoSnap' V='0'/><Cell N='NoQuickDrag' V='0'/><Row T='RelMoveTo' IX='1'><Cell N='X' V='0.04448788257226104'/><Cell N='Y' V='0.1875831110861852'/></Row><Row T='RelLineTo' IX='2'><Cell N='X' V='0'/><Cell N='Y' V='0.1875831110861852'/></Row><Row T='RelLineTo' IX='3'><Cell N='X' V='0'/><Cell N='Y' V='0.8124869311273961'/></Row><Row T='RelLineTo' IX='4'><Cell N='X' V='0.04448788257226104'/><Cell N='Y' V='0.8124869311273961'/></Row><Row T='MoveTo' IX='5'><Cell N='X' V='0.01550406776880102' F='Width*0.044487882572261'/><Cell N='Y' V='0.01690435155173208' F='Height*0.18758311108619'/></Row></Section></Shape><Shape ID='12' Type='Shape' LineStyle='3' FillStyle='3' TextStyle='3'><Cell N='PinX' V='0.5636595785617828' F='Sheet.5!Width*0.56365957856178'/><Cell N='PinY' V='0.5176265873014927' F='Sheet.5!Height*0.51762658730149'/><Cell N='Width' V='0.8033478260040283' F='Sheet.5!Width*0.80334782600403'/><Cell N='Height' V='0.7415631338953972' F='Sheet.5!Height*0.7415631338954'/><Cell N='LocPinX' V='0.4016739130020142' F='Width*0.5'/><Cell N='LocPinY' V='0.3707815669476986' F='Height*0.5'/><Cell N='Angle' V='0'/><Cell N='FlipX' V='0'/><Cell N='FlipY' V='0'/><Cell N='ResizeMode' V='0'/><Cell N='ShapeShdwShow' V='1'/><Cell N='FillGradientEnabled' V='0'/><Cell N='ReflectionSize' V='0' F='GUARD(0)'/><Cell N='Rounding' V='0'/><Cell N='Copyright' V='Copyright (c) 2012 Microsoft Corporation.  All rights reserved.'/><Section N='Geometry' IX='0'><Cell N='NoFill' V='0'/><Cell N='NoLine' V='0'/><Cell N='NoShow' V='0'/><Cell N='NoSnap' V='0'/><Cell N='NoQuickDrag' V='0'/><Row T='Ellipse' IX='1'><Cell N='X' V='0.1611777245998383' F='Width*0.2006325521556'/><Cell N='Y' V='0.5803853943943977' F='Height*0.78265135882047'/><Cell N='A' V='0.3223554491996765' U='DL' F='Width*0.40126510431119'/><Cell N='B' V='0.5803853943943977' U='DL' F='Height*0.78265135882047'/><Cell N='C' V='0.1611777245998383' U='DL' F='Width*0.2006325521556'/><Cell N='D' V='0.7415631338953972' U='DL' F='Height*1'/></Row></Section><Section N='Geometry' IX='1'><Cell N='NoFill' V='0'/><Cell N='NoLine' V='0'/><Cell N='NoShow' V='0'/><Cell N='NoSnap' V='0'/><Cell N='NoQuickDrag' V='0'/><Row T='Ellipse' IX='1'><Cell N='X' V='0.5345622472249005' F='Width*0.66541817867846'/><Cell N='Y' V='0.009984922098616733' F='Height*0.013464695913572'/><Cell N='A' V='0.5445471577130292' U='DL' F='Width*0.67784730360408'/><Cell N='B' V='0.009984922098616733' U='DL' F='Height*0.013464695913572'/><Cell N='C' V='0.5345622472249005' U='DL' F='Width*0.66541817867846'/><Cell N='D' V='0.01996984469393887' U='DL' F='Height*0.026929392496952'/></Row></Section><Section N='Geometry' IX='2'><Cell N='NoFill' V='1'/><Cell N='NoLine' V='0'/><Cell N='NoShow' V='0'/><Cell N='NoSnap' V='0'/><Cell N='NoQuickDrag' V='0'/><Row T='RelMoveTo' IX='1'><Cell N='X' V='0.9096355071426017'/><Cell N='Y' V='0.02612984698084954'/></Row><Row T='RelLineTo' IX='2'><Cell N='X' V='0.9999999842066037'/><Cell N='Y' V='0.02612984698084954'/></Row></Section><Section N='Geometry' IX='3'><Cell N='NoFill' V='1'/><Cell N='NoLine' V='0'/><Cell N='NoShow' V='0'/><Cell N='NoSnap' V='0'/><Cell N='NoQuickDrag' V='0'/><Row T='RelMoveTo' IX='1'><Cell N='X' V='0.9096355071426017'/><Cell N='Y' V='0.0008080515464830568'/></Row><Row T='RelLineTo' IX='2'><Cell N='X' V='0.9999999842066037'/><Cell N='Y' V='0.0008080515464830568'/></Row></Section></Shape></Shapes></Shape></Shapes></MasterContents>