<?xml version='1.0' encoding='utf-8' ?>
<MasterContents xmlns='http://schemas.microsoft.com/office/visio/2012/main' xmlns:r='http://schemas.openxmlformats.org/officeDocument/2006/relationships' xml:space='preserve'><Shapes><Shape ID='5' Type='Group' LineStyle='3' FillStyle='3' TextStyle='3'><Cell N='PinX' V='2'/><Cell N='PinY' V='2.138888888888889'/><Cell N='Width' V='1'/><Cell N='Height' V='1'/><Cell N='LocPinX' V='0.5000000000000007' F='Width*0.5'/><Cell N='LocPinY' V='0.5' F='Height*0.5'/><Cell N='Angle' V='0'/><Cell N='FlipX' V='0'/><Cell N='FlipY' V='0'/><Cell N='ResizeMode' V='0'/><Cell N='TxtPinX' V='0.5' F='Width*0.5'/><Cell N='TxtPinY' V='-0.1388888888888889' F='SETATREF(Controls.visSSTXT.Y)'/><Cell N='TxtWidth' V='0.1111111111111111' F='MIN(TEXTWIDTH(TheText),Width*2.5)'/><Cell N='TxtHeight' V='0.2777777777777778' F='TEXTHEIGHT(TheText,TxtWidth)'/><Cell N='TxtLocPinX' V='0.05555555555555555' F='TxtWidth*0.5'/><Cell N='TxtLocPinY' V='0.1388888888888889' F='TxtHeight*0.5'/><Cell N='TxtAngle' V='0' F='IF(BITXOR(FlipX,FlipY),1,-1)*Angle'/><Cell N='Rounding' V='0'/><Cell N='ShapeShdwShow' V='1'/><Cell N='ObjType' V='1'/><Cell N='LockGroup' V='1'/><Cell N='SelectMode' V='0'/><Cell N='IsSnapTarget' V='0'/><Cell N='EventDblClick' V='0' F='OPENTEXTWIN()'/><Cell N='HelpTopic' V='Vis_PRXY.chm!#60598'/><Cell N='Copyright' V='Copyright (c) 2012 Microsoft Corporation.  All rights reserved.'/><Section N='User'><Row N='visVersion'><Cell N='Value' V='15'/><Cell N='Prompt' V=''/></Row><Row N='ShapeClass'><Cell N='Value' V='5'/><Cell N='Prompt' V=''/></Row><Row N='SolSH'><Cell N='Value' V='{BF0433D9-CD73-4EB5-8390-8653BE590246}' U='GUID'/><Cell N='Prompt' V=''/></Row><Row N='visLegendShape'><Cell N='Value' V='2'/><Cell N='Prompt' V=''/></Row></Section><Section N='Control'><Row N='visSSTXT'><Cell N='X' V='0.5' F='Width*0.5'/><Cell N='Y' V='-0.1388888888888889' F='-(IF(MODULUS(Angle,180DEG)=0DEG,TxtHeight/2,IF(MODULUS(Angle,180DEG)=90DEG,TxtWidth/2,MIN(ABS(TxtHeight/2/COS(Angle))+ABS(TAN(Angle)*Width/2),ABS(TxtWidth/2/SIN(Angle))+ABS(Width/2/TAN(Angle)),0.5*(ABS(SIN(Angle))*TxtWidth+ABS(COS(Angle))*TxtHeight)))))'/><Cell N='XDyn' V='0.5' F='Controls.visSSTXT'/><Cell N='YDyn' V='-0.1388888888888889' F='Controls.visSSTXT.Y'/><Cell N='XCon' V='5' F='((Controls.visSSTXT&lt;0)*2)+((Controls.visSSTXT&gt;Width)*4)+IF(OR(HideText,STRSAME(SHAPETEXT(TheText),"")),5,0)'/><Cell N='YCon' V='2' F='((Controls.visSSTXT.Y&lt;0)*2)+((Controls.visSSTXT.Y&gt;Height)*4)'/><Cell N='CanGlue' V='0'/><Cell N='Prompt' V='Reposition Text'/></Row></Section><Section N='Connection'><Row T='Connection' IX='0'><Cell N='X' V='0.5' F='Width*0.5'/><Cell N='Y' V='0.5' F='Height*0.5'/><Cell N='DirX' V='0'/><Cell N='DirY' V='0'/><Cell N='Type' V='0'/><Cell N='AutoGen' V='0'/><Cell N='Prompt' V='' F='No Formula'/></Row></Section><Section N='Character'><Row IX='0'><Cell N='Color' V='#4d1e1a' F='IF(LUM(THEMEVAL("BackgroundColor"))&gt;120,SHADE(THEMEVAL(QuickStyleFillColor),75),THEMEVAL("Light"))'/><Cell N='Size' V='0.1388888888888889' U='PT'/></Row></Section><Shapes><Shape ID='6' Type='Shape' LineStyle='3' FillStyle='3' TextStyle='3'><Cell N='PinX' V='0.4840215761388282' F='(BeginX+EndX)/2'/><Cell N='PinY' V='0.2734375' F='(BeginY+EndY)/2'/><Cell N='Width' V='0.3349550183537317' F='SQRT((EndX-BeginX)^2+(EndY-BeginY)^2)'/><Cell N='Height' V='0'/><Cell N='LocPinX' V='0.1674775091768658' F='Width*0.5'/><Cell N='LocPinY' V='0' F='Height*0.5'/><Cell N='Angle' V='0' F='ATAN2(EndY-BeginY,EndX-BeginX)'/><Cell N='FlipX' V='0'/><Cell N='FlipY' V='0'/><Cell N='ResizeMode' V='0'/><Cell N='BeginX' V='0.3165440669619624' F='Sheet.5!Width*0.31654406696196'/><Cell N='BeginY' V='0.2734375' F='Sheet.5!Height*0.2734375'/><Cell N='EndX' V='0.651499085315694' F='Sheet.5!Width*0.65149908531569'/><Cell N='EndY' V='0.2734375' F='Sheet.5!Height*0.2734375'/><Cell N='QuickStyleType' V='2'/><Cell N='ShapeShdwShow' V='1'/><Cell N='ReflectionSize' V='0' F='GUARD(0)'/><Cell N='SoftEdgesSize' V='0' F='GUARD(0)'/><Cell N='LineColor' V='Themed' F='IF(OR(AND(LUM(THEMEVAL("BackGroundColor"))&gt;200,LUM(THEMEVAL())&gt;200),AND(LUM(THEMEVAL("BackGroundColor"))&lt;40,LUM(THEMEVAL())&lt;40)),THEMEVAL(QuickStyleFillColor),THEMEVAL())'/><Cell N='Rounding' V='0'/><Cell N='BevelTopType' V='0' F='GUARD(0)'/><Cell N='BevelBottomType' V='0' F='GUARD(0)'/><Cell N='Copyright' V='Copyright (c) 2012 Microsoft Corporation.  All rights reserved.'/><Section N='Geometry' IX='0'><Cell N='NoFill' V='1'/><Cell N='NoLine' V='0'/><Cell N='NoShow' V='0'/><Cell N='NoSnap' V='0'/><Cell N='NoQuickDrag' V='0'/><Row T='MoveTo' IX='1'><Cell N='X' V='0' F='Width*0'/><Cell N='Y' V='0'/></Row><Row T='LineTo' IX='2'><Cell N='X' V='0.3349550183537317' F='Width*1'/><Cell N='Y' V='0'/></Row></Section></Shape><Shape ID='7' Type='Shape' LineStyle='3' FillStyle='3' TextStyle='3'><Cell N='PinX' V='0.8257495426578476' F='Sheet.5!Width*0.82574954265785'/><Cell N='PinY' V='0.2730654956827456' F='Sheet.5!Height*0.27306549568275'/><Cell N='Width' V='0.3485009146843073' F='Sheet.5!Width*0.34850091468431'/><Cell N='Height' V='0.09011659660535942' F='Sheet.5!Height*0.090116596605359'/><Cell N='LocPinX' V='0.1742504573421536' F='Width*0.5'/><Cell N='LocPinY' V='0.04505829830267971' F='Height*0.5'/><Cell N='Angle' V='0'/><Cell N='FlipX' V='0'/><Cell N='FlipY' V='0'/><Cell N='ResizeMode' V='0'/><Cell N='ShapeShdwShow' V='1'/><Cell N='FillGradientEnabled' V='0'/><Cell N='QuickStyleFillColor' V='1' F='GUARD(IF(LUM(LineColor)&gt;205,Sheet.5!QuickStyleFillColor,1))'/><Cell N='ReflectionSize' V='0' F='GUARD(0)'/><Cell N='SoftEdgesSize' V='0' F='GUARD(0)'/><Cell N='Rounding' V='0'/><Cell N='BevelTopType' V='0' F='GUARD(0)'/><Cell N='BevelBottomType' V='0' F='GUARD(0)'/><Cell N='Copyright' V='Copyright (c) 2012 Microsoft Corporation.  All rights reserved.'/><Section N='Geometry' IX='0'><Cell N='NoFill' V='0'/><Cell N='NoLine' V='0'/><Cell N='NoShow' V='0'/><Cell N='NoSnap' V='0'/><Cell N='NoQuickDrag' V='0'/><Row T='RelMoveTo' IX='1'><Cell N='X' V='0.04399920363431936'/><Cell N='Y' V='-2.485808147097722E-8'/></Row><Row T='RelLineTo' IX='2'><Cell N='X' V='0.9562179934554319'/><Cell N='Y' V='-2.485808147097722E-8'/></Row><Row T='RelLineTo' IX='3'><Cell N='X' V='0.9562179934554319'/><Cell N='Y' V='1.000000052457019'/></Row><Row T='RelLineTo' IX='4'><Cell N='X' V='0.04399920363431936'/><Cell N='Y' V='1.000000052457019'/></Row><Row T='RelLineTo' IX='5'><Cell N='X' V='0.04399920363431936'/><Cell N='Y' V='-2.485808147097722E-8'/></Row></Section><Section N='Geometry' IX='1'><Cell N='NoFill' V='0'/><Cell N='NoLine' V='0'/><Cell N='NoShow' V='0'/><Cell N='NoSnap' V='0'/><Cell N='NoQuickDrag' V='0'/><Row T='RelMoveTo' IX='1'><Cell N='X' V='0.958498488715136'/><Cell N='Y' V='0.8124869311273961'/></Row><Row T='RelLineTo' IX='2'><Cell N='X' V='1'/><Cell N='Y' V='0.8124869311273961'/></Row><Row T='RelLineTo' IX='3'><Cell N='X' V='1'/><Cell N='Y' V='0.1875831110861852'/></Row><Row T='RelLineTo' IX='4'><Cell N='X' V='0.9600188231887203'/><Cell N='Y' V='0.1875831110861852'/></Row><Row T='MoveTo' IX='5'><Cell N='X' V='0.3340376000407511' F='Width*0.95849848871514'/><Cell N='Y' V='0.073218557019534' F='Height*0.8124869311274'/></Row></Section><Section N='Geometry' IX='2'><Cell N='NoFill' V='0'/><Cell N='NoLine' V='0'/><Cell N='NoShow' V='0'/><Cell N='NoSnap' V='0'/><Cell N='NoQuickDrag' V='0'/><Row T='RelMoveTo' IX='1'><Cell N='X' V='0.04448788257226104'/><Cell N='Y' V='0.1875831110861852'/></Row><Row T='RelLineTo' IX='2'><Cell N='X' V='0'/><Cell N='Y' V='0.1875831110861852'/></Row><Row T='RelLineTo' IX='3'><Cell N='X' V='0'/><Cell N='Y' V='0.8124869311273961'/></Row><Row T='RelLineTo' IX='4'><Cell N='X' V='0.04448788257226104'/><Cell N='Y' V='0.8124869311273961'/></Row><Row T='MoveTo' IX='5'><Cell N='X' V='0.01550406776880102' F='Width*0.044487882572261'/><Cell N='Y' V='0.01690435155173208' F='Height*0.18758311108619'/></Row></Section></Shape><Shape ID='8' Type='Shape' LineStyle='3' FillStyle='3' TextStyle='3'><Cell N='PinX' V='0.4826667308807373' F='Sheet.5!Width*0.48266673088074'/><Cell N='PinY' V='0.5176265724003315' F='Sheet.5!Height*0.51762657240033'/><Cell N='Width' V='0.9653334617614746' F='Sheet.5!Width*0.96533346176147'/><Cell N='Height' V='0.5087324604392052' F='Sheet.5!Height*0.50873246043921'/><Cell N='LocPinX' V='0.4826667308807373' F='Width*0.5'/><Cell N='LocPinY' V='0.2543662302196026' F='Height*0.5'/><Cell N='Angle' V='0'/><Cell N='FlipX' V='0'/><Cell N='FlipY' V='0'/><Cell N='ResizeMode' V='0'/><Cell N='ShapeShdwShow' V='1'/><Cell N='FillGradientEnabled' V='0'/><Cell N='ReflectionSize' V='0' F='GUARD(0)'/><Cell N='Rounding' V='0'/><Cell N='Copyright' V='Copyright (c) 2012 Microsoft Corporation.  All rights reserved.'/><Section N='Geometry' IX='0'><Cell N='NoFill' V='0'/><Cell N='NoLine' V='0'/><Cell N='NoShow' V='0'/><Cell N='NoSnap' V='0'/><Cell N='NoQuickDrag' V='0'/><Row T='RelMoveTo' IX='1'><Cell N='X' V='0'/><Cell N='Y' V='0.182214298094863'/></Row><Row T='RelLineTo' IX='2'><Cell N='X' V='0.6704016916191106'/><Cell N='Y' V='0.182214298094863'/></Row><Row T='RelLineTo' IX='3'><Cell N='X' V='0.6704016916191106'/><Cell N='Y' V='0.9999999414184769'/></Row><Row T='RelLineTo' IX='4'><Cell N='X' V='0'/><Cell N='Y' V='0.9999999414184769'/></Row><Row T='RelLineTo' IX='5'><Cell N='X' V='0'/><Cell N='Y' V='0.182214298094863'/></Row></Section><Section N='Geometry' IX='1'><Cell N='NoFill' V='0'/><Cell N='NoLine' V='0'/><Cell N='NoShow' V='0'/><Cell N='NoSnap' V='0'/><Cell N='NoQuickDrag' V='0'/><Row T='Ellipse' IX='1'><Cell N='X' V='0.6965479254722609' F='Width*0.72156198149523'/><Cell N='Y' V='0.009984921727474283' F='Height*0.019627058432352'/><Cell N='A' V='0.7065328359603895' U='DL' F='Width*0.73190546474081'/><Cell N='B' V='0.009984921727474283' U='DL' F='Height*0.019627058432352'/><Cell N='C' V='0.6965479254722609' U='DL' F='Width*0.72156198149523'/><Cell N='D' V='0.01996984432279642' U='DL' F='Height*0.039254118570605'/></Row></Section><Section N='Geometry' IX='2'><Cell N='NoFill' V='1'/><Cell N='NoLine' V='0'/><Cell N='NoShow' V='0'/><Cell N='NoSnap' V='0'/><Cell N='NoQuickDrag' V='0'/><Row T='RelMoveTo' IX='1'><Cell N='X' V='0.9247989331428633'/><Cell N='Y' V='0.03808864649103536'/></Row><Row T='RelLineTo' IX='2'><Cell N='X' V='1'/><Cell N='Y' V='0.03808864649103536'/></Row></Section><Section N='Geometry' IX='3'><Cell N='NoFill' V='1'/><Cell N='NoLine' V='0'/><Cell N='NoShow' V='0'/><Cell N='NoSnap' V='0'/><Cell N='NoQuickDrag' V='0'/><Row T='RelMoveTo' IX='1'><Cell N='X' V='0.9247989331428633'/><Cell N='Y' V='0.001177871006589959'/></Row><Row T='RelLineTo' IX='2'><Cell N='X' V='1'/><Cell N='Y' V='0.001177871006589959'/></Row></Section></Shape><Shape ID='9' Type='Shape' LineStyle='3' FillStyle='3' TextStyle='3'><Cell N='PinX' V='0.3235773778691946' F='Sheet.5!Width*0.32357737786919'/><Cell N='PinY' V='0.5639757049424297' F='Sheet.5!Height*0.56397570494243'/><Cell N='Width' V='0.5223561845676553' F='Sheet.5!Width*0.52235618456766'/><Cell N='Height' V='0.2912225522584998' F='Sheet.5!Height*0.2912225522585'/><Cell N='LocPinX' V='0.2611780922838277' F='Width*0.5'/><Cell N='LocPinY' V='0.1456112761292499' F='Height*0.5'/><Cell N='Angle' V='0'/><Cell N='FlipX' V='0'/><Cell N='FlipY' V='0'/><Cell N='ResizeMode' V='0'/><Cell N='Rounding' V='0'/><Cell N='FillForegnd' V='Themed' F='IF(LUMDIFF(Sheet.5!FillForegnd,THEMEVAL("FillColor"))&lt;50,TINT(THEMEVAL(),50),THEMEVAL())'/><Cell N='ShapeShdwShow' V='1'/><Cell N='FillGradientEnabled' V='0'/><Cell N='QuickStyleLineColor' V='102'/><Cell N='QuickStyleFillColor' V='102'/><Cell N='QuickStyleShadowColor' V='102'/><Cell N='QuickStyleFontColor' V='102'/><Cell N='ReflectionSize' V='0' F='GUARD(0)'/><Cell N='Copyright' V='Copyright (c) 2012 Microsoft Corporation.  All rights reserved.'/><Section N='Geometry' IX='0'><Cell N='NoFill' V='0'/><Cell N='NoLine' V='0'/><Cell N='NoShow' V='0'/><Cell N='NoSnap' V='0'/><Cell N='NoQuickDrag' V='0'/><Row T='RelMoveTo' IX='1'><Cell N='X' V='0.902384934646596'/><Cell N='Y' V='0'/></Row><Row T='RelLineTo' IX='2'><Cell N='X' V='0.09870532119184783'/><Cell N='Y' V='0'/></Row><Row T='RelCubBezTo' IX='3'><Cell N='X' V='0'/><Cell N='Y' V='0.1828'/><Cell N='A' V='0.09595490305395522'/><Cell N='B' V='0.09691111111111089'/><Cell N='C' V='0.05358359660533976'/><Cell N='D' V='0.1749333333333333'/></Row><Row T='RelLineTo' IX='4'><Cell N='X' V='0'/><Cell N='Y' V='0.8252'/></Row><Row T='RelCubBezTo' IX='5'><Cell N='X' V='0.09846992504491109'/><Cell N='Y' V='1'/><Cell N='A' V='0.05210927336926219'/><Cell N='B' V='0.8328666666666665'/><Cell N='C' V='0.09370005575171897'/><Cell N='D' V='0.9068'/></Row><Row T='RelLineTo' IX='6'><Cell N='X' V='0.9026327200644242'/><Cell N='Y' V='1'/></Row><Row T='RelCubBezTo' IX='7'><Cell N='X' V='1'/><Cell N='Y' V='0.825311111111111'/><Cell N='A' V='0.907365421544942'/><Cell N='B' V='0.9074222222222218'/><Cell N='C' V='0.9484110760081768'/><Cell N='D' V='0.8338'/></Row><Row T='RelLineTo' IX='8'><Cell N='X' V='1'/><Cell N='Y' V='0.1826666666666666'/></Row><Row T='RelCubBezTo' IX='9'><Cell N='X' V='0.902384934646596'/><Cell N='Y' V='0'/><Cell N='A' V='0.9469367527720992'/><Cell N='B' V='0.1739333333333332'/><Cell N='C' V='0.9051229635135971'/><Cell N='D' V='0.09624444444444436'/></Row><Row T='RelLineTo' IX='10'><Cell N='X' V='0.902384934646596'/><Cell N='Y' V='0'/></Row></Section></Shape><Shape ID='10' Type='Shape' LineStyle='3' FillStyle='3' TextStyle='3'><Cell N='PinX' V='0.3217329681246829' F='Sheet.5!Width*0.32173296812468'/><Cell N='PinY' V='0.571486415559052' F='Sheet.5!Height*0.57148641555905'/><Cell N='Width' V='0.4215802387554212' F='Sheet.5!Width*0.42158023875542'/><Cell N='Height' V='0.1967685619936796' F='Sheet.5!Height*0.19676856199368'/><Cell N='LocPinX' V='0.2107901193777106' F='Width*0.5'/><Cell N='LocPinY' V='0.0983842809968398' F='Height*0.5'/><Cell N='Angle' V='0'/><Cell N='FlipX' V='0'/><Cell N='FlipY' V='0'/><Cell N='ResizeMode' V='0'/><Cell N='FillForegnd' V='0' F='GUARD(IF(LUM(User.SurroundingRegionColor)&gt;205,Sheet.9!LineColor,THEMEVAL()))'/><Cell N='ShapeShdwShow' V='1'/><Cell N='LineGradientEnabled' V='0' F='GUARD(0)'/><Cell N='FillGradientEnabled' V='0' F='GUARD(0)'/><Cell N='QuickStyleLineColor' V='0' F='GUARD(IF(LUM(User.SurroundingRegionColor)&gt;205,IF(THEMEPROP("MultiFormat"),101,0),1))'/><Cell N='QuickStyleFillColor' V='0' F='GUARD(IF(LUM(User.SurroundingRegionColor)&gt;205,IF(THEMEPROP("MultiFormat"),101,0),1))'/><Cell N='QuickStyleShadowColor' V='101'/><Cell N='QuickStyleFontColor' V='101'/><Cell N='ReflectionSize' V='0' F='GUARD(0)'/><Cell N='SoftEdgesSize' V='0' F='GUARD(0)'/><Cell N='LineColor' V='0' F='GUARD(IF(LUM(User.SurroundingRegionColor)&gt;205,Sheet.9!LineColor,THEMEVAL()))'/><Cell N='Rounding' V='0'/><Cell N='BevelTopType' V='0' F='GUARD(0)'/><Cell N='BevelBottomType' V='0' F='GUARD(0)'/><Cell N='Copyright' V='Copyright (c) 2012 Microsoft Corporation.  All rights reserved.'/><Section N='User'><Row N='SurroundingRegionColor'><Cell N='Value' V='1' F='Sheet.9!FillForegnd'/><Cell N='Prompt' V=''/></Row></Section><Section N='Geometry' IX='0'><Cell N='NoFill' V='1'/><Cell N='NoLine' V='0'/><Cell N='NoShow' V='0'/><Cell N='NoSnap' V='0'/><Cell N='NoQuickDrag' V='0'/><Row T='RelMoveTo' IX='1'><Cell N='X' V='0.1850390688512522'/><Cell N='Y' V='0.0263074579419675'/></Row><Row T='RelCubBezTo' IX='2'><Cell N='X' V='0.2827778894849816'/><Cell N='Y' V='0.08182487091254467'/><Cell N='A' V='0.218104785773673'/><Cell N='B' V='0.04038414796057337'/><Cell N='C' V='0.2513240111312025'/><Cell N='D' V='0.05505284830706491'/></Row><Row T='RelCubBezTo' IX='3'><Cell N='X' V='0.3262207766207526'/><Cell N='Y' V='0.1314879595295892'/><Cell N='A' V='0.2966550520188111'/><Cell N='B' V='0.09366507747025056'/><Cell N='C' V='0.3161813249646417'/><Cell N='D' V='0.1060315154305211'/></Row><Row T='RelCubBezTo' IX='4'><Cell N='X' V='0.3205870170522623'/><Cell N='Y' V='0.1915441183472863'/><Cell N='A' V='0.3360299656242007'/><Cell N='B' V='0.1562208354501307'/><Cell N='C' V='0.3396220630057449'/><Cell N='D' V='0.1905903239301376'/></Row><Row T='RelCubBezTo' IX='5'><Cell N='X' V='0.2712494060083159'/><Cell N='Y' V='0.006343554107169033'/><Cell N='A' V='0.2911133975113858'/><Cell N='B' V='0.1930241441669996'/><Cell N='C' V='0.2652932787260971'/><Cell N='D' V='0.05525018508302692'/></Row><Row T='RelCubBezTo' IX='6'><Cell N='X' V='0.4221328468766883'/><Cell N='Y' V='0.1820719531011217'/><Cell N='A' V='0.3297821723152753'/><Cell N='B' V='-0.03115043332556662'/><Cell N='C' V='0.3844772277445164'/><Cell N='D' V='0.1066235257584064'/></Row><Row T='RelCubBezTo' IX='7'><Cell N='X' V='0.3877469574123323'/><Cell N='Y' V='0.04525178843429699'/><Cell N='A' V='0.4092534891710658'/><Cell N='B' V='0.1384605256135711'/><Cell N='C' V='0.3955758876028778'/><Cell N='D' V='0.09389530370887254'/></Row><Row T='RelCubBezTo' IX='8'><Cell N='X' V='0.4496876109787055'/><Cell N='Y' V='0.1222131310593859'/><Cell N='A' V='0.3881767810306369'/><Cell N='B' V='0.04794872437244131'/><Cell N='C' V='0.4436086769483999'/><Cell N='D' V='0.1136947602303697'/></Row><Row T='RelCubBezTo' IX='9'><Cell N='X' V='0.592097386229076'/><Cell N='Y' V='0.05275058592084427'/><Cell N='A' V='0.4468016523986614'/><Cell N='B' V='-0.0228951781978327'/><Cell N='C' V='0.5561610615701219'/><Cell N='D' V='0.0525532491448826'/></Row><Row T='MoveTo' IX='10'><Cell N='X' V='0.07800881482539172' F='Width*0.18503906885125'/><Cell N='Y' V='0.005176480668950151' F='Height*0.026307457941968'/></Row></Section><Section N='Geometry' IX='1'><Cell N='NoFill' V='1'/><Cell N='NoLine' V='0'/><Cell N='NoShow' V='0'/><Cell N='NoSnap' V='0'/><Cell N='NoQuickDrag' V='0'/><Row T='RelMoveTo' IX='1'><Cell N='X' V='1.171185115085748E-9'/><Cell N='Y' V='0.431571416842119'/></Row><Row T='RelLineTo' IX='2'><Cell N='X' V='0.616781526432325'/><Cell N='Y' V='0.431571416842119'/></Row></Section><Section N='Geometry' IX='2'><Cell N='NoFill' V='1'/><Cell N='NoLine' V='0'/><Cell N='NoShow' V='0'/><Cell N='NoSnap' V='0'/><Cell N='NoQuickDrag' V='0'/><Row T='RelMoveTo' IX='1'><Cell N='X' V='1.171185115085748E-9'/><Cell N='Y' V='0.6077273788506735'/></Row><Row T='RelLineTo' IX='2'><Cell N='X' V='0.616781526432325'/><Cell N='Y' V='0.6077273788506735'/></Row></Section><Section N='Geometry' IX='3'><Cell N='NoFill' V='1'/><Cell N='NoLine' V='0'/><Cell N='NoShow' V='0'/><Cell N='NoSnap' V='0'/><Cell N='NoQuickDrag' V='0'/><Row T='RelMoveTo' IX='1'><Cell N='X' V='0.008212702449502826'/><Cell N='Y' V='0.7839491197845271'/></Row><Row T='RelLineTo' IX='2'><Cell N='X' V='0.1809096919468264'/><Cell N='Y' V='0.7839491197845271'/></Row></Section><Section N='Geometry' IX='4'><Cell N='NoFill' V='1'/><Cell N='NoLine' V='0'/><Cell N='NoShow' V='0'/><Cell N='NoSnap' V='0'/><Cell N='NoQuickDrag' V='0'/><Row T='RelMoveTo' IX='1'><Cell N='X' V='0.2398415801850678'/><Cell N='Y' V='0.7839491197845271'/></Row><Row T='RelLineTo' IX='2'><Cell N='X' V='0.61678156191897'/><Cell N='Y' V='0.7839491197845271'/></Row></Section><Section N='Geometry' IX='5'><Cell N='NoFill' V='0'/><Cell N='NoLine' V='1'/><Cell N='NoShow' V='0'/><Cell N='NoSnap' V='0'/><Cell N='NoQuickDrag' V='0'/><Row T='RelMoveTo' IX='1'><Cell N='X' V='1'/><Cell N='Y' V='0.1389209780908277'/></Row><Row T='RelCubBezTo' IX='2'><Cell N='X' V='0.9324102360216253'/><Cell N='Y' V='0.4722227926902531'/><Cell N='A' V='0.9646316565509483'/><Cell N='B' V='0.2665649826754309'/><Cell N='C' V='0.9478531845935638'/><Cell N='D' V='0.3693774429515117'/></Row><Row T='RelCubBezTo' IX='3'><Cell N='X' V='0.9261777935562107'/><Cell N='Y' V='0.5392186281292728'/><Cell N='A' V='0.9295856808156247'/><Cell N='B' V='0.4909040074812999'/><Cell N='C' V='0.9276361236897437'/><Cell N='D' V='0.5141568575821284'/></Row><Row T='RelCubBezTo' IX='4'><Cell N='X' V='0.9914495801644435'/><Cell N='Y' V='0.7582295599841745'/><Cell N='A' V='0.9647084107685026'/><Cell N='B' V='0.5776664099791574'/><Cell N='C' V='0.9914495801644435'/><Cell N='D' V='0.6611398662109851'/></Row><Row T='RelCubBezTo' IX='5'><Cell N='X' V='0.8786055295160146'/><Cell N='Y' V='1'/><Cell N='A' V='0.9914495801644435'/><Cell N='B' V='0.891793667847631'/><Cell N='C' V='0.9409453050136706'/><Cell N='D' V='1'/></Row><Row T='RelCubBezTo' IX='6'><Cell N='X' V='0.7657614788675858'/><Cell N='Y' V='0.7582295599841745'/><Cell N='A' V='0.8162657540183588'/><Cell N='B' V='1'/><Cell N='C' V='0.7657614788675858'/><Cell N='D' V='0.891793667847631'/></Row><Row T='RelCubBezTo' IX='7'><Cell N='X' V='0.8349323797275805'/><Cell N='Y' V='0.5352718926100372'/><Cell N='A' V='0.7657614788675858'/><Cell N='B' V='0.657818030482295'/><Cell N='C' V='0.794298696954299'/><Cell N='D' V='0.5718120856256248'/></Row><Row T='RelCubBezTo' IX='8'><Cell N='X' V='0.7561979033603118'/><Cell N='Y' V='0.09859849686930607'/><Cell N='A' V='0.8304652842659165'/><Cell N='B' V='0.3499068810566175'/><Cell N='C' V='0.7804675869510024'/><Cell N='D' V='0.1774016494033724'/></Row><Row T='RelLineTo' IX='9'><Cell N='X' V='0.8136407597779993'/><Cell N='Y' V='0.01732863463571813'/></Row><Row T='RelCubBezTo' IX='10'><Cell N='X' V='0.8850221821035598'/><Cell N='Y' V='0.3138929194435945'/><Cell N='A' V='0.8439893773989957'/><Cell N='B' V='0.1158325753033006'/><Cell N='C' V='0.8685814287034143'/><Cell N='D' V='0.2153889787760124'/></Row><Row T='RelCubBezTo' IX='11'><Cell N='X' V='0.9407764457350513'/><Cell N='Y' V='0.06366988752407339'/><Cell N='A' V='0.898177854992378'/><Cell N='B' V='0.2382142658622565'/><Cell N='C' V='0.9150944845413603'/><Cell N='D' V='0.1563523933007832'/></Row><Row T='RelLineTo' IX='12'><Cell N='X' V='1'/><Cell N='Y' V='0.1389209780908277'/></Row></Section></Shape></Shapes></Shape></Shapes></MasterContents>