<?xml version='1.0' encoding='utf-8' ?>
<MasterContents xmlns='http://schemas.microsoft.com/office/visio/2012/main' xmlns:r='http://schemas.openxmlformats.org/officeDocument/2006/relationships' xml:space='preserve'><Shapes><Shape ID='5' Type='Group' LineStyle='3' FillStyle='3' TextStyle='3'><Cell N='PinX' V='1' U='IN'/><Cell N='PinY' V='1' U='IN'/><Cell N='Width' V='1.5'/><Cell N='Height' V='1.3125'/><Cell N='LocPinX' V='0.75' F='Width*0.5'/><Cell N='LocPinY' V='0.65625' F='Height*0.5'/><Cell N='Angle' V='0'/><Cell N='FlipX' V='0'/><Cell N='FlipY' V='0'/><Cell N='ResizeMode' V='0'/><Cell N='ObjType' V='8'/><Cell N='Comment' V='&lt;no master&gt;' F='INDEX(0,INDEX(0,MASTERNAME(),":"),".")'/><Cell N='EventDblClick' V='0' F='OPENTEXTWIN()'/><Cell N='TxtPinX' V='0.75' F='Controls.Row_1'/><Cell N='TxtPinY' V='-0.1555555555555556' F='Controls.Row_1.Y'/><Cell N='TxtWidth' V='0.1111111111111111' F='TEXTWIDTH(TheText)'/><Cell N='TxtHeight' V='0.3111111111111111' F='TEXTHEIGHT(TheText,TxtWidth)'/><Cell N='TxtLocPinX' V='0.05555555555555555' F='TxtWidth*0.5'/><Cell N='TxtLocPinY' V='0.1555555555555556' F='TxtHeight*0.5'/><Cell N='TxtAngle' V='0' F='IF(BITXOR(FlipX,FlipY),1,-1)*Angle'/><Cell N='SelectMode' V='0'/><Cell N='HelpTopic' V='Vis_PRXY.chm!#55175'/><Cell N='Copyright' V='Copyright (c) 2012 Microsoft Corporation.  All rights reserved.'/><Cell N='LayerMember' V='' F='No Formula'/><Cell N='LockAspect' V='1'/><Cell N='QuickStyleVariation' V='6'/><Section N='User'><Row N='HasText'><Cell N='Value' V='0' U='BOOL' F='NOT(OR(HideText,STRSAME(SHAPETEXT(TheText),"")))'/><Cell N='Prompt' V='' F='No Formula'/></Row><Row N='ShapeClass'><Cell N='Value' V='5'/><Cell N='Prompt' V='' F='No Formula'/></Row><Row N='ShapeType'><Cell N='Value' V='8'/><Cell N='Prompt' V='' F='No Formula'/></Row><Row N='SubShapeType'><Cell N='Value' V='66'/><Cell N='Prompt' V='' F='No Formula'/></Row><Row N='visLegendShape'><Cell N='Value' V='2'/><Cell N='Prompt' V='' F='No Formula'/></Row><Row N='SolSH'><Cell N='Value' V='{BF0433D9-CD73-4EB5-8390-8653BE590246}' U='GUID'/><Cell N='Prompt' V='' F='No Formula'/></Row><Row N='visVersion'><Cell N='Value' V='15'/><Cell N='Prompt' V=''/></Row></Section><Section N='Actions'><Row N='Properties'><Cell N='Menu' V='%_P&amp;roperties'/><Cell N='Action' V='0' F='RUNADDON("NETWORK SHAPE PROPERTIES")'/><Cell N='Checked' V='0'/><Cell N='Disabled' V='0'/><Cell N='ReadOnly' V='0'/><Cell N='Invisible' V='0'/><Cell N='BeginGroup' V='0'/><Cell N='FlyoutChild' V='0' F='No Formula'/><Cell N='TagName' V=''/><Cell N='ButtonFace' V=''/><Cell N='SortKey' V=''/></Row></Section><Section N='Connection'><Row T='Connection' N='Row_1'><Cell N='X' V='0.75' F='Width*0.5'/><Cell N='Y' V='0.65625' F='Height*0.5'/><Cell N='DirX' V='0'/><Cell N='DirY' V='0'/><Cell N='Type' V='0'/><Cell N='AutoGen' V='0'/><Cell N='Prompt' V='' F='No Formula'/></Row></Section><Section N='Control'><Row N='Row_1'><Cell N='X' V='0.75' F='Width*0.5'/><Cell N='Y' V='-0.1555555555555556' F='-TxtHeight*0.5'/><Cell N='XDyn' V='0.75' F='Controls.Row_1'/><Cell N='YDyn' V='-0.1555555555555556' F='Controls.Row_1.Y'/><Cell N='XCon' V='2' F='(Controls.Row_1&gt;Width/2)*2+2'/><Cell N='YCon' V='7' F='(Controls.Row_1.Y&gt;Height/2)*2+2+5*NOT(User.HasText)'/><Cell N='CanGlue' V='1'/><Cell N='Prompt' V='Reposition Text'/></Row></Section><Section N='Property'><Row N='ShapeClass'><Cell N='Value' V='Equipment' U='STR'/><Cell N='Prompt' V='' F='No Formula'/><Cell N='Label' V='ShapeClass'/><Cell N='Format' V='' F='No Formula'/><Cell N='SortKey' V='' F='No Formula'/><Cell N='Type' V='0'/><Cell N='Invisible' V='1'/><Cell N='Verify' V='0'/><Cell N='DataLinked' V='0' F='No Formula'/><Cell N='LangID' V='en-US'/><Cell N='Calendar' V='0' F='No Formula'/></Row><Row N='ShapeType'><Cell N='Value' V='Device' U='STR'/><Cell N='Prompt' V='' F='No Formula'/><Cell N='Label' V='ShapeType'/><Cell N='Format' V='' F='No Formula'/><Cell N='SortKey' V='' F='No Formula'/><Cell N='Type' V='0'/><Cell N='Invisible' V='1'/><Cell N='Verify' V='0'/><Cell N='DataLinked' V='0' F='No Formula'/><Cell N='LangID' V='en-US'/><Cell N='Calendar' V='0' F='No Formula'/></Row><Row N='SubShapeType'><Cell N='Value' V='Switch' U='STR'/><Cell N='Prompt' V='' F='No Formula'/><Cell N='Label' V='SubShapeType'/><Cell N='Format' V='' F='No Formula'/><Cell N='SortKey' V='' F='No Formula'/><Cell N='Type' V='0'/><Cell N='Invisible' V='1'/><Cell N='Verify' V='0'/><Cell N='DataLinked' V='0' F='No Formula'/><Cell N='LangID' V='en-US'/><Cell N='Calendar' V='0' F='No Formula'/></Row><Row N='Manufacturer'><Cell N='Value' V='0' F='No Formula'/><Cell N='Prompt' V='' F='No Formula'/><Cell N='Label' V='Manufacturer'/><Cell N='Format' V='' F='No Formula'/><Cell N='SortKey' V='Equipment'/><Cell N='Type' V='0'/><Cell N='Invisible' V='0'/><Cell N='Verify' V='0'/><Cell N='DataLinked' V='0' F='No Formula'/><Cell N='LangID' V='en-US'/><Cell N='Calendar' V='0' F='No Formula'/></Row><Row N='ProductNumber'><Cell N='Value' V='0' F='No Formula'/><Cell N='Prompt' V='' F='No Formula'/><Cell N='Label' V='Product Number'/><Cell N='Format' V='' F='No Formula'/><Cell N='SortKey' V='Equipment'/><Cell N='Type' V='0'/><Cell N='Invisible' V='0'/><Cell N='Verify' V='0'/><Cell N='DataLinked' V='0' F='No Formula'/><Cell N='LangID' V='en-US'/><Cell N='Calendar' V='0' F='No Formula'/></Row><Row N='PartNumber'><Cell N='Value' V='0' F='No Formula'/><Cell N='Prompt' V='' F='No Formula'/><Cell N='Label' V='Part Number'/><Cell N='Format' V='' F='No Formula'/><Cell N='SortKey' V='Equipment'/><Cell N='Type' V='0'/><Cell N='Invisible' V='0'/><Cell N='Verify' V='0'/><Cell N='DataLinked' V='0' F='No Formula'/><Cell N='LangID' V='en-US'/><Cell N='Calendar' V='0' F='No Formula'/></Row><Row N='ProductDescription'><Cell N='Value' V='0' F='No Formula'/><Cell N='Prompt' V='' F='No Formula'/><Cell N='Label' V='Product Description'/><Cell N='Format' V='' F='No Formula'/><Cell N='SortKey' V='Equipment'/><Cell N='Type' V='0'/><Cell N='Invisible' V='0'/><Cell N='Verify' V='0'/><Cell N='DataLinked' V='0' F='No Formula'/><Cell N='LangID' V='en-US'/><Cell N='Calendar' V='0' F='No Formula'/></Row><Row N='AssetNumber'><Cell N='Value' V='0' F='No Formula'/><Cell N='Prompt' V='' F='No Formula'/><Cell N='Label' V='Asset Number'/><Cell N='Format' V='' F='No Formula'/><Cell N='SortKey' V='Asset'/><Cell N='Type' V='0'/><Cell N='Invisible' V='0'/><Cell N='Verify' V='0'/><Cell N='DataLinked' V='0' F='No Formula'/><Cell N='LangID' V='en-US'/><Cell N='Calendar' V='0' F='No Formula'/></Row><Row N='SerialNumber'><Cell N='Value' V='0' F='No Formula'/><Cell N='Prompt' V='' F='No Formula'/><Cell N='Label' V='Serial Number'/><Cell N='Format' V='' F='No Formula'/><Cell N='SortKey' V='Asset'/><Cell N='Type' V='0'/><Cell N='Invisible' V='0'/><Cell N='Verify' V='0'/><Cell N='DataLinked' V='0' F='No Formula'/><Cell N='LangID' V='en-US'/><Cell N='Calendar' V='0' F='No Formula'/></Row><Row N='Location'><Cell N='Value' V='0' F='No Formula'/><Cell N='Prompt' V='' F='No Formula'/><Cell N='Label' V='Location'/><Cell N='Format' V='' F='No Formula'/><Cell N='SortKey' V='Asset'/><Cell N='Type' V='0'/><Cell N='Invisible' V='0'/><Cell N='Verify' V='0'/><Cell N='DataLinked' V='0' F='No Formula'/><Cell N='LangID' V='en-US'/><Cell N='Calendar' V='0' F='No Formula'/></Row><Row N='Building'><Cell N='Value' V='0' F='No Formula'/><Cell N='Prompt' V='' F='No Formula'/><Cell N='Label' V='Building'/><Cell N='Format' V='' F='No Formula'/><Cell N='SortKey' V='Asset'/><Cell N='Type' V='0'/><Cell N='Invisible' V='0'/><Cell N='Verify' V='0'/><Cell N='DataLinked' V='0' F='No Formula'/><Cell N='LangID' V='en-US'/><Cell N='Calendar' V='0' F='No Formula'/></Row><Row N='Room'><Cell N='Value' V='0' F='No Formula'/><Cell N='Prompt' V='' F='No Formula'/><Cell N='Label' V='Room'/><Cell N='Format' V='' F='No Formula'/><Cell N='SortKey' V='Asset'/><Cell N='Type' V='0'/><Cell N='Invisible' V='0'/><Cell N='Verify' V='0'/><Cell N='DataLinked' V='0' F='No Formula'/><Cell N='LangID' V='en-US'/><Cell N='Calendar' V='0' F='No Formula'/></Row><Row N='NetworkName'><Cell N='Value' V='0' F='No Formula'/><Cell N='Prompt' V='' F='No Formula'/><Cell N='Label' V='Network Name'/><Cell N='Format' V='' F='No Formula'/><Cell N='SortKey' V='Network'/><Cell N='Type' V='0'/><Cell N='Invisible' V='0'/><Cell N='Verify' V='0'/><Cell N='DataLinked' V='0' F='No Formula'/><Cell N='LangID' V='en-US'/><Cell N='Calendar' V='0' F='No Formula'/></Row><Row N='IPAddress'><Cell N='Value' V='0' F='No Formula'/><Cell N='Prompt' V='' F='No Formula'/><Cell N='Label' V='IP Address'/><Cell N='Format' V='' F='No Formula'/><Cell N='SortKey' V='Network'/><Cell N='Type' V='0'/><Cell N='Invisible' V='0'/><Cell N='Verify' V='0'/><Cell N='DataLinked' V='0' F='No Formula'/><Cell N='LangID' V='en-US'/><Cell N='Calendar' V='0' F='No Formula'/></Row><Row N='SubnetMask'><Cell N='Value' V='0' F='No Formula'/><Cell N='Prompt' V='' F='No Formula'/><Cell N='Label' V='Subnet Mask'/><Cell N='Format' V='' F='No Formula'/><Cell N='SortKey' V='Network'/><Cell N='Type' V='0'/><Cell N='Invisible' V='0'/><Cell N='Verify' V='0'/><Cell N='DataLinked' V='0' F='No Formula'/><Cell N='LangID' V='en-US'/><Cell N='Calendar' V='0' F='No Formula'/></Row><Row N='AdminInterface'><Cell N='Value' V='0' F='No Formula'/><Cell N='Prompt' V='' F='No Formula'/><Cell N='Label' V='Administrative Interface'/><Cell N='Format' V='' F='No Formula'/><Cell N='SortKey' V='Network'/><Cell N='Type' V='0'/><Cell N='Invisible' V='0'/><Cell N='Verify' V='0'/><Cell N='DataLinked' V='0' F='No Formula'/><Cell N='LangID' V='en-US'/><Cell N='Calendar' V='0' F='No Formula'/></Row><Row N='NumberOfPorts'><Cell N='Value' V='0' F='No Formula'/><Cell N='Prompt' V='' F='No Formula'/><Cell N='Label' V='Number of Ports'/><Cell N='Format' V='' F='No Formula'/><Cell N='SortKey' V='Network'/><Cell N='Type' V='0'/><Cell N='Invisible' V='0'/><Cell N='Verify' V='0'/><Cell N='DataLinked' V='0' F='No Formula'/><Cell N='LangID' V='en-US'/><Cell N='Calendar' V='0' F='No Formula'/></Row><Row N='MACAddress'><Cell N='Value' V='0' F='No Formula'/><Cell N='Prompt' V='' F='No Formula'/><Cell N='Label' V='MAC Address'/><Cell N='Format' V='' F='No Formula'/><Cell N='SortKey' V='Network'/><Cell N='Type' V='0'/><Cell N='Invisible' V='0'/><Cell N='Verify' V='0'/><Cell N='DataLinked' V='0' F='No Formula'/><Cell N='LangID' V='en-US'/><Cell N='Calendar' V='0' F='No Formula'/></Row><Row N='CommunityString'><Cell N='Value' V='0' F='No Formula'/><Cell N='Prompt' V='' F='No Formula'/><Cell N='Label' V='Community String'/><Cell N='Format' V='' F='No Formula'/><Cell N='SortKey' V='Network'/><Cell N='Type' V='0'/><Cell N='Invisible' V='0'/><Cell N='Verify' V='0'/><Cell N='DataLinked' V='0' F='No Formula'/><Cell N='LangID' V='en-US'/><Cell N='Calendar' V='0' F='No Formula'/></Row><Row N='NetworkDescription'><Cell N='Value' V='0' F='No Formula'/><Cell N='Prompt' V='' F='No Formula'/><Cell N='Label' V='Network Description'/><Cell N='Format' V='' F='No Formula'/><Cell N='SortKey' V='Network'/><Cell N='Type' V='0'/><Cell N='Invisible' V='0'/><Cell N='Verify' V='0'/><Cell N='DataLinked' V='0' F='No Formula'/><Cell N='LangID' V='en-US'/><Cell N='Calendar' V='0' F='No Formula'/></Row></Section><Shapes><Shape ID='9' Type='Shape' LineStyle='3' FillStyle='3' TextStyle='3'><Cell N='PinX' V='0.75' F='Width/2'/><Cell N='PinY' V='0.65625' F='Height/2'/><Cell N='Width' V='1.5' F='Sheet.5!Width*1'/><Cell N='Height' V='1.3125' F='Sheet.5!Height*1'/><Cell N='LocPinX' V='0.75' F='Width*0.5'/><Cell N='LocPinY' V='0.65625' F='Height*0.5'/><Cell N='Angle' V='0'/><Cell N='FlipX' V='0'/><Cell N='FlipY' V='0'/><Cell N='ResizeMode' V='0'/><Cell N='LineWeight' V='0.01' U='PT' F='GUARD(0.72PT)'/><Cell N='LinePattern' V='1' F='GUARD(1)'/><Cell N='Rounding' V='0' F='GUARD(0)'/><Cell N='BeginArrow' V='0' F='GUARD(0)'/><Cell N='EndArrow' V='0' F='GUARD(0)'/><Cell N='LineColorTrans' V='1' F='GUARD(100%)'/><Cell N='FillForegnd' V='6' F='GUARD(6)'/><Cell N='FillBkgnd' V='6' F='GUARD(6)'/><Cell N='FillPattern' V='1' F='GUARD(1)'/><Cell N='FillForegndTrans' V='1' F='GUARD(100%)'/><Cell N='FillBkgndTrans' V='1' F='GUARD(100%)'/><Cell N='Copyright' V='Copyright (c) 2012 Microsoft Corporation.  All rights reserved.'/><Cell N='FillGradientEnabled' V='0' F='GUARD(FALSE)'/><Section N='Geometry' IX='0'><Cell N='NoFill' V='0'/><Cell N='NoLine' V='0'/><Cell N='NoShow' V='0'/><Cell N='NoSnap' V='0'/><Cell N='NoQuickDrag' V='0' F='No Formula'/><Row T='MoveTo' IX='1'><Cell N='X' V='0.75' F='Width*0.5'/><Cell N='Y' V='0' F='Height*0'/></Row><Row T='LineTo' IX='2'><Cell N='X' V='1.5' F='Width*1'/><Cell N='Y' V='0.4330127018922075' F='Height*0.32991443953692'/></Row><Row T='LineTo' IX='3'><Cell N='X' V='1.5' F='Width*1'/><Cell N='Y' V='0.8794872981077794' F='Height*0.67008556046307'/></Row><Row T='LineTo' IX='4'><Cell N='X' V='0.75' F='Width*0.5'/><Cell N='Y' V='1.3125' F='Height*1'/></Row><Row T='LineTo' IX='5'><Cell N='X' V='0' F='Width*0'/><Cell N='Y' V='0.8794872981077794' F='Height*0.67008556046307'/></Row><Row T='LineTo' IX='6'><Cell N='X' V='0' F='Width*0'/><Cell N='Y' V='0.4330127018922075' F='Height*0.32991443953692'/></Row><Row T='LineTo' IX='7'><Cell N='X' V='0.75' F='Width*0.5'/><Cell N='Y' V='0' F='Height*0'/></Row></Section></Shape><Shape ID='6' Type='Shape' LineStyle='8' FillStyle='8' TextStyle='8'><Cell N='PinX' V='0.75' F='Sheet.5!Width*0.5'/><Cell N='PinY' V='0.8794872981077794' F='Sheet.5!Height*0.67008556046307'/><Cell N='Width' V='1.5' F='Sheet.5!Width*1'/><Cell N='Height' V='0.8660254037844282' F='Sheet.5!Height*0.65982887907385'/><Cell N='LocPinX' V='0.75' F='Width*0.5'/><Cell N='LocPinY' V='0.4330127018922141' F='Height*0.5'/><Cell N='Angle' V='0'/><Cell N='FlipX' V='0'/><Cell N='FlipY' V='0'/><Cell N='ResizeMode' V='0'/><Cell N='LineWeight' V='0.01' U='PT' F='GUARD(0.72PT)'/><Cell N='LineColor' V='#ffffff' F='GUARD(RGB(255,255,255))'/><Cell N='LinePattern' V='1' F='GUARD(1)'/><Cell N='Rounding' V='0' F='GUARD(0)'/><Cell N='BeginArrow' V='0' F='GUARD(0)'/><Cell N='EndArrow' V='0' F='GUARD(0)'/><Cell N='Copyright' V='Copyright (c) 2012 Microsoft Corporation.  All rights reserved.'/><Cell N='LayerMember' V='' F='No Formula'/><Cell N='FillPattern' V='30' F='GUARD(30)'/><Cell N='ShdwPattern' V='0' F='GUARD(0)'/><Cell N='FillGradientDir' V='0' F='GUARD(0)'/><Cell N='FillGradientAngle' V='4.7123889803847' U='DEG' F='GUARD(270DEG)'/><Cell N='FillGradientEnabled' V='1' F='GUARD(TRUE)'/><Cell N='UseGroupGradient' V='0' F='GUARD(FALSE)'/><Section N='Geometry' IX='0'><Cell N='NoFill' V='0'/><Cell N='NoLine' V='0'/><Cell N='NoShow' V='0'/><Cell N='NoSnap' V='0'/><Cell N='NoQuickDrag' V='0' F='No Formula'/><Row T='MoveTo' IX='1'><Cell N='X' V='0.75' F='Width*0.5'/><Cell N='Y' V='0' F='Height*0'/></Row><Row T='LineTo' IX='2'><Cell N='X' V='1.5' F='Width*1'/><Cell N='Y' V='0.4330127018922141' F='Height*0.5'/></Row><Row T='LineTo' IX='3'><Cell N='X' V='0.75' F='Width*0.5'/><Cell N='Y' V='0.8660254037844282' F='Height*1'/></Row><Row T='LineTo' IX='4'><Cell N='X' V='0' F='Width*0'/><Cell N='Y' V='0.4330127018922141' F='Height*0.5'/></Row><Row T='LineTo' IX='5'><Cell N='X' V='0.75' F='Geometry1.X1'/><Cell N='Y' V='0' F='Geometry1.Y1'/></Row></Section><Text/></Shape><Shape ID='7' Type='Shape' LineStyle='14' FillStyle='14' TextStyle='14'><Cell N='PinX' V='1.125' F='Sheet.5!Width*0.75'/><Cell N='PinY' V='0.4397436490538962' F='Sheet.5!Height*0.33504278023154'/><Cell N='Width' V='0.75' F='Sheet.5!Width*0.5'/><Cell N='Height' V='0.8794872981077794' F='Sheet.5!Height*0.67008556046307'/><Cell N='LocPinX' V='0.375' F='Width*0.5'/><Cell N='LocPinY' V='0.4397436490538897' F='Height*0.5'/><Cell N='Angle' V='0'/><Cell N='FlipX' V='0'/><Cell N='FlipY' V='0'/><Cell N='ResizeMode' V='0'/><Cell N='LineWeight' V='0.01' U='PT' F='GUARD(0.72PT)'/><Cell N='LineColor' V='#ffffff' F='GUARD(RGB(255,255,255))'/><Cell N='LinePattern' V='1' F='GUARD(1)'/><Cell N='Rounding' V='0' F='GUARD(0)'/><Cell N='BeginArrow' V='0' F='GUARD(0)'/><Cell N='EndArrow' V='0' F='GUARD(0)'/><Cell N='Copyright' V='Copyright (c) 2012 Microsoft Corporation.  All rights reserved.'/><Cell N='LayerMember' V='' F='No Formula'/><Cell N='FillPattern' V='31' F='GUARD(31)'/><Cell N='ShdwPattern' V='0' F='GUARD(0)'/><Cell N='FillGradientDir' V='12' F='GUARD(12)'/><Cell N='FillGradientEnabled' V='1' F='GUARD(TRUE)'/><Cell N='UseGroupGradient' V='0' F='GUARD(FALSE)'/><Section N='Geometry' IX='0'><Cell N='NoFill' V='0'/><Cell N='NoLine' V='0'/><Cell N='NoShow' V='0'/><Cell N='NoSnap' V='0'/><Cell N='NoQuickDrag' V='0' F='No Formula'/><Row T='MoveTo' IX='1'><Cell N='X' V='0' F='Width*0'/><Cell N='Y' V='0' F='Height*0'/></Row><Row T='LineTo' IX='2'><Cell N='X' V='0.75' F='Width*1'/><Cell N='Y' V='0.4330127018922118' F='Height*0.49234673749563'/></Row><Row T='LineTo' IX='3'><Cell N='X' V='0.75' F='Width*1'/><Cell N='Y' V='0.8794872981077794' F='Height*1'/></Row><Row T='LineTo' IX='4'><Cell N='X' V='0' F='Width*0'/><Cell N='Y' V='0.4464745962155677' F='Height*0.50765326250437'/></Row><Row T='LineTo' IX='5'><Cell N='X' V='0' F='Geometry1.X1'/><Cell N='Y' V='0' F='Geometry1.Y1'/></Row></Section><Text/></Shape><Shape ID='8' Type='Shape' LineStyle='10' FillStyle='10' TextStyle='10'><Cell N='PinX' V='0.375' F='Sheet.5!Width*0.25'/><Cell N='PinY' V='0.4397436490538962' F='Sheet.5!Height*0.33504278023154'/><Cell N='Width' V='0.75' F='Sheet.5!Width*0.5'/><Cell N='Height' V='0.8794872981077794' F='Sheet.5!Height*0.67008556046307'/><Cell N='LocPinX' V='0.375' F='Width*0.5'/><Cell N='LocPinY' V='0.4397436490538897' F='Height*0.5'/><Cell N='Angle' V='0'/><Cell N='FlipX' V='0'/><Cell N='FlipY' V='0'/><Cell N='ResizeMode' V='0'/><Cell N='LineWeight' V='0.01' U='PT' F='GUARD(0.72PT)'/><Cell N='LineColor' V='#000000' F='GUARD(RGB(0,0,0))'/><Cell N='LinePattern' V='1' F='GUARD(1)'/><Cell N='Rounding' V='0' F='GUARD(0)'/><Cell N='BeginArrow' V='0' F='GUARD(0)'/><Cell N='EndArrow' V='0' F='GUARD(0)'/><Cell N='Copyright' V='Copyright (c) 2012 Microsoft Corporation.  All rights reserved.'/><Cell N='LayerMember' V='' F='No Formula'/><Cell N='FillPattern' V='32' F='GUARD(32)'/><Cell N='ShdwPattern' V='0' F='GUARD(0)'/><Cell N='FillGradientDir' V='11' F='GUARD(11)'/><Cell N='FillGradientEnabled' V='1' F='GUARD(TRUE)'/><Cell N='UseGroupGradient' V='0' F='GUARD(FALSE)'/><Section N='Geometry' IX='0'><Cell N='NoFill' V='0'/><Cell N='NoLine' V='0'/><Cell N='NoShow' V='0'/><Cell N='NoSnap' V='0'/><Cell N='NoQuickDrag' V='0' F='No Formula'/><Row T='MoveTo' IX='1'><Cell N='X' V='0' F='Width*0'/><Cell N='Y' V='0.4330127018922118' F='Height*0.49234673749563'/></Row><Row T='LineTo' IX='2'><Cell N='X' V='0.75' F='Width*1'/><Cell N='Y' V='0' F='Height*0'/></Row><Row T='LineTo' IX='3'><Cell N='X' V='0.75' F='Width*1'/><Cell N='Y' V='0.4464745962155677' F='Height*0.50765326250437'/></Row><Row T='LineTo' IX='4'><Cell N='X' V='0' F='Width*0'/><Cell N='Y' V='0.8794872981077794' F='Height*1'/></Row><Row T='LineTo' IX='5'><Cell N='X' V='0' F='Geometry1.X1'/><Cell N='Y' V='0.4330127018922118' F='Geometry1.Y1'/></Row></Section></Shape><Shape ID='10' Type='Shape' LineStyle='12' FillStyle='12' TextStyle='12'><Cell N='PinX' V='0.75' F='Sheet.5!Width*0.5'/><Cell N='PinY' V='0.65625' F='Sheet.5!Height*0.5'/><Cell N='Width' V='1.5' F='Sheet.5!Width*1'/><Cell N='Height' V='1.3125' F='Sheet.5!Height*1'/><Cell N='LocPinX' V='0.75' F='Width*0.5'/><Cell N='LocPinY' V='0.65625' F='Height*0.5'/><Cell N='Angle' V='0'/><Cell N='FlipX' V='0'/><Cell N='FlipY' V='0'/><Cell N='ResizeMode' V='0'/><Cell N='LineWeight' V='0.02083333333333333' U='PT' F='GUARD(1.5PT)'/><Cell N='LinePattern' V='1' F='GUARD(1)'/><Cell N='Rounding' V='0' F='GUARD(0)'/><Cell N='BeginArrow' V='0' F='GUARD(0)'/><Cell N='EndArrow' V='0' F='GUARD(0)'/><Cell N='FillPattern' V='1' F='GUARD(1)'/><Cell N='ShdwPattern' V='0' F='GUARD(0)'/><Cell N='Copyright' V='Copyright (c) 2012 Microsoft Corporation.  All rights reserved.'/><Cell N='LayerMember' V='' F='No Formula'/><Cell N='FillGradientEnabled' V='0' F='GUARD(FALSE)'/><Section N='Geometry' IX='0'><Cell N='NoFill' V='1'/><Cell N='NoLine' V='0'/><Cell N='NoShow' V='0'/><Cell N='NoSnap' V='0'/><Cell N='NoQuickDrag' V='0' F='No Formula'/><Row T='MoveTo' IX='1'><Cell N='X' V='0' F='Width*0'/><Cell N='Y' V='0.8794872981077794' F='Height*0.67008556046307'/></Row><Row T='LineTo' IX='2'><Cell N='X' V='0' F='Width*0'/><Cell N='Y' V='0.4330127018922075' F='Height*0.32991443953692'/></Row><Row T='LineTo' IX='3'><Cell N='X' V='0.75' F='Width*0.5'/><Cell N='Y' V='0' F='Height*0'/></Row><Row T='LineTo' IX='4'><Cell N='X' V='1.5' F='Width*1'/><Cell N='Y' V='0.4330127018922075' F='Height*0.32991443953692'/></Row><Row T='LineTo' IX='5'><Cell N='X' V='1.5' F='Width*1'/><Cell N='Y' V='0.8794872981077794' F='Height*0.67008556046307'/></Row><Row T='LineTo' IX='6'><Cell N='X' V='0.75' F='Width*0.5'/><Cell N='Y' V='1.3125' F='Height*1'/></Row><Row T='LineTo' IX='7'><Cell N='X' V='0' F='Geometry1.X1'/><Cell N='Y' V='0.8794872981077794' F='Geometry1.Y1'/></Row></Section></Shape><Shape ID='11' Type='Shape' LineStyle='10' FillStyle='10' TextStyle='10'><Cell N='PinX' V='0.979999999999995' F='Sheet.5!Width*0.65333333333333'/><Cell N='PinY' V='0.8274999999999994' F='Sheet.5!Height*0.63047619047619'/><Cell N='Width' V='0.36373066958946' F='Sheet.5!Width*0.24248711305964'/><Cell N='Height' V='0.21' F='Sheet.5!Height*0.16'/><Cell N='LocPinX' V='0.18186533479473' F='Width*0.5'/><Cell N='LocPinY' V='0.105' F='Height*0.5'/><Cell N='Angle' V='0'/><Cell N='FlipX' V='0'/><Cell N='FlipY' V='0'/><Cell N='ResizeMode' V='0'/><Cell N='LineWeight' V='0.003333333333333333' U='PT' F='GUARD(0.24PT)'/><Cell N='LineColor' V='#000000' F='GUARD(RGB(0,0,0))'/><Cell N='LinePattern' V='1' F='GUARD(1)'/><Cell N='Rounding' V='0' F='GUARD(0)'/><Cell N='BeginArrow' V='0' F='GUARD(0)'/><Cell N='EndArrow' V='0' F='GUARD(0)'/><Cell N='FillForegnd' V='2' F='GUARD(2)'/><Cell N='FillBkgnd' V='#c0c0c0' F='GUARD(RGB(192,192,192))'/><Cell N='FillPattern' V='1' F='GUARD(1)'/><Cell N='ShdwPattern' V='0' F='GUARD(0)'/><Cell N='Copyright' V='Copyright (c) 2012 Microsoft Corporation.  All rights reserved.'/><Cell N='LayerMember' V='' F='No Formula'/><Cell N='FillGradientEnabled' V='0' F='GUARD(FALSE)'/><Section N='Geometry' IX='0'><Cell N='NoFill' V='0'/><Cell N='NoLine' V='0'/><Cell N='NoShow' V='0'/><Cell N='NoSnap' V='0'/><Cell N='NoQuickDrag' V='0' F='No Formula'/><Row T='MoveTo' IX='1'><Cell N='X' V='0.36373066958946' F='Width*1'/><Cell N='Y' V='0.1400000000000007' F='Height*0.66666666666667'/></Row><Row T='LineTo' IX='2'><Cell N='X' V='0.3420800344948491' F='Width*0.94047619047619'/><Cell N='Y' V='0.01250000000000052' F='Height*0.059523809523812'/></Row><Row T='LineTo' IX='3'><Cell N='X' V='0.1212435565298224' F='Width*0.33333333333334'/><Cell N='Y' V='0' F='Height*0'/></Row><Row T='LineTo' IX='4'><Cell N='X' V='0.2208364779650303' F='Width*0.60714285714286'/><Cell N='Y' V='0.0575000000000013' F='Height*0.27380952380953'/></Row><Row T='LineTo' IX='5'><Cell N='X' V='0' F='Width*0'/><Cell N='Y' V='0.185' F='Height*0.88095238095238'/></Row><Row T='LineTo' IX='6'><Cell N='X' V='0.04330127018922177' F='Width*0.11904761904762'/><Cell N='Y' V='0.21' F='Height*1'/></Row><Row T='LineTo' IX='7'><Cell N='X' V='0.2641377481542521' F='Width*0.72619047619048'/><Cell N='Y' V='0.08249999999999941' F='Height*0.39285714285714'/></Row><Row T='LineTo' IX='8'><Cell N='X' V='0.36373066958946' F='Geometry1.X1'/><Cell N='Y' V='0.1400000000000007' F='Geometry1.Y1'/></Row></Section></Shape><Shape ID='12' Type='Shape' LineStyle='10' FillStyle='10' TextStyle='10'><Cell N='PinX' V='0.81786533479473' F='Sheet.5!Width*0.54524355652982'/><Cell N='PinY' V='1.103500000000007' F='Sheet.5!Height*0.84076190476191'/><Cell N='Width' V='0.36373066958946' F='Sheet.5!Width*0.24248711305964'/><Cell N='Height' V='0.21' F='Sheet.5!Height*0.16'/><Cell N='LocPinX' V='0.18186533479473' F='Width*0.5'/><Cell N='LocPinY' V='0.105' F='Height*0.5'/><Cell N='Angle' V='3.141592653589787'/><Cell N='FlipX' V='0'/><Cell N='FlipY' V='0'/><Cell N='ResizeMode' V='0'/><Cell N='LineWeight' V='0.003333333333333333' U='PT' F='GUARD(0.24PT)'/><Cell N='LineColor' V='#000000' F='GUARD(RGB(0,0,0))'/><Cell N='LinePattern' V='1' F='GUARD(1)'/><Cell N='Rounding' V='0' F='GUARD(0)'/><Cell N='BeginArrow' V='0' F='GUARD(0)'/><Cell N='EndArrow' V='0' F='GUARD(0)'/><Cell N='FillForegnd' V='2' F='GUARD(2)'/><Cell N='FillBkgnd' V='#c0c0c0' F='GUARD(RGB(192,192,192))'/><Cell N='FillPattern' V='1' F='GUARD(1)'/><Cell N='ShdwPattern' V='0' F='GUARD(0)'/><Cell N='Copyright' V='Copyright (c) 2012 Microsoft Corporation.  All rights reserved.'/><Cell N='LayerMember' V='' F='No Formula'/><Cell N='FillGradientEnabled' V='0' F='GUARD(FALSE)'/><Section N='Geometry' IX='0'><Cell N='NoFill' V='0'/><Cell N='NoLine' V='0'/><Cell N='NoShow' V='0'/><Cell N='NoSnap' V='0'/><Cell N='NoQuickDrag' V='0' F='No Formula'/><Row T='MoveTo' IX='1'><Cell N='X' V='0.36373066958946' F='Width*1'/><Cell N='Y' V='0.1400000000000007' F='Height*0.66666666666667'/></Row><Row T='LineTo' IX='2'><Cell N='X' V='0.3420800344948491' F='Width*0.94047619047619'/><Cell N='Y' V='0.01250000000000052' F='Height*0.059523809523812'/></Row><Row T='LineTo' IX='3'><Cell N='X' V='0.1212435565298224' F='Width*0.33333333333334'/><Cell N='Y' V='0' F='Height*0'/></Row><Row T='LineTo' IX='4'><Cell N='X' V='0.2208364779650303' F='Width*0.60714285714286'/><Cell N='Y' V='0.0575000000000013' F='Height*0.27380952380953'/></Row><Row T='LineTo' IX='5'><Cell N='X' V='0' F='Width*0'/><Cell N='Y' V='0.185' F='Height*0.88095238095238'/></Row><Row T='LineTo' IX='6'><Cell N='X' V='0.04330127018922177' F='Width*0.11904761904762'/><Cell N='Y' V='0.21' F='Height*1'/></Row><Row T='LineTo' IX='7'><Cell N='X' V='0.2641377481542521' F='Width*0.72619047619048'/><Cell N='Y' V='0.08249999999999941' F='Height*0.39285714285714'/></Row><Row T='LineTo' IX='8'><Cell N='X' V='0.36373066958946' F='Geometry1.X1'/><Cell N='Y' V='0.1400000000000007' F='Geometry1.Y1'/></Row></Section></Shape><Shape ID='13' Type='Shape' LineStyle='10' FillStyle='10' TextStyle='10'><Cell N='PinX' V='0.68313466520526' F='Sheet.5!Width*0.45542311013684'/><Cell N='PinY' V='0.6554999999999981' F='Sheet.5!Height*0.49942857142857'/><Cell N='Width' V='0.36373066958946' F='Sheet.5!Width*0.24248711305964'/><Cell N='Height' V='0.21' F='Sheet.5!Height*0.16'/><Cell N='LocPinX' V='0.18186533479473' F='Width*0.5'/><Cell N='LocPinY' V='0.105' F='Height*0.5'/><Cell N='Angle' V='0'/><Cell N='FlipX' V='0'/><Cell N='FlipY' V='0'/><Cell N='ResizeMode' V='0'/><Cell N='LineWeight' V='0.003333333333333333' U='PT' F='GUARD(0.24PT)'/><Cell N='LineColor' V='#000000' F='GUARD(RGB(0,0,0))'/><Cell N='LinePattern' V='1' F='GUARD(1)'/><Cell N='Rounding' V='0' F='GUARD(0)'/><Cell N='BeginArrow' V='0' F='GUARD(0)'/><Cell N='EndArrow' V='0' F='GUARD(0)'/><Cell N='FillForegnd' V='2' F='GUARD(2)'/><Cell N='FillBkgnd' V='#c0c0c0' F='GUARD(RGB(192,192,192))'/><Cell N='FillPattern' V='1' F='GUARD(1)'/><Cell N='ShdwPattern' V='0' F='GUARD(0)'/><Cell N='Copyright' V='Copyright (c) 2012 Microsoft Corporation.  All rights reserved.'/><Cell N='LayerMember' V='' F='No Formula'/><Cell N='FillGradientEnabled' V='0' F='GUARD(FALSE)'/><Section N='Geometry' IX='0'><Cell N='NoFill' V='0'/><Cell N='NoLine' V='0'/><Cell N='NoShow' V='0'/><Cell N='NoSnap' V='0'/><Cell N='NoQuickDrag' V='0' F='No Formula'/><Row T='MoveTo' IX='1'><Cell N='X' V='0.36373066958946' F='Width*1'/><Cell N='Y' V='0.1400000000000007' F='Height*0.66666666666667'/></Row><Row T='LineTo' IX='2'><Cell N='X' V='0.3420800344948491' F='Width*0.94047619047619'/><Cell N='Y' V='0.01250000000000052' F='Height*0.059523809523812'/></Row><Row T='LineTo' IX='3'><Cell N='X' V='0.1212435565298224' F='Width*0.33333333333334'/><Cell N='Y' V='0' F='Height*0'/></Row><Row T='LineTo' IX='4'><Cell N='X' V='0.2208364779650303' F='Width*0.60714285714286'/><Cell N='Y' V='0.0575000000000013' F='Height*0.27380952380953'/></Row><Row T='LineTo' IX='5'><Cell N='X' V='0' F='Width*0'/><Cell N='Y' V='0.185' F='Height*0.88095238095238'/></Row><Row T='LineTo' IX='6'><Cell N='X' V='0.04330127018922177' F='Width*0.11904761904762'/><Cell N='Y' V='0.21' F='Height*1'/></Row><Row T='LineTo' IX='7'><Cell N='X' V='0.2641377481542521' F='Width*0.72619047619048'/><Cell N='Y' V='0.08249999999999941' F='Height*0.39285714285714'/></Row><Row T='LineTo' IX='8'><Cell N='X' V='0.36373066958946' F='Geometry1.X1'/><Cell N='Y' V='0.1400000000000007' F='Geometry1.Y1'/></Row></Section></Shape><Shape ID='14' Type='Shape' LineStyle='10' FillStyle='10' TextStyle='10'><Cell N='PinX' V='0.51686533479474' F='Sheet.5!Width*0.34457688986316'/><Cell N='PinY' V='0.9295000000000051' F='Sheet.5!Height*0.70819047619048'/><Cell N='Width' V='0.36373066958946' F='Sheet.5!Width*0.24248711305964'/><Cell N='Height' V='0.21' F='Sheet.5!Height*0.16'/><Cell N='LocPinX' V='0.18186533479473' F='Width*0.5'/><Cell N='LocPinY' V='0.105' F='Height*0.5'/><Cell N='Angle' V='3.141592653589787'/><Cell N='FlipX' V='0'/><Cell N='FlipY' V='0'/><Cell N='ResizeMode' V='0'/><Cell N='LineWeight' V='0.003333333333333333' U='PT' F='GUARD(0.24PT)'/><Cell N='LineColor' V='#000000' F='GUARD(RGB(0,0,0))'/><Cell N='LinePattern' V='1' F='GUARD(1)'/><Cell N='Rounding' V='0' F='GUARD(0)'/><Cell N='BeginArrow' V='0' F='GUARD(0)'/><Cell N='EndArrow' V='0' F='GUARD(0)'/><Cell N='FillForegnd' V='2' F='GUARD(2)'/><Cell N='FillBkgnd' V='#c0c0c0' F='GUARD(RGB(192,192,192))'/><Cell N='FillPattern' V='1' F='GUARD(1)'/><Cell N='ShdwPattern' V='0' F='GUARD(0)'/><Cell N='Copyright' V='Copyright (c) 2012 Microsoft Corporation.  All rights reserved.'/><Cell N='LayerMember' V='' F='No Formula'/><Cell N='FillGradientEnabled' V='0' F='GUARD(FALSE)'/><Section N='Geometry' IX='0'><Cell N='NoFill' V='0'/><Cell N='NoLine' V='0'/><Cell N='NoShow' V='0'/><Cell N='NoSnap' V='0'/><Cell N='NoQuickDrag' V='0' F='No Formula'/><Row T='MoveTo' IX='1'><Cell N='X' V='0.36373066958946' F='Width*1'/><Cell N='Y' V='0.1400000000000007' F='Height*0.66666666666667'/></Row><Row T='LineTo' IX='2'><Cell N='X' V='0.3420800344948491' F='Width*0.94047619047619'/><Cell N='Y' V='0.01250000000000052' F='Height*0.059523809523812'/></Row><Row T='LineTo' IX='3'><Cell N='X' V='0.1212435565298224' F='Width*0.33333333333334'/><Cell N='Y' V='0' F='Height*0'/></Row><Row T='LineTo' IX='4'><Cell N='X' V='0.2208364779650303' F='Width*0.60714285714286'/><Cell N='Y' V='0.0575000000000013' F='Height*0.27380952380953'/></Row><Row T='LineTo' IX='5'><Cell N='X' V='0' F='Width*0'/><Cell N='Y' V='0.185' F='Height*0.88095238095238'/></Row><Row T='LineTo' IX='6'><Cell N='X' V='0.04330127018922177' F='Width*0.11904761904762'/><Cell N='Y' V='0.21' F='Height*1'/></Row><Row T='LineTo' IX='7'><Cell N='X' V='0.2641377481542521' F='Width*0.72619047619048'/><Cell N='Y' V='0.08249999999999941' F='Height*0.39285714285714'/></Row><Row T='LineTo' IX='8'><Cell N='X' V='0.36373066958946' F='Geometry1.X1'/><Cell N='Y' V='0.1400000000000007' F='Geometry1.Y1'/></Row></Section></Shape></Shapes></Shape></Shapes></MasterContents>