<?xml version='1.0' encoding='utf-8' ?>
<MasterContents xmlns='http://schemas.microsoft.com/office/visio/2012/main' xmlns:r='http://schemas.openxmlformats.org/officeDocument/2006/relationships' xml:space='preserve'><Shapes><Shape ID='5' Type='Group' LineStyle='3' FillStyle='3' TextStyle='3' UniqueID='{D3C2095A-3A04-41D1-A39D-888A2990D927}'><Cell N='PinX' V='19.82812489522622'/><Cell N='PinY' V='1.937500549107782'/><Cell N='Width' V='7.656249790452431'/><Cell N='Height' V='3.875001098215565'/><Cell N='LocPinX' V='3.828124895226216' F='Width*0.5'/><Cell N='LocPinY' V='1.937500549107782' F='Height*0.5'/><Cell N='Angle' V='0'/><Cell N='FlipX' V='0'/><Cell N='FlipY' V='0'/><Cell N='ResizeMode' V='0'/><Cell N='QuickStyleVariation' V='2'/><Cell N='ColorSchemeIndex' V='50'/><Cell N='EffectSchemeIndex' V='47'/><Cell N='ConnectorSchemeIndex' V='50'/><Cell N='FontSchemeIndex' V='47'/><Cell N='ThemeIndex' V='47'/><Shapes><Shape ID='6' Type='Shape' LineStyle='3' FillStyle='3' TextStyle='3' UniqueID='{83827BFA-91CE-4875-91F4-ABD588E2BB9B}'><Cell N='PinX' V='3.82812489522621' F='(BeginX+EndX)/2'/><Cell N='PinY' V='0.3796296296296298' F='(BeginY+EndY)/2'/><Cell N='Width' V='7.656249790452428' F='SQRT((EndX-BeginX)^2+(EndY-BeginY)^2)'/><Cell N='Height' V='0'/><Cell N='LocPinX' V='3.828124895226214' F='Width*0.5'/><Cell N='LocPinY' V='0' F='Height*0.5'/><Cell N='Angle' V='0' F='ATAN2(EndY-BeginY,EndX-BeginX)'/><Cell N='FlipX' V='0'/><Cell N='FlipY' V='0'/><Cell N='ResizeMode' V='0'/><Cell N='BeginX' V='-3.552713678800501E-15' F='Sheet.5!Width*-4.6402792176802E-16'/><Cell N='BeginY' V='0.3796296296296298' F='Sheet.5!Height*0.0979689089132'/><Cell N='EndX' V='7.656249790452424' F='Sheet.5!Width*1'/><Cell N='EndY' V='0.3796296296296298' F='Sheet.5!Height*0.0979689089132'/><Cell N='TextBkgnd' V='#ffffff' F='THEMEGUARD(THEMEVAL("BackgroundColor")+1)'/><Cell N='QuickStyleLineMatrix' V='1'/><Cell N='QuickStyleFillMatrix' V='1'/><Cell N='QuickStyleEffectsMatrix' V='1'/><Cell N='QuickStyleFontMatrix' V='1'/><Cell N='FillPattern' V='0'/><Cell N='LineGradientDir' V='0'/><Cell N='LineGradientAngle' V='0' U='DEG'/><Cell N='LineGradientEnabled' V='1'/><Cell N='FillGradientEnabled' V='0'/><Cell N='RotateGradientWithShape' V='0'/><Cell N='UseGroupGradient' V='0'/><Cell N='LinePattern' V='9'/><Section N='LineGradient'><Row IX='0'><Cell N='GradientStopColor' V='#ffffff' F='THEMEGUARD(RGB(255,255,255))'/><Cell N='GradientStopColorTrans' V='1'/><Cell N='GradientStopPosition' V='0'/></Row><Row IX='1'><Cell N='GradientStopColor' V='#ffc000' F='THEMEGUARD(RGB(255,192,0))'/><Cell N='GradientStopColorTrans' V='0'/><Cell N='GradientStopPosition' V='0.5'/></Row><Row IX='2'><Cell N='GradientStopColor' V='#ffffff' F='THEMEGUARD(RGB(255,255,255))'/><Cell N='GradientStopColorTrans' V='1'/><Cell N='GradientStopPosition' V='1'/></Row><Row IX='3' Del='1'/><Row IX='4' Del='1'/><Row IX='5' Del='1'/><Row IX='6' Del='1'/><Row IX='7' Del='1'/><Row IX='8' Del='1'/><Row IX='9' Del='1'/></Section><Section N='Geometry' IX='0'><Cell N='NoFill' V='1'/><Cell N='NoLine' V='0'/><Cell N='NoShow' V='0'/><Cell N='NoSnap' V='0'/><Cell N='NoQuickDrag' V='0'/><Row T='MoveTo' IX='1'><Cell N='X' V='0' F='Width*0'/><Cell N='Y' V='0'/></Row><Row T='LineTo' IX='2'><Cell N='X' V='7.656249790452428' F='Width*1'/><Cell N='Y' V='0'/></Row></Section></Shape><Shape ID='7' Type='Shape' LineStyle='3' FillStyle='3' TextStyle='3' UniqueID='{20A7F75D-87B1-43F7-8AA0-6D305A536685}'><Cell N='PinX' V='3.828124895226219' F='(BeginX+EndX)/2'/><Cell N='PinY' V='3.50000160858032' F='(BeginY+EndY)/2'/><Cell N='Width' V='7.656249790452431' F='SQRT((EndX-BeginX)^2+(EndY-BeginY)^2)'/><Cell N='Height' V='0'/><Cell N='LocPinX' V='3.828124895226216' F='Width*0.5'/><Cell N='LocPinY' V='0' F='Height*0.5'/><Cell N='Angle' V='0' F='ATAN2(EndY-BeginY,EndX-BeginX)'/><Cell N='FlipX' V='0'/><Cell N='FlipY' V='0'/><Cell N='ResizeMode' V='0'/><Cell N='BeginX' V='3.552713678800501E-15' F='Sheet.5!Width*4.6402792176802E-16'/><Cell N='BeginY' V='3.50000160858032' F='Sheet.5!Height*0.90322596558542'/><Cell N='EndX' V='7.656249790452435' F='Sheet.5!Width*1'/><Cell N='EndY' V='3.50000160858032' F='Sheet.5!Height*0.90322596558542'/><Cell N='TextBkgnd' V='#ffffff' F='THEMEGUARD(THEMEVAL("BackgroundColor")+1)'/><Cell N='QuickStyleLineMatrix' V='1'/><Cell N='QuickStyleFillMatrix' V='1'/><Cell N='QuickStyleEffectsMatrix' V='1'/><Cell N='QuickStyleFontMatrix' V='1'/><Cell N='FillPattern' V='0'/><Cell N='LineGradientDir' V='0'/><Cell N='LineGradientAngle' V='0' U='DEG'/><Cell N='LineGradientEnabled' V='1'/><Cell N='FillGradientEnabled' V='0'/><Cell N='RotateGradientWithShape' V='0'/><Cell N='UseGroupGradient' V='0'/><Cell N='LinePattern' V='9'/><Section N='LineGradient'><Row IX='0'><Cell N='GradientStopColor' V='#ffffff' F='THEMEGUARD(RGB(255,255,255))'/><Cell N='GradientStopColorTrans' V='1'/><Cell N='GradientStopPosition' V='0'/></Row><Row IX='1'><Cell N='GradientStopColor' V='#92d050' F='THEMEGUARD(RGB(146,208,80))'/><Cell N='GradientStopColorTrans' V='0'/><Cell N='GradientStopPosition' V='0.5'/></Row><Row IX='2'><Cell N='GradientStopColor' V='#ffffff' F='THEMEGUARD(RGB(255,255,255))'/><Cell N='GradientStopColorTrans' V='1'/><Cell N='GradientStopPosition' V='1'/></Row><Row IX='3' Del='1'/><Row IX='4' Del='1'/><Row IX='5' Del='1'/><Row IX='6' Del='1'/><Row IX='7' Del='1'/><Row IX='8' Del='1'/><Row IX='9' Del='1'/></Section><Section N='Geometry' IX='0'><Cell N='NoFill' V='1'/><Cell N='NoLine' V='0'/><Cell N='NoShow' V='0'/><Cell N='NoSnap' V='0'/><Cell N='NoQuickDrag' V='0'/><Row T='MoveTo' IX='1'><Cell N='X' V='0' F='Width*0'/><Cell N='Y' V='0'/></Row><Row T='LineTo' IX='2'><Cell N='X' V='7.656249790452431' F='Width*1'/><Cell N='Y' V='0'/></Row></Section></Shape><Shape ID='8' Type='Shape' LineStyle='1' FillStyle='1' TextStyle='3' UniqueID='{C9BF9899-4B63-4577-B5EB-CEA629765701}'><Cell N='PinX' V='3.873842871977869' F='Sheet.5!Width*0.50597132773916'/><Cell N='PinY' V='1.96875054817646' F='Sheet.5!Height*0.50806451360312'/><Cell N='Width' V='2.268518773677908' F='Sheet.5!Width*0.29629633773271'/><Cell N='Height' V='0.2500012062489816' F='Sheet.5!Height*0.064516422037688'/><Cell N='LocPinX' V='1.134259386838954' F='Width*0.5'/><Cell N='LocPinY' V='0.1250006031244908' F='Height*0.5'/><Cell N='Angle' V='0'/><Cell N='FlipX' V='0'/><Cell N='FlipY' V='0'/><Cell N='ResizeMode' V='0'/><Cell N='EventDblClick' V='0' F='OPENTEXTWIN()'/><Cell N='LinePattern' V='0' F='THEMEGUARD(0)'/><Cell N='FillPattern' V='0' F='THEMEGUARD(0)'/><Cell N='ShdwPattern' V='0' F='THEMEGUARD(0)'/><Cell N='ShapeShdwShow' V='2'/><Cell N='LineGradientEnabled' V='0' F='THEMEGUARD(FALSE)'/><Cell N='FillGradientEnabled' V='0' F='THEMEGUARD(FALSE)'/><Cell N='QuickStyleVariation' V='3'/><Section N='Character'><Row IX='0'><Cell N='Color' V='#ffc000' F='THEMEGUARD(RGB(255,192,0))'/><Cell N='Size' V='0.3333333333333333' U='PT'/></Row></Section><Section N='Geometry' IX='0'><Cell N='NoFill' V='0'/><Cell N='NoLine' V='0'/><Cell N='NoShow' V='0'/><Cell N='NoSnap' V='0'/><Cell N='NoQuickDrag' V='0'/><Row T='RelMoveTo' IX='1'><Cell N='X' V='0'/><Cell N='Y' V='0'/></Row><Row T='RelLineTo' IX='2'><Cell N='X' V='1'/><Cell N='Y' V='0'/></Row><Row T='RelLineTo' IX='3'><Cell N='X' V='1'/><Cell N='Y' V='1'/></Row><Row T='RelLineTo' IX='4'><Cell N='X' V='0'/><Cell N='Y' V='1'/></Row><Row T='RelLineTo' IX='5'><Cell N='X' V='0'/><Cell N='Y' V='0'/></Row></Section><Text><cp IX='0'/>DMZ
</Text></Shape><Shape ID='9' Type='Shape' LineStyle='1' FillStyle='1' TextStyle='3' UniqueID='{C13B2D1E-4601-4BA7-A1E6-F71C963F438D}'><Cell N='PinX' V='3.873842871977869' F='Sheet.5!Width*0.50597132773916'/><Cell N='PinY' V='0.1250006031244899' F='Sheet.5!Height*0.032258211018844'/><Cell N='Width' V='2.268518773677908' F='Sheet.5!Width*0.29629633773271'/><Cell N='Height' V='0.2500012062489816' F='Sheet.5!Height*0.064516422037688'/><Cell N='LocPinX' V='1.134259386838954' F='Width*0.5'/><Cell N='LocPinY' V='0.1250006031244908' F='Height*0.5'/><Cell N='Angle' V='0'/><Cell N='FlipX' V='0'/><Cell N='FlipY' V='0'/><Cell N='ResizeMode' V='0'/><Cell N='EventDblClick' V='0' F='OPENTEXTWIN()'/><Cell N='LinePattern' V='0' F='THEMEGUARD(0)'/><Cell N='FillPattern' V='0' F='THEMEGUARD(0)'/><Cell N='ShdwPattern' V='0' F='THEMEGUARD(0)'/><Cell N='ShapeShdwShow' V='2'/><Cell N='LineGradientEnabled' V='0' F='THEMEGUARD(FALSE)'/><Cell N='FillGradientEnabled' V='0' F='THEMEGUARD(FALSE)'/><Cell N='QuickStyleVariation' V='3'/><Section N='Character'><Row IX='0'><Cell N='Color' V='#bfbfbf' F='THEMEGUARD(MSOTINT(THEMEVAL("Light"),-25))'/><Cell N='Size' V='0.3333333333333333' U='PT'/></Row></Section><Section N='Geometry' IX='0'><Cell N='NoFill' V='0'/><Cell N='NoLine' V='0'/><Cell N='NoShow' V='0'/><Cell N='NoSnap' V='0'/><Cell N='NoQuickDrag' V='0'/><Row T='RelMoveTo' IX='1'><Cell N='X' V='0'/><Cell N='Y' V='0'/></Row><Row T='RelLineTo' IX='2'><Cell N='X' V='1'/><Cell N='Y' V='0'/></Row><Row T='RelLineTo' IX='3'><Cell N='X' V='1'/><Cell N='Y' V='1'/></Row><Row T='RelLineTo' IX='4'><Cell N='X' V='0'/><Cell N='Y' V='1'/></Row><Row T='RelLineTo' IX='5'><Cell N='X' V='0'/><Cell N='Y' V='0'/></Row></Section><Text><cp IX='0'/>OUTSIDE
</Text></Shape><Shape ID='10' Type='Shape' LineStyle='1' FillStyle='1' TextStyle='3' UniqueID='{2B1B9757-0D1D-4CC7-86DD-7BD3FF5124D9}'><Cell N='PinX' V='3.873842871977869' F='Sheet.5!Width*0.50597132773916'/><Cell N='PinY' V='3.750000495091073' F='Sheet.5!Height*0.96774178898116'/><Cell N='Width' V='2.268518773677908' F='Sheet.5!Width*0.29629633773271'/><Cell N='Height' V='0.2500012062489816' F='Sheet.5!Height*0.064516422037688'/><Cell N='LocPinX' V='1.134259386838954' F='Width*0.5'/><Cell N='LocPinY' V='0.1250006031244908' F='Height*0.5'/><Cell N='Angle' V='0'/><Cell N='FlipX' V='0'/><Cell N='FlipY' V='0'/><Cell N='ResizeMode' V='0'/><Cell N='EventDblClick' V='0' F='OPENTEXTWIN()'/><Cell N='LinePattern' V='0' F='THEMEGUARD(0)'/><Cell N='FillPattern' V='0' F='THEMEGUARD(0)'/><Cell N='ShdwPattern' V='0' F='THEMEGUARD(0)'/><Cell N='ShapeShdwShow' V='2'/><Cell N='LineGradientEnabled' V='0' F='THEMEGUARD(FALSE)'/><Cell N='FillGradientEnabled' V='0' F='THEMEGUARD(FALSE)'/><Cell N='QuickStyleVariation' V='3'/><Section N='Character'><Row IX='0'><Cell N='Color' V='#bfe38d' F='THEMEGUARD(MSOTINT(THEMEVAL("AccentColor6"),40))'/><Cell N='Size' V='0.3333333333333333' U='PT'/></Row></Section><Section N='Geometry' IX='0'><Cell N='NoFill' V='0'/><Cell N='NoLine' V='0'/><Cell N='NoShow' V='0'/><Cell N='NoSnap' V='0'/><Cell N='NoQuickDrag' V='0'/><Row T='RelMoveTo' IX='1'><Cell N='X' V='0'/><Cell N='Y' V='0'/></Row><Row T='RelLineTo' IX='2'><Cell N='X' V='1'/><Cell N='Y' V='0'/></Row><Row T='RelLineTo' IX='3'><Cell N='X' V='1'/><Cell N='Y' V='1'/></Row><Row T='RelLineTo' IX='4'><Cell N='X' V='0'/><Cell N='Y' V='1'/></Row><Row T='RelLineTo' IX='5'><Cell N='X' V='0'/><Cell N='Y' V='0'/></Row></Section><Text><cp IX='0'/>INSIDE
</Text></Shape></Shapes></Shape></Shapes></MasterContents>