<?xml version='1.0' encoding='utf-8' ?>
<MasterContents xmlns='http://schemas.microsoft.com/office/visio/2012/main' xmlns:r='http://schemas.openxmlformats.org/officeDocument/2006/relationships' xml:space='preserve'><Shapes><Shape ID='5' Type='Group' LineStyle='3' FillStyle='3' TextStyle='3'><Cell N='PinX' V='5.5'/><Cell N='PinY' V='4.25'/><Cell N='Width' V='4' U='IN' F='Scratch.X1'/><Cell N='Height' V='0.8223222222222221' F='Scratch.Y1'/><Cell N='LocPinX' V='2' U='IN' F='Width*0.5'/><Cell N='LocPinY' V='0.411161111111111' F='Height*0.5'/><Cell N='Angle' V='0'/><Cell N='FlipX' V='0'/><Cell N='FlipY' V='0'/><Cell N='ResizeMode' V='0'/><Cell N='IsSnapTarget' V='0'/><Cell N='IsTextEditTarget' V='0'/><Cell N='HelpTopic' V='Vis_BT.chm!#22547'/><Cell N='Copyright' V='Copyright 1999 Visio Corporation.  All rights reserved.'/><Cell N='ObjType' V='12'/><Cell N='EventDblClick' V='0' F='OPENTEXTWIN()'/><Cell N='QuickStyleVariation' V='4'/><Section N='Scratch'><Row IX='0'><Cell N='X' V='4' U='IN' F='MAX(4IN,Scratch.A1)'/><Cell N='Y' V='0.8223222222222221' F='MAX(0.75IN,Scratch.B1)'/><Cell N='A' V='1.821732401173612' U='DL' F='Sheet.10!Width'/><Cell N='B' V='0.8223222222222221' U='DL' F='Sheet.10!Height*2'/><Cell N='C' V='0' F='No Formula'/><Cell N='D' V='0' F='No Formula'/></Row></Section><Section N='Actions'><Row N='Row_1'><Cell N='Menu' V='Resize to fit text'/><Cell N='Action' V='0' F='SETF("Width","Scratch.a1")+SETF("Height","Scratch.b1")'/><Cell N='Checked' V='0'/><Cell N='Disabled' V='0'/><Cell N='ReadOnly' V='0' F='No Formula'/><Cell N='Invisible' V='0' F='No Formula'/><Cell N='BeginGroup' V='0' F='No Formula'/><Cell N='FlyoutChild' V='0' F='No Formula'/><Cell N='TagName' V='' F='No Formula'/><Cell N='ButtonFace' V='' F='No Formula'/><Cell N='SortKey' V='' F='No Formula'/></Row></Section><Shapes><Shape ID='6' Type='Shape' LineStyle='3' FillStyle='3' TextStyle='3'><Cell N='PinX' V='4' U='IN' F='GUARD(Sheet.5!Width*1)'/><Cell N='PinY' V='0' F='GUARD(Sheet.5!Height*0)'/><Cell N='Width' V='4' U='IN' F='GUARD(Sheet.5!Width*1)'/><Cell N='Height' V='0.411161111111111' F='GUARD(Sheet.5!Height*0.5)'/><Cell N='LocPinX' V='4' U='IN' F='GUARD(Width*1)'/><Cell N='LocPinY' V='0' F='GUARD(Height*0)'/><Cell N='Angle' V='0'/><Cell N='FlipX' V='0' F='GUARD(0)'/><Cell N='FlipY' V='0' F='GUARD(0)'/><Cell N='ResizeMode' V='0'/><Cell N='LineColor' V='0' F='GUARD(Sheet.7!LineColor)'/><Cell N='Copyright' V='Copyright 1999 Visio Corporation.  All rights reserved.'/><Cell N='LockWidth' V='1'/><Cell N='LockHeight' V='1'/><Cell N='LockDelete' V='1' F='NOT(ISERROR(Sheet.5!Width))'/><Cell N='LockRotate' V='0' F='GUARD(0)'/><Cell N='LockTextEdit' V='1'/><Section N='Scratch'><Row IX='0'><Cell N='X' V='0.2' U='IN' F='MIN(Width*0.05,Height/2)'/><Cell N='Y' V='0.2928932188134538' F='1-COS(90DEG/2)'/><Cell N='A' V='0' F='No Formula'/><Cell N='B' V='0' F='No Formula'/><Cell N='C' V='0' F='No Formula'/><Cell N='D' V='0' F='No Formula'/></Row></Section><Section N='Geometry' IX='0'><Cell N='NoFill' V='0'/><Cell N='NoLine' V='0'/><Cell N='NoShow' V='0'/><Cell N='NoSnap' V='0' F='No Formula'/><Cell N='NoQuickDrag' V='0' F='No Formula'/><Row T='MoveTo' IX='1'><Cell N='X' V='0' U='IN' F='Width*0'/><Cell N='Y' V='0.411161111111111' F='Height*1'/></Row><Row T='LineTo' IX='2'><Cell N='X' V='0' U='IN' F='Width*0'/><Cell N='Y' V='0.2' U='IN' F='Scratch.X1'/></Row><Row T='ArcTo' IX='3'><Cell N='X' V='0.2' U='IN' F='Scratch.X1'/><Cell N='Y' V='0' F='Height*0'/><Cell N='A' V='0.05857864376269076' U='IN' F='Scratch.X1*Scratch.Y1'/></Row><Row T='LineTo' IX='4'><Cell N='X' V='3.8' U='IN' F='Width-Scratch.X1'/><Cell N='Y' V='0' F='Height*0'/></Row><Row T='ArcTo' IX='5'><Cell N='X' V='4' U='IN' F='Width*1'/><Cell N='Y' V='0.2' U='IN' F='Scratch.X1'/><Cell N='A' V='0.05857864376269076' U='IN' F='Scratch.X1*Scratch.Y1'/></Row><Row T='LineTo' IX='6'><Cell N='X' V='4' U='IN' F='Width*1'/><Cell N='Y' V='0.411161111111111' F='Height*1'/></Row><Row T='LineTo' IX='7'><Cell N='X' V='0' U='IN' F='Width*0'/><Cell N='Y' V='0.411161111111111' F='Height*1'/></Row></Section></Shape><Shape ID='7' Type='Shape' LineStyle='3' FillStyle='3' TextStyle='3'><Cell N='PinX' V='4' U='IN' F='GUARD(Sheet.5!Width*1)'/><Cell N='PinY' V='0.8223222222222221' F='GUARD(Sheet.5!Height)'/><Cell N='Width' V='4' U='IN' F='GUARD(Sheet.5!Width*1)'/><Cell N='Height' V='0.411161111111111' F='GUARD(Sheet.5!Height*0.5)'/><Cell N='LocPinX' V='4' U='IN' F='GUARD(Width*1)'/><Cell N='LocPinY' V='0.411161111111111' F='GUARD(Height*1)'/><Cell N='Angle' V='0'/><Cell N='FlipX' V='0' F='GUARD(0)'/><Cell N='FlipY' V='0' F='GUARD(0)'/><Cell N='ResizeMode' V='0'/><Cell N='Copyright' V='Copyright 1999 Visio Corporation.  All rights reserved.'/><Cell N='LockWidth' V='1'/><Cell N='LockHeight' V='1'/><Cell N='LockDelete' V='1' F='NOT(ISERROR(Sheet.5!Width))'/><Cell N='LockRotate' V='0' F='GUARD(0)'/><Section N='Scratch'><Row IX='0'><Cell N='X' V='0.2' U='IN' F='MIN(Width*0.05,Height/2)'/><Cell N='Y' V='0.2928932188134538' F='1-COS(90DEG/2)'/><Cell N='A' V='0' F='No Formula'/><Cell N='B' V='0' F='No Formula'/><Cell N='C' V='0' F='No Formula'/><Cell N='D' V='0' F='No Formula'/></Row></Section><Section N='Geometry' IX='0'><Cell N='NoFill' V='0'/><Cell N='NoLine' V='0'/><Cell N='NoShow' V='0'/><Cell N='NoSnap' V='0' F='No Formula'/><Cell N='NoQuickDrag' V='0' F='No Formula'/><Row T='MoveTo' IX='1'><Cell N='X' V='0' U='IN' F='Width*0'/><Cell N='Y' V='0' F='Height*0'/></Row><Row T='LineTo' IX='2'><Cell N='X' V='4' U='IN' F='Width'/><Cell N='Y' V='0' F='Height*0'/></Row><Row T='LineTo' IX='3'><Cell N='X' V='4' U='IN' F='Width'/><Cell N='Y' V='0.211161111111111' U='IN' F='Height-Scratch.X1'/></Row><Row T='ArcTo' IX='4'><Cell N='X' V='3.8' U='IN' F='Width-Scratch.X1'/><Cell N='Y' V='0.411161111111111' F='Height*1'/><Cell N='A' V='0.05857864376269076' U='IN' F='Scratch.X1*Scratch.Y1'/></Row><Row T='LineTo' IX='5'><Cell N='X' V='0.2' U='IN' F='Scratch.X1'/><Cell N='Y' V='0.411161111111111' F='Height*1'/></Row><Row T='ArcTo' IX='6'><Cell N='X' V='0' U='IN' F='Width*0'/><Cell N='Y' V='0.211161111111111' U='IN' F='Height-Scratch.X1'/><Cell N='A' V='0.05857864376269076' U='IN' F='Scratch.X1*Scratch.Y1'/></Row><Row T='LineTo' IX='7'><Cell N='X' V='0' U='IN' F='Width*0'/><Cell N='Y' V='0' F='Height*0'/></Row></Section></Shape><Shape ID='8' Type='Shape' LineStyle='3' FillStyle='3' TextStyle='3'><Cell N='PinX' V='1.333333333333333' U='IN' F='(BeginX+EndX)/2'/><Cell N='PinY' V='0.2055805555555555' F='(BeginY+EndY)/2'/><Cell N='Width' V='0.411161111111111' U='IN' F='SQRT((EndX-BeginX)^2+(EndY-BeginY)^2)'/><Cell N='Height' V='0'/><Cell N='LocPinX' V='0.2055805555555555' U='IN' F='Width*0.5'/><Cell N='LocPinY' V='0' F='Height*0.5'/><Cell N='Angle' V='-1.570796326794897' F='ATAN2(EndY-BeginY,EndX-BeginX)'/><Cell N='FlipX' V='0' F='GUARD(0)'/><Cell N='FlipY' V='0' F='GUARD(0)'/><Cell N='ResizeMode' V='0'/><Cell N='BeginX' V='1.333333333333333' U='IN' F='GUARD(Sheet.5!Width*(1/3))'/><Cell N='BeginY' V='0.411161111111111' F='GUARD(Sheet.5!Height*0.5)'/><Cell N='EndX' V='1.333333333333333' U='IN' F='GUARD(Sheet.5!Width*(1/3))'/><Cell N='EndY' V='0' F='GUARD(Sheet.5!Height*0)'/><Cell N='Copyright' V='Copyright 1999 Visio Corporation.  All rights reserved.'/><Cell N='LockWidth' V='1'/><Cell N='LockHeight' V='1'/><Cell N='LockDelete' V='1' F='NOT(ISERROR(Sheet.5!Width))'/><Cell N='LockRotate' V='0' F='GUARD(0)'/><Cell N='LockTextEdit' V='1'/><Cell N='TextBkgnd' V='#ffffff' F='THEMEGUARD(THEMEVAL("BackgroundColor")+1)'/><Cell N='QuickStyleLineMatrix' V='1'/><Cell N='QuickStyleFillMatrix' V='1'/><Cell N='QuickStyleEffectsMatrix' V='1'/><Cell N='QuickStyleFontMatrix' V='1'/><Section N='Geometry' IX='0'><Cell N='NoFill' V='1'/><Cell N='NoLine' V='0'/><Cell N='NoShow' V='0'/><Cell N='NoSnap' V='0' F='No Formula'/><Cell N='NoQuickDrag' V='0' F='No Formula'/><Row T='MoveTo' IX='1'><Cell N='X' V='0' U='IN' F='Width*0'/><Cell N='Y' V='0'/></Row><Row T='LineTo' IX='2'><Cell N='X' V='0.411161111111111' U='IN' F='Width*1'/><Cell N='Y' V='0'/></Row></Section></Shape><Shape ID='9' Type='Shape' LineStyle='3' FillStyle='3' TextStyle='3'><Cell N='PinX' V='2.666666666666667' U='IN' F='(BeginX+EndX)/2'/><Cell N='PinY' V='0.2055805555555555' F='(BeginY+EndY)/2'/><Cell N='Width' V='0.411161111111111' U='IN' F='SQRT((EndX-BeginX)^2+(EndY-BeginY)^2)'/><Cell N='Height' V='0'/><Cell N='LocPinX' V='0.2055805555555555' U='IN' F='Width*0.5'/><Cell N='LocPinY' V='0' F='Height*0.5'/><Cell N='Angle' V='-1.570796326794897' F='ATAN2(EndY-BeginY,EndX-BeginX)'/><Cell N='FlipX' V='0' F='GUARD(0)'/><Cell N='FlipY' V='0' F='GUARD(0)'/><Cell N='ResizeMode' V='0'/><Cell N='BeginX' V='2.666666666666667' U='IN' F='GUARD(Sheet.5!Width*(2/3))'/><Cell N='BeginY' V='0.411161111111111' F='GUARD(Sheet.5!Height*0.5)'/><Cell N='EndX' V='2.666666666666667' U='IN' F='GUARD(Sheet.5!Width*(2/3))'/><Cell N='EndY' V='0' F='GUARD(Sheet.5!Height*0)'/><Cell N='Copyright' V='Copyright 1999 Visio Corporation.  All rights reserved.'/><Cell N='LockWidth' V='1'/><Cell N='LockHeight' V='1'/><Cell N='LockDelete' V='1' F='NOT(ISERROR(Sheet.5!Width))'/><Cell N='LockRotate' V='0' F='GUARD(0)'/><Cell N='LockTextEdit' V='1'/><Cell N='TextBkgnd' V='#ffffff' F='THEMEGUARD(THEMEVAL("BackgroundColor")+1)'/><Cell N='QuickStyleLineMatrix' V='1'/><Cell N='QuickStyleFillMatrix' V='1'/><Cell N='QuickStyleEffectsMatrix' V='1'/><Cell N='QuickStyleFontMatrix' V='1'/><Section N='Geometry' IX='0'><Cell N='NoFill' V='1'/><Cell N='NoLine' V='0'/><Cell N='NoShow' V='0'/><Cell N='NoSnap' V='0' F='No Formula'/><Cell N='NoQuickDrag' V='0' F='No Formula'/><Row T='MoveTo' IX='1'><Cell N='X' V='0' U='IN' F='Width*0'/><Cell N='Y' V='0'/></Row><Row T='LineTo' IX='2'><Cell N='X' V='0.411161111111111' U='IN' F='Width*1'/><Cell N='Y' V='0'/></Row></Section><Text><cp IX='0'/></Text></Shape><Shape ID='11' Type='Shape' LineStyle='1' FillStyle='1' TextStyle='1'><Cell N='PinX' V='2' U='IN' F='Sheet.5!Width*0.5'/><Cell N='PinY' V='0.2261386111111111' F='Sheet.5!Height*0.55/2'/><Cell N='Width' V='1.333333333333333' U='IN' F='Sheet.5!Width/3'/><Cell N='Height' V='0.2000515258789062' F='GUARD(TEXTHEIGHT(TheText,100))'/><Cell N='LocPinX' V='0.6666666666666666' U='IN' F='Width*0.5'/><Cell N='LocPinY' V='0.1000257629394531' F='Height*0.5'/><Cell N='Angle' V='0'/><Cell N='FlipX' V='0' F='GUARD(0)'/><Cell N='FlipY' V='0' F='GUARD(0)'/><Cell N='ResizeMode' V='0'/><Cell N='EventDblClick' V='0' F='OPENTEXTWIN()'/><Cell N='Copyright' V='Copyright 1999 Visio Corporation.  All rights reserved.'/><Cell N='LockWidth' V='1'/><Cell N='LockHeight' V='1'/><Cell N='LockDelete' V='1' F='NOT(ISERROR(Sheet.5!Width))'/><Cell N='LockRotate' V='0' F='GUARD(0)'/><Cell N='QuickStyleVariation' V='4'/><Section N='Field'><Row IX='0'><Cell N='Value' V='2025-06-18T17:02:49' U='DATE' F='DOCLASTSAVE()'/><Cell N='Format' V='ddddd' U='STR' F='FIELDPICTURE(20)'/><Cell N='Type' V='5'/><Cell N='UICat' V='1'/><Cell N='UICod' V='4'/><Cell N='UIFmt' V='255'/><Cell N='Calendar' V='0' F='No Formula'/><Cell N='ObjectKind' V='0' F='No Formula'/></Row></Section><Section N='Paragraph'><Row IX='0'><Cell N='HorzAlign' V='1'/></Row></Section><Section N='Geometry' IX='0'><Cell N='NoFill' V='0'/><Cell N='NoLine' V='0'/><Cell N='NoShow' V='0'/><Cell N='NoSnap' V='0' F='No Formula'/><Cell N='NoQuickDrag' V='0' F='No Formula'/><Row T='MoveTo' IX='1'><Cell N='X' V='0' U='IN' F='Width*0'/><Cell N='Y' V='0' F='Height*0'/></Row><Row T='LineTo' IX='2'><Cell N='X' V='1.333333333333333' U='IN' F='Width*1'/><Cell N='Y' V='0' F='Height*0'/></Row><Row T='LineTo' IX='3'><Cell N='X' V='1.333333333333333' U='IN' F='Width*1'/><Cell N='Y' V='0.2000515258789062' F='Height*1'/></Row><Row T='LineTo' IX='4'><Cell N='X' V='0' U='IN' F='Width*0'/><Cell N='Y' V='0.2000515258789062' F='Height*1'/></Row><Row T='LineTo' IX='5'><Cell N='X' V='0' U='IN' F='Width*0'/><Cell N='Y' V='0' F='Height*0'/></Row></Section><Text><cp IX='0'/><pp IX='0'/><fld IX='0'>6/18/2025</fld>
</Text></Shape><Shape ID='12' Type='Shape' LineStyle='3' FillStyle='3' TextStyle='3'><Cell N='PinX' V='0' U='IN' F='GUARD(Sheet.5!Width*0)'/><Cell N='PinY' V='0' F='GUARD(Sheet.5!Height*0)'/><Cell N='Width' V='1.333333333333333' U='IN' F='GUARD(Sheet.8!PinX)'/><Cell N='Height' V='0.411161111111111' F='GUARD(Sheet.6!Height)'/><Cell N='LocPinX' V='0' U='IN'/><Cell N='LocPinY' V='0'/><Cell N='Angle' V='0'/><Cell N='FlipX' V='0' F='GUARD(0)'/><Cell N='FlipY' V='0' F='GUARD(0)'/><Cell N='ResizeMode' V='0'/><Cell N='LockWidth' V='1'/><Cell N='LockHeight' V='1'/><Cell N='LockDelete' V='1' F='NOT(ISERROR(Sheet.5!Width))'/><Cell N='LockRotate' V='0' F='GUARD(0)'/><Cell N='Copyright' V='Copyright 1999 Visio Corporation.  All rights reserved.'/><Section N='Scratch'><Row IX='0'><Cell N='X' V='0.2' U='IN' F='Sheet.6!Scratch.X1'/><Cell N='Y' V='0.2928932188134538' F='1-COS(90DEG/2)'/><Cell N='A' V='0' F='No Formula'/><Cell N='B' V='0' F='No Formula'/><Cell N='C' V='0' F='No Formula'/><Cell N='D' V='0' F='No Formula'/></Row></Section><Section N='Geometry' IX='0'><Cell N='NoFill' V='0'/><Cell N='NoLine' V='0'/><Cell N='NoShow' V='0'/><Cell N='NoSnap' V='0'/><Cell N='NoQuickDrag' V='0' F='No Formula'/><Row T='MoveTo' IX='1'><Cell N='X' V='0' U='IN' F='Width*0'/><Cell N='Y' V='0.411161111111111' F='Height*1'/></Row><Row T='LineTo' IX='2'><Cell N='X' V='0' U='IN' F='Width*0'/><Cell N='Y' V='0.2' U='IN' F='Scratch.X1'/></Row><Row T='ArcTo' IX='3'><Cell N='X' V='0.2' U='IN' F='Scratch.X1'/><Cell N='Y' V='0' F='Height*0'/><Cell N='A' V='0.05857864376269076' U='IN' F='Scratch.X1*Scratch.Y1'/></Row><Row T='LineTo' IX='4'><Cell N='X' V='1.333333333333333' U='IN' F='Width*1'/><Cell N='Y' V='0' F='Height*0'/></Row><Row T='LineTo' IX='5'><Cell N='X' V='1.333333333333333' U='IN' F='Width*1'/><Cell N='Y' V='0.411161111111111' F='Height*1'/></Row><Row T='LineTo' IX='6'><Cell N='X' V='0' U='IN' F='Width*0'/><Cell N='Y' V='0.411161111111111' F='Height*1'/></Row></Section></Shape><Shape ID='13' Type='Shape' LineStyle='3' FillStyle='3' TextStyle='3'><Cell N='PinX' V='4' U='IN' F='GUARD(Sheet.5!Width*1)'/><Cell N='PinY' V='0' F='GUARD(Sheet.5!Height*0)'/><Cell N='Width' V='1.333333333333334' U='IN' F='GUARD(Sheet.6!Width-Sheet.9!PinX)'/><Cell N='Height' V='0.411161111111111' F='GUARD(Sheet.6!Height)'/><Cell N='LocPinX' V='1.333333333333334' U='IN' F='Width*1'/><Cell N='LocPinY' V='0' F='Height*0'/><Cell N='Angle' V='0'/><Cell N='FlipX' V='0' F='GUARD(0)'/><Cell N='FlipY' V='0' F='GUARD(0)'/><Cell N='ResizeMode' V='0'/><Cell N='LockWidth' V='1'/><Cell N='LockHeight' V='1'/><Cell N='LockDelete' V='1' F='NOT(ISERROR(Sheet.5!Width))'/><Cell N='LockRotate' V='0' F='GUARD(0)'/><Cell N='Copyright' V='Copyright 1999 Visio Corporation.  All rights reserved.'/><Section N='Scratch'><Row IX='0'><Cell N='X' V='0.2' U='IN' F='Sheet.6!Scratch.X1'/><Cell N='Y' V='0.2928932188134538' F='1-COS(90DEG/2)'/><Cell N='A' V='0' F='No Formula'/><Cell N='B' V='0' F='No Formula'/><Cell N='C' V='0' F='No Formula'/><Cell N='D' V='0' F='No Formula'/></Row></Section><Section N='Geometry' IX='0'><Cell N='NoFill' V='0'/><Cell N='NoLine' V='0'/><Cell N='NoShow' V='0'/><Cell N='NoSnap' V='0'/><Cell N='NoQuickDrag' V='0' F='No Formula'/><Row T='MoveTo' IX='1'><Cell N='X' V='0' U='IN' F='Width*0'/><Cell N='Y' V='0.411161111111111' F='Height*1'/></Row><Row T='LineTo' IX='2'><Cell N='X' V='0' U='IN' F='Width*0'/><Cell N='Y' V='0' F='Height*0'/></Row><Row T='LineTo' IX='3'><Cell N='X' V='1.133333333333334' U='IN' F='Width-Scratch.X1'/><Cell N='Y' V='0' F='Height*0'/></Row><Row T='ArcTo' IX='4'><Cell N='X' V='1.333333333333334' U='IN' F='Width*1'/><Cell N='Y' V='0.2' U='IN' F='Scratch.X1'/><Cell N='A' V='0.05857864376269076' U='IN' F='Scratch.X1*Scratch.Y1'/></Row><Row T='LineTo' IX='5'><Cell N='X' V='1.333333333333334' U='IN' F='Width*1'/><Cell N='Y' V='0.411161111111111' F='Height*1'/></Row><Row T='LineTo' IX='6'><Cell N='X' V='0' U='IN' F='Width*0'/><Cell N='Y' V='0.411161111111111' F='Height*1'/></Row></Section></Shape><Shape ID='10' Type='Shape' LineStyle='1' FillStyle='1' TextStyle='1'><Cell N='PinX' V='2' U='IN' F='Sheet.5!Width*0.5'/><Cell N='PinY' V='0.6167416666666665' F='Sheet.5!Height*0.75'/><Cell N='Width' V='1.821732401173612' F='GUARD(TEXTWIDTH(TheText,100))'/><Cell N='Height' V='0.4111611111111111' F='GUARD(TEXTHEIGHT(TheText,100))'/><Cell N='LocPinX' V='0.9108662005868058' F='Width*0.5'/><Cell N='LocPinY' V='0.2055805555555555' F='Height*0.5'/><Cell N='Angle' V='0'/><Cell N='FlipX' V='0' F='GUARD(0)'/><Cell N='FlipY' V='0' F='GUARD(0)'/><Cell N='ResizeMode' V='0'/><Cell N='EventDblClick' V='0' F='OPENTEXTWIN()'/><Cell N='Copyright' V='Copyright 1999 Visio Corporation.  All rights reserved.'/><Cell N='LeftMargin' V='0.05555555555555555' U='PT'/><Cell N='RightMargin' V='0.05555555555555555' U='PT'/><Cell N='TopMargin' V='0.05555555555555555' U='PT'/><Cell N='BottomMargin' V='0.05555555555555555' U='PT'/><Cell N='LockWidth' V='1'/><Cell N='LockHeight' V='1'/><Cell N='LockDelete' V='1' F='NOT(ISERROR(Sheet.5!Width))'/><Cell N='LockRotate' V='0' F='GUARD(0)'/><Cell N='QuickStyleVariation' V='4'/><Section N='Character'><Row IX='0'><Cell N='Font' V='Calibri' F='THEMEVAL("LatinFont",4)'/><Cell N='Style' V='1' F='THEMEVAL("TextStyle",1)'/><Cell N='Size' V='0.25' U='PT'/></Row></Section><Section N='Geometry' IX='0'><Cell N='NoFill' V='0'/><Cell N='NoLine' V='0'/><Cell N='NoShow' V='0'/><Cell N='NoSnap' V='0' F='No Formula'/><Cell N='NoQuickDrag' V='0' F='No Formula'/><Row T='MoveTo' IX='1'><Cell N='X' V='0' F='Width*0'/><Cell N='Y' V='0' F='Height*0'/></Row><Row T='LineTo' IX='2'><Cell N='X' V='1.821732401173612' F='Width*1'/><Cell N='Y' V='0' F='Height*0'/></Row><Row T='LineTo' IX='3'><Cell N='X' V='1.821732401173612' F='Width*1'/><Cell N='Y' V='0.411161111111111' F='Height*1'/></Row><Row T='LineTo' IX='4'><Cell N='X' V='0' F='Width*0'/><Cell N='Y' V='0.411161111111111' F='Height*1'/></Row><Row T='LineTo' IX='5'><Cell N='X' V='0' F='Width*0'/><Cell N='Y' V='0' F='Height*0'/></Row></Section><Text><cp IX='0'/>Company Name
</Text></Shape></Shapes></Shape></Shapes></MasterContents>