<?xml version='1.0' encoding='utf-8' ?>
<MasterContents xmlns='http://schemas.microsoft.com/office/visio/2012/main' xmlns:r='http://schemas.openxmlformats.org/officeDocument/2006/relationships' xml:space='preserve'><Shapes><Shape ID='5' Type='Group' LineStyle='3' FillStyle='3' TextStyle='3'><Cell N='PinX' V='1' U='IN'/><Cell N='PinY' V='1' U='IN'/><Cell N='Width' V='0.7' U='IN'/><Cell N='Height' V='1' U='IN'/><Cell N='LocPinX' V='0.35' U='IN' F='Width*0.5'/><Cell N='LocPinY' V='0.5' U='IN' F='Height*0.5'/><Cell N='Angle' V='0'/><Cell N='FlipX' V='0'/><Cell N='FlipY' V='0'/><Cell N='ResizeMode' V='0'/><Cell N='SelectMode' V='0'/><Cell N='ObjType' V='8'/><Cell N='Comment' V='&lt;no master&gt;' F='INDEX(0,INDEX(0,MASTERNAME(),":"),".")'/><Cell N='EventDblClick' V='0' F='OPENTEXTWIN()'/><Cell N='TxtPinX' V='0.35' U='IN' F='Controls.Row_1'/><Cell N='TxtPinY' V='-0.1555555555555556' F='Controls.Row_1.Y'/><Cell N='TxtWidth' V='0.1111111111111111' F='TEXTWIDTH(TheText)'/><Cell N='TxtHeight' V='0.3111111111111111' F='TEXTHEIGHT(TheText,TxtWidth)'/><Cell N='TxtLocPinX' V='0.05555555555555555' F='TxtWidth*0.5'/><Cell N='TxtLocPinY' V='0.1555555555555556' F='TxtHeight*0.5'/><Cell N='TxtAngle' V='0' F='IF(BITXOR(FlipX,FlipY),1,-1)*Angle'/><Cell N='HelpTopic' V='Vis_PRXY.chm!#55191'/><Cell N='Copyright' V='Copyright (c) 2012 Microsoft Corporation.  All rights reserved.'/><Cell N='LayerMember' V='' F='No Formula'/><Cell N='LockAspect' V='1'/><Cell N='QuickStyleVariation' V='6'/><Section N='Property'><Row N='Manufacturer'><Cell N='Value' V='0' F='No Formula'/><Cell N='Prompt' V='' F='No Formula'/><Cell N='Label' V='Manufacturer'/><Cell N='Format' V='' F='No Formula'/><Cell N='SortKey' V='Equipment'/><Cell N='Type' V='0'/><Cell N='Invisible' V='0'/><Cell N='Verify' V='0' F='No Formula'/><Cell N='DataLinked' V='0' F='No Formula'/><Cell N='LangID' V='en-US'/><Cell N='Calendar' V='0' F='No Formula'/></Row><Row N='ProductNumber'><Cell N='Value' V='0' F='No Formula'/><Cell N='Prompt' V='' F='No Formula'/><Cell N='Label' V='Product Number'/><Cell N='Format' V='' F='No Formula'/><Cell N='SortKey' V='Equipment'/><Cell N='Type' V='0'/><Cell N='Invisible' V='0'/><Cell N='Verify' V='0' F='No Formula'/><Cell N='DataLinked' V='0' F='No Formula'/><Cell N='LangID' V='en-US'/><Cell N='Calendar' V='0' F='No Formula'/></Row><Row N='PartNumber'><Cell N='Value' V='0' F='No Formula'/><Cell N='Prompt' V='' F='No Formula'/><Cell N='Label' V='Part Number'/><Cell N='Format' V='' F='No Formula'/><Cell N='SortKey' V='Equipment'/><Cell N='Type' V='0'/><Cell N='Invisible' V='0'/><Cell N='Verify' V='0' F='No Formula'/><Cell N='DataLinked' V='0' F='No Formula'/><Cell N='LangID' V='en-US'/><Cell N='Calendar' V='0' F='No Formula'/></Row><Row N='ProductDescription'><Cell N='Value' V='0' F='No Formula'/><Cell N='Prompt' V='' F='No Formula'/><Cell N='Label' V='Product Description'/><Cell N='Format' V='' F='No Formula'/><Cell N='SortKey' V='Equipment'/><Cell N='Type' V='0'/><Cell N='Invisible' V='0'/><Cell N='Verify' V='0' F='No Formula'/><Cell N='DataLinked' V='0' F='No Formula'/><Cell N='LangID' V='en-US'/><Cell N='Calendar' V='0' F='No Formula'/></Row><Row N='AssetNumber'><Cell N='Value' V='0' F='No Formula'/><Cell N='Prompt' V='' F='No Formula'/><Cell N='Label' V='Asset Number'/><Cell N='Format' V='' F='No Formula'/><Cell N='SortKey' V='Asset'/><Cell N='Type' V='0'/><Cell N='Invisible' V='0'/><Cell N='Verify' V='0' F='No Formula'/><Cell N='DataLinked' V='0' F='No Formula'/><Cell N='LangID' V='en-US'/><Cell N='Calendar' V='0' F='No Formula'/></Row><Row N='SerialNumber'><Cell N='Value' V='0' F='No Formula'/><Cell N='Prompt' V='' F='No Formula'/><Cell N='Label' V='Serial Number'/><Cell N='Format' V='' F='No Formula'/><Cell N='SortKey' V='Asset'/><Cell N='Type' V='0'/><Cell N='Invisible' V='0'/><Cell N='Verify' V='0' F='No Formula'/><Cell N='DataLinked' V='0' F='No Formula'/><Cell N='LangID' V='en-US'/><Cell N='Calendar' V='0' F='No Formula'/></Row><Row N='Location'><Cell N='Value' V='0' F='No Formula'/><Cell N='Prompt' V='' F='No Formula'/><Cell N='Label' V='Location'/><Cell N='Format' V='' F='No Formula'/><Cell N='SortKey' V='Asset'/><Cell N='Type' V='0'/><Cell N='Invisible' V='0'/><Cell N='Verify' V='0' F='No Formula'/><Cell N='DataLinked' V='0' F='No Formula'/><Cell N='LangID' V='en-US'/><Cell N='Calendar' V='0' F='No Formula'/></Row><Row N='Building'><Cell N='Value' V='0' F='No Formula'/><Cell N='Prompt' V='' F='No Formula'/><Cell N='Label' V='Building'/><Cell N='Format' V='' F='No Formula'/><Cell N='SortKey' V='Asset'/><Cell N='Type' V='0'/><Cell N='Invisible' V='0'/><Cell N='Verify' V='0' F='No Formula'/><Cell N='DataLinked' V='0' F='No Formula'/><Cell N='LangID' V='en-US'/><Cell N='Calendar' V='0' F='No Formula'/></Row><Row N='Room'><Cell N='Value' V='0' F='No Formula'/><Cell N='Prompt' V='' F='No Formula'/><Cell N='Label' V='Room'/><Cell N='Format' V='' F='No Formula'/><Cell N='SortKey' V='Asset'/><Cell N='Type' V='0'/><Cell N='Invisible' V='0'/><Cell N='Verify' V='0' F='No Formula'/><Cell N='DataLinked' V='0' F='No Formula'/><Cell N='LangID' V='en-US'/><Cell N='Calendar' V='0' F='No Formula'/></Row><Row N='Department'><Cell N='Value' V='0' F='No Formula'/><Cell N='Prompt' V='' F='No Formula'/><Cell N='Label' V='Department'/><Cell N='Format' V='' F='No Formula'/><Cell N='SortKey' V='' F='No Formula'/><Cell N='Type' V='0' F='No Formula'/><Cell N='Invisible' V='0' F='No Formula'/><Cell N='Verify' V='0' F='No Formula'/><Cell N='DataLinked' V='0' F='No Formula'/><Cell N='LangID' V='en-US'/><Cell N='Calendar' V='0' F='No Formula'/></Row><Row N='Type'><Cell N='Value' V='ISA' U='STR' F='INDEX(1,Prop.Type.Format)'/><Cell N='Prompt' V='' F='No Formula'/><Cell N='Label' V='Server Type'/><Cell N='Format' V='Basic;ISA; SQL;Commerce;Exchange'/><Cell N='SortKey' V='' F='No Formula'/><Cell N='Type' V='1'/><Cell N='Invisible' V='0' F='No Formula'/><Cell N='Verify' V='0' F='No Formula'/><Cell N='DataLinked' V='0' F='No Formula'/><Cell N='LangID' V='en-US'/><Cell N='Calendar' V='0' F='No Formula'/></Row><Row N='ShapeClass'><Cell N='Value' V='Equipment' U='STR'/><Cell N='Prompt' V='' F='No Formula'/><Cell N='Label' V='ShapeClass'/><Cell N='Format' V='' F='No Formula'/><Cell N='SortKey' V='' F='No Formula'/><Cell N='Type' V='0'/><Cell N='Invisible' V='1'/><Cell N='Verify' V='0'/><Cell N='DataLinked' V='0' F='No Formula'/><Cell N='LangID' V='en-US'/><Cell N='Calendar' V='0' F='No Formula'/></Row><Row N='ShapeType'><Cell N='Value' V='Server' U='STR'/><Cell N='Prompt' V='' F='No Formula'/><Cell N='Label' V='ShapeType'/><Cell N='Format' V='' F='No Formula'/><Cell N='SortKey' V='' F='No Formula'/><Cell N='Type' V='0'/><Cell N='Invisible' V='1'/><Cell N='Verify' V='0'/><Cell N='DataLinked' V='0' F='No Formula'/><Cell N='LangID' V='en-US'/><Cell N='Calendar' V='0' F='No Formula'/></Row><Row N='SubShapeType'><Cell N='Value' V='Key' U='STR'/><Cell N='Prompt' V='' F='No Formula'/><Cell N='Label' V='SubShapeType'/><Cell N='Format' V='' F='No Formula'/><Cell N='SortKey' V='' F='No Formula'/><Cell N='Type' V='0'/><Cell N='Invisible' V='1'/><Cell N='Verify' V='0'/><Cell N='DataLinked' V='0' F='No Formula'/><Cell N='LangID' V='en-US'/><Cell N='Calendar' V='0' F='No Formula'/></Row><Row N='NetworkName'><Cell N='Value' V='0' F='No Formula'/><Cell N='Prompt' V='' F='No Formula'/><Cell N='Label' V='Network Name'/><Cell N='Format' V='' F='No Formula'/><Cell N='SortKey' V='Network'/><Cell N='Type' V='0'/><Cell N='Invisible' V='0'/><Cell N='Verify' V='0'/><Cell N='DataLinked' V='0' F='No Formula'/><Cell N='LangID' V='en-US'/><Cell N='Calendar' V='0' F='No Formula'/></Row><Row N='IPAddress'><Cell N='Value' V='0' F='No Formula'/><Cell N='Prompt' V='' F='No Formula'/><Cell N='Label' V='IP Address'/><Cell N='Format' V='' F='No Formula'/><Cell N='SortKey' V='Network'/><Cell N='Type' V='0'/><Cell N='Invisible' V='0'/><Cell N='Verify' V='0'/><Cell N='DataLinked' V='0' F='No Formula'/><Cell N='LangID' V='en-US'/><Cell N='Calendar' V='0' F='No Formula'/></Row><Row N='SubnetMask'><Cell N='Value' V='0' F='No Formula'/><Cell N='Prompt' V='' F='No Formula'/><Cell N='Label' V='Subnet Mask'/><Cell N='Format' V='' F='No Formula'/><Cell N='SortKey' V='Network'/><Cell N='Type' V='0'/><Cell N='Invisible' V='0'/><Cell N='Verify' V='0'/><Cell N='DataLinked' V='0' F='No Formula'/><Cell N='LangID' V='en-US'/><Cell N='Calendar' V='0' F='No Formula'/></Row><Row N='AdminInterface'><Cell N='Value' V='0' F='No Formula'/><Cell N='Prompt' V='' F='No Formula'/><Cell N='Label' V='Administrative Interface'/><Cell N='Format' V='' F='No Formula'/><Cell N='SortKey' V='Network'/><Cell N='Type' V='0'/><Cell N='Invisible' V='0'/><Cell N='Verify' V='0'/><Cell N='DataLinked' V='0' F='No Formula'/><Cell N='LangID' V='en-US'/><Cell N='Calendar' V='0' F='No Formula'/></Row><Row N='NumberOfPorts'><Cell N='Value' V='0' F='No Formula'/><Cell N='Prompt' V='' F='No Formula'/><Cell N='Label' V='Number of Ports'/><Cell N='Format' V='' F='No Formula'/><Cell N='SortKey' V='Network'/><Cell N='Type' V='0'/><Cell N='Invisible' V='0'/><Cell N='Verify' V='0'/><Cell N='DataLinked' V='0' F='No Formula'/><Cell N='LangID' V='en-US'/><Cell N='Calendar' V='0' F='No Formula'/></Row><Row N='MACAddress'><Cell N='Value' V='0' F='No Formula'/><Cell N='Prompt' V='' F='No Formula'/><Cell N='Label' V='MAC Address'/><Cell N='Format' V='' F='No Formula'/><Cell N='SortKey' V='Network'/><Cell N='Type' V='0'/><Cell N='Invisible' V='0'/><Cell N='Verify' V='0'/><Cell N='DataLinked' V='0' F='No Formula'/><Cell N='LangID' V='en-US'/><Cell N='Calendar' V='0' F='No Formula'/></Row><Row N='CommunityString'><Cell N='Value' V='0' F='No Formula'/><Cell N='Prompt' V='' F='No Formula'/><Cell N='Label' V='Community String'/><Cell N='Format' V='' F='No Formula'/><Cell N='SortKey' V='Network'/><Cell N='Type' V='0'/><Cell N='Invisible' V='0'/><Cell N='Verify' V='0'/><Cell N='DataLinked' V='0' F='No Formula'/><Cell N='LangID' V='en-US'/><Cell N='Calendar' V='0' F='No Formula'/></Row><Row N='NetworkDescription'><Cell N='Value' V='0' F='No Formula'/><Cell N='Prompt' V='' F='No Formula'/><Cell N='Label' V='Network Description'/><Cell N='Format' V='' F='No Formula'/><Cell N='SortKey' V='Network'/><Cell N='Type' V='0'/><Cell N='Invisible' V='0'/><Cell N='Verify' V='0'/><Cell N='DataLinked' V='0' F='No Formula'/><Cell N='LangID' V='en-US'/><Cell N='Calendar' V='0' F='No Formula'/></Row></Section><Section N='Connection'><Row T='Connection' IX='0'><Cell N='X' V='0.35' U='IN' F='Width*0.5'/><Cell N='Y' V='0.5' U='IN' F='Height*0.5'/><Cell N='DirX' V='0'/><Cell N='DirY' V='0'/><Cell N='Type' V='0'/><Cell N='AutoGen' V='0'/><Cell N='Prompt' V='' F='No Formula'/></Row></Section><Section N='Control'><Row N='Row_1'><Cell N='X' V='0.35' U='IN' F='Width*0.5'/><Cell N='Y' V='-0.1555555555555556' F='-TxtHeight*0.5'/><Cell N='XDyn' V='0.35' U='IN' F='Controls.Row_1'/><Cell N='YDyn' V='-0.1555555555555556' F='Controls.Row_1.Y'/><Cell N='XCon' V='2' F='(Controls.Row_1&gt;Width/2)*2+2'/><Cell N='YCon' V='7' F='(Controls.Row_1.Y&gt;Height/2)*2+2+5*NOT(User.HasText)'/><Cell N='CanGlue' V='1'/><Cell N='Prompt' V='Reposition Text'/></Row></Section><Section N='User'><Row N='HasText'><Cell N='Value' V='0' U='BOOL' F='NOT(OR(HideText,STRSAME(SHAPETEXT(TheText),"")))'/><Cell N='Prompt' V='' F='No Formula'/></Row><Row N='visLegendShape'><Cell N='Value' V='2'/><Cell N='Prompt' V='' F='No Formula'/></Row><Row N='SolSH'><Cell N='Value' V='{BF0433D9-CD73-4EB5-8390-8653BE590246}' U='GUID'/><Cell N='Prompt' V='' F='No Formula'/></Row><Row N='ShapeClass'><Cell N='Value' V='5'/><Cell N='Prompt' V='' F='No Formula'/></Row><Row N='ShapeType'><Cell N='Value' V='24'/><Cell N='Prompt' V='' F='No Formula'/></Row><Row N='SubShapeType'><Cell N='Value' V='36'/><Cell N='Prompt' V='' F='No Formula'/></Row><Row N='visVersion'><Cell N='Value' V='15'/><Cell N='Prompt' V=''/></Row></Section><Section N='Actions'><Row N='Properties'><Cell N='Menu' V='%_P&amp;roperties'/><Cell N='Action' V='0' F='RUNADDON("NETWORK SHAPE PROPERTIES")'/><Cell N='Checked' V='0'/><Cell N='Disabled' V='0'/><Cell N='ReadOnly' V='0'/><Cell N='Invisible' V='0'/><Cell N='BeginGroup' V='0'/><Cell N='FlyoutChild' V='0' F='No Formula'/><Cell N='TagName' V=''/><Cell N='ButtonFace' V=''/><Cell N='SortKey' V=''/></Row></Section><Shapes><Shape ID='20' Type='Shape' LineStyle='3' FillStyle='3' TextStyle='3'><Cell N='PinX' V='0.35' U='IN' F='Width/2'/><Cell N='PinY' V='0.4262389782663' U='IN' F='Height/2+-0.1375IN*DropOnPageScale'/><Cell N='Width' V='0.7' U='IN' F='Sheet.5!Width*1'/><Cell N='Height' V='1.1274779565326' U='IN' F='Sheet.5!Height*1.1274779565326'/><Cell N='LocPinX' V='0.35' U='IN' F='Width*0.5'/><Cell N='LocPinY' V='0.5637389782663' U='IN' F='Height*0.5'/><Cell N='Angle' V='0'/><Cell N='FlipX' V='0'/><Cell N='FlipY' V='0'/><Cell N='ResizeMode' V='0'/><Cell N='LineWeight' V='0.01' U='PT' F='GUARD(0.72PT)'/><Cell N='LinePattern' V='1' F='GUARD(1)'/><Cell N='Rounding' V='0' F='GUARD(0)'/><Cell N='BeginArrow' V='0' F='GUARD(0)'/><Cell N='EndArrow' V='0' F='GUARD(0)'/><Cell N='LineColorTrans' V='1' F='GUARD(100%)'/><Cell N='FillForegnd' V='6' F='GUARD(6)'/><Cell N='FillBkgnd' V='6' F='GUARD(6)'/><Cell N='FillPattern' V='1' F='GUARD(1)'/><Cell N='FillForegndTrans' V='1' F='GUARD(100%)'/><Cell N='FillBkgndTrans' V='1' F='GUARD(100%)'/><Cell N='Copyright' V='Copyright (c) 2012 Microsoft Corporation.  All rights reserved.'/><Cell N='DropOnPageScale' V='1' F='Sheet.5!DropOnPageScale'/><Cell N='FillGradientEnabled' V='0' F='GUARD(FALSE)'/><Cell N='QuickStyleVariation' V='2'/><Section N='Geometry' IX='0'><Cell N='NoFill' V='0'/><Cell N='NoLine' V='0'/><Cell N='NoShow' V='0'/><Cell N='NoSnap' V='0'/><Cell N='NoQuickDrag' V='0' F='No Formula'/><Row T='MoveTo' IX='1'><Cell N='X' V='0.552000765162224' U='IN' F='Width*0.78857252166032'/><Cell N='Y' V='0.2335771584203227' U='IN' F='Height*0.20716782715527'/></Row><Row T='EllipticalArcTo' IX='2'><Cell N='X' V='0.572486260013059' U='IN' F='Width*0.81783751430437'/><Cell N='Y' V='0.2335220536790395' U='IN' F='Height*0.20711895281501'/><Cell N='A' V='0.562248454102552' U='IN' F='Width*0.80321207728936'/><Cell N='B' V='0.2353866417737772' U='IN' F='Height*0.20877272181682'/><Cell N='C' V='0' U='DA' F='_ELLIPSE_THETA(-2.8594149938346,1,0.7,1.1274779565326,Width,Height)'/><Cell N='D' V='1' F='_ELLIPSE_ECC(-2.8594149938346,1,0.7,1.1274779565326,Width,Height,Geometry1.C2)'/></Row><Row T='EllipticalArcTo' IX='3'><Cell N='X' V='0.5520509918828169' U='IN' F='Width*0.78864427411831'/><Cell N='Y' V='0.2334405112280596' U='IN' F='Height*0.20704662993676'/><Cell N='A' V='0.562261605390471' U='IN' F='Width*0.80323086484353'/><Cell N='B' V='0.2352406969976465' U='IN' F='Height*0.20864327824297'/><Cell N='C' V='0' U='DA' F='_ELLIPSE_THETA(-1.5707963267949,1,0.7,1.1274779565326,Width,Height)'/><Cell N='D' V='1' F='_ELLIPSE_ECC(-1.5707963267949,1,0.7,1.1274779565326,Width,Height,Geometry1.C3)'/></Row><Row T='EllipticalArcTo' IX='4'><Cell N='X' V='0.549848233096764' U='IN' F='Width*0.78549747585252'/><Cell N='Y' V='0.2325506550643681' U='IN' F='Height*0.20625738509296'/><Cell N='A' V='0.5509409589999069' U='IN' F='Width*0.78705851285701'/><Cell N='B' V='0.2330170040810248' U='IN' F='Height*0.20667100649811'/><Cell N='C' V='0' U='DA' F='_ELLIPSE_THETA(-1.5707963267949,1,0.7,1.1274779565326,Width,Height)'/><Cell N='D' V='1' F='_ELLIPSE_ECC(-1.5707963267949,1,0.7,1.1274779565326,Width,Height,Geometry1.C4)'/></Row><Row T='EllipticalArcTo' IX='5'><Cell N='X' V='0.5360815352570439' U='IN' F='Width*0.76583076465292'/><Cell N='Y' V='0.2202304598241578' U='IN' F='Height*0.19533016902738'/><Cell N='A' V='0.542011228720535' U='IN' F='Width*0.77430175531505'/><Cell N='B' V='0.227456180695769' U='IN' F='Height*0.20173891593879'/><Cell N='C' V='0' U='DA' F='_ELLIPSE_THETA(-1.5707963267949,1,0.7,1.1274779565326,Width,Height)'/><Cell N='D' V='1' F='_ELLIPSE_ECC(-1.5707963267949,1,0.7,1.1274779565326,Width,Height,Geometry1.C5)'/></Row><Row T='EllipticalArcTo' IX='6'><Cell N='X' V='0.530722154029865' U='IN' F='Width*0.75817450575695'/><Cell N='Y' V='0.2112747389842311' U='IN' F='Height*0.18738702407449'/><Cell N='A' V='0.533257931228694' U='IN' F='Width*0.76179704461242'/><Cell N='B' V='0.2158387216569067' U='IN' F='Height*0.19143498141701'/><Cell N='C' V='0' U='DA' F='_ELLIPSE_THETA(-1.5707963267949,1,0.7,1.1274779565326,Width,Height)'/><Cell N='D' V='1' F='_ELLIPSE_ECC(-1.5707963267949,1,0.7,1.1274779565326,Width,Height,Geometry1.C6)'/></Row><Row T='LineTo' IX='7'><Cell N='X' V='0.474560484529341' U='IN' F='Width*0.67794354932763'/><Cell N='Y' V='0.2439619358184889' U='IN' F='Height*0.21637845281584'/></Row><Row T='LineTo' IX='8'><Cell N='X' V='0.7' U='IN' F='Width*1'/><Cell N='Y' V='0.3688907121382996' U='IN' F='Height*0.32718219456172'/></Row><Row T='LineTo' IX='9'><Cell N='X' V='0.7' U='IN' F='Width*1'/><Cell N='Y' V='0.9792086314919002' U='IN' F='Height*0.86849470166434'/></Row><Row T='LineTo' IX='10'><Cell N='X' V='0.430769230769227' U='IN' F='Width*0.61538461538461'/><Cell N='Y' V='1.1274779565326' U='IN' F='Height*1'/></Row><Row T='LineTo' IX='11'><Cell N='X' V='0' U='IN' F='Width*0'/><Cell N='Y' V='0.8861092878616893' U='IN' F='Height*0.78592160736055'/></Row><Row T='LineTo' IX='12'><Cell N='X' V='0.000159056134024228' U='IN' F='Width*0.00022722304860604'/><Cell N='Y' V='0.2661348534816818' U='IN' F='Height*0.23604439620278'/></Row><Row T='EllipticalArcTo' IX='13'><Cell N='X' V='0.265808050543868' U='IN' F='Width*0.37972578649124'/><Cell N='Y' V='0.127499999999999' U='IN' F='Height*0.1130842507929'/><Cell N='A' V='0.120594878352403' U='IN' F='Width*0.17227839764629'/><Cell N='B' V='0.1749146356621899' U='IN' F='Height*0.15513796491429'/><Cell N='C' V='-3.516284485804988E-15' U='DA'/><Cell N='D' V='1.041071538678673' F='Width/Height*1.6768360157624'/></Row><Row T='LineTo' IX='14'><Cell N='X' V='0.400021960712906' U='IN' F='Width*0.57145994387558'/><Cell N='Y' V='0.2026559271995948' U='IN' F='Height*0.17974269565574'/></Row><Row T='LineTo' IX='15'><Cell N='X' V='0.439575527807605' U='IN' F='Width*0.62796503972515'/><Cell N='Y' V='0.1798990803779802' U='IN' F='Height*0.1595588448853'/></Row><Row T='LineTo' IX='16'><Cell N='X' V='0.462943056800896' U='IN' F='Width*0.66134722400128'/><Cell N='Y' V='0.1312167283086359' U='IN' F='Height*0.11638074833159'/></Row><Row T='LineTo' IX='17'><Cell N='X' V='0.5260353850827739' U='IN' F='Width*0.75147912154682'/><Cell N='Y' V='0.09538651718559127' U='IN' F='Height*0.084601669268053'/></Row><Row T='EllipticalArcTo' IX='18'><Cell N='X' V='0.542978159548734' U='IN' F='Width*0.77568308506962'/><Cell N='Y' V='0.04633164257653904' U='IN' F='Height*0.041093169323705'/><Cell N='A' V='0.5332248996067349' U='IN' F='Width*0.76174985658105'/><Cell N='B' V='0.06963788287121776' U='IN' F='Height*0.06176429655918'/><Cell N='C' V='-1.396263401595504' U='DA' F='_ELLIPSE_THETA(-1.3962634015955,2.1792766169971,0.7,1.1274779565326,Width,Height)'/><Cell N='D' V='2.1792766169971' F='_ELLIPSE_ECC(-1.3962634015955,2.1792766169971,0.7,1.1274779565326,Width,Height,Geometry1.C18)'/></Row><Row T='EllipticalArcTo' IX='19'><Cell N='X' V='0.552518584608501' U='IN' F='Width*0.78931226372643'/><Cell N='Y' V='0.0280101419216094' U='IN' F='Height*0.02484318363771'/><Cell N='A' V='0.54755617115696' U='IN' F='Width*0.7822231016528'/><Cell N='B' V='0.03707080882665004' U='IN' F='Height*0.032879408960381'/><Cell N='C' V='0' U='DA' F='_ELLIPSE_THETA(-1.5707963267949,1,0.7,1.1274779565326,Width,Height)'/><Cell N='D' V='1' F='_ELLIPSE_ECC(-1.5707963267949,1,0.7,1.1274779565326,Width,Height,Geometry1.C19)'/></Row><Row T='EllipticalArcTo' IX='20'><Cell N='X' V='0.576665031234901' U='IN' F='Width*0.82380718747843'/><Cell N='Y' V='0.005270424312329568' U='IN' F='Height*0.0046745253703567'/><Cell N='A' V='0.563613619583672' U='IN' F='Width*0.80516231369096'/><Cell N='B' V='0.01560158189382294' U='IN' F='Height*0.013837593722722'/><Cell N='C' V='0' U='DA' F='_ELLIPSE_THETA(-1.5707963267949,1,0.7,1.1274779565326,Width,Height)'/><Cell N='D' V='1' F='_ELLIPSE_ECC(-1.5707963267949,1,0.7,1.1274779565326,Width,Height,Geometry1.C20)'/></Row><Row T='EllipticalArcTo' IX='21'><Cell N='X' V='0.594628071961728' U='IN' F='Width*0.84946867423104'/><Cell N='Y' V='5.019511240605876E-5' U='IN' F='Height*4.4519817097291E-5'/><Cell N='A' V='0.585194608166679' U='IN' F='Width*0.83599229738097'/><Cell N='B' V='0.001105152274290955' U='IN' F='Height*0.00098019856431579'/><Cell N='C' V='0' U='DA' F='_ELLIPSE_THETA(-1.5707963267949,1,0.7,1.1274779565326,Width,Height)'/><Cell N='D' V='1' F='_ELLIPSE_ECC(-1.5707963267949,1,0.7,1.1274779565326,Width,Height,Geometry1.C21)'/></Row><Row T='EllipticalArcTo' IX='22'><Cell N='X' V='0.606781271150005' U='IN' F='Width*0.86683038735715'/><Cell N='Y' V='0.00367774618398616' U='IN' F='Height*0.0032619229162551'/><Cell N='A' V='0.600914165758676' U='IN' F='Width*0.85844880822668'/><Cell N='B' V='0.001162112914059543' U='IN' F='Height*0.0010307189664563'/><Cell N='C' V='0' U='DA' F='_ELLIPSE_THETA(-1.5707963267949,1,0.7,1.1274779565326,Width,Height)'/><Cell N='D' V='1' F='_ELLIPSE_ECC(-1.5707963267949,1,0.7,1.1274779565326,Width,Height,Geometry1.C22)'/></Row><Row T='LineTo' IX='23'><Cell N='X' V='0.6350838537181249' U='IN' F='Width*0.90726264816875'/><Cell N='Y' V='0.01974900754681418' U='IN' F='Height*0.017516091939881'/></Row><Row T='EllipticalArcTo' IX='24'><Cell N='X' V='0.6577334238085869' U='IN' F='Width*0.93961917686941'/><Cell N='Y' V='0.09665994077849542' U='IN' F='Height*0.085731113604881'/><Cell N='A' V='0.651927611251847' U='IN' F='Width*0.93132515893121'/><Cell N='B' V='0.05657918697716548' U='IN' F='Height*0.050182078194386'/><Cell N='C' V='0' U='DA' F='_ELLIPSE_THETA(-0.0029262451617353,1,0.7,1.1274779565326,Width,Height)'/><Cell N='D' V='1' F='_ELLIPSE_ECC(-0.0029262451617353,1,0.7,1.1274779565326,Width,Height,Geometry1.C24)'/></Row><Row T='EllipticalArcTo' IX='25'><Cell N='X' V='0.6354881277424259' U='IN' F='Width*0.90784018248918'/><Cell N='Y' V='0.1963060400879155' U='IN' F='Height*0.17411075662324'/><Cell N='A' V='0.65143452652089' U='IN' F='Width*0.9306207521727'/><Cell N='B' V='0.1475598591137024' U='IN' F='Height*0.13087604796062'/><Cell N='C' V='0' U='DA' F='_ELLIPSE_THETA(-0.0018167778695071,1,0.7,1.1274779565326,Width,Height)'/><Cell N='D' V='1' F='_ELLIPSE_ECC(-0.0018167778695071,1,0.7,1.1274779565326,Width,Height,Geometry1.C25)'/></Row><Row T='EllipticalArcTo' IX='26'><Cell N='X' V='0.5991702964268' U='IN' F='Width*0.855957566324'/><Cell N='Y' V='0.2445081258654024' U='IN' F='Height*0.21686288804914'/><Cell N='A' V='0.620738555499517' U='IN' F='Width*0.88676936499931'/><Cell N='B' V='0.2229758506356141' U='IN' F='Height*0.19776515305128'/><Cell N='C' V='0' U='DA' F='_ELLIPSE_THETA(-0.0059066309770455,1,0.7,1.1274779565326,Width,Height)'/><Cell N='D' V='1' F='_ELLIPSE_ECC(-0.0059066309770455,1,0.7,1.1274779565326,Width,Height,Geometry1.C26)'/></Row><Row T='EllipticalArcTo' IX='27'><Cell N='X' V='0.561724855063092' U='IN' F='Width*0.80246407866156'/><Cell N='Y' V='0.24009278934288' U='IN' F='Height*0.21294677022445'/><Cell N='A' V='0.579866975879877' U='IN' F='Width*0.82838139411411'/><Cell N='B' V='0.2472243899233174' U='IN' F='Height*0.21927203852714'/><Cell N='C' V='0' U='DA' F='_ELLIPSE_THETA(-3.1236898485582,1,0.7,1.1274779565326,Width,Height)'/><Cell N='D' V='1' F='_ELLIPSE_ECC(-3.1236898485582,1,0.7,1.1274779565326,Width,Height,Geometry1.C27)'/></Row><Row T='LineTo' IX='28'><Cell N='X' V='0.551769397882647' U='IN' F='Width*0.78824199697521'/><Cell N='Y' V='0.2338926628084149' U='IN' F='Height*0.20744765913448'/></Row></Section><Section N='Geometry' IX='1'><Cell N='NoFill' V='0'/><Cell N='NoLine' V='0'/><Cell N='NoShow' V='0'/><Cell N='NoSnap' V='0'/><Cell N='NoQuickDrag' V='0' F='No Formula'/><Row T='MoveTo' IX='1'><Cell N='X' V='0.632228864611351' U='IN' F='Width*0.90318409230193'/><Cell N='Y' V='0.05191986799849675' U='IN' F='Height*0.046049563716677'/></Row><Row T='EllipticalArcTo' IX='2'><Cell N='X' V='0.629553037228458' U='IN' F='Width*0.89936148175494'/><Cell N='Y' V='0.04255453114261135' U='IN' F='Height*0.03774311585965'/><Cell N='A' V='0.630992952007579' U='IN' F='Width*0.90141850286797'/><Cell N='B' V='0.04720805621909798' U='IN' F='Height*0.041870491520987'/><Cell N='C' V='0' U='DA' F='_ELLIPSE_THETA(-3.1345042427011,1,0.7,1.1274779565326,Width,Height)'/><Cell N='D' V='1' F='_ELLIPSE_ECC(-3.1345042427011,1,0.7,1.1274779565326,Width,Height,Geometry2.C2)'/></Row><Row T='EllipticalArcTo' IX='3'><Cell N='X' V='0.6315955622406639' U='IN' F='Width*0.90227937462952'/><Cell N='Y' V='0.05207132341424019' U='IN' F='Height*0.046183894871327'/><Cell N='A' V='0.630643670047538' U='IN' F='Width*0.90091952863934'/><Cell N='B' V='0.04722217266672528' U='IN' F='Height*0.041883011896703'/><Cell N='C' V='-1.396263401595504' U='DA' F='_ELLIPSE_THETA(-1.3962634015955,2.1792766169971,0.7,1.1274779565326,Width,Height)'/><Cell N='D' V='2.1792766169971' F='_ELLIPSE_ECC(-1.3962634015955,2.1792766169971,0.7,1.1274779565326,Width,Height,Geometry2.C3)'/></Row></Section><Section N='Geometry' IX='2'><Cell N='NoFill' V='0'/><Cell N='NoLine' V='0'/><Cell N='NoShow' V='0'/><Cell N='NoSnap' V='0'/><Cell N='NoQuickDrag' V='0' F='No Formula'/><Row T='MoveTo' IX='1'><Cell N='X' V='0.633304474718342' U='IN' F='Width*0.90472067816906'/><Cell N='Y' V='0.1093828481011987' U='IN' F='Height*0.097015509232296'/></Row><Row T='EllipticalArcTo' IX='2'><Cell N='X' V='0.635128659705953' U='IN' F='Width*0.90732665672279'/><Cell N='Y' V='0.08405207993649068' U='IN' F='Height*0.074548756762377'/><Cell N='A' V='0.634514990145561' U='IN' F='Width*0.90644998592223'/><Cell N='B' V='0.09673895482526344' U='IN' F='Height*0.085801193952182'/><Cell N='C' V='0' U='DA' F='_ELLIPSE_THETA(-3.127808641511,1,0.7,1.1274779565326,Width,Height)'/><Cell N='D' V='1' F='_ELLIPSE_ECC(-3.127808641511,1,0.7,1.1274779565326,Width,Height,Geometry3.C2)'/></Row><Row T='EllipticalArcTo' IX='3'><Cell N='X' V='0.632228864611351' U='IN' F='Width*0.90318409230193'/><Cell N='Y' V='0.05191986799849675' U='IN' F='Height*0.046049563716677'/><Cell N='A' V='0.634843507736557' U='IN' F='Width*0.90691929676651'/><Cell N='B' V='0.06788086064632629' U='IN' F='Height*0.060205931524448'/><Cell N='C' V='0' U='DA' F='_ELLIPSE_THETA(-3.1345042427011,1,0.7,1.1274779565326,Width,Height)'/><Cell N='D' V='1' F='_ELLIPSE_ECC(-3.1345042427011,1,0.7,1.1274779565326,Width,Height,Geometry3.C3)'/></Row><Row T='EllipticalArcTo' IX='4'><Cell N='X' V='0.6350838537181179' U='IN' F='Width*0.90726264816874'/><Cell N='Y' V='0.08393340220563018' U='IN' F='Height*0.074443497293513'/><Cell N='A' V='0.634233478660278' U='IN' F='Width*0.90604782665754'/><Cell N='B' V='0.06790451192363933' U='IN' F='Height*0.060226908677195'/><Cell N='C' V='0' U='DA' F='_ELLIPSE_THETA(-1.5707963267949,1,0.7,1.1274779565326,Width,Height)'/><Cell N='D' V='1' F='_ELLIPSE_ECC(-1.5707963267949,1,0.7,1.1274779565326,Width,Height,Geometry3.C4)'/></Row><Row T='EllipticalArcTo' IX='5'><Cell N='X' V='0.632950873130296' U='IN' F='Width*0.90421553304328'/><Cell N='Y' V='0.1093405676206712' U='IN' F='Height*0.096978009181601'/><Cell N='A' V='0.6342857413865279' U='IN' F='Width*0.90612248769504'/><Cell N='B' V='0.0966595157612198' U='IN' F='Height*0.085730736642056'/><Cell N='C' V='0' U='DA' F='_ELLIPSE_THETA(-1.5707963267949,1,0.7,1.1274779565326,Width,Height)'/><Cell N='D' V='1' F='_ELLIPSE_ECC(-1.5707963267949,1,0.7,1.1274779565326,Width,Height,Geometry3.C5)'/></Row></Section><Section N='Geometry' IX='3'><Cell N='NoFill' V='0'/><Cell N='NoLine' V='0'/><Cell N='NoShow' V='0'/><Cell N='NoSnap' V='0'/><Cell N='NoQuickDrag' V='0' F='No Formula'/><Row T='MoveTo' IX='1'><Cell N='X' V='0.632950873130289' U='IN' F='Width*0.90421553304327'/><Cell N='Y' V='0.1093405676206724' U='IN' F='Height*0.096978009181602'/></Row><Row T='EllipticalArcTo' IX='2'><Cell N='X' V='0.6276608892714999' U='IN' F='Width*0.896658413245'/><Cell N='Y' V='0.1407324374946929' U='IN' F='Height*0.12482056671644'/><Cell N='A' V='0.630793820160931' U='IN' F='Width*0.90113402880133'/><Cell N='B' V='0.1251045252987846' U='IN' F='Height*0.11095961971933'/><Cell N='C' V='-1.396263401595504' U='DA' F='_ELLIPSE_THETA(-1.3962634015955,2.1792766169971,0.7,1.1274779565326,Width,Height)'/><Cell N='D' V='2.1792766169971' F='_ELLIPSE_ECC(-1.3962634015955,2.1792766169971,0.7,1.1274779565326,Width,Height,Geometry4.C2)'/></Row><Row T='EllipticalArcTo' IX='3'><Cell N='X' V='0.633304474718342' U='IN' F='Width*0.90472067816906'/><Cell N='Y' V='0.1093828481011987' U='IN' F='Height*0.097015509232296'/><Cell N='A' V='0.630946064760389' U='IN' F='Width*0.90135152108627'/><Cell N='B' V='0.1251410614417678' U='IN' F='Height*0.11099202491428'/><Cell N='C' V='0' U='DA' F='_ELLIPSE_THETA(-3.127808641511,1,0.7,1.1274779565326,Width,Height)'/><Cell N='D' V='1' F='_ELLIPSE_ECC(-3.127808641511,1,0.7,1.1274779565326,Width,Height,Geometry4.C3)'/></Row></Section><Section N='Geometry' IX='4'><Cell N='NoFill' V='0'/><Cell N='NoLine' V='0'/><Cell N='NoShow' V='0'/><Cell N='NoSnap' V='0'/><Cell N='NoQuickDrag' V='0' F='No Formula'/><Row T='MoveTo' IX='1'><Cell N='X' V='0.119516420117388' U='IN' F='Width*0.17073774302484'/><Cell N='Y' V='0.7895537315471519' U='IN' F='Height*0.70028307602156'/></Row><Row T='EllipticalArcTo' IX='2'><Cell N='X' V='0.265808050543868' U='IN' F='Width*0.37972578649124'/><Cell N='Y' V='0.7361048791682064' U='IN' F='Height*0.6528774020842'/><Cell N='A' V='0.190318292462438' U='IN' F='Width*0.27188327494634'/><Cell N='B' V='0.7569100514444024' U='IN' F='Height*0.67133024380554'/><Cell N='C' V='-3.687913689709443E-15' U='DA'/><Cell N='D' V='1.041071538678673' F='Width/Height*1.6768360157624'/></Row><Row T='EllipticalArcTo' IX='3'><Cell N='X' V='0.119516420117388' U='IN' F='Width*0.17073774302484'/><Cell N='Y' V='0.7895537315471519' U='IN' F='Height*0.70028307602156'/><Cell N='A' V='0.1902914306356' U='IN' F='Width*0.271844900908'/><Cell N='B' V='0.756842216184517' U='IN' F='Height*0.67127007831894'/><Cell N='C' V='-3.687913689709443E-15' U='DA'/><Cell N='D' V='1.041071538678673' F='Width/Height*1.6768360157624'/></Row></Section></Shape><Shape ID='6' Type='Shape' LineStyle='31' FillStyle='31' TextStyle='31'><Cell N='PinX' V='0.35' U='IN' F='Sheet.5!Width*0.5'/><Cell N='PinY' V='0.80429141785042' U='IN' F='Sheet.5!Height*0.80429141785042'/><Cell N='Width' V='0.7' U='IN' F='Sheet.5!Width*1'/><Cell N='Height' V='0.3913730773644' U='IN' F='Sheet.5!Height*0.3913730773644'/><Cell N='LocPinX' V='0.35' U='IN' F='Width*0.5'/><Cell N='LocPinY' V='0.1956865386822' U='IN' F='Height*0.5'/><Cell N='Angle' V='0'/><Cell N='FlipX' V='0'/><Cell N='FlipY' V='0'/><Cell N='ResizeMode' V='0'/><Cell N='LineWeight' V='0.005' U='PT' F='GUARD(0.36PT)'/><Cell N='LineColor' V='#ffffff' F='GUARD(RGB(255,255,255))'/><Cell N='LinePattern' V='1' F='GUARD(1)'/><Cell N='Rounding' V='0' F='GUARD(0)'/><Cell N='BeginArrow' V='0' F='GUARD(0)'/><Cell N='EndArrow' V='0' F='GUARD(0)'/><Cell N='FillPattern' V='30' F='GUARD(30)'/><Cell N='ShdwPattern' V='0' F='GUARD(0)'/><Cell N='Copyright' V='Copyright (c) 2012 Microsoft Corporation.  All rights reserved.'/><Cell N='LayerMember' V='' F='No Formula'/><Cell N='FillGradientDir' V='0' F='GUARD(0)'/><Cell N='FillGradientAngle' V='4.7123889803847' U='DEG' F='GUARD(270DEG)'/><Cell N='FillGradientEnabled' V='1' F='GUARD(TRUE)'/><Cell N='UseGroupGradient' V='0' F='GUARD(FALSE)'/><Section N='Geometry' IX='0'><Cell N='NoFill' V='0'/><Cell N='NoLine' V='0'/><Cell N='NoShow' V='0'/><Cell N='NoSnap' V='0'/><Cell N='NoQuickDrag' V='0' F='No Formula'/><Row T='MoveTo' IX='1'><Cell N='X' V='0.265641025641026' U='IN' F='Width*0.37948717948718'/><Cell N='Y' V='1.102173369138806E-5' U='IN' F='Height*2.8161706384126E-5'/></Row><Row T='LineTo' IX='2'><Cell N='X' V='0.7' U='IN' F='Width*1'/><Cell N='Y' V='0.2431037523236925' U='IN' F='Height*0.62115604364207'/></Row><Row T='LineTo' IX='3'><Cell N='X' V='0.430769230769227' U='IN' F='Width*0.61538461538461'/><Cell N='Y' V='0.3913730773644' U='IN' F='Height*1'/></Row><Row T='LineTo' IX='4'><Cell N='X' V='0' U='IN' F='Width*0'/><Cell N='Y' V='0.1500044086934785' U='IN' F='Height*0.38327728034755'/></Row><Row T='EllipticalArcTo' IX='5'><Cell N='X' V='0.265808050543868' U='IN' F='Width*0.37972578649124'/><Cell N='Y' V='0' U='IN' F='Height*0'/><Cell N='A' V='0.119516420117332' U='IN' F='Width*0.17073774302476'/><Cell N='B' V='0.05344885237897098' U='IN' F='Height*0.13656752462103'/><Cell N='C' V='0' U='DA' F='_ELLIPSE_THETA(-0.017815837958533,1,0.76771653543307,0.44686297812477,Width,Height)'/><Cell N='D' V='1.041071538678638' F='_ELLIPSE_ECC(-0.017815837958533,1,0.76771653543307,0.44686297812477,Width,Height,Geometry1.C5)'/></Row></Section></Shape><Shape ID='7' Type='Shape' LineStyle='33' FillStyle='33' TextStyle='33'><Cell N='PinX' V='0.132983553338944' U='IN' F='Sheet.5!Width*0.18997650476992'/><Cell N='PinY' V='0.37965408304173' U='IN' F='Sheet.5!Height*0.37965408304173'/><Cell N='Width' V='0.265648994409841' U='IN' F='Sheet.5!Width*0.37949856344263'/><Cell N='Height' V='0.75930816608345' U='IN' F='Sheet.5!Height*0.75930816608345'/><Cell N='LocPinX' V='0.1328244972049205' U='IN' F='Width*0.5'/><Cell N='LocPinY' V='0.379654083041725' U='IN' F='Height*0.5'/><Cell N='Angle' V='0'/><Cell N='FlipX' V='0'/><Cell N='FlipY' V='0'/><Cell N='ResizeMode' V='0'/><Cell N='LineWeight' V='0.005' U='PT' F='GUARD(0.36PT)'/><Cell N='LineColor' V='#ffffff' F='GUARD(RGB(255,255,255))'/><Cell N='LinePattern' V='1' F='GUARD(1)'/><Cell N='Rounding' V='0' F='GUARD(0)'/><Cell N='BeginArrow' V='0' F='GUARD(0)'/><Cell N='EndArrow' V='0' F='GUARD(0)'/><Cell N='FillPattern' V='32' F='GUARD(32)'/><Cell N='ShdwPattern' V='0' F='GUARD(0)'/><Cell N='Copyright' V='Copyright (c) 2012 Microsoft Corporation.  All rights reserved.'/><Cell N='LayerMember' V='' F='No Formula'/><Cell N='FillGradientDir' V='11' F='GUARD(11)'/><Cell N='FillGradientEnabled' V='1' F='GUARD(TRUE)'/><Cell N='UseGroupGradient' V='0' F='GUARD(FALSE)'/><Section N='Geometry' IX='0'><Cell N='NoFill' V='0'/><Cell N='NoLine' V='0'/><Cell N='NoShow' V='0'/><Cell N='NoSnap' V='0'/><Cell N='NoQuickDrag' V='0' F='No Formula'/><Row T='MoveTo' IX='1'><Cell N='X' V='0.265648994409841' U='IN' F='Width*1'/><Cell N='Y' V='0.6086048791682228' U='IN' F='Height*0.80152552857088'/></Row><Row T='EllipticalArcTo' IX='2'><Cell N='X' V='0' U='IN' F='Width*0'/><Cell N='Y' V='0.75930816608345' U='IN' F='Height*1'/><Cell N='A' V='0.1193573639833103' U='IN' F='Width*0.44930478373717'/><Cell N='B' V='0.6620537315471872' U='IN' F='Height*0.87191704385598'/><Cell N='C' V='0' U='DA' F='_ELLIPSE_THETA(-0.017815837958533,1,0.29134732232801,0.86696486813934,Width,Height)'/><Cell N='D' V='1.041071538678634' F='_ELLIPSE_ECC(-0.017815837958533,1,0.29134732232801,0.86696486813934,Width,Height,Geometry1.C2)'/></Row><Row T='LineTo' IX='3'><Cell N='X' V='0' U='IN' F='Width*0'/><Cell N='Y' V='0.1386348534816845' U='IN' F='Height*0.18258048533413'/></Row><Row T='EllipticalArcTo' IX='4'><Cell N='X' V='0.265648994409841' U='IN' F='Width*1'/><Cell N='Y' V='0' U='IN' F='Height*0'/><Cell N='A' V='0.1204358222183782' U='IN' F='Width*0.45336449507718'/><Cell N='B' V='0.0474146356621961' U='IN' F='Height*0.062444522237609'/><Cell N='C' V='0' U='DA' F='_ELLIPSE_THETA(-0.0044968835584865,1,0.29134732232801,0.86696486813934,Width,Height)'/><Cell N='D' V='1.041071538678634' F='_ELLIPSE_ECC(-0.0044968835584865,1,0.29134732232801,0.86696486813934,Width,Height,Geometry1.C4)'/></Row><Row T='LineTo' IX='5'><Cell N='X' V='0.2654819695070006' U='IN' F='Width*0.99937125716131'/><Cell N='Y' V='0.6086159009019135' U='IN' F='Height*0.80154004406562'/></Row></Section></Shape><Shape ID='8' Type='Shape' LineStyle='35' FillStyle='35' TextStyle='35'><Cell N='PinX' V='0.4828205128205129' U='IN' F='Sheet.5!Width*0.68974358974359'/><Cell N='PinY' V='0.42619824398999' U='IN' F='Sheet.5!Height*0.42619824398999'/><Cell N='Width' V='0.434358974358974' U='IN' F='Sheet.5!Width*0.62051282051282'/><Cell N='Height' V='0.85102077500385' U='IN' F='Sheet.5!Height*0.85102077500385'/><Cell N='LocPinX' V='0.217179487179487' U='IN' F='Width*0.5'/><Cell N='LocPinY' V='0.425510387501925' U='IN' F='Height*0.5'/><Cell N='Angle' V='0'/><Cell N='FlipX' V='0'/><Cell N='FlipY' V='0'/><Cell N='ResizeMode' V='0'/><Cell N='LineWeight' V='0.005' U='PT' F='GUARD(0.36PT)'/><Cell N='LineColor' V='#ffffff' F='GUARD(RGB(255,255,255))'/><Cell N='LinePattern' V='1' F='GUARD(1)'/><Cell N='Rounding' V='0' F='GUARD(0)'/><Cell N='BeginArrow' V='0' F='GUARD(0)'/><Cell N='EndArrow' V='0' F='GUARD(0)'/><Cell N='FillPattern' V='31' F='GUARD(31)'/><Cell N='ShdwPattern' V='0' F='GUARD(0)'/><Cell N='Copyright' V='Copyright (c) 2012 Microsoft Corporation.  All rights reserved.'/><Cell N='LayerMember' V='' F='No Formula'/><Cell N='FillGradientDir' V='12' F='GUARD(12)'/><Cell N='FillGradientEnabled' V='1' F='GUARD(TRUE)'/><Cell N='UseGroupGradient' V='0' F='GUARD(FALSE)'/><Section N='Geometry' IX='0'><Cell N='NoFill' V='0'/><Cell N='NoLine' V='0'/><Cell N='NoShow' V='0'/><Cell N='NoSnap' V='0'/><Cell N='NoQuickDrag' V='0' F='No Formula'/><Row T='MoveTo' IX='1'><Cell N='X' V='0' U='IN' F='Width*0'/><Cell N='Y' V='0.6079280444138498' U='IN' F='Height*0.71435159078355'/></Row><Row T='LineTo' IX='2'><Cell N='X' V='0' U='IN' F='Width*0'/><Cell N='Y' V='0' U='IN' F='Height*0'/></Row><Row T='LineTo' IX='3'><Cell N='X' V='0.434358974358974' U='IN' F='Width*1'/><Cell N='Y' V='0.2407028556502409' U='IN' F='Height*0.28284016409488'/></Row><Row T='LineTo' IX='4'><Cell N='X' V='0.434358974358974' U='IN' F='Width*1'/><Cell N='Y' V='0.85102077500385' U='IN' F='Height*1'/></Row><Row T='LineTo' IX='5'><Cell N='X' V='0' U='IN' F='Width*0'/><Cell N='Y' V='0.6079280444138498' U='IN' F='Height*0.71435159078355'/></Row></Section></Shape><Shape ID='9' Type='Shape' LineStyle='37' FillStyle='37' TextStyle='37'><Cell N='PinX' V='0.35' U='IN' F='Sheet.5!Width*0.5'/><Cell N='PinY' V='0.5000110217336901' U='IN' F='Sheet.5!Height*0.50001102173369'/><Cell N='Width' V='0.7' U='IN' F='Sheet.5!Width*1'/><Cell N='Height' V='0.99997795653262' U='IN' F='Sheet.5!Height*0.99997795653262'/><Cell N='LocPinX' V='0.35' U='IN' F='Width*0.5'/><Cell N='LocPinY' V='0.49998897826631' U='IN' F='Height*0.5'/><Cell N='Angle' V='0'/><Cell N='FlipX' V='0'/><Cell N='FlipY' V='0'/><Cell N='ResizeMode' V='0'/><Cell N='LineWeight' V='0.01388888888888889' U='PT' F='GUARD(1PT)'/><Cell N='LinePattern' V='1' F='GUARD(1)'/><Cell N='Rounding' V='0' F='GUARD(0)'/><Cell N='BeginArrow' V='0' F='GUARD(0)'/><Cell N='EndArrow' V='0' F='GUARD(0)'/><Cell N='FillPattern' V='1' F='GUARD(1)'/><Cell N='ShdwPattern' V='0' F='GUARD(0)'/><Cell N='Copyright' V='Copyright (c) 2012 Microsoft Corporation.  All rights reserved.'/><Cell N='LayerMember' V='' F='No Formula'/><Cell N='FillGradientEnabled' V='0' F='GUARD(FALSE)'/><Section N='Geometry' IX='0'><Cell N='NoFill' V='1'/><Cell N='NoLine' V='0'/><Cell N='NoShow' V='0'/><Cell N='NoSnap' V='0'/><Cell N='NoQuickDrag' V='0' F='No Formula'/><Row T='MoveTo' IX='1'><Cell N='X' V='0.7' U='IN' F='Width*1'/><Cell N='Y' V='0.8517086314919078' U='IN' F='Height*0.85172740651721'/></Row><Row T='LineTo' IX='2'><Cell N='X' V='0.430769230769227' U='IN' F='Width*0.61538461538461'/><Cell N='Y' V='0.99997795653262' U='IN' F='Height*1'/></Row><Row T='LineTo' IX='3'><Cell N='X' V='0' U='IN' F='Width*0'/><Cell N='Y' V='0.7586092878617016' U='IN' F='Height*0.75862601060942'/></Row><Row T='LineTo' IX='4'><Cell N='X' V='0.000159056134023416' U='IN' F='Width*0.00022722304860488'/><Cell N='Y' V='0.1386348534816834' U='IN' F='Height*0.13863790954192'/></Row><Row T='EllipticalArcTo' IX='5'><Cell N='X' V='0.265808050543868' U='IN' F='Width*0.37972578649124'/><Cell N='Y' V='0' U='IN' F='Height*0'/><Cell N='A' V='0.120594878352403' U='IN' F='Width*0.17227839764629'/><Cell N='B' V='0.04741463566219648' U='IN' F='Height*0.047415680868211'/><Cell N='C' V='0' U='DA' F='_ELLIPSE_THETA(-0.004496519859392,1,0.76771653543307,1.1417574523125,Width,Height)'/><Cell N='D' V='1.04107153867862' F='_ELLIPSE_ECC(-0.004496519859392,1,0.76771653543307,1.1417574523125,Width,Height,Geometry1.C5)'/></Row><Row T='LineTo' IX='6'><Cell N='X' V='0.7' U='IN' F='Width*1'/><Cell N='Y' V='0.2413907121383033' U='IN' F='Height*0.24139603334389'/></Row><Row T='LineTo' IX='7'><Cell N='X' V='0.7' U='IN' F='Width*1'/><Cell N='Y' V='0.8517086314919178' U='IN' F='Height*0.85172740651722'/></Row></Section><Text/></Shape><Shape ID='10' Type='Shape' LineStyle='3' FillStyle='3' TextStyle='3'><Cell N='PinX' V='0.122236723796194' U='IN' F='Sheet.5!Width*0.17462389113742'/><Cell N='PinY' V='0.35538221714742' U='IN' F='Sheet.5!Height*0.35538221714742'/><Cell N='Width' V='0.0408362702912967' U='IN' F='Sheet.5!Width*0.0509991978604+Sheet.5!Height*0.0051368317890167'/><Cell N='Height' V='0.05682085111957494' U='IN' F='Sheet.5!Width*0.0088238988228742+Sheet.5!Height*0.050644121943563'/><Cell N='LocPinX' V='0.02041813514564835' U='IN' F='Width*0.5'/><Cell N='LocPinY' V='0.02841042555978747' U='IN' F='Height*0.5'/><Cell N='Angle' V='0.3490658504444'/><Cell N='FlipX' V='0'/><Cell N='FlipY' V='0'/><Cell N='ResizeMode' V='0'/><Cell N='FillForegnd' V='1' F='THEMEVAL("FillColor",1)'/><Cell N='FillBkgnd' V='#339966' F='THEMEVAL("FillColor2",RGB(51,153,102))'/><Cell N='FillPattern' V='31' F='GUARD(31)'/><Cell N='ShdwPattern' V='0' F='GUARD(0)'/><Cell N='LineWeight' V='0.005' U='PT' F='GUARD(0.36PT)'/><Cell N='LineColor' V='0' F='GUARD(0)'/><Cell N='LinePattern' V='1' F='GUARD(1)'/><Cell N='Rounding' V='0' F='GUARD(0)'/><Cell N='BeginArrow' V='0' F='GUARD(0)'/><Cell N='EndArrow' V='0' F='GUARD(0)'/><Cell N='Copyright' V='Copyright (c) 2012 Microsoft Corporation.  All rights reserved.'/><Cell N='LayerMember' V='' F='No Formula'/><Cell N='FillGradientDir' V='12' F='GUARD(12)'/><Cell N='FillGradientEnabled' V='1' F='GUARD(TRUE)'/><Cell N='UseGroupGradient' V='0' F='GUARD(FALSE)'/><Section N='FillGradient'><Row IX='0'><Cell N='GradientStopColor' V='1' F='THEMEVAL("FillStop1Color",1)'/><Cell N='GradientStopColorTrans' V='0' F='THEMEVAL("FillStop1Transparency",0%)'/><Cell N='GradientStopPosition' V='0' F='THEMEVAL("FillStop1Position",0%)'/></Row><Row IX='1'><Cell N='GradientStopColor' V='#339966' F='THEMEVAL("FillStop2Color",RGB(51,153,102))'/><Cell N='GradientStopColorTrans' V='0' F='THEMEVAL("FillStop2Transparency",0%)'/><Cell N='GradientStopPosition' V='1' F='THEMEVAL("FillStop2Position",100%)'/></Row><Row IX='2' Del='1'/><Row IX='3' Del='1'/><Row IX='4' Del='1'/><Row IX='5' Del='1'/><Row IX='6' Del='1'/><Row IX='7' Del='1'/><Row IX='8' Del='1'/><Row IX='9' Del='1'/></Section><Section N='Geometry' IX='0'><Cell N='NoFill' V='0'/><Cell N='NoLine' V='0'/><Cell N='NoShow' V='0'/><Cell N='NoSnap' V='0'/><Cell N='NoQuickDrag' V='0' F='No Formula'/><Row T='Ellipse' IX='1'><Cell N='X' V='0.02041813514564835' U='IN' F='Width*0.5'/><Cell N='Y' V='0.02841042555978747' U='IN' F='Height*0.5'/><Cell N='A' V='0.0408362702912967' U='IN' F='Width*1'/><Cell N='B' V='0.02841042555978747' U='IN' F='Height*0.5'/><Cell N='C' V='0.02041813514564835' U='IN' F='Width*0.5'/><Cell N='D' V='0.05682085111957494' U='IN' F='Height*1'/></Row></Section></Shape><Shape ID='11' Type='Shape' LineStyle='3' FillStyle='3' TextStyle='3'><Cell N='PinX' V='0.132820512820513' U='IN' F='Sheet.5!Width*0.18974358974359'/><Cell N='PinY' V='0.17242823537518' U='IN' F='Sheet.5!Height*0.17242823537518'/><Cell N='Width' V='0.179487179487182' U='IN' F='Sheet.5!Width*0.25641025641026'/><Cell N='Height' V='0.16895806806964' U='IN' F='Sheet.5!Height*0.16895806806964'/><Cell N='LocPinX' V='0.08974358974359099' U='IN' F='Width*0.5'/><Cell N='LocPinY' V='0.08447903403482' U='IN' F='Height*0.5'/><Cell N='Angle' V='0'/><Cell N='FlipX' V='0'/><Cell N='FlipY' V='0'/><Cell N='ResizeMode' V='0'/><Cell N='LineWeight' V='0.008333333333333333' U='PT' F='GUARD(0.6PT)'/><Cell N='LineColor' V='0' F='GUARD(0)'/><Cell N='LinePattern' V='1' F='GUARD(1)'/><Cell N='Rounding' V='0' F='GUARD(0)'/><Cell N='BeginArrow' V='0' F='GUARD(0)'/><Cell N='EndArrow' V='0' F='GUARD(0)'/><Cell N='FillForegnd' V='1' F='THEMEVAL("FillColor",1)'/><Cell N='FillBkgnd' V='#e7e4cd' F='THEMEVAL("FillColor2",RGB(231,228,205))'/><Cell N='FillPattern' V='30' F='GUARD(30)'/><Cell N='ShdwPattern' V='0' F='GUARD(0)'/><Cell N='Copyright' V='Copyright (c) 2012 Microsoft Corporation.  All rights reserved.'/><Cell N='LayerMember' V='' F='No Formula'/><Cell N='FillGradientDir' V='0' F='GUARD(0)'/><Cell N='FillGradientAngle' V='4.7123889803847' U='DEG' F='GUARD(270DEG)'/><Cell N='FillGradientEnabled' V='1' F='GUARD(TRUE)'/><Cell N='UseGroupGradient' V='0' F='GUARD(FALSE)'/><Section N='FillGradient'><Row IX='0'><Cell N='GradientStopColor' V='1' F='THEMEVAL("FillStop1Color",1)'/><Cell N='GradientStopColorTrans' V='0' F='THEMEVAL("FillStop1Transparency",0%)'/><Cell N='GradientStopPosition' V='0' F='THEMEVAL("FillStop1Position",0%)'/></Row><Row IX='1'><Cell N='GradientStopColor' V='#e7e4cd' F='THEMEVAL("FillStop2Color",RGB(231,228,205))'/><Cell N='GradientStopColorTrans' V='0' F='THEMEVAL("FillStop2Transparency",0%)'/><Cell N='GradientStopPosition' V='1' F='THEMEVAL("FillStop2Position",100%)'/></Row><Row IX='2' Del='1'/><Row IX='3' Del='1'/><Row IX='4' Del='1'/><Row IX='5' Del='1'/><Row IX='6' Del='1'/><Row IX='7' Del='1'/><Row IX='8' Del='1'/><Row IX='9' Del='1'/></Section><Section N='Geometry' IX='0'><Cell N='NoFill' V='1'/><Cell N='NoLine' V='0'/><Cell N='NoShow' V='0'/><Cell N='NoSnap' V='0'/><Cell N='NoQuickDrag' V='0' F='No Formula'/><Row T='MoveTo' IX='1'><Cell N='X' V='0' U='IN' F='Width*0'/><Cell N='Y' V='0.16895806806964' U='IN' F='Height*1'/></Row><Row T='EllipticalArcTo' IX='2'><Cell N='X' V='0.179487179487182' U='IN' F='Width*1'/><Cell N='Y' V='0.07413466252035197' U='IN' F='Height*0.43877551020408'/><Cell N='A' V='0.08550894133174196' U='IN' F='Width*0.47640695884827'/><Cell N='B' V='0.1110726077149369' U='IN' F='Height*0.65739747727913'/><Cell N='C' V='-1.485065592520247' U='DA' F='_ELLIPSE_THETA(-1.5069103201993,1.1712794661298,0.19685039370079,0.19291338582677,Width,Height)'/><Cell N='D' V='1.125566528601139' F='_ELLIPSE_ECC(-1.5069103201993,1.1712794661298,0.19685039370079,0.19291338582677,Width,Height,Geometry1.C2)'/></Row></Section><Section N='Geometry' IX='1'><Cell N='NoFill' V='1'/><Cell N='NoLine' V='0'/><Cell N='NoShow' V='0'/><Cell N='NoSnap' V='0'/><Cell N='NoQuickDrag' V='0' F='No Formula'/><Row T='MoveTo' IX='1'><Cell N='X' V='0' U='IN' F='Width*0'/><Cell N='Y' V='0.131890736809464' U='IN' F='Height*0.78061224489796'/></Row><Row T='EllipticalArcTo' IX='2'><Cell N='X' V='0.179487179487182' U='IN' F='Width*1'/><Cell N='Y' V='0.03706733126017599' U='IN' F='Height*0.21938775510204'/><Cell N='A' V='0.08550894133174196' U='IN' F='Width*0.47640695884827'/><Cell N='B' V='0.07400527645476088' U='IN' F='Height*0.43800972217709'/><Cell N='C' V='-1.485065592520247' U='DA' F='_ELLIPSE_THETA(-1.5069103201993,1.1712794661298,0.19685039370079,0.19291338582677,Width,Height)'/><Cell N='D' V='1.125566528601139' F='_ELLIPSE_ECC(-1.5069103201993,1.1712794661298,0.19685039370079,0.19291338582677,Width,Height,Geometry2.C2)'/></Row></Section><Section N='Geometry' IX='2'><Cell N='NoFill' V='1'/><Cell N='NoLine' V='0'/><Cell N='NoShow' V='0'/><Cell N='NoSnap' V='0'/><Cell N='NoQuickDrag' V='0' F='No Formula'/><Row T='MoveTo' IX='1'><Cell N='X' V='0' U='IN' F='Width*0'/><Cell N='Y' V='0.09482340554928803' U='IN' F='Height*0.56122448979592'/></Row><Row T='EllipticalArcTo' IX='2'><Cell N='X' V='0.179487179487182' U='IN' F='Width*1'/><Cell N='Y' V='0' U='IN' F='Height*0'/><Cell N='A' V='0.08550894133174196' U='IN' F='Width*0.47640695884827'/><Cell N='B' V='0.0369379451945832' U='IN' F='Height*0.21862196707504'/><Cell N='C' V='-1.485065592520247' U='DA' F='_ELLIPSE_THETA(-1.5069103201993,1.1712794661298,0.19685039370079,0.19291338582677,Width,Height)'/><Cell N='D' V='1.125566528601139' F='_ELLIPSE_ECC(-1.5069103201993,1.1712794661298,0.19685039370079,0.19291338582677,Width,Height,Geometry3.C2)'/></Row></Section></Shape><Shape ID='12' Type='Group' LineStyle='3' FillStyle='3' TextStyle='3'><Cell N='PinX' V='0.132429600074863' U='IN' F='Sheet.5!Width*0.18918514296409'/><Cell N='PinY' V='0.53632307942211' U='IN' F='Sheet.5!Height*0.53632307942211'/><Cell N='Width' V='0.193064328354856' U='IN' F='Sheet.5!Width*0.27580618336408'/><Cell N='Height' V='0.21057111237045' U='IN' F='Sheet.5!Height*0.21057111237045'/><Cell N='LocPinX' V='0.09653216417742801' U='IN' F='Width*0.5'/><Cell N='LocPinY' V='0.105285556185225' U='IN' F='Height*0.5'/><Cell N='Angle' V='0'/><Cell N='FlipX' V='0'/><Cell N='FlipY' V='0'/><Cell N='ResizeMode' V='0'/><Cell N='Copyright' V='Copyright (c) 2012 Microsoft Corporation.  All rights reserved.'/><Cell N='LayerMember' V='' F='No Formula'/><Cell N='ObjType' V='8'/><Cell N='QuickStyleVariation' V='4'/><Shapes><Shape ID='13' Type='Shape' LineStyle='3' FillStyle='3' TextStyle='3'><Cell N='PinX' V='0.09653216417742801' U='IN' F='Sheet.12!Width*0.5'/><Cell N='PinY' V='0.15516557271702' U='IN' F='Sheet.12!Height*0.73687967437833'/><Cell N='Width' V='0.193064328354856' U='IN' F='Sheet.12!Width*1'/><Cell N='Height' V='0.1108110793068601' U='IN' F='Sheet.12!Height*0.52624065124334'/><Cell N='LocPinX' V='0.09653216417742801' U='IN' F='Width*0.5'/><Cell N='LocPinY' V='0.05540553965343006' U='IN' F='Height*0.5'/><Cell N='Angle' V='0'/><Cell N='FlipX' V='0'/><Cell N='FlipY' V='0'/><Cell N='ResizeMode' V='0'/><Cell N='FillForegnd' V='0' F='THEMEVAL("FillColor",0)'/><Cell N='FillPattern' V='1' F='GUARD(1)'/><Cell N='ShdwPattern' V='0' F='GUARD(0)'/><Cell N='LineWeight' V='0.005' U='PT' F='GUARD(0.36PT)'/><Cell N='LineColor' V='0' F='GUARD(0)'/><Cell N='LinePattern' V='1' F='GUARD(1)'/><Cell N='Rounding' V='0' F='GUARD(0)'/><Cell N='BeginArrow' V='0' F='GUARD(0)'/><Cell N='EndArrow' V='0' F='GUARD(0)'/><Cell N='Copyright' V='Copyright (c) 2012 Microsoft Corporation.  All rights reserved.'/><Cell N='LayerMember' V='' F='No Formula'/><Cell N='FillGradientEnabled' V='0' F='GUARD(FALSE)'/><Section N='Geometry' IX='0'><Cell N='NoFill' V='0'/><Cell N='NoLine' V='0'/><Cell N='NoShow' V='0'/><Cell N='NoSnap' V='0'/><Cell N='NoQuickDrag' V='0' F='No Formula'/><Row T='MoveTo' IX='1'><Cell N='X' V='0.00639766168819077' U='IN' F='Width*0.03313746119082'/><Cell N='Y' V='0.09482340554928886' U='IN' F='Height*0.85572134250856'/></Row><Row T='EllipticalArcTo' IX='2'><Cell N='X' V='0.1858848411753689' U='IN' F='Width*0.96281297927657'/><Cell N='Y' V='0' U='IN' F='Height*0'/><Cell N='A' V='0.1454258200291117' U='IN' F='Width*0.75325059408083'/><Cell N='B' V='0.01295400120023513' U='IN' F='Height*0.1169016787966'/><Cell N='C' V='0' U='DA'/><Cell N='D' V='1.041071538678651' F='Width/Height*0.59753275926041'/></Row><Row T='EllipticalArcTo' IX='3'><Cell N='X' V='0.1858848411753689' U='IN' F='Width*0.96281297927657'/><Cell N='Y' V='0.01724061919077979' U='IN' F='Height*0.15558569863792'/><Cell N='A' V='0.193064328354856' U='IN' F='Width*1'/><Cell N='B' V='0.008620309595389786' U='IN' F='Height*0.077792849318959'/><Cell N='C' V='0' U='DA'/><Cell N='D' V='1.041071538678651' F='Width/Height*0.59753275926041'/></Row><Row T='EllipticalArcTo' IX='4'><Cell N='X' V='0.009987405277934333' U='IN' F='Width*0.051730971552535'/><Cell N='Y' V='0.1093055256695447' U='IN' F='Height*0.98641332936442'/><Cell N='A' V='0.09446985028014773' U='IN' F='Width*0.48931799615779'/><Cell N='B' V='0.05246981585918303' U='IN' F='Height*0.47350694702542'/><Cell N='C' V='0' U='DA' F='_ELLIPSE_THETA(-1.567144963773,1,0.21174096754329,0.12652216458461,Width,Height)'/><Cell N='D' V='1.041071538678643' F='_ELLIPSE_ECC(-1.567144963773,1,0.21174096754329,0.12652216458461,Width,Height,Geometry1.C4)'/></Row><Row T='EllipticalArcTo' IX='5'><Cell N='X' V='3.82574868396471E-5' U='IN' F='Width*0.00019815927243343'/><Cell N='Y' V='0.1044391888214582' U='IN' F='Height*0.94249771299712'/><Cell N='A' V='0.002306178822005439' U='IN' F='Width*0.011945131664958'/><Cell N='B' V='0.1096093647826314' U='IN' F='Height*0.98915528544848'/><Cell N='C' V='0' U='DA' F='_ELLIPSE_THETA(-0.98087878053983,1,0.21174096754329,0.12652216458461,Width,Height)'/><Cell N='D' V='1.041071538678643' F='_ELLIPSE_ECC(-0.98087878053983,1,0.21174096754329,0.12652216458461,Width,Height,Geometry1.C5)'/></Row><Row T='EllipticalArcTo' IX='6'><Cell N='X' V='0.00639766168819077' U='IN' F='Geometry1.X1'/><Cell N='Y' V='0.09482340554928886' U='IN' F='Geometry1.Y1'/><Cell N='A' V='0.001661903417510263' U='IN' F='Width*0.0086080294152302'/><Cell N='B' V='0.09944901582462945' U='IN' F='Height*0.89746455360509'/><Cell N='C' V='0' U='DA' F='_ELLIPSE_THETA(-1.4675269138453,1,0.21174096754329,0.12652216458461,Width,Height)'/><Cell N='D' V='1.041071538678643' F='_ELLIPSE_ECC(-1.4675269138453,1,0.21174096754329,0.12652216458461,Width,Height,Geometry1.C6)'/></Row></Section></Shape><Shape ID='14' Type='Shape' LineStyle='3' FillStyle='3' TextStyle='3'><Cell N='PinX' V='0.08468892552610355' U='IN' F='Sheet.12!Width*0.43865651540995'/><Cell N='PinY' V='0.1391906492194251' U='IN' F='Sheet.12!Height*0.66101493055017'/><Cell N='Width' V='0.05521234411904367' U='IN' F='Sheet.12!Width*0.28597900290292'/><Cell N='Height' V='0.03539797083334493' U='IN' F='Sheet.12!Height*0.16810459153139'/><Cell N='LocPinX' V='0.02760617205952183' U='IN' F='Width*0.5'/><Cell N='LocPinY' V='0.01769898541667246' U='IN' F='Height*0.5'/><Cell N='Angle' V='0'/><Cell N='FlipX' V='0'/><Cell N='FlipY' V='0'/><Cell N='ResizeMode' V='0'/><Cell N='LineWeight' V='0.001666666666666667' U='PT' F='GUARD(0.12PT)'/><Cell N='LineColor' V='1' F='GUARD(1)'/><Cell N='LinePattern' V='1' F='GUARD(1)'/><Cell N='Rounding' V='0' F='GUARD(0)'/><Cell N='BeginArrow' V='0' F='GUARD(0)'/><Cell N='EndArrow' V='0' F='GUARD(0)'/><Cell N='FillForegnd' V='1' F='THEMEVAL("FillColor",1)'/><Cell N='FillBkgnd' V='#e7e4cd' F='THEMEVAL("FillColor2",RGB(231,228,205))'/><Cell N='FillPattern' V='34' F='GUARD(34)'/><Cell N='ShdwPattern' V='0' F='GUARD(0)'/><Cell N='Copyright' V='Copyright (c) 2012 Microsoft Corporation.  All rights reserved.'/><Cell N='LayerMember' V='' F='No Formula'/><Cell N='FillGradientDir' V='8' F='GUARD(8)'/><Cell N='FillGradientEnabled' V='1' F='GUARD(TRUE)'/><Cell N='UseGroupGradient' V='0' F='GUARD(FALSE)'/><Section N='FillGradient'><Row IX='0'><Cell N='GradientStopColor' V='1' F='THEMEVAL("FillStop1Color",1)'/><Cell N='GradientStopColorTrans' V='0' F='THEMEVAL("FillStop1Transparency",0%)'/><Cell N='GradientStopPosition' V='0' F='THEMEVAL("FillStop1Position",0%)'/></Row><Row IX='1'><Cell N='GradientStopColor' V='#e7e4cd' F='THEMEVAL("FillStop2Color",RGB(231,228,205))'/><Cell N='GradientStopColorTrans' V='0' F='THEMEVAL("FillStop2Transparency",0%)'/><Cell N='GradientStopPosition' V='1' F='THEMEVAL("FillStop2Position",100%)'/></Row><Row IX='2' Del='1'/><Row IX='3' Del='1'/><Row IX='4' Del='1'/><Row IX='5' Del='1'/><Row IX='6' Del='1'/><Row IX='7' Del='1'/><Row IX='8' Del='1'/><Row IX='9' Del='1'/></Section><Section N='Geometry' IX='0'><Cell N='NoFill' V='0'/><Cell N='NoLine' V='0'/><Cell N='NoShow' V='0'/><Cell N='NoSnap' V='0'/><Cell N='NoQuickDrag' V='0' F='No Formula'/><Row T='MoveTo' IX='1'><Cell N='X' V='0.05521234411903814' U='IN' F='Width*0.9999999999999'/><Cell N='Y' V='0.0007052244018470994' U='IN' F='Height*0.019922735265457'/></Row><Row T='EllipticalArcTo' IX='2'><Cell N='X' V='0.001366190272884335' U='IN' F='Width*0.024744290333674'/><Cell N='Y' V='0.02829021510709507' U='IN' F='Height*0.79920443011512'/><Cell N='A' V='0.03134523362260121' U='IN' F='Width*0.56772147828061'/><Cell N='B' V='0.03239312191264138' U='IN' F='Height*0.91511239627688'/><Cell N='C' V='-1.555978947178369' U='DA' F='_ELLIPSE_THETA(-1.5571331527058,1.7589589544507,0.06055347077173,0.040416787921859,Width,Height)'/><Cell N='D' V='1.689593425623927' F='_ELLIPSE_ECC(-1.5571331527058,1.7589589544507,0.06055347077173,0.040416787921859,Width,Height,Geometry1.C2)'/></Row><Row T='EllipticalArcTo' IX='3'><Cell N='X' V='0.05521234411903814' U='IN' F='Geometry1.X1'/><Cell N='Y' V='0.0007052244018470994' U='IN' F='Geometry1.Y1'/><Cell N='A' V='0.01296462065429685' U='IN' F='Width*0.23481380588268'/><Cell N='B' V='0.006645944449870402' U='IN' F='Height*0.18774930577687'/><Cell N='C' V='-7.359752305035835E-6' U='DA'/><Cell N='D' V='1.950038194377119' F='Width/Height*1.2502167084165'/></Row></Section></Shape><Shape ID='15' Type='Shape' LineStyle='3' FillStyle='3' TextStyle='3'><Cell N='PinX' V='0.09692307692307715' U='IN' F='Sheet.12!Width*0.50202477976631'/><Cell N='PinY' V='0.07241060060127513' U='IN' F='Sheet.12!Height*0.34387718137655'/><Cell N='Width' V='0.1794871794871781' U='IN' F='Sheet.12!Width*0.92967551808575'/><Cell N='Height' V='0.1430971392834737' U='IN' F='Sheet.12!Height*0.67956681081557'/><Cell N='LocPinX' V='0.08974358974358906' U='IN' F='Width*0.5'/><Cell N='LocPinY' V='0.07154856964173686' U='IN' F='Height*0.5'/><Cell N='Angle' V='0'/><Cell N='FlipX' V='0'/><Cell N='FlipY' V='0'/><Cell N='ResizeMode' V='0'/><Cell N='FillForegnd' V='0' F='THEMEVAL("FillColor",0)'/><Cell N='FillBkgnd' V='#e7e4cd' F='THEMEVAL("FillColor2",RGB(231,228,205))'/><Cell N='FillPattern' V='35' F='GUARD(35)'/><Cell N='ShdwPattern' V='0' F='GUARD(0)'/><Cell N='FillForegndTrans' V='0.6' F='THEMEVAL("FillTransparency",60%)'/><Cell N='FillBkgndTrans' V='0.6' F='THEMEVAL("FillTransparencyBkgnd",60%)'/><Cell N='LineWeight' V='0.001666666666666667' U='PT' F='GUARD(0.12PT)'/><Cell N='LineColor' V='0' F='GUARD(0)'/><Cell N='LinePattern' V='0' F='GUARD(0)'/><Cell N='Rounding' V='0' F='GUARD(0)'/><Cell N='BeginArrow' V='0' F='GUARD(0)'/><Cell N='EndArrow' V='0' F='GUARD(0)'/><Cell N='Copyright' V='Copyright (c) 2012 Microsoft Corporation.  All rights reserved.'/><Cell N='LayerMember' V='' F='No Formula'/><Cell N='FillGradientDir' V='10' F='GUARD(10)'/><Cell N='FillGradientEnabled' V='1' F='GUARD(TRUE)'/><Cell N='UseGroupGradient' V='0' F='GUARD(FALSE)'/><Section N='FillGradient'><Row IX='0'><Cell N='GradientStopColor' V='0' F='THEMEVAL("FillStop1Color",0)'/><Cell N='GradientStopColorTrans' V='0.6' F='THEMEVAL("FillStop1Transparency",60%)'/><Cell N='GradientStopPosition' V='0' F='THEMEVAL("FillStop1Position",0%)'/></Row><Row IX='1'><Cell N='GradientStopColor' V='#e7e4cd' F='THEMEVAL("FillStop2Color",RGB(231,228,205))'/><Cell N='GradientStopColorTrans' V='0.6' F='THEMEVAL("FillStop2Transparency",60%)'/><Cell N='GradientStopPosition' V='1' F='THEMEVAL("FillStop2Position",100%)'/></Row><Row IX='2' Del='1'/><Row IX='3' Del='1'/><Row IX='4' Del='1'/><Row IX='5' Del='1'/><Row IX='6' Del='1'/><Row IX='7' Del='1'/><Row IX='8' Del='1'/><Row IX='9' Del='1'/></Section><Section N='Geometry' IX='0'><Cell N='NoFill' V='0'/><Cell N='NoLine' V='0'/><Cell N='NoShow' V='0'/><Cell N='NoSnap' V='0'/><Cell N='NoQuickDrag' V='0' F='No Formula'/><Row T='MoveTo' IX='1'><Cell N='X' V='0' U='IN' F='Width*0'/><Cell N='Y' V='0.1430971392834737' U='IN' F='Height*1'/></Row><Row T='LineTo' IX='2'><Cell N='X' V='0' U='IN' F='Width*0'/><Cell N='Y' V='0.09482340554929003' U='IN' F='Height*0.66265060240964'/></Row><Row T='EllipticalArcTo' IX='3'><Cell N='X' V='0.1794871794871781' U='IN' F='Width*1'/><Cell N='Y' V='0' U='IN' F='Height*0'/><Cell N='A' V='0.07897435897435838' U='IN' F='Width*0.44'/><Cell N='B' V='0.04120507986596474' U='IN' F='Height*0.28795180722892'/><Cell N='C' V='0' U='DA'/><Cell N='D' V='1.041071538678641' F='Width/Height*0.83'/></Row><Row T='LineTo' IX='4'><Cell N='X' V='0.1794871794871781' U='IN' F='Width*1'/><Cell N='Y' V='0.0482737337341837' U='IN' F='Height*0.33734939759036'/></Row><Row T='EllipticalArcTo' IX='5'><Cell N='X' V='0' U='IN' F='Geometry1.X1'/><Cell N='Y' V='0.1430971392834737' U='IN' F='Geometry1.Y1'/><Cell N='A' V='0.0861538461538455' U='IN' F='Width*0.48'/><Cell N='B' V='0.08603068976199227' U='IN' F='Height*0.60120481927711'/><Cell N='C' V='0' U='DA'/><Cell N='D' V='1.041071538678641' F='Width/Height*0.83'/></Row></Section></Shape><Shape ID='16' Type='Shape' LineStyle='3' FillStyle='3' TextStyle='3'><Cell N='PinX' V='0.09692307692307715' U='IN' F='Sheet.12!Width*0.50202477976631'/><Cell N='PinY' V='0.08103091019666618' U='IN' F='Sheet.12!Height*0.38481494106424'/><Cell N='Width' V='0.1794871794871781' U='IN' F='Sheet.12!Width*0.92967551808575'/><Cell N='Height' V='0.1068918389828351' U='IN' F='Sheet.12!Height*0.50762822012729'/><Cell N='LocPinX' V='0.08974358974358906' U='IN' F='Width*0.5'/><Cell N='LocPinY' V='0.05344591949141756' U='IN' F='Height*0.5'/><Cell N='Angle' V='0'/><Cell N='FlipX' V='0'/><Cell N='FlipY' V='0'/><Cell N='ResizeMode' V='0'/><Cell N='LineWeight' V='0.003333333333333333' U='PT' F='GUARD(0.24PT)'/><Cell N='LineColor' V='1' F='GUARD(1)'/><Cell N='LinePattern' V='0' F='GUARD(0)'/><Cell N='Rounding' V='0' F='GUARD(0)'/><Cell N='BeginArrow' V='0' F='GUARD(0)'/><Cell N='EndArrow' V='0' F='GUARD(0)'/><Cell N='FillForegnd' V='0' F='THEMEVAL("FillColor",0)'/><Cell N='FillPattern' V='1' F='GUARD(1)'/><Cell N='ShdwPattern' V='0' F='GUARD(0)'/><Cell N='Copyright' V='Copyright (c) 2012 Microsoft Corporation.  All rights reserved.'/><Cell N='LayerMember' V='' F='No Formula'/><Cell N='FillGradientEnabled' V='0' F='GUARD(FALSE)'/><Section N='Geometry' IX='0'><Cell N='NoFill' V='0'/><Cell N='NoLine' V='0'/><Cell N='NoShow' V='0'/><Cell N='NoSnap' V='0'/><Cell N='NoQuickDrag' V='0' F='No Formula'/><Row T='MoveTo' IX='1'><Cell N='X' V='0' U='IN' F='Width*0'/><Cell N='Y' V='0.09482340554928834' U='IN' F='Height*0.88709677419354'/></Row><Row T='EllipticalArcTo' IX='2'><Cell N='X' V='0.1794871794871781' U='IN' F='Width*1'/><Cell N='Y' V='0' U='IN' F='Height*0'/><Cell N='A' V='0.08241500998249912' U='IN' F='Width*0.45916934133107'/><Cell N='B' V='0.03806081138698701' U='IN' F='Height*0.35606844965123'/><Cell N='C' V='0' U='DA'/><Cell N='D' V='1.041071538678648' F='Width/Height*0.62'/></Row><Row T='LineTo' IX='3'><Cell N='X' V='0.1794871794871781' U='IN' F='Width*1'/><Cell N='Y' V='0.01206843343354573' U='IN' F='Height*0.11290322580645'/></Row><Row T='EllipticalArcTo' IX='4'><Cell N='X' V='0' U='IN' F='Width*0'/><Cell N='Y' V='0.1068918389828351' U='IN' F='Height*1'/><Cell N='A' V='0.08974358974358906' U='IN' F='Width*0.5'/><Cell N='B' V='0.04758410896655127' U='IN' F='Height*0.44516129032257'/><Cell N='C' V='0' U='DA'/><Cell N='D' V='1.041071538678648' F='Width/Height*0.62'/></Row><Row T='LineTo' IX='5'><Cell N='X' V='0' U='IN' F='Geometry1.X1'/><Cell N='Y' V='0.09482340554928834' U='IN' F='Geometry1.Y1'/></Row></Section></Shape><Shape ID='17' Type='Shape' LineStyle='3' FillStyle='3' TextStyle='3'><Cell N='PinX' V='0.09692307692307715' U='IN' F='Sheet.12!Width*0.50202477976631'/><Cell N='PinY' V='0.07327263156081446' U='IN' F='Sheet.12!Height*0.34797095734532'/><Cell N='Width' V='0.1794871794871781' U='IN' F='Sheet.12!Width*0.92967551808575'/><Cell N='Height' V='0.1430971392834737' U='IN' F='Sheet.12!Height*0.67956681081557'/><Cell N='LocPinX' V='0.08974358974358906' U='IN' F='Width*0.5'/><Cell N='LocPinY' V='0.07154856964173686' U='IN' F='Height*0.5'/><Cell N='Angle' V='0'/><Cell N='FlipX' V='0'/><Cell N='FlipY' V='0'/><Cell N='ResizeMode' V='0'/><Cell N='FillForegnd' V='0' F='THEMEVAL("FillColor",0)'/><Cell N='FillBkgnd' V='#e7e4cd' F='THEMEVAL("FillColor2",RGB(231,228,205))'/><Cell N='FillPattern' V='0' F='GUARD(0)'/><Cell N='ShdwPattern' V='0' F='GUARD(0)'/><Cell N='FillForegndTrans' V='0.6' F='THEMEVAL("FillTransparency",60%)'/><Cell N='FillBkgndTrans' V='0.6' F='THEMEVAL("FillTransparencyBkgnd",60%)'/><Cell N='LineWeight' V='0.005' U='PT' F='GUARD(0.36PT)'/><Cell N='LineColor' V='1' F='GUARD(1)'/><Cell N='LinePattern' V='1' F='GUARD(1)'/><Cell N='Rounding' V='0' F='GUARD(0)'/><Cell N='BeginArrow' V='0' F='GUARD(0)'/><Cell N='EndArrow' V='0' F='GUARD(0)'/><Cell N='Copyright' V='Copyright (c) 2012 Microsoft Corporation.  All rights reserved.'/><Cell N='LayerMember' V='' F='No Formula'/><Cell N='FillGradientEnabled' V='0' F='GUARD(FALSE)'/><Cell N='QuickStyleVariation' V='4'/><Section N='Geometry' IX='0'><Cell N='NoFill' V='1'/><Cell N='NoLine' V='0'/><Cell N='NoShow' V='0'/><Cell N='NoSnap' V='0'/><Cell N='NoQuickDrag' V='0' F='No Formula'/><Row T='MoveTo' IX='1'><Cell N='X' V='0' U='IN' F='Width*0'/><Cell N='Y' V='0.1430971392834737' U='IN' F='Height*1'/></Row><Row T='LineTo' IX='2'><Cell N='X' V='0' U='IN' F='Width*0'/><Cell N='Y' V='0.09482340554929003' U='IN' F='Height*0.66265060240964'/></Row><Row T='EllipticalArcTo' IX='3'><Cell N='X' V='0.1794871794871781' U='IN' F='Width*1'/><Cell N='Y' V='0' U='IN' F='Height*0'/><Cell N='A' V='0.07897435897435838' U='IN' F='Width*0.44'/><Cell N='B' V='0.04120507986596474' U='IN' F='Height*0.28795180722892'/><Cell N='C' V='0' U='DA'/><Cell N='D' V='1.041071538678641' F='Width/Height*0.83'/></Row></Section></Shape><Shape ID='18' Type='Shape' LineStyle='3' FillStyle='3' TextStyle='3'><Cell N='PinX' V='0.09692307692307715' U='IN' F='Sheet.12!Width*0.50202477976631'/><Cell N='PinY' V='0.07154856964173582' U='IN' F='Sheet.12!Height*0.33978340540778'/><Cell N='Width' V='0.1794871794871781' U='IN' F='Sheet.12!Width*0.92967551808575'/><Cell N='Height' V='0.1430971392834737' U='IN' F='Sheet.12!Height*0.67956681081557'/><Cell N='LocPinX' V='0.08974358974358906' U='IN' F='Width*0.5'/><Cell N='LocPinY' V='0.07154856964173686' U='IN' F='Height*0.5'/><Cell N='Angle' V='0'/><Cell N='FlipX' V='0'/><Cell N='FlipY' V='0'/><Cell N='ResizeMode' V='0'/><Cell N='FillForegnd' V='0' F='THEMEVAL("FillColor",0)'/><Cell N='FillBkgnd' V='#e7e4cd' F='THEMEVAL("FillColor2",RGB(231,228,205))'/><Cell N='FillPattern' V='35' F='GUARD(35)'/><Cell N='ShdwPattern' V='0' F='GUARD(0)'/><Cell N='FillForegndTrans' V='0.6' F='THEMEVAL("FillTransparency",60%)'/><Cell N='FillBkgndTrans' V='0.6' F='THEMEVAL("FillTransparencyBkgnd",60%)'/><Cell N='LineWeight' V='0.005' U='PT' F='GUARD(0.36PT)'/><Cell N='LineColor' V='0' F='GUARD(0)'/><Cell N='LinePattern' V='1' F='GUARD(1)'/><Cell N='Rounding' V='0' F='GUARD(0)'/><Cell N='BeginArrow' V='0' F='GUARD(0)'/><Cell N='EndArrow' V='0' F='GUARD(0)'/><Cell N='LockCalcWH' V='1'/><Cell N='Copyright' V='Copyright (c) 2012 Microsoft Corporation.  All rights reserved.'/><Cell N='LayerMember' V='' F='No Formula'/><Cell N='FillGradientDir' V='10' F='GUARD(10)'/><Cell N='FillGradientEnabled' V='1' F='GUARD(TRUE)'/><Cell N='UseGroupGradient' V='0' F='GUARD(FALSE)'/><Section N='FillGradient'><Row IX='0'><Cell N='GradientStopColor' V='0' F='THEMEVAL("FillStop1Color",0)'/><Cell N='GradientStopColorTrans' V='0.6' F='THEMEVAL("FillStop1Transparency",60%)'/><Cell N='GradientStopPosition' V='0' F='THEMEVAL("FillStop1Position",0%)'/></Row><Row IX='1'><Cell N='GradientStopColor' V='#e7e4cd' F='THEMEVAL("FillStop2Color",RGB(231,228,205))'/><Cell N='GradientStopColorTrans' V='0.6' F='THEMEVAL("FillStop2Transparency",60%)'/><Cell N='GradientStopPosition' V='1' F='THEMEVAL("FillStop2Position",100%)'/></Row><Row IX='2' Del='1'/><Row IX='3' Del='1'/><Row IX='4' Del='1'/><Row IX='5' Del='1'/><Row IX='6' Del='1'/><Row IX='7' Del='1'/><Row IX='8' Del='1'/><Row IX='9' Del='1'/></Section><Section N='Geometry' IX='0'><Cell N='NoFill' V='1'/><Cell N='NoLine' V='0'/><Cell N='NoShow' V='0'/><Cell N='NoSnap' V='0'/><Cell N='NoQuickDrag' V='0' F='No Formula'/><Row T='MoveTo' IX='1'><Cell N='X' V='0.1794871794871781' U='IN' F='Width*1'/><Cell N='Y' V='0' U='IN' F='Height*0'/></Row><Row T='LineTo' IX='2'><Cell N='X' V='0.1794871794871781' U='IN' F='Width*1'/><Cell N='Y' V='0.0482737337341837' U='IN' F='Height*0.33734939759036'/></Row><Row T='EllipticalArcTo' IX='3'><Cell N='X' V='0' U='IN' F='Width*0'/><Cell N='Y' V='0.1430971392834737' U='IN' F='Height*1'/><Cell N='A' V='0.0861538461538455' U='IN' F='Width*0.48'/><Cell N='B' V='0.08603068976199227' U='IN' F='Height*0.60120481927711'/><Cell N='C' V='0' U='DA'/><Cell N='D' V='1.041071538678641' F='Width/Height*0.83'/></Row></Section></Shape></Shapes></Shape><Shape ID='19' Type='Group' LineStyle='3' FillStyle='3' TextStyle='3'><Cell N='PinX' V='0.499999999999997' U='IN' F='Sheet.5!Width*0.71428571428571'/><Cell N='PinY' V='0.05' U='IN' F='Sheet.5!Height*0.05'/><Cell N='Width' V='0.300000000000001' U='IN' F='Sheet.5!Width*0.42857142857143'/><Cell N='Height' V='0.375' U='IN' F='Sheet.5!Height*0.375'/><Cell N='LocPinX' V='0.1500000000000005' U='IN' F='Width*0.5'/><Cell N='LocPinY' V='0.1875' U='IN' F='Height*0.5'/><Cell N='Angle' V='0'/><Cell N='FlipX' V='0'/><Cell N='FlipY' V='0'/><Cell N='ResizeMode' V='0'/><Cell N='Copyright' V='Copyright (c) 2012 Microsoft Corporation.  All rights reserved.'/><Cell N='LayerMember' V='' F='No Formula'/><Cell N='ObjType' V='8'/><Cell N='QuickStyleVariation' V='6'/><Section N='User'><Row N='IsVisable'><Cell N='Value' V='1' U='BOOL'/><Cell N='Prompt' V='' F='No Formula'/></Row></Section><Shapes><Shape ID='26' Type='Shape' LineStyle='3' FillStyle='3' TextStyle='3'><Cell N='PinX' V='0.2268597606431768' U='IN' F='Sheet.19!Width*0.75619920214392'/><Cell N='PinY' V='0.127585669729215' U='IN' F='Sheet.19!Height*0.34022845261124'/><Cell N='Width' V='0.1088555077446416' U='IN' F='Sheet.19!Width*0.35191037517364+Sheet.19!Height*0.0087530538467981'/><Cell N='Height' V='0.2372262626592427' U='IN' F='Sheet.19!Width*0.023844156969555+Sheet.19!Height*0.61352804151567'/><Cell N='LocPinX' V='0.05442775387232082' U='IN' F='Width*0.5'/><Cell N='LocPinY' V='0.1186131313296214' U='IN' F='Height*0.5'/><Cell N='Angle' V='0.1745329251994333'/><Cell N='FlipX' V='1'/><Cell N='FlipY' V='0'/><Cell N='ResizeMode' V='0'/><Cell N='LineWeight' V='0.003333333333333333' U='PT' F='GUARD(0.24PT)'/><Cell N='LineColor' V='0' F='GUARD(0)'/><Cell N='LinePattern' V='1' F='GUARD(1)'/><Cell N='Rounding' V='0' F='GUARD(0)'/><Cell N='BeginArrow' V='0' F='GUARD(0)'/><Cell N='EndArrow' V='0' F='GUARD(0)'/><Cell N='Copyright' V='Copyright (c) 2012 Microsoft Corporation.  All rights reserved.'/><Cell N='LayerMember' V='' F='No Formula'/><Cell N='FillForegnd' V='1' F='GUARD(1)'/><Cell N='FillBkgnd' V='0' F='GUARD(0)'/><Cell N='FillPattern' V='1' F='GUARD(1)'/><Cell N='ShdwPattern' V='0' F='GUARD(0)'/><Cell N='FillGradientEnabled' V='0' F='GUARD(FALSE)'/><Cell N='QuickStyleVariation' V='6'/><Section N='Geometry' IX='0'><Cell N='NoFill' V='0'/><Cell N='NoLine' V='0'/><Cell N='NoShow' V='0'/><Cell N='NoSnap' V='0'/><Cell N='NoQuickDrag' V='0' F='No Formula'/><Row T='Ellipse' IX='1'><Cell N='X' V='0.05442775387232082' U='IN' F='Width*0.5'/><Cell N='Y' V='0.1186131313296214' U='IN' F='Height*0.5'/><Cell N='A' V='0.1088555077446416' U='IN' F='Width*1'/><Cell N='B' V='0.1186131313296214' U='IN' F='Height*0.5'/><Cell N='C' V='0.05442775387232082' U='IN' F='Width*0.5'/><Cell N='D' V='0.2372262626592427' U='IN' F='Height*1'/></Row></Section></Shape><Shape ID='27' Type='Shape' LineStyle='3' FillStyle='3' TextStyle='3'><Cell N='PinX' V='0.1425422580583655' U='IN' F='Sheet.19!Width*0.47514086019455'/><Cell N='PinY' V='0.1552453550615925' U='IN' F='Sheet.19!Height*0.41398761349758'/><Cell N='Width' V='0.2850845161167279' U='IN' F='Sheet.19!Width*0.95028172038909'/><Cell N='Height' V='0.2904907101231863' U='IN' F='Sheet.19!Height*0.77464189366183'/><Cell N='LocPinX' V='0.142542258058364' U='IN' F='Width*0.5'/><Cell N='LocPinY' V='0.1452453550615931' U='IN' F='Height*0.5'/><Cell N='Angle' V='0'/><Cell N='FlipX' V='1'/><Cell N='FlipY' V='0'/><Cell N='ResizeMode' V='0'/><Cell N='LineWeight' V='0.003333333333333333' U='PT' F='GUARD(0.24PT)'/><Cell N='LineColor' V='0' F='GUARD(0)'/><Cell N='LinePattern' V='1' F='GUARD(1)'/><Cell N='Rounding' V='0' F='GUARD(0)'/><Cell N='BeginArrow' V='0' F='GUARD(0)'/><Cell N='EndArrow' V='0' F='GUARD(0)'/><Cell N='Copyright' V='Copyright (c) 2012 Microsoft Corporation.  All rights reserved.'/><Cell N='LayerMember' V='' F='No Formula'/><Cell N='FillForegnd' V='1' F='GUARD(1)'/><Cell N='FillBkgnd' V='0' F='GUARD(0)'/><Cell N='FillPattern' V='1' F='GUARD(1)'/><Cell N='ShdwPattern' V='0' F='GUARD(0)'/><Cell N='FillGradientEnabled' V='0' F='GUARD(FALSE)'/><Cell N='QuickStyleVariation' V='6'/><Section N='Geometry' IX='0'><Cell N='NoFill' V='0'/><Cell N='NoLine' V='0'/><Cell N='NoShow' V='0'/><Cell N='NoSnap' V='0'/><Cell N='NoQuickDrag' V='0' F='No Formula'/><Row T='MoveTo' IX='1'><Cell N='X' V='0.2850845161167279' U='IN' F='Width*1'/><Cell N='Y' V='0.2904907101231863' U='IN' F='Height*1'/></Row><Row T='LineTo' IX='2'><Cell N='X' V='0.2850845161167279' U='IN' F='Width*1'/><Cell N='Y' V='0.2577908436889474' U='IN' F='Height*0.88743231609585'/></Row><Row T='LineTo' IX='3'><Cell N='X' V='0.2665852223303746' U='IN' F='Width*0.93510944039213'/><Cell N='Y' V='0.2207922561162414' U='IN' F='Height*0.760066495836'/></Row><Row T='LineTo' IX='4'><Cell N='X' V='0.195508988309122' U='IN' F='Width*0.68579307979347'/><Cell N='Y' V='0.1798990803779861' U='IN' F='Height*0.61929374712774'/></Row><Row T='LineTo' IX='5'><Cell N='X' V='0.1721414593158343' U='IN' F='Width*0.6038260571309'/><Cell N='Y' V='0.131216728308635' U='IN' F='Height*0.45170714152267'/></Row><Row T='LineTo' IX='6'><Cell N='X' V='0.1090491310339546' U='IN' F='Width*0.38251509594195'/><Cell N='Y' V='0.09538651718559303' U='IN' F='Height*0.32836339979734'/></Row><Row T='EllipticalArcTo' IX='7'><Cell N='X' V='0.08256593150822553' U='IN' F='Width*0.28961913692436'/><Cell N='Y' V='0.02801014192160898' U='IN' F='Height*0.096423537639916'/><Cell N='A' V='0.09870923858597025' U='IN' F='Width*0.34624552722307'/><Cell N='B' V='0.0617754845343677' U='IN' F='Height*0.21265907094988'/><Cell N='C' V='0' U='DA'/><Cell N='D' V='0.9999999999999766' F='Width/Height*1.0189634781997'/></Row><Row T='EllipticalArcTo' IX='8'><Cell N='X' V='0.05841948488182897' U='IN' F='Width*0.20491988017304'/><Cell N='Y' V='0.005270424312328181' U='IN' F='Height*0.018143176799331'/><Cell N='A' V='0.07049270819502726' U='IN' F='Width*0.2472695085487'/><Cell N='B' V='0.01469298903419433' U='IN' F='Height*0.05057989299542'/><Cell N='C' V='0' U='DA'/><Cell N='D' V='0.9999999999999766' F='Width/Height*1.0189634781997'/></Row><Row T='EllipticalArcTo' IX='9'><Cell N='X' V='0.01752896934003444' U='IN' F='Width*0.061486921769042'/><Cell N='Y' V='0.01482589075992793' U='IN' F='Height*0.051037400657807'/><Cell N='A' V='0.03797422711093142' U='IN' F='Width*0.13320340097104'/><Cell N='B' V='0.0003116871222576539' U='IN' F='Height*0.0010729676075544'/><Cell N='C' V='0' U='DA'/><Cell N='D' V='0.9999999999999766' F='Width/Height*1.0189634781997'/></Row><Row T='EllipticalArcTo' IX='10'><Cell N='X' V='6.623986072422146E-7' U='IN' F='Width*2.3235166057598E-6'/><Cell N='Y' V='0.08393340220562942' U='IN' F='Height*0.28893661408324'/><Cell N='A' V='0.004870227703772842' U='IN' F='Width*0.017083452199062'/><Cell N='B' V='0.04645870535861781' U='IN' F='Height*0.15993181103422'/><Cell N='C' V='0' U='DA'/><Cell N='D' V='0.9999999999999766' F='Width/Height*1.0189634781997'/></Row><Row T='EllipticalArcTo' IX='11'><Cell N='X' V='0.01737492183050076' U='IN' F='Width*0.060946564433498'/><Cell N='Y' V='0.1730680921634463' U='IN' F='Height*0.59577840575368'/><Cell N='A' V='0.005766850990392865' U='IN' F='Width*0.02022856614223'/><Cell N='B' V='0.1314216883087006' U='IN' F='Height*0.45241270625477'/><Cell N='C' V='0' U='DA'/><Cell N='D' V='0.9999999999999766' F='Width/Height*1.0189634781997'/></Row><Row T='EllipticalArcTo' IX='12'><Cell N='X' V='0.05841948488182897' U='IN' F='Width*0.20491988017304'/><Cell N='Y' V='0.2316971029797745' U='IN' F='Height*0.79760589549153'/><Cell N='A' V='0.03302896814923082' U='IN' F='Width*0.11585675924857'/><Cell N='B' V='0.2043298916543851' U='IN' F='Height*0.70339561484681'/><Cell N='C' V='0' U='DA'/><Cell N='D' V='0.9999999999999766' F='Width/Height*1.0189634781997'/></Row><Row T='EllipticalArcTo' IX='13'><Cell N='X' V='0.09900298085968821' U='IN' F='Width*0.34727589631403'/><Cell N='Y' V='0.2202304598241634' U='IN' F='Height*0.7581325396973'/><Cell N='A' V='0.08211899751561121' U='IN' F='Width*0.28805141238182'/><Cell N='B' V='0.2337529577330662' U='IN' F='Height*0.80468307449123'/><Cell N='C' V='0' U='DA'/><Cell N='D' V='0.9999999999999766' F='Width/Height*1.0189634781997'/></Row><Row T='EllipticalArcTo' IX='14'><Cell N='X' V='0.111726660397767' U='IN' F='Width*0.39190715062203'/><Cell N='Y' V='0.1903171037208259' U='IN' F='Height*0.65515728072722'/><Cell N='A' V='0.1072390543843831' U='IN' F='Width*0.37616583266302'/><Cell N='B' V='0.2050483030034294' U='IN' F='Height*0.70586871062581'/><Cell N='C' V='0' U='DA'/><Cell N='D' V='0.9999999999999766' F='Width/Height*1.0189634781997'/></Row><Row T='LineTo' IX='15'><Cell N='X' V='0.2850845161167279' U='IN' F='Geometry1.X1'/><Cell N='Y' V='0.2904907101231863' U='IN' F='Geometry1.Y1'/></Row></Section></Shape><Shape ID='28' Type='Shape' LineStyle='3' FillStyle='3' TextStyle='3'><Cell N='PinX' V='0.2485054141353878' U='IN' F='Sheet.19!Width*0.82835138045129'/><Cell N='PinY' V='0.1165964710711763' U='IN' F='Sheet.19!Height*0.31092392285647'/><Cell N='Width' V='0.03431007911617136' U='IN' F='Sheet.19!Width*0.11091834546703+Sheet.19!Height*0.002758867936166'/><Cell N='Height' V='0.06671404272588898' U='IN' F='Sheet.19!Width*0.0067055817892924+Sheet.19!Height*0.17253964850427'/><Cell N='LocPinX' V='0.01715503955808568' U='IN' F='Width*0.5'/><Cell N='LocPinY' V='0.03335702136294449' U='IN' F='Height*0.5'/><Cell N='Angle' V='0.1745329251994333'/><Cell N='FlipX' V='1'/><Cell N='FlipY' V='0'/><Cell N='ResizeMode' V='0'/><Cell N='LineWeight' V='0.003333333333333333' U='PT' F='GUARD(0.24PT)'/><Cell N='LineColor' V='0' F='GUARD(0)'/><Cell N='LinePattern' V='1' F='GUARD(1)'/><Cell N='Rounding' V='0' F='GUARD(0)'/><Cell N='BeginArrow' V='0' F='GUARD(0)'/><Cell N='EndArrow' V='0' F='GUARD(0)'/><Cell N='Copyright' V='Copyright (c) 2012 Microsoft Corporation.  All rights reserved.'/><Cell N='LayerMember' V='' F='No Formula'/><Cell N='FillForegnd' V='1' F='GUARD(1)'/><Cell N='FillBkgnd' V='0' F='GUARD(0)'/><Cell N='FillPattern' V='1' F='GUARD(1)'/><Cell N='ShdwPattern' V='0' F='GUARD(0)'/><Cell N='FillGradientEnabled' V='0' F='GUARD(FALSE)'/><Cell N='QuickStyleVariation' V='6'/><Section N='Geometry' IX='0'><Cell N='NoFill' V='0'/><Cell N='NoLine' V='0'/><Cell N='NoShow' V='0'/><Cell N='NoSnap' V='0'/><Cell N='NoQuickDrag' V='0' F='No Formula'/><Row T='Ellipse' IX='1'><Cell N='X' V='0.01715503955808568' U='IN' F='Width*0.5'/><Cell N='Y' V='0.03335702136294449' U='IN' F='Height*0.5'/><Cell N='A' V='0.03431007911617136' U='IN' F='Width*1'/><Cell N='B' V='0.03335702136294449' U='IN' F='Height*0.5'/><Cell N='C' V='0.01715503955808568' U='IN' F='Width*0.5'/><Cell N='D' V='0.06671404272588898' U='IN' F='Height*1'/></Row></Section></Shape><Shape ID='29' Type='Shape' LineStyle='3' FillStyle='3' TextStyle='3'><Cell N='PinX' V='0.09054917484899429' U='IN' F='Sheet.19!Width*0.30183058282998'/><Cell N='PinY' V='0.25681453095999' U='IN' F='Sheet.19!Height*0.68483874922664'/><Cell N='Width' V='0.1810983496979886' U='IN' F='Sheet.19!Width*0.60366116565996'/><Cell N='Height' V='0.1129948544783288' U='IN' F='Sheet.19!Height*0.30131961194221'/><Cell N='LocPinX' V='0.09054917484899429' U='IN' F='Width*0.5'/><Cell N='LocPinY' V='0.05649742723916438' U='IN' F='Height*0.5'/><Cell N='Angle' V='0'/><Cell N='FlipX' V='1'/><Cell N='FlipY' V='0'/><Cell N='ResizeMode' V='0'/><Cell N='LineWeight' V='0.003333333333333333' U='PT' F='GUARD(0.24PT)'/><Cell N='LineColor' V='0' F='GUARD(0)'/><Cell N='LinePattern' V='1' F='GUARD(1)'/><Cell N='Rounding' V='0' F='GUARD(0)'/><Cell N='BeginArrow' V='0' F='GUARD(0)'/><Cell N='EndArrow' V='0' F='GUARD(0)'/><Cell N='FillForegnd' V='14' F='GUARD(14)'/><Cell N='FillBkgnd' V='0' F='GUARD(0)'/><Cell N='FillPattern' V='1' F='GUARD(1)'/><Cell N='ShdwPattern' V='0' F='GUARD(0)'/><Cell N='Copyright' V='Copyright (c) 2012 Microsoft Corporation.  All rights reserved.'/><Cell N='LayerMember' V='' F='No Formula'/><Cell N='FillGradientEnabled' V='0' F='GUARD(FALSE)'/><Section N='Geometry' IX='0'><Cell N='NoFill' V='0'/><Cell N='NoLine' V='0'/><Cell N='NoShow' V='0'/><Cell N='NoSnap' V='0'/><Cell N='NoQuickDrag' V='0' F='No Formula'/><Row T='MoveTo' IX='1'><Cell N='X' V='0' U='IN' F='Width*0'/><Cell N='Y' V='0.02073868198154302' U='IN' F='Height*0.18353651657227'/></Row><Row T='LineTo' IX='2'><Cell N='X' V='0.007740493979026937' U='IN' F='Width*0.042741935483871'/><Cell N='Y' V='0' U='IN' F='Height*0'/></Row><Row T='LineTo' IX='3'><Cell N='X' V='0.1810983496979886' U='IN' F='Width*1'/><Cell N='Y' V='0.1001736064023576' U='IN' F='Height*0.88653246083493'/></Row><Row T='LineTo' IX='4'><Cell N='X' V='0.1585104007364166' U='IN' F='Width*0.87527247487765'/><Cell N='Y' V='0.1129948544783288' U='IN' F='Height*1'/></Row><Row T='LineTo' IX='5'><Cell N='X' V='0' U='IN' F='Geometry1.X1'/><Cell N='Y' V='0.02073868198154302' U='IN' F='Geometry1.Y1'/></Row></Section></Shape><Shape ID='30' Type='Shape' LineStyle='3' FillStyle='3' TextStyle='3'><Cell N='PinX' V='0.2537652535426478' U='IN' F='Sheet.19!Width*0.84588417847549'/><Cell N='PinY' V='0.135477932183805' U='IN' F='Sheet.19!Height*0.36127448582348'/><Cell N='Width' V='0.1079363405318764' U='IN' F='Sheet.19!Width*0.35978780177292'/><Cell N='Height' V='0.2440202285286188' U='IN' F='Sheet.19!Height*0.65072060940965'/><Cell N='LocPinX' V='0.05396817026593818' U='IN' F='Width*0.5'/><Cell N='LocPinY' V='0.1220101142643094' U='IN' F='Height*0.5'/><Cell N='Angle' V='0'/><Cell N='FlipX' V='1'/><Cell N='FlipY' V='0'/><Cell N='ResizeMode' V='0'/><Cell N='LineWeight' V='0.003333333333333333' U='PT' F='GUARD(0.24PT)'/><Cell N='LineColor' V='0' F='GUARD(0)'/><Cell N='LinePattern' V='1' F='GUARD(1)'/><Cell N='Rounding' V='0' F='GUARD(0)'/><Cell N='BeginArrow' V='0' F='GUARD(0)'/><Cell N='EndArrow' V='0' F='GUARD(0)'/><Cell N='FillForegnd' V='14' F='GUARD(14)'/><Cell N='FillBkgnd' V='0' F='GUARD(0)'/><Cell N='FillPattern' V='1' F='GUARD(1)'/><Cell N='ShdwPattern' V='0' F='GUARD(0)'/><Cell N='Copyright' V='Copyright (c) 2012 Microsoft Corporation.  All rights reserved.'/><Cell N='LayerMember' V='' F='No Formula'/><Cell N='FillGradientEnabled' V='0' F='GUARD(FALSE)'/><Cell N='QuickStyleVariation' V='2'/><Section N='Geometry' IX='0'><Cell N='NoFill' V='0'/><Cell N='NoLine' V='0'/><Cell N='NoShow' V='0'/><Cell N='NoSnap' V='0'/><Cell N='NoQuickDrag' V='0' F='No Formula'/><Row T='MoveTo' IX='1'><Cell N='X' V='0.05083194155452714' U='IN' F='Width*0.47094371834401'/><Cell N='Y' V='0' U='IN' F='Height*0'/></Row><Row T='EllipticalArcTo' IX='2'><Cell N='X' V='0.02260476410262831' U='IN' F='Width*0.20942681576232'/><Cell N='Y' V='0.08058426201699223' U='IN' F='Height*0.33023599110162'/><Cell N='A' V='0.02680950206723371' U='IN' F='Width*0.24838253673531'/><Cell N='B' V='0.04349965335524861' U='IN' F='Height*0.17826248921059'/><Cell N='C' V='0' U='DA' F='_ELLIPSE_THETA(-0.0073412331110419,1,0.21651908354901,0.48950183032037,Width,Height)'/><Cell N='D' V='0.9999999999999942' F='_ELLIPSE_ECC(-0.0073412331110419,1,0.21651908354901,0.48950183032037,Width,Height,Geometry1.C2)'/></Row><Row T='EllipticalArcTo' IX='3'><Cell N='X' V='0.04008606342691725' U='IN' F='Width*0.37138616363484'/><Cell N='Y' V='0.1696259807729727' U='IN' F='Height*0.69513081680062'/><Cell N='A' V='0.02743880007931963' U='IN' F='Width*0.25421280677212'/><Cell N='B' V='0.1251602235965494' U='IN' F='Height*0.51290921392556'/><Cell N='C' V='0' U='DA' F='_ELLIPSE_THETA(-0.014283732648932,1,0.21651908354901,0.48950183032037,Width,Height)'/><Cell N='D' V='0.9999999999999942' F='_ELLIPSE_ECC(-0.014283732648932,1,0.21651908354901,0.48950183032037,Width,Height,Geometry1.C3)'/></Row><Row T='EllipticalArcTo' IX='4'><Cell N='X' V='0.08112056376461482' U='IN' F='Width*0.75155932992427'/><Cell N='Y' V='0.2281372498258013' U='IN' F='Height*0.93491122109594'/><Cell N='A' V='0.05596313077531022' U='IN' F='Width*0.51848275103215'/><Cell N='B' V='0.200134154637677' U='IN' F='Height*0.82015395135246'/><Cell N='C' V='0' U='DA' F='_ELLIPSE_THETA(-0.068141854070678,1,0.21651908354901,0.48950183032037,Width,Height)'/><Cell N='D' V='0.9999999999999942' F='_ELLIPSE_ECC(-0.068141854070678,1,0.21651908354901,0.48950183032037,Width,Height,Geometry1.C4)'/></Row><Row T='EllipticalArcTo' IX='5'><Cell N='X' V='0.1079363405318764' U='IN' F='Width*1'/><Cell N='Y' V='0.2291965135425067' U='IN' F='Height*0.93925210596066'/><Cell N='A' V='0.09520113989279747' U='IN' F='Width*0.88201192873203'/><Cell N='B' V='0.231916693662172' U='IN' F='Height*0.95039946098146'/><Cell N='C' V='0' U='DA' F='_ELLIPSE_THETA(-0.28885935057104,1,0.21651908354901,0.48950183032037,Width,Height)'/><Cell N='D' V='0.9999999999999942' F='_ELLIPSE_ECC(-0.28885935057104,1,0.21651908354901,0.48950183032037,Width,Height,Geometry1.C5)'/></Row><Row T='LineTo' IX='6'><Cell N='X' V='0.09600856874549568' U='IN' F='Width*0.88949253117528'/><Cell N='Y' V='0.2366249714233827' U='IN' F='Height*0.9696940817168'/></Row><Row T='EllipticalArcTo' IX='7'><Cell N='X' V='0.05856312738178447' U='IN' F='Width*0.54257099224602'/><Cell N='Y' V='0.2410403079459047' U='IN' F='Height*0.98778822312936'/><Cell N='A' V='0.08224704293595347' U='IN' F='Width*0.76199584431588'/><Cell N='B' V='0.2429800029052378' U='IN' F='Height*0.99573713363989'/><Cell N='C' V='0' U='DA' F='_ELLIPSE_THETA(-0.018531958940685,1,0.21651908354901,0.48950183032037,Width,Height)'/><Cell N='D' V='0.9999999999999942' F='_ELLIPSE_ECC(-0.018531958940685,1,0.21651908354901,0.48950183032037,Width,Height,Geometry1.C7)'/></Row><Row T='EllipticalArcTo' IX='8'><Cell N='X' V='0.02224529606616215' U='IN' F='Width*0.2060964449651'/><Cell N='Y' V='0.1928382221684155' U='IN' F='Height*0.79025506750478'/><Cell N='A' V='0.03280357204325746' U='IN' F='Width*0.30391591823117'/><Cell N='B' V='0.2135389400253235' U='IN' F='Height*0.8750870422215'/><Cell N='C' V='0' U='DA' F='_ELLIPSE_THETA(-3.1354650926757,1,0.21651908354901,0.48950183032037,Width,Height)'/><Cell N='D' V='0.9999999999999942' F='_ELLIPSE_ECC(-3.1354650926757,1,0.21651908354901,0.48950183032037,Width,Height,Geometry1.C8)'/></Row><Row T='EllipticalArcTo' IX='9'><Cell N='X' V='0' U='IN' F='Width*0'/><Cell N='Y' V='0.09319212285899828' U='IN' F='Height*0.38190326851558'/><Cell N='A' V='0.005482266943045815' U='IN' F='Width*0.050791669571443'/><Cell N='B' V='0.1403045490856154' U='IN' F='Height*0.57497097651132'/><Cell N='C' V='0' U='DA' F='_ELLIPSE_THETA(-3.1397114343525,1,0.21651908354901,0.48950183032037,Width,Height)'/><Cell N='D' V='0.9999999999999942' F='_ELLIPSE_ECC(-3.1397114343525,1,0.21651908354901,0.48950183032037,Width,Height,Geometry1.C9)'/></Row><Row T='EllipticalArcTo' IX='10'><Cell N='X' V='0.02264957009046179' U='IN' F='Width*0.20984193070519'/><Cell N='Y' V='0.0162811896273165' U='IN' F='Height*0.066720655600923'/><Cell N='A' V='0.00505382192104029' U='IN' F='Width*0.046822246299408'/><Cell N='B' V='0.05575895793439183' U='IN' F='Height*0.22850137576956'/><Cell N='C' V='0' U='DA' F='_ELLIPSE_THETA(-3.1385625495486,1,0.21651908354901,0.48950183032037,Width,Height)'/><Cell N='D' V='0.9999999999999942' F='_ELLIPSE_ECC(-3.1385625495486,1,0.21651908354901,0.48950183032037,Width,Height,Geometry1.C10)'/></Row><Row T='LineTo' IX='11'><Cell N='X' V='0.05083194155452714' U='IN' F='Geometry1.X1'/><Cell N='Y' V='0' U='IN' F='Geometry1.Y1'/></Row></Section></Shape><Shape ID='31' Type='Shape' LineStyle='3' FillStyle='3' TextStyle='3'><Cell N='PinX' V='0.2468755375230908' U='IN' F='Sheet.19!Width*0.8229184584103'/><Cell N='PinY' V='0.11662805274441' U='IN' F='Sheet.19!Height*0.31100814065176'/><Cell N='Width' V='0.03233261297337311' U='IN' F='Sheet.19!Width*0.10777537657791'/><Cell N='Height' V='0.06571844711582625' U='IN' F='Sheet.19!Height*0.17524919230887'/><Cell N='LocPinX' V='0.01616630648668655' U='IN' F='Width*0.5'/><Cell N='LocPinY' V='0.03285922355791313' U='IN' F='Height*0.5'/><Cell N='Angle' V='0'/><Cell N='FlipX' V='1'/><Cell N='FlipY' V='0'/><Cell N='ResizeMode' V='0'/><Cell N='LineWeight' V='0.003333333333333333' U='PT' F='GUARD(0.24PT)'/><Cell N='LineColor' V='0' F='GUARD(0)'/><Cell N='LinePattern' V='1' F='GUARD(1)'/><Cell N='Rounding' V='0' F='GUARD(0)'/><Cell N='BeginArrow' V='0' F='GUARD(0)'/><Cell N='EndArrow' V='0' F='GUARD(0)'/><Cell N='FillForegnd' V='14' F='GUARD(14)'/><Cell N='FillBkgnd' V='0' F='GUARD(0)'/><Cell N='FillPattern' V='1' F='GUARD(1)'/><Cell N='ShdwPattern' V='0' F='GUARD(0)'/><Cell N='Copyright' V='Copyright (c) 2012 Microsoft Corporation.  All rights reserved.'/><Cell N='LayerMember' V='' F='No Formula'/><Cell N='FillGradientEnabled' V='0' F='GUARD(FALSE)'/><Cell N='QuickStyleVariation' V='2'/><Section N='Geometry' IX='0'><Cell N='NoFill' V='0'/><Cell N='NoLine' V='0'/><Cell N='NoShow' V='0'/><Cell N='NoSnap' V='0'/><Cell N='NoQuickDrag' V='0' F='No Formula'/><Row T='MoveTo' IX='1'><Cell N='X' V='0.01330137789400427' U='IN' F='Width*0.41139198693772'/><Cell N='Y' V='0.04771142870826726' U='IN' F='Height*0.72599750606063'/></Row><Row T='EllipticalArcTo' IX='2'><Cell N='X' V='0' U='IN' F='Width*0'/><Cell N='Y' V='0.008072313252436007' U='IN' F='Height*0.1228317710887'/><Cell N='A' V='0.0108644561866746' U='IN' F='Width*0.33602159514982'/><Cell N='B' V='0.02913215716891618' U='IN' F='Height*0.44328736370736'/><Cell N='C' V='0' U='DA' F='_ELLIPSE_THETA(0.0036403310287207,1,0.06485885750103,0.13183046480606,Width,Height)'/><Cell N='D' V='0.99999999999997' F='_ELLIPSE_ECC(0.0036403310287207,1,0.06485885750103,0.13183046480606,Width,Height,Geometry1.C2)'/></Row><Row T='EllipticalArcTo' IX='3'><Cell N='X' V='0.01656576034497332' U='IN' F='Width*0.51235451828826'/><Cell N='Y' V='0.001774829900663257' U='IN' F='Height*0.027006570887702'/><Cell N='A' V='0.008039468412139855' U='IN' F='Width*0.24864889264473'/><Cell N='B' V='0.000298748129961163' U='IN' F='Height*0.0045458793241817'/><Cell N='C' V='0' U='DA'/><Cell N='D' V='0.9999999999999709' F='Width/Height*2.0325745763247'/></Row><Row T='EllipticalArcTo' IX='4'><Cell N='X' V='0.0283929070355028' U='IN' F='Width*0.87815070990041'/><Cell N='Y' V='0.01898884098734939' U='IN' F='Height*0.28894232625251'/><Cell N='A' V='0.02320956897127833' U='IN' F='Width*0.71783771359253'/><Cell N='B' V='0.008434541361232372' U='IN' F='Height*0.1283435889221'/><Cell N='C' V='0' U='DA'/><Cell N='D' V='0.9999999999999709' F='Width/Height*2.0325745763247'/></Row><Row T='EllipticalArcTo' IX='5'><Cell N='X' V='0.03134052787182087' U='IN' F='Width*0.96931627201398'/><Cell N='Y' V='0.05225587930681851' U='IN' F='Height*0.79514781009234'/><Cell N='A' V='0.03205742329678262' U='IN' F='Width*0.99148878945178'/><Cell N='B' V='0.03513553662639023' U='IN' F='Height*0.53463735326042'/><Cell N='C' V='0' U='DA'/><Cell N='D' V='0.9999999999999709' F='Width/Height*2.0325745763247'/></Row><Row T='EllipticalArcTo' IX='6'><Cell N='X' V='0.02007772438630166' U='IN' F='Width*0.62097438282629'/><Cell N='Y' V='0.06571844711582625' U='IN' F='Height*1'/><Cell N='A' V='0.02643936141010153' U='IN' F='Width*0.81773042691833'/><Cell N='B' V='0.06215151609583006' U='IN' F='Height*0.94572405197418'/><Cell N='C' V='0' U='DA'/><Cell N='D' V='0.9999999999999709' F='Width/Height*2.0325745763247'/></Row><Row T='EllipticalArcTo' IX='7'><Cell N='X' V='0.009657344282735642' U='IN' F='Width*0.29868740552113'/><Cell N='Y' V='0.06150876970239888' U='IN' F='Height*0.93594374794024'/><Cell N='A' V='0.01462412257417185' U='IN' F='Width*0.45230252767431'/><Cell N='B' V='0.06458725545049934' U='IN' F='Height*0.98278730379412'/><Cell N='C' V='0' U='DA'/><Cell N='D' V='0.9999999999999709' F='Width/Height*2.0325745763247'/></Row><Row T='EllipticalArcTo' IX='8'><Cell N='X' V='0.01330137789400427' U='IN' F='Geometry1.X1'/><Cell N='Y' V='0.04771142870826726' U='IN' F='Geometry1.Y1'/><Cell N='A' V='0.01174124622402584' U='IN' F='Width*0.36313941696253'/><Cell N='B' V='0.05534377882579702' U='IN' F='Height*0.8421346099103'/><Cell N='C' V='0' U='DA' F='_ELLIPSE_THETA(-0.021100152845076,1,0.06485885750103,0.13183046480606,Width,Height)'/><Cell N='D' V='0.99999999999997' F='_ELLIPSE_ECC(-0.021100152845076,1,0.06485885750103,0.13183046480606,Width,Height,Geometry1.C8)'/></Row></Section></Shape><Shape ID='21' Type='Shape' LineStyle='37' FillStyle='37' TextStyle='37'><Cell N='PinX' V='0.1538667119042915' U='IN' F='Sheet.19!Width*0.51288903968097'/><Cell N='PinY' V='0.1618481849609325' U='IN' F='Sheet.19!Height*0.43159515989582'/><Cell N='Width' V='0.307733423808571' U='IN' F='Sheet.19!Width*1.0257780793619'/><Cell N='Height' V='0.3029275464764437' U='IN' F='Sheet.19!Height*0.80780679060385'/><Cell N='LocPinX' V='0.1538667119042855' U='IN' F='Width*0.5'/><Cell N='LocPinY' V='0.1514637732382219' U='IN' F='Height*0.5'/><Cell N='Angle' V='0'/><Cell N='FlipX' V='0'/><Cell N='FlipY' V='0'/><Cell N='ResizeMode' V='0'/><Cell N='LineWeight' V='0.01388888888888889' U='PT' F='GUARD(1PT)'/><Cell N='LinePattern' V='1' F='GUARD(1)'/><Cell N='Rounding' V='0' F='GUARD(0)'/><Cell N='BeginArrow' V='0' F='GUARD(0)'/><Cell N='EndArrow' V='0' F='GUARD(0)'/><Cell N='FillForegnd' V='#000000' F='GUARD(RGB(0,0,0))'/><Cell N='FillBkgnd' V='#ffffff' F='GUARD(RGB(255,255,255))'/><Cell N='FillPattern' V='1' F='GUARD(1)'/><Cell N='ShdwPattern' V='0' F='GUARD(0)'/><Cell N='Copyright' V='Copyright (c) 2012 Microsoft Corporation.  All rights reserved.'/><Cell N='LayerMember' V='' F='No Formula'/><Cell N='FillGradientEnabled' V='0' F='GUARD(FALSE)'/><Cell N='QuickStyleVariation' V='2'/><Section N='Geometry' IX='0'><Cell N='NoFill' V='1' F='GUARD(1)'/><Cell N='NoLine' V='0'/><Cell N='NoShow' V='0' F='NOT(Sheet.19!User.IsVisable)'/><Cell N='NoSnap' V='0'/><Cell N='NoQuickDrag' V='0' F='No Formula'/><Row T='MoveTo' IX='1'><Cell N='X' V='0' U='IN' F='Width*0'/><Cell N='Y' V='0.2574064319662339' U='IN' F='Height*0.84972936585102'/></Row><Row T='LineTo' IX='2'><Cell N='X' V='0.0184992937863528' U='IN' F='Width*0.060114671839678'/><Cell N='Y' V='0.2204078443935292' U='IN' F='Height*0.7275926106993'/></Row><Row T='LineTo' IX='3'><Cell N='X' V='0.08957552780760163' U='IN' F='Width*0.29108156890791'/><Cell N='Y' V='0.1795146686552726' U='IN' F='Height*0.59259935500528'/></Row><Row T='LineTo' IX='4'><Cell N='X' V='0.1129430568008913' U='IN' F='Width*0.36701589123172'/><Cell N='Y' V='0.1308323165859209' U='IN' F='Height*0.43189309822669'/></Row><Row T='LineTo' IX='5'><Cell N='X' V='0.176035385082765' U='IN' F='Width*0.57203856150598'/><Cell N='Y' V='0.09500210546287879' U='IN' F='Height*0.31361329323765'/></Row><Row T='EllipticalArcTo' IX='6'><Cell N='X' V='0.226665031234889' U='IN' F='Width*0.73656292654089'/><Cell N='Y' V='0.004886012589617065' U='IN' F='Height*0.016129310940684'/><Cell N='A' V='0.1945883693600086' U='IN' F='Width*0.63232770412698'/><Cell N='B' V='0.0427975920242477' U='IN' F='Height*0.14127996123844'/><Cell N='C' V='0' U='DA'/><Cell N='D' V='0.9999999999999598' F='Width/Height*0.98438298553124'/></Row><Row T='EllipticalArcTo' IX='7'><Cell N='X' V='0.2569014822540454' U='IN' F='Width*0.83481826275021'/><Cell N='Y' V='0.003083406196785699' U='IN' F='Height*0.010178692009528'/><Cell N='A' V='0.2422570756700314' U='IN' F='Width*0.78723030040679'/><Cell N='B' V='2.100353013939614E-5' U='IN' F='Height*6.9335160779211E-5'/><Cell N='C' V='0' U='DA'/><Cell N='D' V='0.9999999999999598' F='Width/Height*0.98438298553124'/></Row><Row T='LineTo' IX='8'><Cell N='X' V='0.2850838537181086' U='IN' F='Width*0.9263987323504'/><Cell N='Y' V='0.01936459582410209' U='IN' F='Height*0.063924842918199'/></Row><Row T='EllipticalArcTo' IX='9'><Cell N='X' V='0.307733423808571' U='IN' F='Width*1'/><Cell N='Y' V='0.09627552905578381' U='IN' F='Height*0.31781701656264'/><Cell N='A' V='0.3016338598126029' U='IN' F='Width*0.98017906563259'/><Cell N='B' V='0.05521038993346547' U='IN' F='Height*0.18225608920567'/><Cell N='C' V='0' U='DA'/><Cell N='D' V='0.9999999999999598' F='Width/Height*0.98438298553124'/></Row><Row T='EllipticalArcTo' IX='10'><Cell N='X' V='0.2854881277424085' U='IN' F='Width*0.92771244738108'/><Cell N='Y' V='0.1959216283652019' U='IN' F='Height*0.64676068797341'/><Cell N='A' V='0.3009721096332088' U='IN' F='Width*0.97802866490197'/><Cell N='B' V='0.1492092921960422' U='IN' F='Height*0.49255768889821'/><Cell N='C' V='0' U='DA'/><Cell N='D' V='0.9999999999999598' F='Width/Height*0.98438298553124'/></Row><Row T='EllipticalArcTo' IX='11'><Cell N='X' V='0.2491702964267873' U='IN' F='Width*0.80969526593181'/><Cell N='Y' V='0.2441237141426915' U='IN' F='Height*0.80588152837951'/><Cell N='A' V='0.2747466059644679' U='IN' F='Width*0.89280716590401'/><Cell N='B' V='0.2169019241281781' U='IN' F='Height*0.71601914930191'/><Cell N='C' V='0' U='DA'/><Cell N='D' V='0.9999999999999598' F='Width/Height*0.98438298553124'/></Row><Row T='EllipticalArcTo' IX='12'><Cell N='X' V='0.1810983496979802' U='IN' F='Width*0.58849099800948'/><Cell N='Y' V='0.2106713739796583' U='IN' F='Height*0.69545135934358'/><Cell N='A' V='0.2117248550630781' U='IN' F='Width*0.68801384146944'/><Cell N='B' V='0.2397083776201658' U='IN' F='Height*0.79130597533429'/><Cell N='C' V='0' U='DA'/><Cell N='D' V='0.9999999999999598' F='Width/Height*0.98438298553124'/></Row><Row T='LineTo' IX='13'><Cell N='X' V='0.02258794896157088' U='IN' F='Width*0.073401025738504'/><Cell N='Y' V='0.3029275464764437' U='IN' F='Height*1'/></Row><Row T='LineTo' IX='14'><Cell N='X' V='0' U='IN' F='Width*0'/><Cell N='Y' V='0.2901062984004732' U='IN' F='Height*0.957675529264'/></Row><Row T='LineTo' IX='15'><Cell N='X' V='0' U='IN' F='Geometry1.X1'/><Cell N='Y' V='0.2574064319662339' U='IN' F='Geometry1.Y1'/></Row></Section><Text/></Shape></Shapes></Shape></Shapes></Shape></Shapes></MasterContents>