<?xml version='1.0' encoding='utf-8' ?>
<MasterContents xmlns='http://schemas.microsoft.com/office/visio/2012/main' xmlns:r='http://schemas.openxmlformats.org/officeDocument/2006/relationships' xml:space='preserve'><Shapes><Shape ID='5' Type='Group' LineStyle='3' FillStyle='3' TextStyle='3'><Cell N='PinX' V='7.65' F='(BeginX+EndX)/2'/><Cell N='PinY' V='0' F='(BeginY+EndY)/2'/><Cell N='Width' V='15.3' F='SQRT((EndX-BeginX)^2+(EndY-BeginY)^2)'/><Cell N='Height' V='1.515625' F='GUARD(Width*0.09906045751634)'/><Cell N='LocPinX' V='7.65' F='Width*0.5'/><Cell N='LocPinY' V='0.7578125' F='Height*0.5'/><Cell N='Angle' V='0' F='ATAN2(EndY-BeginY,EndX-BeginX)'/><Cell N='FlipX' V='0'/><Cell N='FlipY' V='0'/><Cell N='ResizeMode' V='0'/><Cell N='BeginX' V='0'/><Cell N='BeginY' V='0'/><Cell N='EndX' V='15.3'/><Cell N='EndY' V='0'/><Cell N='LeftMargin' V='0'/><Cell N='RightMargin' V='0'/><Cell N='TopMargin' V='0'/><Cell N='BottomMargin' V='0'/><Cell N='TextBkgnd' V='#ffffff' F='THEMEGUARD(THEMEVAL("BackgroundColor")+1)'/><Cell N='DefaultTabStop' V='0.05' U='IN'/><Cell N='HideText' V='1'/><Cell N='Comment' V='C6800-48P-TX:   Catalyst 6800 48-port 1GE copper module with integrated DFC4'/><Cell N='Copyright' V='Copyright ©2015 Cisco Systems. All rights Reserved.  Created by Visimation Inc.'/><Cell N='LockAspect' V='1'/><Cell N='LockTextEdit' V='1' F='GUARD(NOT(Actions.Row_2.Checked))'/><Cell N='SelectMode' V='0'/><Cell N='IsSnapTarget' V='0'/><Cell N='LineWeight' V='0.001041666666666667' U='PT' F='THEMEVAL("LineWeight",0.075PT)'/><Cell N='TxtPinX' V='7.65' F='Controls.Row_1'/><Cell N='TxtPinY' V='-1.000257629394531' F='Controls.Row_1.Y'/><Cell N='TxtWidth' V='9.893116272972655' F='TEXTWIDTH(TheText)'/><Cell N='TxtHeight' V='2.000515258789062' F='TEXTHEIGHT(TheText,TxtWidth)'/><Cell N='TxtLocPinX' V='4.946558136486328' F='TxtWidth*0.5'/><Cell N='TxtLocPinY' V='1.00025762939453' F='TxtHeight*0.5'/><Cell N='TxtAngle' V='0'/><Cell N='EventDblClick' V='0' F='DOCMD(1312)'/><Cell N='QuickStyleLineMatrix' V='1'/><Cell N='QuickStyleFillMatrix' V='1'/><Cell N='QuickStyleEffectsMatrix' V='1'/><Cell N='QuickStyleFontMatrix' V='1'/><Section N='Connection'><Row T='Connection' IX='0'><Cell N='X' V='1.065494580496718' F='Width*0.069640168659916'/><Cell N='Y' V='0.9621158774203794' F='Height*0.63479810468973'/><Cell N='DirX' V='0' U='IN'/><Cell N='DirY' V='0' U='IN'/><Cell N='Type' V='0'/><Cell N='AutoGen' V='0'/><Cell N='Prompt' V='' F='No Formula'/></Row><Row T='Connection' IX='1'><Cell N='X' V='1.610530821959154' F='Width*0.10526345241563'/><Cell N='Y' V='0.9621158774203794' F='Height*0.63479810468973'/><Cell N='DirX' V='0' U='IN'/><Cell N='DirY' V='0' U='IN'/><Cell N='Type' V='0'/><Cell N='AutoGen' V='0'/><Cell N='Prompt' V='' F='No Formula'/></Row><Row T='Connection' IX='2'><Cell N='X' V='2.155567063421609' F='Width*0.14088673617135'/><Cell N='Y' V='0.9621158774203794' F='Height*0.63479810468973'/><Cell N='DirX' V='0' U='IN'/><Cell N='DirY' V='0' U='IN'/><Cell N='Type' V='0'/><Cell N='AutoGen' V='0'/><Cell N='Prompt' V='' F='No Formula'/></Row><Row T='Connection' IX='3'><Cell N='X' V='2.700603304884049' F='Width*0.17651001992706'/><Cell N='Y' V='0.9621158774203794' F='Height*0.63479810468973'/><Cell N='DirX' V='0' U='IN'/><Cell N='DirY' V='0' U='IN'/><Cell N='Type' V='0'/><Cell N='AutoGen' V='0'/><Cell N='Prompt' V='' F='No Formula'/></Row><Row T='Connection' IX='4'><Cell N='X' V='3.245639546346488' F='Width*0.21213330368278'/><Cell N='Y' V='0.9621158774203794' F='Height*0.63479810468973'/><Cell N='DirX' V='0' U='IN'/><Cell N='DirY' V='0' U='IN'/><Cell N='Type' V='0'/><Cell N='AutoGen' V='0'/><Cell N='Prompt' V='' F='No Formula'/></Row><Row T='Connection' IX='5'><Cell N='X' V='3.790675787808928' F='Width*0.24775658743849'/><Cell N='Y' V='0.9621158774203794' F='Height*0.63479810468973'/><Cell N='DirX' V='0' U='IN'/><Cell N='DirY' V='0' U='IN'/><Cell N='Type' V='0'/><Cell N='AutoGen' V='0'/><Cell N='Prompt' V='' F='No Formula'/></Row><Row T='Connection' IX='6'><Cell N='X' V='1.065494580496718' F='Width*0.069640168659916'/><Cell N='Y' V='0.5378841225796188' F='Height*0.35489261695975'/><Cell N='DirX' V='0' U='IN'/><Cell N='DirY' V='0' U='IN'/><Cell N='Type' V='0'/><Cell N='AutoGen' V='0'/><Cell N='Prompt' V='' F='No Formula'/></Row><Row T='Connection' IX='7'><Cell N='X' V='1.610530821959154' F='Width*0.10526345241563'/><Cell N='Y' V='0.5378841225796188' F='Height*0.35489261695975'/><Cell N='DirX' V='0' U='IN'/><Cell N='DirY' V='0' U='IN'/><Cell N='Type' V='0'/><Cell N='AutoGen' V='0'/><Cell N='Prompt' V='' F='No Formula'/></Row><Row T='Connection' IX='8'><Cell N='X' V='2.155567063421609' F='Width*0.14088673617135'/><Cell N='Y' V='0.5378841225796188' F='Height*0.35489261695975'/><Cell N='DirX' V='0' U='IN'/><Cell N='DirY' V='0' U='IN'/><Cell N='Type' V='0'/><Cell N='AutoGen' V='0'/><Cell N='Prompt' V='' F='No Formula'/></Row><Row T='Connection' IX='9'><Cell N='X' V='2.700603304884049' F='Width*0.17651001992706'/><Cell N='Y' V='0.5378841225796188' F='Height*0.35489261695975'/><Cell N='DirX' V='0' U='IN'/><Cell N='DirY' V='0' U='IN'/><Cell N='Type' V='0'/><Cell N='AutoGen' V='0'/><Cell N='Prompt' V='' F='No Formula'/></Row><Row T='Connection' IX='10'><Cell N='X' V='3.245639546346488' F='Width*0.21213330368278'/><Cell N='Y' V='0.5378841225796188' F='Height*0.35489261695975'/><Cell N='DirX' V='0' U='IN'/><Cell N='DirY' V='0' U='IN'/><Cell N='Type' V='0'/><Cell N='AutoGen' V='0'/><Cell N='Prompt' V='' F='No Formula'/></Row><Row T='Connection' IX='11'><Cell N='X' V='3.790675787808928' F='Width*0.24775658743849'/><Cell N='Y' V='0.5378841225796188' F='Height*0.35489261695975'/><Cell N='DirX' V='0' U='IN'/><Cell N='DirY' V='0' U='IN'/><Cell N='Type' V='0'/><Cell N='AutoGen' V='0'/><Cell N='Prompt' V='' F='No Formula'/></Row><Row T='Connection' IX='12'><Cell N='X' V='4.586327913830049' F='Width*0.29975999436798'/><Cell N='Y' V='0.9621158774203794' F='Height*0.63479810468973'/><Cell N='DirX' V='0' U='IN'/><Cell N='DirY' V='0' U='IN'/><Cell N='Type' V='0'/><Cell N='AutoGen' V='0'/><Cell N='Prompt' V='' F='No Formula'/></Row><Row T='Connection' IX='13'><Cell N='X' V='5.131364155292503' F='Width*0.33538327812369'/><Cell N='Y' V='0.9621158774203794' F='Height*0.63479810468973'/><Cell N='DirX' V='0' U='IN'/><Cell N='DirY' V='0' U='IN'/><Cell N='Type' V='0'/><Cell N='AutoGen' V='0'/><Cell N='Prompt' V='' F='No Formula'/></Row><Row T='Connection' IX='14'><Cell N='X' V='5.676400396754943' F='Width*0.37100656187941'/><Cell N='Y' V='0.9621158774203794' F='Height*0.63479810468973'/><Cell N='DirX' V='0' U='IN'/><Cell N='DirY' V='0' U='IN'/><Cell N='Type' V='0'/><Cell N='AutoGen' V='0'/><Cell N='Prompt' V='' F='No Formula'/></Row><Row T='Connection' IX='15'><Cell N='X' V='6.221436638217382' F='Width*0.40662984563512'/><Cell N='Y' V='0.9621158774203794' F='Height*0.63479810468973'/><Cell N='DirX' V='0' U='IN'/><Cell N='DirY' V='0' U='IN'/><Cell N='Type' V='0'/><Cell N='AutoGen' V='0'/><Cell N='Prompt' V='' F='No Formula'/></Row><Row T='Connection' IX='16'><Cell N='X' V='6.766472879679822' F='Width*0.44225312939084'/><Cell N='Y' V='0.9621158774203794' F='Height*0.63479810468973'/><Cell N='DirX' V='0' U='IN'/><Cell N='DirY' V='0' U='IN'/><Cell N='Type' V='0'/><Cell N='AutoGen' V='0'/><Cell N='Prompt' V='' F='No Formula'/></Row><Row T='Connection' IX='17'><Cell N='X' V='7.311509121142261' F='Width*0.47787641314655'/><Cell N='Y' V='0.9621158774203794' F='Height*0.63479810468973'/><Cell N='DirX' V='0' U='IN'/><Cell N='DirY' V='0' U='IN'/><Cell N='Type' V='0'/><Cell N='AutoGen' V='0'/><Cell N='Prompt' V='' F='No Formula'/></Row><Row T='Connection' IX='18'><Cell N='X' V='4.586327913830049' F='Width*0.29975999436798'/><Cell N='Y' V='0.5378841225796188' F='Height*0.35489261695975'/><Cell N='DirX' V='0' U='IN'/><Cell N='DirY' V='0' U='IN'/><Cell N='Type' V='0'/><Cell N='AutoGen' V='0'/><Cell N='Prompt' V='' F='No Formula'/></Row><Row T='Connection' IX='19'><Cell N='X' V='5.131364155292503' F='Width*0.33538327812369'/><Cell N='Y' V='0.5378841225796188' F='Height*0.35489261695975'/><Cell N='DirX' V='0' U='IN'/><Cell N='DirY' V='0' U='IN'/><Cell N='Type' V='0'/><Cell N='AutoGen' V='0'/><Cell N='Prompt' V='' F='No Formula'/></Row><Row T='Connection' IX='20'><Cell N='X' V='5.676400396754943' F='Width*0.37100656187941'/><Cell N='Y' V='0.5378841225796188' F='Height*0.35489261695975'/><Cell N='DirX' V='0' U='IN'/><Cell N='DirY' V='0' U='IN'/><Cell N='Type' V='0'/><Cell N='AutoGen' V='0'/><Cell N='Prompt' V='' F='No Formula'/></Row><Row T='Connection' IX='21'><Cell N='X' V='6.221436638217382' F='Width*0.40662984563512'/><Cell N='Y' V='0.5378841225796188' F='Height*0.35489261695975'/><Cell N='DirX' V='0' U='IN'/><Cell N='DirY' V='0' U='IN'/><Cell N='Type' V='0'/><Cell N='AutoGen' V='0'/><Cell N='Prompt' V='' F='No Formula'/></Row><Row T='Connection' IX='22'><Cell N='X' V='6.766472879679822' F='Width*0.44225312939084'/><Cell N='Y' V='0.5378841225796188' F='Height*0.35489261695975'/><Cell N='DirX' V='0' U='IN'/><Cell N='DirY' V='0' U='IN'/><Cell N='Type' V='0'/><Cell N='AutoGen' V='0'/><Cell N='Prompt' V='' F='No Formula'/></Row><Row T='Connection' IX='23'><Cell N='X' V='7.311509121142261' F='Width*0.47787641314655'/><Cell N='Y' V='0.5378841225796188' F='Height*0.35489261695975'/><Cell N='DirX' V='0' U='IN'/><Cell N='DirY' V='0' U='IN'/><Cell N='Type' V='0'/><Cell N='AutoGen' V='0'/><Cell N='Prompt' V='' F='No Formula'/></Row><Row T='Connection' IX='24'><Cell N='X' V='8.107161247163381' F='Width*0.52987982007604'/><Cell N='Y' V='0.9621158774203794' F='Height*0.63479810468973'/><Cell N='DirX' V='0' U='IN'/><Cell N='DirY' V='0' U='IN'/><Cell N='Type' V='0'/><Cell N='AutoGen' V='0'/><Cell N='Prompt' V='' F='No Formula'/></Row><Row T='Connection' IX='25'><Cell N='X' V='8.652197488625836' F='Width*0.56550310383175'/><Cell N='Y' V='0.9621158774203794' F='Height*0.63479810468973'/><Cell N='DirX' V='0' U='IN'/><Cell N='DirY' V='0' U='IN'/><Cell N='Type' V='0'/><Cell N='AutoGen' V='0'/><Cell N='Prompt' V='' F='No Formula'/></Row><Row T='Connection' IX='26'><Cell N='X' V='9.197233730088275' F='Width*0.60112638758747'/><Cell N='Y' V='0.9621158774203794' F='Height*0.63479810468973'/><Cell N='DirX' V='0' U='IN'/><Cell N='DirY' V='0' U='IN'/><Cell N='Type' V='0'/><Cell N='AutoGen' V='0'/><Cell N='Prompt' V='' F='No Formula'/></Row><Row T='Connection' IX='27'><Cell N='X' V='9.742269971550716' F='Width*0.63674967134318'/><Cell N='Y' V='0.9621158774203794' F='Height*0.63479810468973'/><Cell N='DirX' V='0' U='IN'/><Cell N='DirY' V='0' U='IN'/><Cell N='Type' V='0'/><Cell N='AutoGen' V='0'/><Cell N='Prompt' V='' F='No Formula'/></Row><Row T='Connection' IX='28'><Cell N='X' V='10.28730621301316' F='Width*0.6723729550989'/><Cell N='Y' V='0.9621158774203794' F='Height*0.63479810468973'/><Cell N='DirX' V='0' U='IN'/><Cell N='DirY' V='0' U='IN'/><Cell N='Type' V='0'/><Cell N='AutoGen' V='0'/><Cell N='Prompt' V='' F='No Formula'/></Row><Row T='Connection' IX='29'><Cell N='X' V='10.8323424544756' F='Width*0.70799623885461'/><Cell N='Y' V='0.9621158774203794' F='Height*0.63479810468973'/><Cell N='DirX' V='0' U='IN'/><Cell N='DirY' V='0' U='IN'/><Cell N='Type' V='0'/><Cell N='AutoGen' V='0'/><Cell N='Prompt' V='' F='No Formula'/></Row><Row T='Connection' IX='30'><Cell N='X' V='8.107161247163381' F='Width*0.52987982007604'/><Cell N='Y' V='0.5378841225796188' F='Height*0.35489261695975'/><Cell N='DirX' V='0' U='IN'/><Cell N='DirY' V='0' U='IN'/><Cell N='Type' V='0'/><Cell N='AutoGen' V='0'/><Cell N='Prompt' V='' F='No Formula'/></Row><Row T='Connection' IX='31'><Cell N='X' V='8.652197488625836' F='Width*0.56550310383175'/><Cell N='Y' V='0.5378841225796188' F='Height*0.35489261695975'/><Cell N='DirX' V='0' U='IN'/><Cell N='DirY' V='0' U='IN'/><Cell N='Type' V='0'/><Cell N='AutoGen' V='0'/><Cell N='Prompt' V='' F='No Formula'/></Row><Row T='Connection' IX='32'><Cell N='X' V='9.197233730088275' F='Width*0.60112638758747'/><Cell N='Y' V='0.5378841225796188' F='Height*0.35489261695975'/><Cell N='DirX' V='0' U='IN'/><Cell N='DirY' V='0' U='IN'/><Cell N='Type' V='0'/><Cell N='AutoGen' V='0'/><Cell N='Prompt' V='' F='No Formula'/></Row><Row T='Connection' IX='33'><Cell N='X' V='9.742269971550716' F='Width*0.63674967134318'/><Cell N='Y' V='0.5378841225796188' F='Height*0.35489261695975'/><Cell N='DirX' V='0' U='IN'/><Cell N='DirY' V='0' U='IN'/><Cell N='Type' V='0'/><Cell N='AutoGen' V='0'/><Cell N='Prompt' V='' F='No Formula'/></Row><Row T='Connection' IX='34'><Cell N='X' V='10.28730621301316' F='Width*0.6723729550989'/><Cell N='Y' V='0.5378841225796188' F='Height*0.35489261695975'/><Cell N='DirX' V='0' U='IN'/><Cell N='DirY' V='0' U='IN'/><Cell N='Type' V='0'/><Cell N='AutoGen' V='0'/><Cell N='Prompt' V='' F='No Formula'/></Row><Row T='Connection' IX='35'><Cell N='X' V='10.8323424544756' F='Width*0.70799623885461'/><Cell N='Y' V='0.5378841225796188' F='Height*0.35489261695975'/><Cell N='DirX' V='0' U='IN'/><Cell N='DirY' V='0' U='IN'/><Cell N='Type' V='0'/><Cell N='AutoGen' V='0'/><Cell N='Prompt' V='' F='No Formula'/></Row><Row T='Connection' IX='36'><Cell N='X' V='11.62799458049672' F='Width*0.7599996457841'/><Cell N='Y' V='0.9621158774203794' F='Height*0.63479810468973'/><Cell N='DirX' V='0' U='IN'/><Cell N='DirY' V='0' U='IN'/><Cell N='Type' V='0'/><Cell N='AutoGen' V='0'/><Cell N='Prompt' V='' F='No Formula'/></Row><Row T='Connection' IX='37'><Cell N='X' V='12.17303082195915' F='Width*0.79562292953981'/><Cell N='Y' V='0.9621158774203794' F='Height*0.63479810468973'/><Cell N='DirX' V='0' U='IN'/><Cell N='DirY' V='0' U='IN'/><Cell N='Type' V='0'/><Cell N='AutoGen' V='0'/><Cell N='Prompt' V='' F='No Formula'/></Row><Row T='Connection' IX='38'><Cell N='X' V='12.71806706342161' F='Width*0.83124621329553'/><Cell N='Y' V='0.9621158774203794' F='Height*0.63479810468973'/><Cell N='DirX' V='0' U='IN'/><Cell N='DirY' V='0' U='IN'/><Cell N='Type' V='0'/><Cell N='AutoGen' V='0'/><Cell N='Prompt' V='' F='No Formula'/></Row><Row T='Connection' IX='39'><Cell N='X' V='13.26310330488405' F='Width*0.86686949705125'/><Cell N='Y' V='0.9621158774203794' F='Height*0.63479810468973'/><Cell N='DirX' V='0' U='IN'/><Cell N='DirY' V='0' U='IN'/><Cell N='Type' V='0'/><Cell N='AutoGen' V='0'/><Cell N='Prompt' V='' F='No Formula'/></Row><Row T='Connection' IX='40'><Cell N='X' V='13.80813954634649' F='Width*0.90249278080696'/><Cell N='Y' V='0.9621158774203794' F='Height*0.63479810468973'/><Cell N='DirX' V='0' U='IN'/><Cell N='DirY' V='0' U='IN'/><Cell N='Type' V='0'/><Cell N='AutoGen' V='0'/><Cell N='Prompt' V='' F='No Formula'/></Row><Row T='Connection' IX='41'><Cell N='X' V='14.35317578780893' F='Width*0.93811606456268'/><Cell N='Y' V='0.9621158774203794' F='Height*0.63479810468973'/><Cell N='DirX' V='0' U='IN'/><Cell N='DirY' V='0' U='IN'/><Cell N='Type' V='0'/><Cell N='AutoGen' V='0'/><Cell N='Prompt' V='' F='No Formula'/></Row><Row T='Connection' IX='42'><Cell N='X' V='11.62799458049672' F='Width*0.7599996457841'/><Cell N='Y' V='0.5378841225796188' F='Height*0.35489261695975'/><Cell N='DirX' V='0' U='IN'/><Cell N='DirY' V='0' U='IN'/><Cell N='Type' V='0'/><Cell N='AutoGen' V='0'/><Cell N='Prompt' V='' F='No Formula'/></Row><Row T='Connection' IX='43'><Cell N='X' V='12.17303082195915' F='Width*0.79562292953981'/><Cell N='Y' V='0.5378841225796188' F='Height*0.35489261695975'/><Cell N='DirX' V='0' U='IN'/><Cell N='DirY' V='0' U='IN'/><Cell N='Type' V='0'/><Cell N='AutoGen' V='0'/><Cell N='Prompt' V='' F='No Formula'/></Row><Row T='Connection' IX='44'><Cell N='X' V='12.71806706342161' F='Width*0.83124621329553'/><Cell N='Y' V='0.5378841225796188' F='Height*0.35489261695975'/><Cell N='DirX' V='0' U='IN'/><Cell N='DirY' V='0' U='IN'/><Cell N='Type' V='0'/><Cell N='AutoGen' V='0'/><Cell N='Prompt' V='' F='No Formula'/></Row><Row T='Connection' IX='45'><Cell N='X' V='13.26310330488405' F='Width*0.86686949705125'/><Cell N='Y' V='0.5378841225796188' F='Height*0.35489261695975'/><Cell N='DirX' V='0' U='IN'/><Cell N='DirY' V='0' U='IN'/><Cell N='Type' V='0'/><Cell N='AutoGen' V='0'/><Cell N='Prompt' V='' F='No Formula'/></Row><Row T='Connection' IX='46'><Cell N='X' V='13.80813954634649' F='Width*0.90249278080696'/><Cell N='Y' V='0.5378841225796188' F='Height*0.35489261695975'/><Cell N='DirX' V='0' U='IN'/><Cell N='DirY' V='0' U='IN'/><Cell N='Type' V='0'/><Cell N='AutoGen' V='0'/><Cell N='Prompt' V='' F='No Formula'/></Row><Row T='Connection' IX='47'><Cell N='X' V='14.35317578780893' F='Width*0.93811606456268'/><Cell N='Y' V='0.5378841225796188' F='Height*0.35489261695975'/><Cell N='DirX' V='0' U='IN'/><Cell N='DirY' V='0' U='IN'/><Cell N='Type' V='0'/><Cell N='AutoGen' V='0'/><Cell N='Prompt' V='' F='No Formula'/></Row></Section><Section N='User'><Row N='CreatedWith'><Cell N='Value' V='Visimation NetPix' U='STR'/><Cell N='Prompt' V='Build #3.0.1115.0'/></Row><Row N='AntiScale'><Cell N='Value' V='0.1' U='STR' F='IF(DropOnPageScale=1,User.AntiScale.Prompt,DropOnPageScale)'/><Cell N='Prompt' V='0.1' F='ThePage!PageScale/ThePage!DrawingScale'/></Row></Section><Section N='Property'><Row N='Manufacturer'><Cell N='Value' V='Cisco Systems' U='STR'/><Cell N='Prompt' V='Manufacturer'/><Cell N='Label' V='Manufacturer'/><Cell N='Format' V=''/><Cell N='SortKey' V=''/><Cell N='Type' V='0'/><Cell N='Invisible' V='0'/><Cell N='Verify' V='0'/><Cell N='DataLinked' V='0'/><Cell N='LangID' V='en-US'/><Cell N='Calendar' V='0'/></Row><Row N='ProductNumber'><Cell N='Value' V='C6800-48P-TX' U='STR'/><Cell N='Prompt' V='Product Number'/><Cell N='Label' V='Product Number'/><Cell N='Format' V=''/><Cell N='SortKey' V=''/><Cell N='Type' V='0'/><Cell N='Invisible' V='0'/><Cell N='Verify' V='0'/><Cell N='DataLinked' V='0'/><Cell N='LangID' V='en-US'/><Cell N='Calendar' V='0'/></Row><Row N='PartNumber'><Cell N='Value' V='C6800-48P-TX' U='STR'/><Cell N='Prompt' V='Part Number'/><Cell N='Label' V='Part Number'/><Cell N='Format' V=''/><Cell N='SortKey' V=''/><Cell N='Type' V='0'/><Cell N='Invisible' V='0'/><Cell N='Verify' V='0'/><Cell N='DataLinked' V='0'/><Cell N='LangID' V='en-US'/><Cell N='Calendar' V='0'/></Row><Row N='View'><Cell N='Value' V='' U='STR'/><Cell N='Prompt' V='View'/><Cell N='Label' V='View'/><Cell N='Format' V=''/><Cell N='SortKey' V=''/><Cell N='Type' V='0'/><Cell N='Invisible' V='0'/><Cell N='Verify' V='0'/><Cell N='DataLinked' V='0'/><Cell N='LangID' V='en-US'/><Cell N='Calendar' V='0'/></Row><Row N='ShapeCategory'><Cell N='Value' V='' U='STR'/><Cell N='Prompt' V='Shape Category'/><Cell N='Label' V='Shape Category'/><Cell N='Format' V=''/><Cell N='SortKey' V=''/><Cell N='Type' V='0'/><Cell N='Invisible' V='0'/><Cell N='Verify' V='0'/><Cell N='DataLinked' V='0'/><Cell N='LangID' V='en-US'/><Cell N='Calendar' V='0'/></Row><Row N='ProductDescription'><Cell N='Value' V='Catalyst 6800 48-port 1GE copper module with integrated DFC4' U='STR'/><Cell N='Prompt' V='Product Description'/><Cell N='Label' V='Product Description'/><Cell N='Format' V=''/><Cell N='SortKey' V=''/><Cell N='Type' V='0'/><Cell N='Invisible' V='0'/><Cell N='Verify' V='0'/><Cell N='DataLinked' V='0'/><Cell N='LangID' V='en-US'/><Cell N='Calendar' V='0'/></Row><Row N='Ipadress'><Cell N='Value' V='' U='STR'/><Cell N='Prompt' V='IP Address'/><Cell N='Label' V='IP Address'/><Cell N='Format' V=''/><Cell N='SortKey' V=''/><Cell N='Type' V='0'/><Cell N='Invisible' V='0'/><Cell N='Verify' V='0'/><Cell N='DataLinked' V='0'/><Cell N='LangID' V='en-US'/><Cell N='Calendar' V='0'/></Row><Row N='NetworkName'><Cell N='Value' V='' U='STR'/><Cell N='Prompt' V='Network Name'/><Cell N='Label' V='Network Name'/><Cell N='Format' V=''/><Cell N='SortKey' V=''/><Cell N='Type' V='0'/><Cell N='Invisible' V='0'/><Cell N='Verify' V='0'/><Cell N='DataLinked' V='0'/><Cell N='LangID' V='en-US'/><Cell N='Calendar' V='0'/></Row><Row N='RackUnits'><Cell N='Value' V='' U='STR'/><Cell N='Prompt' V='Rack Units'/><Cell N='Label' V='Rack Units'/><Cell N='Format' V=''/><Cell N='SortKey' V=''/><Cell N='Type' V='0'/><Cell N='Invisible' V='0'/><Cell N='Verify' V='0'/><Cell N='DataLinked' V='0'/><Cell N='LangID' V='en-US'/><Cell N='Calendar' V='0'/></Row><Row N='MountingPosition'><Cell N='Value' V='' U='STR'/><Cell N='Prompt' V='Mounting Position (RU)'/><Cell N='Label' V='Mounting Position (RU)'/><Cell N='Format' V=''/><Cell N='SortKey' V=''/><Cell N='Type' V='0'/><Cell N='Invisible' V='0'/><Cell N='Verify' V='0'/><Cell N='DataLinked' V='0'/><Cell N='LangID' V='en-US'/><Cell N='Calendar' V='0'/></Row><Row N='Bay'><Cell N='Value' V='' U='STR'/><Cell N='Prompt' V='Rack/Cab Bay'/><Cell N='Label' V='Rack/Cab Bay'/><Cell N='Format' V=''/><Cell N='SortKey' V=''/><Cell N='Type' V='0'/><Cell N='Invisible' V='0'/><Cell N='Verify' V='0'/><Cell N='DataLinked' V='0'/><Cell N='LangID' V='en-US'/><Cell N='Calendar' V='0'/></Row><Row N='RowLineup'><Cell N='Value' V='' U='STR'/><Cell N='Prompt' V='Row/Lineup'/><Cell N='Label' V='Row/Lineup'/><Cell N='Format' V=''/><Cell N='SortKey' V=''/><Cell N='Type' V='0'/><Cell N='Invisible' V='0'/><Cell N='Verify' V='0'/><Cell N='DataLinked' V='0'/><Cell N='LangID' V='en-US'/><Cell N='Calendar' V='0'/></Row><Row N='Room'><Cell N='Value' V='' U='STR'/><Cell N='Prompt' V='Room'/><Cell N='Label' V='Room'/><Cell N='Format' V=''/><Cell N='SortKey' V=''/><Cell N='Type' V='0'/><Cell N='Invisible' V='0'/><Cell N='Verify' V='0'/><Cell N='DataLinked' V='0'/><Cell N='LangID' V='en-US'/><Cell N='Calendar' V='0'/></Row><Row N='Floor'><Cell N='Value' V='' U='STR'/><Cell N='Prompt' V='Floor'/><Cell N='Label' V='Floor'/><Cell N='Format' V=''/><Cell N='SortKey' V=''/><Cell N='Type' V='0'/><Cell N='Invisible' V='0'/><Cell N='Verify' V='0'/><Cell N='DataLinked' V='0'/><Cell N='LangID' V='en-US'/><Cell N='Calendar' V='0'/></Row><Row N='Building'><Cell N='Value' V='' U='STR'/><Cell N='Prompt' V='Building'/><Cell N='Label' V='Building'/><Cell N='Format' V=''/><Cell N='SortKey' V=''/><Cell N='Type' V='0'/><Cell N='Invisible' V='0'/><Cell N='Verify' V='0'/><Cell N='DataLinked' V='0'/><Cell N='LangID' V='en-US'/><Cell N='Calendar' V='0'/></Row><Row N='LocationCode'><Cell N='Value' V='' U='STR'/><Cell N='Prompt' V='Location Code'/><Cell N='Label' V='Location Code'/><Cell N='Format' V=''/><Cell N='SortKey' V=''/><Cell N='Type' V='0'/><Cell N='Invisible' V='0'/><Cell N='Verify' V='0'/><Cell N='DataLinked' V='0'/><Cell N='LangID' V='en-US'/><Cell N='Calendar' V='0'/></Row><Row N='Department'><Cell N='Value' V='' U='STR'/><Cell N='Prompt' V='Department'/><Cell N='Label' V='Department'/><Cell N='Format' V=''/><Cell N='SortKey' V=''/><Cell N='Type' V='0'/><Cell N='Invisible' V='0'/><Cell N='Verify' V='0'/><Cell N='DataLinked' V='0'/><Cell N='LangID' V='en-US'/><Cell N='Calendar' V='0'/></Row><Row N='PurchaseDate'><Cell N='Value' V='' U='STR'/><Cell N='Prompt' V='Purchase Date'/><Cell N='Label' V='Purchase Date'/><Cell N='Format' V=''/><Cell N='SortKey' V=''/><Cell N='Type' V='0'/><Cell N='Invisible' V='0'/><Cell N='Verify' V='0'/><Cell N='DataLinked' V='0'/><Cell N='LangID' V='en-US'/><Cell N='Calendar' V='0'/></Row><Row N='InstalledDate'><Cell N='Value' V='' U='STR'/><Cell N='Prompt' V='Installed Date'/><Cell N='Label' V='Installed Date'/><Cell N='Format' V=''/><Cell N='SortKey' V=''/><Cell N='Type' V='0'/><Cell N='Invisible' V='0'/><Cell N='Verify' V='0'/><Cell N='DataLinked' V='0'/><Cell N='LangID' V='en-US'/><Cell N='Calendar' V='0'/></Row><Row N='WarrantyExp'><Cell N='Value' V='' U='STR'/><Cell N='Prompt' V='Warranty Exp'/><Cell N='Label' V='Warranty Exp'/><Cell N='Format' V=''/><Cell N='SortKey' V=''/><Cell N='Type' V='0'/><Cell N='Invisible' V='0'/><Cell N='Verify' V='0'/><Cell N='DataLinked' V='0'/><Cell N='LangID' V='en-US'/><Cell N='Calendar' V='0'/></Row><Row N='SupportAgreement'><Cell N='Value' V='' U='STR'/><Cell N='Prompt' V='Support Agreement'/><Cell N='Label' V='Support Agreement'/><Cell N='Format' V=''/><Cell N='SortKey' V=''/><Cell N='Type' V='0'/><Cell N='Invisible' V='0'/><Cell N='Verify' V='0'/><Cell N='DataLinked' V='0'/><Cell N='LangID' V='en-US'/><Cell N='Calendar' V='0'/></Row><Row N='SupportContactName'><Cell N='Value' V='' U='STR'/><Cell N='Prompt' V='Support Contact Name'/><Cell N='Label' V='Support Contact Name'/><Cell N='Format' V=''/><Cell N='SortKey' V=''/><Cell N='Type' V='0'/><Cell N='Invisible' V='0'/><Cell N='Verify' V='0'/><Cell N='DataLinked' V='0'/><Cell N='LangID' V='en-US'/><Cell N='Calendar' V='0'/></Row><Row N='ContactPhone'><Cell N='Value' V='' U='STR'/><Cell N='Prompt' V='Contact Phone'/><Cell N='Label' V='Contact Phone'/><Cell N='Format' V=''/><Cell N='SortKey' V=''/><Cell N='Type' V='0'/><Cell N='Invisible' V='0'/><Cell N='Verify' V='0'/><Cell N='DataLinked' V='0'/><Cell N='LangID' V='en-US'/><Cell N='Calendar' V='0'/></Row><Row N='Comments'><Cell N='Value' V='' U='STR'/><Cell N='Prompt' V='Comments'/><Cell N='Label' V='Comments'/><Cell N='Format' V=''/><Cell N='SortKey' V=''/><Cell N='Type' V='0'/><Cell N='Invisible' V='0'/><Cell N='Verify' V='0'/><Cell N='DataLinked' V='0'/><Cell N='LangID' V='en-US'/><Cell N='Calendar' V='0'/></Row><Row N='Cost'><Cell N='Value' V='' U='STR'/><Cell N='Prompt' V='Cost'/><Cell N='Label' V='Cost'/><Cell N='Format' V=''/><Cell N='SortKey' V=''/><Cell N='Type' V='0'/><Cell N='Invisible' V='0'/><Cell N='Verify' V='0'/><Cell N='DataLinked' V='0'/><Cell N='LangID' V='en-US'/><Cell N='Calendar' V='0'/></Row><Row N='AssetNumber'><Cell N='Value' V='' U='STR'/><Cell N='Prompt' V='Asset Number'/><Cell N='Label' V='Asset Number'/><Cell N='Format' V=''/><Cell N='SortKey' V=''/><Cell N='Type' V='0'/><Cell N='Invisible' V='0'/><Cell N='Verify' V='0'/><Cell N='DataLinked' V='0'/><Cell N='LangID' V='en-US'/><Cell N='Calendar' V='0'/></Row><Row N='SerialNumber'><Cell N='Value' V='' U='STR'/><Cell N='Prompt' V='Serial Number'/><Cell N='Label' V='Serial Number'/><Cell N='Format' V=''/><Cell N='SortKey' V=''/><Cell N='Type' V='0'/><Cell N='Invisible' V='0'/><Cell N='Verify' V='0'/><Cell N='DataLinked' V='0'/><Cell N='LangID' V='en-US'/><Cell N='Calendar' V='0'/></Row></Section><Section N='Field'><Row IX='0'><Cell N='Value' V='C6800-48P-TX' U='STR' F='Prop.ProductNumber'/><Cell N='Format' V='@' U='STR' F='FIELDPICTURE(37)'/><Cell N='Type' V='0'/><Cell N='UICat' V='0'/><Cell N='UICod' V='255'/><Cell N='UIFmt' V='255'/><Cell N='Calendar' V='0'/><Cell N='ObjectKind' V='0'/></Row></Section><Section N='Actions'><Row N='Row_1'><Cell N='Menu' V='Show E&amp;quipment Label' F='IF(HideText,"Show","Hide")&amp;" E&amp;quipment Label"'/><Cell N='Action' V='0' F='SETF(GetRef(HideText),NOT(HideText))'/><Cell N='Checked' V='0'/><Cell N='Disabled' V='0'/><Cell N='ReadOnly' V='0'/><Cell N='Invisible' V='0'/><Cell N='BeginGroup' V='0'/><Cell N='FlyoutChild' V='0'/><Cell N='TagName' V=''/><Cell N='ButtonFace' V=''/><Cell N='SortKey' V=''/></Row><Row N='Row_2'><Cell N='Menu' V='Enable Text &amp;Label Editing'/><Cell N='Action' V='0' F='SETF(GetRef(Actions.Row_2.Checked),NOT(Actions.Row_2.Checked))'/><Cell N='Checked' V='0'/><Cell N='Disabled' V='0'/><Cell N='ReadOnly' V='0'/><Cell N='Invisible' V='0'/><Cell N='BeginGroup' V='0'/><Cell N='FlyoutChild' V='0'/><Cell N='TagName' V=''/><Cell N='ButtonFace' V=''/><Cell N='SortKey' V=''/></Row><Row N='Row_3'><Cell N='Menu' V='Custom &amp;Properties...'/><Cell N='Action' V='0' F='DOCMD(1312)'/><Cell N='Checked' V='0'/><Cell N='Disabled' V='0'/><Cell N='ReadOnly' V='0'/><Cell N='Invisible' V='0'/><Cell N='BeginGroup' V='0'/><Cell N='FlyoutChild' V='0'/><Cell N='TagName' V=''/><Cell N='ButtonFace' V='9980' F='9980'/><Cell N='SortKey' V=''/></Row><Row N='Row_4'><Cell N='Menu' V='_Cisco Info Online'/><Cell N='Action' V='0' F='HYPERLINK("http://www.shapesource.com/shapelinks/LinkResolver.aspx?LinkID=1455&amp;MasterName=C6800-48P-TX&amp;StencilName=Switches+-+Catalyst+6800")'/><Cell N='Checked' V='0'/><Cell N='Disabled' V='0'/><Cell N='ReadOnly' V='0'/><Cell N='Invisible' V='0'/><Cell N='BeginGroup' V='0'/><Cell N='FlyoutChild' V='0'/><Cell N='TagName' V=''/><Cell N='ButtonFace' V='1576' F='1576'/><Cell N='SortKey' V=''/></Row></Section><Section N='Control'><Row N='Row_1'><Cell N='X' V='7.65' F='Width*0.5'/><Cell N='Y' V='-1.000257629394531' F='-TxtHeight*0.5'/><Cell N='XDyn' V='7.65' F='Controls.Row_1'/><Cell N='YDyn' V='-1.000257629394531' F='Controls.Row_1.Y'/><Cell N='XCon' V='5' F='IF(OR(HideText,STRSAME(SHAPETEXT(TheText),"")),5,0)'/><Cell N='YCon' V='2'/><Cell N='CanGlue' V='1'/><Cell N='Prompt' V='Reposition Text'/></Row></Section><Section N='Character'><Row IX='0'><Cell N='Font' V='Arial Unicode MS' F='THEMEVAL("LatinFont",1)'/><Cell N='Size' V='0.1666666666666667' U='PT' F='12PT*User.AntiScale*10'/></Row></Section><Text><cp IX='0'/><fld IX='0'>C6800-48P-TX</fld>
</Text><Shapes><Shape ID='6' Type='Foreign' LineStyle='2' FillStyle='2' TextStyle='2'><Cell N='PinX' V='7.65' F='Sheet.5!Width*0.5'/><Cell N='PinY' V='0.7578125000000011' F='Sheet.5!Height*0.5'/><Cell N='Width' V='15.34125' F='Sheet.5!Width*1.0026960784314'/><Cell N='Height' V='1.556875' F='Sheet.5!Height*1.0272164948454'/><Cell N='LocPinX' V='7.670624999999982' F='Width*0.5'/><Cell N='LocPinY' V='0.7784375000000005' F='Height*0.5'/><Cell N='Angle' V='0'/><Cell N='FlipX' V='0'/><Cell N='FlipY' V='0'/><Cell N='ResizeMode' V='0'/><Cell N='ImgOffsetX' V='0' F='ImgWidth*0'/><Cell N='ImgOffsetY' V='0' F='ImgHeight*0'/><Cell N='ImgWidth' V='15.34125' F='Width*1'/><Cell N='ImgHeight' V='1.556875' F='Height*1'/><Cell N='ClippingPath' V=''/><Cell N='TxtPinX' V='7.670624999999982' F='Width*0.5'/><Cell N='TxtPinY' V='0' F='Height*0'/><Cell N='TxtWidth' V='15.34125' F='Width*1'/><Cell N='TxtHeight' V='0' F='Height*0'/><Cell N='TxtLocPinX' V='7.670624999999982' F='TxtWidth*0.5'/><Cell N='TxtLocPinY' V='0' F='TxtHeight*0.5'/><Cell N='TxtAngle' V='0'/><Cell N='LeftMargin' V='0.005555555555555556' U='PT'/><Cell N='RightMargin' V='0.005555555555555556' U='PT'/><Cell N='TopMargin' V='0.005555555555555556' U='PT'/><Cell N='BottomMargin' V='0.005555555555555556' U='PT'/><Cell N='VerticalAlign' V='0'/><Cell N='DefaultTabStop' V='0.05' U='IN'/><Cell N='Copyright' V='Copyright ©2015 Cisco Systems. All rights Reserved.  Created by Visimation Inc.'/><Cell N='LineWeight' V='0.001041666666666667' U='PT' F='THEMEVAL("LineWeight",0.075PT)'/><Section N='Character'><Row IX='0'><Cell N='Font' V='Arial Unicode MS' F='THEMEVAL("LatinFont",1)'/><Cell N='Size' V='0.01666666666666667' U='PT'/></Row></Section><Section N='Geometry' IX='0'><Cell N='NoFill' V='0'/><Cell N='NoLine' V='0'/><Cell N='NoShow' V='0'/><Cell N='NoSnap' V='0'/><Cell N='NoQuickDrag' V='0'/><Row T='MoveTo' IX='1'><Cell N='X' V='0' F='Width*0'/><Cell N='Y' V='0' F='Height*0'/></Row><Row T='LineTo' IX='2'><Cell N='X' V='15.34125' F='Width*1'/><Cell N='Y' V='0' F='Height*0'/></Row><Row T='LineTo' IX='3'><Cell N='X' V='15.34125' F='Width*1'/><Cell N='Y' V='1.556875' F='Height*1'/></Row><Row T='LineTo' IX='4'><Cell N='X' V='0' F='Width*0'/><Cell N='Y' V='1.556875' F='Height*1'/></Row><Row T='LineTo' IX='5'><Cell N='X' V='0' F='Width*0'/><Cell N='Y' V='0' F='Height*0'/></Row></Section><ForeignData ForeignType='EnhMetaFile' MappingMode='8' ExtentX='1102' ExtentY='111'><Rel r:id='rId1'/></ForeignData></Shape></Shapes></Shape></Shapes></MasterContents>