<?xml version='1.0' encoding='utf-8' ?>
<MasterContents xmlns='http://schemas.microsoft.com/office/visio/2012/main' xmlns:r='http://schemas.openxmlformats.org/officeDocument/2006/relationships' xml:space='preserve'><Shapes><Shape ID='5' NameU='Icon-networking-79' IsCustomNameU='1' Name='Icon-networking-79' IsCustomName='1' Type='Group' LineStyle='44' FillStyle='44' TextStyle='44'><Cell N='PinX' V='2.195833385412893'/><Cell N='PinY' V='3.041666738912465'/><Cell N='Width' V='0.8'/><Cell N='Height' V='0.7351111111111111'/><Cell N='LocPinX' V='0.4' F='Width*0.5'/><Cell N='LocPinY' V='0.3675555555555555' F='Height*0.5'/><Cell N='Angle' V='0'/><Cell N='FlipX' V='0'/><Cell N='FlipY' V='0'/><Cell N='ResizeMode' V='0'/><Cell N='EventDblClick' V='0' F='OPENTEXTWIN()'/><Cell N='EventDrop' V='0' F='SETF(GetRef(HideText),FALSE)'/><Cell N='SelectMode' V='0'/><Cell N='HideText' V='1'/><Cell N='LockGroup' V='1'/><Cell N='TxtPinX' V='0.4' F='Width*0.5'/><Cell N='TxtPinY' V='-0.18003' F='-TxtHeight*0.6'/><Cell N='TxtWidth' V='1' F='MAX(LEN(TheText),Width)'/><Cell N='TxtHeight' V='0.30005' F='TEXTHEIGHT(TheText,TxtWidth)'/><Cell N='TxtLocPinX' V='0.5' F='TxtWidth*0.5'/><Cell N='TxtLocPinY' V='0.150025' F='TxtHeight*0.5'/><Cell N='TxtAngle' V='0'/><Section N='Connection'><Row T='Connection' IX='0'><Cell N='X' V='0.4' F='TxtPinX'/><Cell N='Y' V='-0.30005' F='IF(TEXTHEIGHT(TheText,TxtWidth)=0.15,0,-TEXTHEIGHT(TheText,TxtWidth))'/><Cell N='DirX' V='0' U='IN'/><Cell N='DirY' V='0' U='IN'/><Cell N='Type' V='0'/><Cell N='AutoGen' V='0'/><Cell N='Prompt' V='' F='No Formula'/></Row><Row T='Connection' IX='1'><Cell N='X' V='0.4' F='Width*0.5'/><Cell N='Y' V='0.7351111111111111' F='Height*1'/><Cell N='DirX' V='0' U='IN'/><Cell N='DirY' V='0' U='IN'/><Cell N='Type' V='0'/><Cell N='AutoGen' V='0'/><Cell N='Prompt' V='' F='No Formula'/></Row><Row T='Connection' IX='2'><Cell N='X' V='0' F='Width*0'/><Cell N='Y' V='0.3675555555555555' F='Height*0.5'/><Cell N='DirX' V='0' U='IN'/><Cell N='DirY' V='0' U='IN'/><Cell N='Type' V='0'/><Cell N='AutoGen' V='0'/><Cell N='Prompt' V='' F='No Formula'/></Row><Row T='Connection' IX='3'><Cell N='X' V='0.8' F='Width*1'/><Cell N='Y' V='0.3675555555555555' F='Height*0.5'/><Cell N='DirX' V='0' U='IN'/><Cell N='DirY' V='0' U='IN'/><Cell N='Type' V='0'/><Cell N='AutoGen' V='0'/><Cell N='Prompt' V='' F='No Formula'/></Row></Section><Section N='User'><Row N='msvDisableCustomConnectionPoints'><Cell N='Value' V='1' U='BOOL'/><Cell N='Prompt' V=''/></Row></Section><Section N='Character'><Row IX='0'><Cell N='Size' V='0.125' U='PT'/></Row></Section><Text><cp IX='0'/>ExpressRoute Circuits
</Text><Shapes><Shape ID='6' Type='Shape' LineStyle='44' FillStyle='44' TextStyle='44'><Cell N='PinX' V='0.254770025052656' F='Sheet.5!Width*0.31846253131582'/><Cell N='PinY' V='0.3691294392040599' F='Sheet.5!Height*0.50214101463672'/><Cell N='Width' V='0.088' F='Sheet.5!Width*0.11'/><Cell N='Height' V='0.4222222222222242' F='Sheet.5!Height*0.57436517533253'/><Cell N='LocPinX' V='0.044' F='Width*0.5'/><Cell N='LocPinY' V='0.2111111111111121' F='Height*0.5'/><Cell N='Angle' V='-0.5235987755983'/><Cell N='FlipX' V='0'/><Cell N='FlipY' V='0'/><Cell N='ResizeMode' V='0'/><Cell N='FillForegnd' V='#a67af4'/><Section N='User'><Row N='msvDisableCustomConnectionPoints'><Cell N='Value' V='1' U='BOOL'/><Cell N='Prompt' V=''/></Row></Section><Section N='Geometry' IX='0'><Cell N='NoFill' V='0'/><Cell N='NoLine' V='0'/><Cell N='NoShow' V='0'/><Cell N='NoSnap' V='0'/><Cell N='NoQuickDrag' V='0'/><Row T='MoveTo' IX='1'><Cell N='X' V='0' F='Width*0'/><Cell N='Y' V='0' F='Height*0'/></Row><Row T='LineTo' IX='2'><Cell N='X' V='0.088' F='Width*1'/><Cell N='Y' V='0' F='Height*0'/></Row><Row T='LineTo' IX='3'><Cell N='X' V='0.088' F='Width*1'/><Cell N='Y' V='0.4222222222222242' F='Height*1'/></Row><Row T='LineTo' IX='4'><Cell N='X' V='0' F='Width*0'/><Cell N='Y' V='0.4222222222222242' F='Height*1'/></Row><Row T='LineTo' IX='5'><Cell N='X' V='0' F='Geometry1.X1'/><Cell N='Y' V='0' F='Geometry1.Y1'/></Row></Section></Shape><Shape ID='7' Type='Shape' LineStyle='44' FillStyle='44' TextStyle='44'><Cell N='PinX' V='0.542467107829784' F='Sheet.5!Width*0.67808388478723'/><Cell N='PinY' V='0.3623043696660403' F='Sheet.5!Height*0.49285660927968'/><Cell N='Width' V='0.088' F='Sheet.5!Width*0.11'/><Cell N='Height' V='0.4222222222222242' F='Sheet.5!Height*0.57436517533253'/><Cell N='LocPinX' V='0.044' F='Width*0.5'/><Cell N='LocPinY' V='0.2111111111111121' F='Height*0.5'/><Cell N='Angle' V='0.5235987755983'/><Cell N='FlipX' V='0'/><Cell N='FlipY' V='0'/><Cell N='ResizeMode' V='0'/><Cell N='FillForegnd' V='#a67af4'/><Section N='User'><Row N='msvDisableCustomConnectionPoints'><Cell N='Value' V='1' U='BOOL'/><Cell N='Prompt' V=''/></Row></Section><Section N='Geometry' IX='0'><Cell N='NoFill' V='0'/><Cell N='NoLine' V='0'/><Cell N='NoShow' V='0'/><Cell N='NoSnap' V='0'/><Cell N='NoQuickDrag' V='0'/><Row T='MoveTo' IX='1'><Cell N='X' V='0' F='Width*0'/><Cell N='Y' V='0' F='Height*0'/></Row><Row T='LineTo' IX='2'><Cell N='X' V='0.088' F='Width*1'/><Cell N='Y' V='0' F='Height*0'/></Row><Row T='LineTo' IX='3'><Cell N='X' V='0.088' F='Width*1'/><Cell N='Y' V='0.4222222222222242' F='Height*1'/></Row><Row T='LineTo' IX='4'><Cell N='X' V='0' F='Width*0'/><Cell N='Y' V='0.4222222222222242' F='Height*1'/></Row><Row T='LineTo' IX='5'><Cell N='X' V='0' F='Geometry1.X1'/><Cell N='Y' V='0' F='Geometry1.Y1'/></Row></Section></Shape><Shape ID='8' Type='Shape' LineStyle='44' FillStyle='44' TextStyle='44'><Cell N='PinX' V='0.395111111111112' F='Sheet.5!Width*0.49388888888889'/><Cell N='PinY' V='0.113777777777777' F='Sheet.5!Height*0.15477629987908'/><Cell N='Width' V='0.088' F='Sheet.5!Width*0.11'/><Cell N='Height' V='0.4222222222222242' F='Sheet.5!Height*0.57436517533253'/><Cell N='LocPinX' V='0.044' F='Width*0.5'/><Cell N='LocPinY' V='0.2111111111111121' F='Height*0.5'/><Cell N='Angle' V='-1.5707963267949'/><Cell N='FlipX' V='0'/><Cell N='FlipY' V='0'/><Cell N='ResizeMode' V='0'/><Cell N='FillForegnd' V='#773adc'/><Section N='User'><Row N='msvDisableCustomConnectionPoints'><Cell N='Value' V='1' U='BOOL'/><Cell N='Prompt' V=''/></Row></Section><Section N='Geometry' IX='0'><Cell N='NoFill' V='0'/><Cell N='NoLine' V='0'/><Cell N='NoShow' V='0'/><Cell N='NoSnap' V='0'/><Cell N='NoQuickDrag' V='0'/><Row T='MoveTo' IX='1'><Cell N='X' V='0' F='Width*0'/><Cell N='Y' V='0' F='Height*0'/></Row><Row T='LineTo' IX='2'><Cell N='X' V='0.088' F='Width*1'/><Cell N='Y' V='0' F='Height*0'/></Row><Row T='LineTo' IX='3'><Cell N='X' V='0.088' F='Width*1'/><Cell N='Y' V='0.4222222222222242' F='Height*1'/></Row><Row T='LineTo' IX='4'><Cell N='X' V='0' F='Width*0'/><Cell N='Y' V='0.4222222222222242' F='Height*1'/></Row><Row T='LineTo' IX='5'><Cell N='X' V='0' F='Geometry1.X1'/><Cell N='Y' V='0' F='Geometry1.Y1'/></Row></Section></Shape><Shape ID='9' Type='Shape' LineStyle='44' FillStyle='44' TextStyle='44'><Cell N='PinX' V='0.4031111111111121' F='Sheet.5!Width*0.50388888888889'/><Cell N='PinY' V='0.6280000000000008' F='Sheet.5!Height*0.85429262394196'/><Cell N='Width' V='0.214222222222224' F='Sheet.5!Width*0.26777777777778'/><Cell N='Height' V='0.2142222222222206' F='Sheet.5!Height*0.29141475211608'/><Cell N='LocPinX' V='0.107111111111112' F='Width*0.5'/><Cell N='LocPinY' V='0.1071111111111103' F='Height*0.5'/><Cell N='Angle' V='0'/><Cell N='FlipX' V='0'/><Cell N='FlipY' V='0'/><Cell N='ResizeMode' V='0'/><Cell N='LineGradientAngle' V='0'/><Cell N='FillGradientAngle' V='0.7840018999958547'/><Cell N='FillGradientEnabled' V='1'/><Section N='FillGradient'><Row IX='0'><Cell N='GradientStopColor' V='#86d633'/></Row><Row IX='1'><Cell N='GradientStopColor' V='#5e9624'/><Cell N='GradientStopColorTrans' V='0'/><Cell N='GradientStopPosition' V='1'/></Row></Section><Section N='User'><Row N='msvDisableCustomConnectionPoints'><Cell N='Value' V='1' U='BOOL'/><Cell N='Prompt' V=''/></Row></Section><Section N='Geometry' IX='0'><Cell N='NoFill' V='0'/><Cell N='NoLine' V='0'/><Cell N='NoShow' V='0'/><Cell N='NoSnap' V='0'/><Cell N='NoQuickDrag' V='0'/><Row T='Ellipse' IX='1'><Cell N='X' V='0.107111111111112' F='Width*0.5'/><Cell N='Y' V='0.1071111111111103' F='Height*0.5'/><Cell N='A' V='0.214222222222224' U='DL' F='Width*1'/><Cell N='B' V='0.1071111111111103' U='DL' F='Height*0.5'/><Cell N='C' V='0.107111111111112' U='DL' F='Width*0.5'/><Cell N='D' V='0.2142222222222206' U='DL' F='Height*1'/></Row></Section></Shape><Shape ID='10' Type='Shape' LineStyle='44' FillStyle='44' TextStyle='44'><Cell N='PinX' V='0.6928888888888881' F='Sheet.5!Width*0.86611111111111'/><Cell N='PinY' V='0.1071111111111103' F='Sheet.5!Height*0.14570737605804'/><Cell N='Width' V='0.214222222222224' F='Sheet.5!Width*0.26777777777778'/><Cell N='Height' V='0.2142222222222206' F='Sheet.5!Height*0.29141475211608'/><Cell N='LocPinX' V='0.107111111111112' F='Width*0.5'/><Cell N='LocPinY' V='0.1071111111111103' F='Height*0.5'/><Cell N='Angle' V='0'/><Cell N='FlipX' V='0'/><Cell N='FlipY' V='0'/><Cell N='ResizeMode' V='0'/><Cell N='LineGradientAngle' V='0'/><Cell N='FillGradientAngle' V='0.7868665911232046'/><Cell N='FillGradientEnabled' V='1'/><Section N='FillGradient'><Row IX='0'><Cell N='GradientStopColor' V='#86d633'/></Row><Row IX='1'><Cell N='GradientStopColor' V='#5e9624'/><Cell N='GradientStopColorTrans' V='0'/><Cell N='GradientStopPosition' V='1'/></Row></Section><Section N='User'><Row N='msvDisableCustomConnectionPoints'><Cell N='Value' V='1' U='BOOL'/><Cell N='Prompt' V=''/></Row></Section><Section N='Geometry' IX='0'><Cell N='NoFill' V='0'/><Cell N='NoLine' V='0'/><Cell N='NoShow' V='0'/><Cell N='NoSnap' V='0'/><Cell N='NoQuickDrag' V='0'/><Row T='Ellipse' IX='1'><Cell N='X' V='0.107111111111112' F='Width*0.5'/><Cell N='Y' V='0.1071111111111103' F='Height*0.5'/><Cell N='A' V='0.214222222222224' U='DL' F='Width*1'/><Cell N='B' V='0.1071111111111103' U='DL' F='Height*0.5'/><Cell N='C' V='0.107111111111112' U='DL' F='Width*0.5'/><Cell N='D' V='0.2142222222222206' U='DL' F='Height*1'/></Row></Section></Shape><Shape ID='11' Type='Shape' LineStyle='44' FillStyle='44' TextStyle='44'><Cell N='PinX' V='0.107111111111112' F='Sheet.5!Width*0.13388888888889'/><Cell N='PinY' V='0.1071111111111103' F='Sheet.5!Height*0.14570737605804'/><Cell N='Width' V='0.214222222222224' F='Sheet.5!Width*0.26777777777778'/><Cell N='Height' V='0.2142222222222206' F='Sheet.5!Height*0.29141475211608'/><Cell N='LocPinX' V='0.107111111111112' F='Width*0.5'/><Cell N='LocPinY' V='0.1071111111111103' F='Height*0.5'/><Cell N='Angle' V='0'/><Cell N='FlipX' V='0'/><Cell N='FlipY' V='0'/><Cell N='ResizeMode' V='0'/><Cell N='LineGradientAngle' V='0'/><Cell N='FillGradientAngle' V='0.7853981633974486'/><Cell N='FillGradientEnabled' V='1'/><Section N='FillGradient'><Row IX='0'><Cell N='GradientStopColor' V='#86d633'/></Row><Row IX='1'><Cell N='GradientStopColor' V='#5e9624'/><Cell N='GradientStopColorTrans' V='0'/><Cell N='GradientStopPosition' V='1'/></Row></Section><Section N='User'><Row N='msvDisableCustomConnectionPoints'><Cell N='Value' V='1' U='BOOL'/><Cell N='Prompt' V=''/></Row></Section><Section N='Geometry' IX='0'><Cell N='NoFill' V='0'/><Cell N='NoLine' V='0'/><Cell N='NoShow' V='0'/><Cell N='NoSnap' V='0'/><Cell N='NoQuickDrag' V='0'/><Row T='Ellipse' IX='1'><Cell N='X' V='0.107111111111112' F='Width*0.5'/><Cell N='Y' V='0.1071111111111103' F='Height*0.5'/><Cell N='A' V='0.214222222222224' U='DL' F='Width*1'/><Cell N='B' V='0.1071111111111103' U='DL' F='Height*0.5'/><Cell N='C' V='0.107111111111112' U='DL' F='Width*0.5'/><Cell N='D' V='0.2142222222222206' U='DL' F='Height*1'/></Row></Section></Shape></Shapes></Shape></Shapes></MasterContents>