<?xml version='1.0' encoding='utf-8' ?>
<MasterContents xmlns='http://schemas.microsoft.com/office/visio/2012/main' xmlns:r='http://schemas.openxmlformats.org/officeDocument/2006/relationships' xml:space='preserve'><Shapes><Shape ID='5' Type='Group' LineStyle='3' FillStyle='3' TextStyle='3'><Cell N='PinX' V='0.7874015748031495' U='MM'/><Cell N='PinY' V='0.7874015748031495' U='MM'/><Cell N='Width' V='0.6299212598425197'/><Cell N='Height' V='0.6299212598425197'/><Cell N='LocPinX' V='0.3149606299212598' F='Width*0.5'/><Cell N='LocPinY' V='0.3149606299212598' F='Height*0.5'/><Cell N='Angle' V='0'/><Cell N='FlipX' V='0'/><Cell N='FlipY' V='0'/><Cell N='ResizeMode' V='0'/><Cell N='ObjType' V='8'/><Cell N='Comment' V='&lt;no master&gt;' F='INDEX(0,INDEX(0,MASTERNAME(),":"),".")'/><Cell N='LangID' V='zh-CN' F='Inh'/><Cell N='EventDblClick' V='0' F='OPENTEXTWIN()'/><Cell N='TxtPinX' V='0.3149606299212598' F='Controls.Row_1'/><Cell N='TxtPinY' V='-0.1555555555555556' F='Controls.Row_1.Y'/><Cell N='TxtWidth' V='0.1111111111111111' F='TEXTWIDTH(TheText)'/><Cell N='TxtHeight' V='0.3111111111111111' F='TEXTHEIGHT(TheText,TxtWidth)'/><Cell N='TxtLocPinX' V='0.05555555555555555' F='TxtWidth*0.5'/><Cell N='TxtLocPinY' V='0.1555555555555556' F='TxtHeight*0.5'/><Cell N='TxtAngle' V='0' F='IF(BITXOR(FlipX,FlipY),1,-1)*Angle'/><Cell N='SelectMode' V='0'/><Cell N='HelpTopic' V='Vis_PRXY.chm!#55167'/><Cell N='LayerMember' V='' F='No Formula'/><Cell N='LockAspect' V='1'/><Cell N='QuickStyleVariation' V='6'/><Section N='User'><Row N='HasText'><Cell N='Value' V='0' U='BOOL' F='NOT(OR(HideText,STRSAME(SHAPETEXT(TheText),"")))'/><Cell N='Prompt' V='' F='No Formula'/></Row><Row N='ShapeClass'><Cell N='Value' V='8'/><Cell N='Prompt' V='' F='No Formula'/></Row><Row N='ShapeType'><Cell N='Value' V='7'/><Cell N='Prompt' V='' F='No Formula'/></Row><Row N='SubShapeType'><Cell N='Value' V='36'/><Cell N='Prompt' V='' F='No Formula'/></Row><Row N='visLegendShape'><Cell N='Value' V='2'/><Cell N='Prompt' V='' F='No Formula'/></Row><Row N='SolSH'><Cell N='Value' V='{BF0433D9-CD73-4EB5-8390-8653BE590246}' U='GUID'/><Cell N='Prompt' V='' F='No Formula'/></Row><Row N='visVersion'><Cell N='Value' V='14'/><Cell N='Prompt' V=''/></Row></Section><Section N='Connection'><Row T='Connection' N='Row_1'><Cell N='X' V='0.3149606299212598' F='Width*0.5'/><Cell N='Y' V='0.3149606299212598' F='Height*0.5'/><Cell N='DirX' V='0'/><Cell N='DirY' V='0'/><Cell N='Type' V='0'/><Cell N='AutoGen' V='0'/><Cell N='Prompt' V='' F='No Formula'/></Row></Section><Section N='Control'><Row N='Row_1'><Cell N='X' V='0.3149606299212598' F='Width*0.5'/><Cell N='Y' V='-0.1555555555555556' F='-TxtHeight*0.5'/><Cell N='XDyn' V='0.3149606299212598' F='Controls.Row_1'/><Cell N='YDyn' V='-0.1555555555555556' F='Controls.Row_1.Y'/><Cell N='XCon' V='2' F='(Controls.Row_1&gt;Width/2)*2+2'/><Cell N='YCon' V='7' F='(Controls.Row_1.Y&gt;Height/2)*2+2+5*NOT(User.HasText)'/><Cell N='CanGlue' V='1'/><Cell N='Prompt' V='重定位文本'/></Row></Section><Section N='Property'><Row N='ShapeClass'><Cell N='Value' V='安全性' U='STR'/><Cell N='Prompt' V='' F='No Formula'/><Cell N='Label' V='ShapeClass'/><Cell N='Format' V='' F='No Formula'/><Cell N='SortKey' V='' F='No Formula'/><Cell N='Type' V='0'/><Cell N='Invisible' V='1'/><Cell N='Verify' V='0'/><Cell N='DataLinked' V='0' F='No Formula'/><Cell N='LangID' V='zh-CN'/><Cell N='Calendar' V='0' F='No Formula'/></Row><Row N='ShapeType'><Cell N='Value' V='概念' U='STR'/><Cell N='Prompt' V='' F='No Formula'/><Cell N='Label' V='ShapeType'/><Cell N='Format' V='' F='No Formula'/><Cell N='SortKey' V='' F='No Formula'/><Cell N='Type' V='0'/><Cell N='Invisible' V='1'/><Cell N='Verify' V='0'/><Cell N='DataLinked' V='0' F='No Formula'/><Cell N='LangID' V='zh-CN'/><Cell N='Calendar' V='0' F='No Formula'/></Row><Row N='SubShapeType'><Cell N='Value' V='密钥' U='STR'/><Cell N='Prompt' V='' F='No Formula'/><Cell N='Label' V='SubShapeType'/><Cell N='Format' V='' F='No Formula'/><Cell N='SortKey' V='' F='No Formula'/><Cell N='Type' V='0'/><Cell N='Invisible' V='1'/><Cell N='Verify' V='0'/><Cell N='DataLinked' V='0' F='No Formula'/><Cell N='LangID' V='zh-CN'/><Cell N='Calendar' V='0' F='No Formula'/></Row></Section><Section N='Character'><Row IX='0'><Cell N='Font' V='SimSun' F='THEMEVAL("LatinFont",5)'/><Cell N='AsianFont' V='SimSun' F='THEMEVAL("AsianFont",5)'/></Row></Section><Shapes><Shape ID='6' Type='Shape' LineStyle='3' FillStyle='3' TextStyle='3'><Cell N='PinX' V='0.3149606299212598' F='Width/2'/><Cell N='PinY' V='0.3149606299212598' F='Height/2'/><Cell N='Width' V='0.6299212598425197' F='Sheet.5!Width*1'/><Cell N='Height' V='0.6299212598425197' F='Sheet.5!Height*1'/><Cell N='LocPinX' V='0.3149606299212598' F='Width*0.5'/><Cell N='LocPinY' V='0.3149606299212598' F='Height*0.5'/><Cell N='Angle' V='0'/><Cell N='FlipX' V='0'/><Cell N='FlipY' V='0'/><Cell N='ResizeMode' V='0'/><Cell N='LineWeight' V='0.01' U='PT' F='GUARD(0.72PT)'/><Cell N='LinePattern' V='1' F='GUARD(1)'/><Cell N='Rounding' V='0' F='GUARD(0)'/><Cell N='BeginArrow' V='0' F='GUARD(0)'/><Cell N='EndArrow' V='0' F='GUARD(0)'/><Cell N='LineColorTrans' V='1' F='GUARD(100%)'/><Cell N='FillForegnd' V='6' F='GUARD(6)'/><Cell N='FillBkgnd' V='6' F='GUARD(6)'/><Cell N='FillPattern' V='1' F='GUARD(1)'/><Cell N='FillForegndTrans' V='1' F='GUARD(100%)'/><Cell N='FillBkgndTrans' V='1' F='GUARD(100%)'/><Cell N='FillGradientEnabled' V='0' F='GUARD(FALSE)'/><Section N='Character'><Row IX='0'><Cell N='Font' V='SimSun' F='THEMEVAL("LatinFont",5)'/><Cell N='AsianFont' V='SimSun' F='THEMEVAL("AsianFont",5)'/></Row></Section><Section N='Geometry' IX='0'><Cell N='NoFill' V='0'/><Cell N='NoLine' V='0'/><Cell N='NoShow' V='0'/><Cell N='NoSnap' V='0'/><Cell N='NoQuickDrag' V='0' F='No Formula'/><Row T='MoveTo' IX='1'><Cell N='X' V='0.1029826294487748' F='Width*0.16348492424993'/><Cell N='Y' V='0.008425862601094803' F='Height*0.013376056879238'/></Row><Row T='EllipticalArcTo' IX='2'><Cell N='X' V='0.104302912255011' F='Width*0.16558087320483'/><Cell N='Y' V='0.00763486836232' F='Height*0.012120353525183'/><Cell N='A' V='0.1036401466363465' U='DL' F='Width*0.1645287327852'/><Cell N='B' V='0.008025856656258898' U='DL' F='Height*0.012741047441811'/><Cell N='C' V='0' U='DA'/><Cell N='D' V='0.98563215670658' F='Width/Height*0.98563215670658'/></Row><Row T='EllipticalArcTo' IX='3'><Cell N='X' V='0.1029826294487748' F='Width*0.16348492424993'/><Cell N='Y' V='0.008425862601094803' F='Height*0.013376056879238'/><Cell N='A' V='0.1035159972074268' U='DL' F='Width*0.16433164556679'/><Cell N='B' V='0.007812976179923149' U='DL' F='Height*0.012403099685628'/><Cell N='C' V='-1.570796326794904' U='DA' F='_ELLIPSE_THETA(-1.5707963267949,1.0145772874755,0.62992125984252,0.62992125984252,Width,Height)'/><Cell N='D' V='1.0145772874755' F='_ELLIPSE_ECC(-1.5707963267949,1.0145772874755,0.62992125984252,0.62992125984252,Width,Height,Geometry1.C3)'/></Row></Section><Section N='Geometry' IX='1'><Cell N='NoFill' V='0'/><Cell N='NoLine' V='0'/><Cell N='NoShow' V='0'/><Cell N='NoSnap' V='0'/><Cell N='NoQuickDrag' V='0' F='No Formula'/><Row T='MoveTo' IX='1'><Cell N='X' V='0.104302912255011' F='Width*0.16558087320483'/><Cell N='Y' V='0.00763486836232' F='Height*0.012120353525183'/></Row><Row T='EllipticalArcTo' IX='2'><Cell N='X' V='0.165944613202589' F='Width*0.26343707345911'/><Cell N='Y' V='0.01094566908089512' F='Height*0.017376249665921'/><Cell N='A' V='0.1356042959632882' U='DL' F='Width*0.21527181984172'/><Cell N='B' V='8.078520830462363E-5' U='DL' F='Height*0.00012824651818359'/><Cell N='C' V='0' U='DA'/><Cell N='D' V='0.98563215670658' F='Width/Height*0.98563215670658'/></Row><Row T='EllipticalArcTo' IX='3'><Cell N='X' V='0.2153716786522016' F='Width*0.34190253986037'/><Cell N='Y' V='0.05817173840552063' F='Height*0.092347634718764'/><Cell N='A' V='0.1926604686605858' U='DL' F='Width*0.30584849399868'/><Cell N='B' V='0.03240151882056378' U='DL' F='Height*0.051437411127645'/><Cell N='C' V='0' U='DA'/><Cell N='D' V='0.98563215670658' F='Width/Height*0.98563215670658'/></Row><Row T='EllipticalArcTo' IX='4'><Cell N='X' V='0.2695820085001701' F='Width*0.42796143849402'/><Cell N='Y' V='0.198099657640548' F='Height*0.31448320650437'/><Cell N='A' V='0.2475728786987402' U='DL' F='Width*0.39302194493425'/><Cell N='B' V='0.1261034329281008' U='DL' F='Height*0.20018919977336'/><Cell N='C' V='0' U='DA'/><Cell N='D' V='0.98563215670658' F='Width/Height*0.98563215670658'/></Row><Row T='LineTo' IX='5'><Cell N='X' V='0.3987301472556095' F='Width*0.63298410876828'/><Cell N='Y' V='0.2725121927250772' F='Height*0.43261310595106'/></Row><Row T='LineTo' IX='6'><Cell N='X' V='0.4465627912391118' F='Width*0.70891843109209'/><Cell N='Y' V='0.3736161806116535' F='Height*0.593115686721'/></Row><Row T='LineTo' IX='7'><Cell N='X' V='0.5920537500222488' F='Width*0.93988532816032'/><Cell N='Y' V='0.4585435304363842' F='Height*0.72793785456776'/></Row><Row T='LineTo' IX='8'><Cell N='X' V='0.6299212598425197' F='Width*1'/><Cell N='Y' V='0.5353825612301858' F='Height*0.84991981595292'/></Row><Row T='LineTo' IX='9'><Cell N='X' V='0.6299212598425197' F='Width*1'/><Cell N='Y' V='0.6032939656576126' F='Height*0.95772917048146'/></Row><Row T='LineTo' IX='10'><Cell N='X' V='0.5836843932355905' F='Width*0.9265989742615'/><Cell N='Y' V='0.6299212598425197' F='Height*1'/></Row><Row T='LineTo' IX='11'><Cell N='X' V='0.2592182689704063' F='Width*0.41150900199052'/><Cell N='Y' V='0.4383227328590678' F='Height*0.69583733841377'/></Row><Row T='EllipticalArcTo' IX='12'><Cell N='X' V='0.2490178348201638' F='Width*0.39531581277701'/><Cell N='Y' V='0.457376786368063' F='Height*0.7260856483593'/><Cell N='A' V='0.2548123204941543' U='DL' F='Width*0.40451455878447'/><Cell N='B' V='0.4482311366589039' U='DL' F='Height*0.71156692944601'/><Cell N='C' V='0' U='DA'/><Cell N='D' V='0.98563215670658' F='Width/Height*0.98563215670658'/></Row><Row T='EllipticalArcTo' IX='13'><Cell N='X' V='0.2208352756047622' F='Width*0.35057600002256'/><Cell N='Y' V='0.4829646458365228' F='Height*0.76670637526548'/><Cell N='A' V='0.236878891552485' U='DL' F='Width*0.37604524033957'/><Cell N='B' V='0.4723841745891528' U='DL' F='Height*0.74990987716028'/><Cell N='C' V='0' U='DA'/><Cell N='D' V='0.98563215670658' F='Width/Height*0.98563215670658'/></Row><Row T='EllipticalArcTo' IX='14'><Cell N='X' V='0.1744984348839748' F='Width*0.27701626537831'/><Cell N='Y' V='0.4849808992955465' F='Height*0.76990717763168'/><Cell N='A' V='0.1978579083518551' U='DL' F='Width*0.31409942950857'/><Cell N='B' V='0.4884924315956976' U='DL' F='Height*0.77548173515817'/><Cell N='C' V='0' U='DA'/><Cell N='D' V='0.98563215670658' F='Width/Height*0.98563215670658'/></Row><Row T='EllipticalArcTo' IX='15'><Cell N='X' V='0.2209425117660347' F='Width*0.35074623742858'/><Cell N='Y' V='0.4831995733538835' F='Height*0.76707932269929'/><Cell N='A' V='0.1978963251523024' U='DL' F='Width*0.31416041617928'/><Cell N='B' V='0.4888098244519055' U='DL' F='Height*0.7759855963174'/><Cell N='C' V='-1.570796326794804' U='DA' F='_ELLIPSE_THETA(-1.5707963267948,1.0145772874755,0.62992125984252,0.62992125984252,Width,Height)'/><Cell N='D' V='1.0145772874755' F='_ELLIPSE_ECC(-1.5707963267948,1.0145772874755,0.62992125984252,0.62992125984252,Width,Height,Geometry2.C15)'/></Row><Row T='LineTo' IX='16'><Cell N='X' V='0.1965267140349984' F='Width*0.31198615853056'/><Cell N='Y' V='0.4986270677882961' F='Height*0.79157047011392'/></Row><Row T='EllipticalArcTo' IX='17'><Cell N='X' V='0.1198769978382299' F='Width*0.19030473406819'/><Cell N='Y' V='0.5077968821319496' F='Height*0.80612755038447'/><Cell N='A' V='0.1593903267693984' U='DL' F='Width*0.25303214374642'/><Cell N='B' V='0.5134380460596221' U='DL' F='Height*0.81508289811965'/><Cell N='C' V='-1.570796326794904' U='DA' F='_ELLIPSE_THETA(-1.5707963267949,1.0145772874755,0.62992125984252,0.62992125984252,Width,Height)'/><Cell N='D' V='1.0145772874755' F='_ELLIPSE_ECC(-1.5707963267949,1.0145772874755,0.62992125984252,0.62992125984252,Width,Height,Geometry2.C17)'/></Row><Row T='EllipticalArcTo' IX='18'><Cell N='X' V='0.04553546621664' F='Width*0.072287552618916'/><Cell N='Y' V='0.4076903160068598' F='Height*0.64720837666089'/><Cell N='A' V='0.07572740641735433' U='DL' F='Width*0.12021725768755'/><Cell N='B' V='0.4630784410241386' U='DL' F='Height*0.73513702512582'/><Cell N='C' V='-1.570796326794904' U='DA' F='_ELLIPSE_THETA(-1.5707963267949,1.0145772874755,0.62992125984252,0.62992125984252,Width,Height)'/><Cell N='D' V='1.0145772874755' F='_ELLIPSE_ECC(-1.5707963267949,1.0145772874755,0.62992125984252,0.62992125984252,Width,Height,Geometry2.C18)'/></Row><Row T='EllipticalArcTo' IX='19'><Cell N='X' V='0' F='Width*0'/><Cell N='Y' V='0.2007443162907339' F='Height*0.31868160211154'/><Cell N='A' V='0.01289365732839559' U='DL' F='Width*0.020468681008828'/><Cell N='B' V='0.3064537676225008' U='DL' F='Height*0.48649535610072'/><Cell N='C' V='-1.570796326794904' U='DA' F='_ELLIPSE_THETA(-1.5707963267949,1.0145772874755,0.62992125984252,0.62992125984252,Width,Height)'/><Cell N='D' V='1.0145772874755' F='_ELLIPSE_ECC(-1.5707963267949,1.0145772874755,0.62992125984252,0.62992125984252,Width,Height,Geometry2.C19)'/></Row><Row T='EllipticalArcTo' IX='20'><Cell N='X' V='0.04636300324384' F='Width*0.073601267649596'/><Cell N='Y' V='0.04101493323372221' F='Height*0.065111206508534'/><Cell N='A' V='0.01188432739897701' U='DL' F='Width*0.018866369745876'/><Cell N='B' V='0.1175042123400882' U='DL' F='Height*0.18653793708989'/><Cell N='C' V='-1.570796326794904' U='DA' F='_ELLIPSE_THETA(-1.5707963267949,1.0145772874755,0.62992125984252,0.62992125984252,Width,Height)'/><Cell N='D' V='1.0145772874755' F='_ELLIPSE_ECC(-1.5707963267949,1.0145772874755,0.62992125984252,0.62992125984252,Width,Height,Geometry2.C20)'/></Row><Row T='LineTo' IX='21'><Cell N='X' V='0.1040514880313638' F='Width*0.16518173724979'/><Cell N='Y' V='0.007201998383853858' F='Height*0.011433172434368'/></Row></Section><Section N='Geometry' IX='2'><Cell N='NoFill' V='0'/><Cell N='NoLine' V='0'/><Cell N='NoShow' V='0'/><Cell N='NoSnap' V='0'/><Cell N='NoQuickDrag' V='0' F='No Formula'/><Row T='MoveTo' IX='1'><Cell N='X' V='0.04627128670568945' F='Width*0.073455667645282'/><Cell N='Y' V='0.1745601868133858' F='Height*0.27711429656625'/></Row><Row T='EllipticalArcTo' IX='2'><Cell N='X' V='0.08014606329168504' F='Width*0.12723187547555'/><Cell N='Y' V='0.3543062856994331' F='Height*0.56246122854785'/><Cell N='A' V='0.05592191736751874' U='DL' F='Width*0.088776043820936'/><Cell N='B' V='0.2658468200660409' U='DL' F='Height*0.42203182685484'/><Cell N='C' V='-1.570796326794904' U='DA' F='_ELLIPSE_THETA(-1.5707963267949,1.0145772874755,0.62992125984252,0.62992125984252,Width,Height)'/><Cell N='D' V='1.0145772874755' F='_ELLIPSE_ECC(-1.5707963267949,1.0145772874755,0.62992125984252,0.62992125984252,Width,Height,Geometry3.C2)'/></Row><Row T='EllipticalArcTo' IX='3'><Cell N='X' V='0.04636300324384189' F='Width*0.073601267649599'/><Cell N='Y' V='0.1743137157339653' F='Height*0.27672302372767'/><Cell N='A' V='0.05673801907426016' U='DL' F='Width*0.090071605280388'/><Cell N='B' V='0.2655690131659969' U='DL' F='Height*0.42159080840102'/><Cell N='C' V='0' U='DA'/><Cell N='D' V='0.98563215670658' F='Width/Height*0.98563215670658'/></Row><Row T='EllipticalArcTo' IX='4'><Cell N='X' V='0.06495917653269291' F='Width*0.10312269274565'/><Cell N='Y' V='0.06913407005830551' F='Height*0.10975033621756'/><Cell N='A' V='0.05096941289658898' U='DL' F='Width*0.080913942973335'/><Cell N='B' V='0.1208700258410709' U='DL' F='Height*0.1918811660227'/><Cell N='C' V='0' U='DA'/><Cell N='D' V='0.98563215670658' F='Width/Height*0.98563215670658'/></Row><Row T='EllipticalArcTo' IX='5'><Cell N='X' V='0.04627128670568945' F='Width*0.073455667645282'/><Cell N='Y' V='0.1745601868133858' F='Height*0.27711429656625'/><Cell N='A' V='0.04954325336674141' U='DL' F='Width*0.078649914719702'/><Cell N='B' V='0.1207391978949165' U='DL' F='Height*0.19167347665818'/><Cell N='C' V='-1.570796326794904' U='DA' F='_ELLIPSE_THETA(-1.5707963267949,1.0145772874755,0.62992125984252,0.62992125984252,Width,Height)'/><Cell N='D' V='1.0145772874755' F='_ELLIPSE_ECC(-1.5707963267949,1.0145772874755,0.62992125984252,0.62992125984252,Width,Height,Geometry3.C5)'/></Row></Section></Shape><Shape ID='7' Type='Shape' LineStyle='10' FillStyle='10' TextStyle='10'><Cell N='PinX' V='0.3381414535879559' F='Sheet.5!Width*0.53679955757088'/><Cell N='PinY' V='0.3016469828288063' F='Sheet.5!Height*0.47886458524073'/><Cell N='Width' V='0.5835596125091276' F='Sheet.5!Width*0.92640088485824'/><Cell N='Height' V='0.6032939656576126' F='Sheet.5!Height*0.95772917048146'/><Cell N='LocPinX' V='0.2917798062545638' F='Width*0.5'/><Cell N='LocPinY' V='0.3016469828288063' F='Height*0.5'/><Cell N='Angle' V='0'/><Cell N='FlipX' V='0'/><Cell N='FlipY' V='0'/><Cell N='ResizeMode' V='0'/><Cell N='LineWeight' V='0.01' U='PT' F='GUARD(0.72PT)'/><Cell N='LinePattern' V='1' F='GUARD(1)'/><Cell N='Rounding' V='0' F='GUARD(0)'/><Cell N='BeginArrow' V='0' F='GUARD(0)'/><Cell N='EndArrow' V='0' F='GUARD(0)'/><Cell N='LayerMember' V='' F='No Formula'/><Cell N='FillPattern' V='32' F='GUARD(32)'/><Cell N='ShdwPattern' V='0' F='GUARD(0)'/><Cell N='LangID' V='zh-CN' F='Inh'/><Cell N='FillGradientDir' V='11' F='GUARD(11)'/><Cell N='FillGradientEnabled' V='1' F='GUARD(TRUE)'/><Cell N='UseGroupGradient' V='0' F='GUARD(FALSE)'/><Section N='Character'><Row IX='0'><Cell N='Font' V='SimSun' F='THEMEVAL("LatinFont",5)'/><Cell N='AsianFont' V='SimSun' F='THEMEVAL("AsianFont",5)'/></Row></Section><Section N='FillGradient'><Row IX='0'><Cell N='GradientStopPosition' V='0' F='GUARD(0%)'/></Row><Row IX='1'><Cell N='GradientStopPosition' V='1' F='GUARD(100%)'/></Row></Section><Section N='Geometry' IX='0'><Cell N='NoFill' V='0'/><Cell N='NoLine' V='0'/><Cell N='NoShow' V='0'/><Cell N='NoSnap' V='0'/><Cell N='NoQuickDrag' V='0' F='No Formula'/><Row T='MoveTo' IX='1'><Cell N='X' V='0.5835596125091276' F='Width*1'/><Cell N='Y' V='0.6032939656576126' F='Height*1'/></Row><Row T='LineTo' IX='2'><Cell N='X' V='0.5835596125091276' F='Width*1'/><Cell N='Y' V='0.5353825612301854' F='Height*0.88743231609585'/></Row><Row T='LineTo' IX='3'><Cell N='X' V='0.5456921026888585' F='Width*0.93510944039213'/><Cell N='Y' V='0.4585435304363857' F='Height*0.760066495836'/></Row><Row T='LineTo' IX='4'><Cell N='X' V='0.4002011439057186' F='Width*0.68579307979347'/><Cell N='Y' V='0.373616180611657' F='Height*0.61929374712774'/></Row><Row T='LineTo' IX='5'><Cell N='X' V='0.3523684999222223' F='Width*0.6038260571309'/><Cell N='Y' V='0.272512192725076' F='Height*0.45170714152267'/></Row><Row T='LineTo' IX='6'><Cell N='X' V='0.2232203611667761' F='Width*0.38251509594195'/><Cell N='Y' V='0.1980996576405534' F='Height*0.32836339979734'/></Row><Row T='EllipticalArcTo' IX='7'><Cell N='X' V='0.1690100313188075' F='Width*0.28961913692436'/><Cell N='Y' V='0.058171738405521' F='Height*0.096423537639916'/><Cell N='A' V='0.2020549056993133' U='DL' F='Width*0.34624552722307'/><Cell N='B' V='0.1282959342464167' U='DL' F='Height*0.21265907094988'/><Cell N='C' V='0' U='DA'/><Cell N='D' V='0.985632156706566' F='Width/Height*1.0189634781997'/></Row><Row T='EllipticalArcTo' IX='8'><Cell N='X' V='0.1195829658691961' F='Width*0.20491988017304'/><Cell N='Y' V='0.01094566908089559' F='Height*0.018143176799331'/><Cell N='A' V='0.1442964985940018' U='DL' F='Width*0.2472695085487'/><Cell N='B' V='0.03051454422774463' U='DL' F='Height*0.05057989299542'/><Cell N='C' V='0' U='DA'/><Cell N='D' V='0.985632156706566' F='Width/Height*1.0189634781997'/></Row><Row T='EllipticalArcTo' IX='9'><Cell N='X' V='0.03588128424192119' F='Width*0.061486921769042'/><Cell N='Y' V='0.03079055583970483' F='Height*0.051037400657807'/><Cell N='A' V='0.07773212505555804' U='DL' F='Width*0.13320340097104'/><Cell N='B' V='0.000647314882983655' U='DL' F='Height*0.0010729676075544'/><Cell N='C' V='0' U='DA'/><Cell N='D' V='0.985632156706566' F='Width/Height*1.0189634781997'/></Row><Row T='EllipticalArcTo' IX='10'><Cell N='X' V='1.355910450115712E-6' F='Width*2.3235166057598E-6'/><Cell N='Y' V='0.1743137157339611' F='Height*0.28893661408324'/><Cell N='A' V='0.009969212745602822' U='DL' F='Width*0.017083452199062'/><Cell N='B' V='0.09648589651363851' U='DL' F='Height*0.15993181103422'/><Cell N='C' V='0' U='DA'/><Cell N='D' V='0.985632156706566' F='Width/Height*1.0189634781997'/></Row><Row T='EllipticalArcTo' IX='11'><Cell N='X' V='0.03556595352457467' F='Width*0.060946564433498'/><Cell N='Y' V='0.3594295170603079' F='Height*0.59577840575368'/><Cell N='A' V='0.011804574219575' U='DL' F='Width*0.02022856614223'/><Cell N='B' V='0.2729378556703328' U='DL' F='Height*0.45241270625477'/><Cell N='C' V='0' U='DA'/><Cell N='D' V='0.985632156706566' F='Width/Height*1.0189634781997'/></Row><Row T='EllipticalArcTo' IX='12'><Cell N='X' V='0.1195829658691961' F='Width*0.20491988017304'/><Cell N='Y' V='0.4811908237229765' F='Height*0.79760589549153'/><Cell N='A' V='0.0676093255336588' U='DL' F='Width*0.11585675924857'/><Cell N='B' V='0.4243543299071067' U='DL' F='Height*0.70339561484681'/><Cell N='C' V='0' U='DA'/><Cell N='D' V='0.985632156706566' F='Width/Height*1.0189634781997'/></Row><Row T='EllipticalArcTo' IX='13'><Cell N='X' V='0.2026561874867753' F='Width*0.34727589631403'/><Cell N='Y' V='0.4573767863680616' F='Height*0.7581325396973'/><Cell N='A' V='0.1680951705922418' U='DL' F='Width*0.28805141238182'/><Cell N='B' V='0.4854604431073742' U='DL' F='Height*0.80468307449123'/><Cell N='C' V='0' U='DA'/><Cell N='D' V='0.985632156706566' F='Width/Height*1.0189634781997'/></Row><Row T='EllipticalArcTo' IX='14'><Cell N='X' V='0.2287011849565482' F='Width*0.39190715062203'/><Cell N='Y' V='0.3952524340193823' F='Height*0.65515728072722'/><Cell N='A' V='0.2195151875480053' U='DL' F='Width*0.37616583266302'/><Cell N='B' V='0.4258463336670708' U='DL' F='Height*0.70586871062581'/><Cell N='C' V='0' U='DA'/><Cell N='D' V='0.985632156706566' F='Width/Height*1.0189634781997'/></Row><Row T='LineTo' IX='15'><Cell N='X' V='0.5835596125091276' F='Geometry1.X1'/><Cell N='Y' V='0.6032939656576126' F='Geometry1.Y1'/></Row></Section></Shape><Shape ID='8' Type='Shape' LineStyle='10' FillStyle='10' TextStyle='10'><Cell N='PinX' V='0.1212379923167244' F='Sheet.5!Width*0.1924653128028'/><Cell N='PinY' V='0.2213806001932535' F='Sheet.5!Height*0.35144170280679'/><Cell N='Width' V='0.07026259295676202' F='Sheet.5!Width*0.1081309375767+Sheet.5!Height*0.0034109287421597'/><Cell N='Height' V='0.1384923535850953' F='Sheet.5!Width*0.0065370687132088+Sheet.5!Height*0.21331954260313'/><Cell N='LocPinX' V='0.03513129647838101' F='Width*0.5'/><Cell N='LocPinY' V='0.06924617679254765' F='Height*0.5'/><Cell N='Angle' V='-0.1745329251994333' U='DEG'/><Cell N='FlipX' V='0'/><Cell N='FlipY' V='0'/><Cell N='ResizeMode' V='0'/><Cell N='LineWeight' V='0.01' U='PT' F='GUARD(0.72PT)'/><Cell N='LinePattern' V='1' F='GUARD(1)'/><Cell N='Rounding' V='0' F='GUARD(0)'/><Cell N='BeginArrow' V='0' F='GUARD(0)'/><Cell N='EndArrow' V='0' F='GUARD(0)'/><Cell N='LayerMember' V='' F='No Formula'/><Cell N='FillPattern' V='32' F='GUARD(32)'/><Cell N='ShdwPattern' V='0' F='GUARD(0)'/><Cell N='LangID' V='zh-CN' F='Inh'/><Cell N='FillGradientDir' V='11' F='GUARD(11)'/><Cell N='FillGradientEnabled' V='1' F='GUARD(TRUE)'/><Cell N='UseGroupGradient' V='0' F='GUARD(FALSE)'/><Cell N='QuickStyleVariation' V='4'/><Section N='Character'><Row IX='0'><Cell N='Font' V='SimSun' F='THEMEVAL("LatinFont",5)'/><Cell N='AsianFont' V='SimSun' F='THEMEVAL("AsianFont",5)'/></Row></Section><Section N='FillGradient'><Row IX='0'><Cell N='GradientStopPosition' V='0' F='GUARD(0%)'/></Row><Row IX='1'><Cell N='GradientStopPosition' V='1' F='GUARD(100%)'/></Row></Section><Section N='Geometry' IX='0'><Cell N='NoFill' V='1'/><Cell N='NoLine' V='0'/><Cell N='NoShow' V='0'/><Cell N='NoSnap' V='0'/><Cell N='NoQuickDrag' V='0' F='No Formula'/><Row T='Ellipse' IX='1'><Cell N='X' V='0.03513129647838101' F='Width*0.5'/><Cell N='Y' V='0.06924617679254765' F='Height*0.5'/><Cell N='A' V='0.07026259295676202' U='DL' F='Width*1'/><Cell N='B' V='0.06924617679254765' U='DL' F='Height*0.5'/><Cell N='C' V='0.03513129647838101' U='DL' F='Width*0.5'/><Cell N='D' V='0.1384923535850953' U='DL' F='Height*1'/></Row></Section></Shape><Shape ID='9' Type='Shape' LineStyle='10' FillStyle='10' TextStyle='10'><Cell N='PinX' V='0.444569764406463' F='Sheet.5!Width*0.70575450099526'/><Cell N='PinY' V='0.5125868469309544' F='Sheet.5!Height*0.81373161950289'/><Cell N='Width' V='0.3707029908721134' F='Sheet.5!Width*0.58849099800948'/><Cell N='Height' V='0.234668825823137' F='Sheet.5!Height*0.37253676099423'/><Cell N='LocPinX' V='0.1853514954360567' F='Width*0.5'/><Cell N='LocPinY' V='0.1173344129115685' F='Height*0.5'/><Cell N='Angle' V='0'/><Cell N='FlipX' V='0'/><Cell N='FlipY' V='0'/><Cell N='ResizeMode' V='0'/><Cell N='LineWeight' V='0.01' U='PT' F='GUARD(0.72PT)'/><Cell N='LinePattern' V='1' F='GUARD(1)'/><Cell N='Rounding' V='0' F='GUARD(0)'/><Cell N='BeginArrow' V='0' F='GUARD(0)'/><Cell N='EndArrow' V='0' F='GUARD(0)'/><Cell N='FillPattern' V='32' F='GUARD(32)'/><Cell N='ShdwPattern' V='0' F='GUARD(0)'/><Cell N='LayerMember' V='' F='No Formula'/><Cell N='LangID' V='zh-CN' F='Inh'/><Cell N='FillGradientDir' V='11' F='GUARD(11)'/><Cell N='FillGradientEnabled' V='1' F='GUARD(TRUE)'/><Cell N='UseGroupGradient' V='0' F='GUARD(FALSE)'/><Section N='Character'><Row IX='0'><Cell N='Font' V='SimSun' F='THEMEVAL("LatinFont",5)'/><Cell N='AsianFont' V='SimSun' F='THEMEVAL("AsianFont",5)'/></Row></Section><Section N='FillGradient'><Row IX='0'><Cell N='GradientStopPosition' V='0' F='GUARD(0%)'/></Row><Row IX='1'><Cell N='GradientStopPosition' V='1' F='GUARD(100%)'/></Row></Section><Section N='Geometry' IX='0'><Cell N='NoFill' V='0'/><Cell N='NoLine' V='0'/><Cell N='NoShow' V='0'/><Cell N='NoSnap' V='0'/><Cell N='NoQuickDrag' V='0' F='No Formula'/><Row T='MoveTo' IX='1'><Cell N='X' V='0' F='Width*0'/><Cell N='Y' V='0.04307029883968332' F='Height*0.18353651657227'/></Row><Row T='LineTo' IX='2'><Cell N='X' V='0.01584456331953389' F='Width*0.042741935483871'/><Cell N='Y' V='0' F='Height*0'/></Row><Row T='LineTo' IX='3'><Cell N='X' V='0.3707029908721134' F='Width*1'/><Cell N='Y' V='0.2080415316382292' F='Height*0.88653246083493'/></Row><Row T='LineTo' IX='4'><Cell N='X' V='0.3244661242651816' F='Width*0.87527247487765'/><Cell N='Y' V='0.234668825823137' F='Height*1'/></Row><Row T='LineTo' IX='5'><Cell N='X' V='0' F='Geometry1.X1'/><Cell N='Y' V='0.04307029883968332' F='Geometry1.Y1'/></Row></Section></Shape><Shape ID='10' Type='Shape' LineStyle='10' FillStyle='10' TextStyle='10'><Cell N='PinX' V='0.1104712558830173' F='Sheet.5!Width*0.17537311871429'/><Cell N='PinY' V='0.2605938044544819' F='Sheet.5!Height*0.41369266457149'/><Cell N='Width' V='0.2209425117660347' F='Sheet.5!Width*0.35074623742858'/><Cell N='Height' V='0.5067836121412598' F='Sheet.5!Height*0.80451898427425'/><Cell N='LocPinX' V='0.1104712558830173' F='Width*0.5'/><Cell N='LocPinY' V='0.2533918060706299' F='Height*0.5'/><Cell N='Angle' V='0'/><Cell N='FlipX' V='0'/><Cell N='FlipY' V='0'/><Cell N='ResizeMode' V='0'/><Cell N='LineWeight' V='0.01' U='PT' F='GUARD(0.72PT)'/><Cell N='LinePattern' V='1' F='GUARD(1)'/><Cell N='Rounding' V='0' F='GUARD(0)'/><Cell N='BeginArrow' V='0' F='GUARD(0)'/><Cell N='EndArrow' V='0' F='GUARD(0)'/><Cell N='FillPattern' V='32' F='GUARD(32)'/><Cell N='ShdwPattern' V='0' F='GUARD(0)'/><Cell N='LayerMember' V='' F='No Formula'/><Cell N='LangID' V='zh-CN' F='Inh'/><Cell N='FillGradientDir' V='11' F='GUARD(11)'/><Cell N='FillGradientEnabled' V='1' F='GUARD(TRUE)'/><Cell N='UseGroupGradient' V='0' F='GUARD(FALSE)'/><Section N='Character'><Row IX='0'><Cell N='Font' V='SimSun' F='THEMEVAL("LatinFont",5)'/><Cell N='AsianFont' V='SimSun' F='THEMEVAL("AsianFont",5)'/></Row></Section><Section N='FillGradient'><Row IX='0'><Cell N='GradientStopPosition' V='0' F='GUARD(0%)'/></Row><Row IX='1'><Cell N='GradientStopPosition' V='1' F='GUARD(100%)'/></Row></Section><Section N='Geometry' IX='0'><Cell N='NoFill' V='0'/><Cell N='NoLine' V='0'/><Cell N='NoShow' V='0'/><Cell N='NoSnap' V='0'/><Cell N='NoQuickDrag' V='0' F='No Formula'/><Row T='MoveTo' IX='1'><Cell N='X' V='0.1040514880313615' F='Width*0.47094371834401'/><Cell N='Y' V='0' F='Height*0'/></Row><Row T='EllipticalArcTo' IX='2'><Cell N='X' V='0.04627128670568956' F='Width*0.20942681576232'/><Cell N='Y' V='0.1673581884295279' F='Height*0.33023599110162'/><Cell N='A' V='0.05487826154511877' U='DL' F='Width*0.24838253673531'/><Cell N='B' V='0.09034050819143516' U='DL' F='Height*0.17826248921059'/><Cell N='C' V='0' U='DA' F='_ELLIPSE_THETA(-0.0073412331110419,1,0.21651908354901,0.48950183032037,Width,Height)'/><Cell N='D' V='0.9856321567065703' F='_ELLIPSE_ECC(-0.0073412331110419,1,0.21651908354901,0.48950183032037,Width,Height,Geometry1.C2)'/></Row><Row T='EllipticalArcTo' IX='3'><Cell N='X' V='0.08205499182863311' F='Width*0.37138616363484'/><Cell N='Y' V='0.3522809062489226' F='Height*0.69513081680062'/><Cell N='A' V='0.05616641605132582' U='DL' F='Width*0.25421280677212'/><Cell N='B' V='0.2599339841337294' U='DL' F='Height*0.51290921392556'/><Cell N='C' V='0' U='DA' F='_ELLIPSE_THETA(-0.014283732648932,1,0.21651908354901,0.48950183032037,Width,Height)'/><Cell N='D' V='0.9856321567065703' F='_ELLIPSE_ECC(-0.014283732648932,1,0.21651908354901,0.48950183032037,Width,Height,Geometry1.C3)'/></Row><Row T='EllipticalArcTo' IX='4'><Cell N='X' V='0.1660514060946662' F='Width*0.75155932992427'/><Cell N='Y' V='0.4737976856583965' F='Height*0.93491122109594'/><Cell N='A' V='0.1145548813204068' U='DL' F='Width*0.51848275103215'/><Cell N='B' V='0.4156405819783268' U='DL' F='Height*0.82015395135246'/><Cell N='C' V='0' U='DA' F='_ELLIPSE_THETA(-0.068141854070678,1,0.21651908354901,0.48950183032037,Width,Height)'/><Cell N='D' V='0.9856321567065703' F='_ELLIPSE_ECC(-0.068141854070678,1,0.21651908354901,0.48950183032037,Width,Height,Geometry1.C4)'/></Row><Row T='EllipticalArcTo' IX='5'><Cell N='X' V='0.2209425117660347' F='Width*1'/><Cell N='Y' V='0.4759975749700285' F='Height*0.93925210596066'/><Cell N='A' V='0.1948739309416595' U='DL' F='Width*0.88201192873203'/><Cell N='B' V='0.4816468718132906' U='DL' F='Height*0.95039946098146'/><Cell N='C' V='0' U='DA' F='_ELLIPSE_THETA(-0.28885935057104,1,0.21651908354901,0.48950183032037,Width,Height)'/><Cell N='D' V='0.9856321567065703' F='_ELLIPSE_ECC(-0.28885935057104,1,0.21651908354901,0.48950183032037,Width,Height,Geometry1.C5)'/></Row><Row T='LineTo' IX='6'><Cell N='X' V='0.1965267140349943' F='Width*0.88949253117528'/><Cell N='Y' V='0.4914250694044419' F='Height*0.9696940817168'/></Row><Row T='EllipticalArcTo' IX='7'><Cell N='X' V='0.1198769978382254' F='Width*0.54257099224602'/><Cell N='Y' V='0.5005948837480937' F='Height*0.98778822312936'/><Cell N='A' V='0.1683572757984308' U='DL' F='Width*0.76199584431588'/><Cell N='B' V='0.5046232613292078' U='DL' F='Height*0.99573713363989'/><Cell N='C' V='0' U='DA' F='_ELLIPSE_THETA(-0.018531958940685,1,0.21651908354901,0.48950183032037,Width,Height)'/><Cell N='D' V='0.9856321567065703' F='_ELLIPSE_ECC(-0.018531958940685,1,0.21651908354901,0.48950183032037,Width,Height,Geometry1.C7)'/></Row><Row T='EllipticalArcTo' IX='8'><Cell N='X' V='0.04553546621663952' F='Width*0.2060964449651'/><Cell N='Y' V='0.4004883176230075' F='Height*0.79025506750478'/><Cell N='A' V='0.0671479463396755' U='DL' F='Width*0.30391591823117'/><Cell N='B' V='0.4434797721950229' U='DL' F='Height*0.8750870422215'/><Cell N='C' V='0' U='DA' F='_ELLIPSE_THETA(-3.1354650926757,1,0.21651908354901,0.48950183032037,Width,Height)'/><Cell N='D' V='0.9856321567065703' F='_ELLIPSE_ECC(-3.1354650926757,1,0.21651908354901,0.48950183032037,Width,Height,Geometry1.C8)'/></Row><Row T='EllipticalArcTo' IX='9'><Cell N='X' V='0' F='Width*0'/><Cell N='Y' V='0.1935423179068791' F='Height*0.38190326851558'/><Cell N='A' V='0.01122203905190509' U='DL' F='Width*0.050791669571443'/><Cell N='B' V='0.2913858683527942' U='DL' F='Height*0.57497097651132'/><Cell N='C' V='0' U='DA' F='_ELLIPSE_THETA(-3.1397114343525,1,0.21651908354901,0.48950183032037,Width,Height)'/><Cell N='D' V='0.9856321567065703' F='_ELLIPSE_ECC(-3.1397114343525,1,0.21651908354901,0.48950183032037,Width,Height,Geometry1.C9)'/></Row><Row T='EllipticalArcTo' IX='10'><Cell N='X' V='0.04636300324383887' F='Width*0.20984193070519'/><Cell N='Y' V='0.03381293484986873' F='Height*0.066720655600923'/><Cell N='A' V='0.01034502470391913' U='DL' F='Width*0.046822246299408'/><Cell N='B' V='0.115800752591745' U='DL' F='Height*0.22850137576956'/><Cell N='C' V='0' U='DA' F='_ELLIPSE_THETA(-3.1385625495486,1,0.21651908354901,0.48950183032037,Width,Height)'/><Cell N='D' V='0.9856321567065703' F='_ELLIPSE_ECC(-3.1385625495486,1,0.21651908354901,0.48950183032037,Width,Height,Geometry1.C10)'/></Row><Row T='LineTo' IX='11'><Cell N='X' V='0.1040514880313615' F='Geometry1.X1'/><Cell N='Y' V='0' F='Geometry1.Y1'/></Row></Section></Shape><Shape ID='11' Type='Shape' LineStyle='10' FillStyle='10' TextStyle='10'><Cell N='PinX' V='0.1245743017637166' F='Sheet.5!Width*0.1977617040499'/><Cell N='PinY' V='0.2214461893230425' F='Sheet.5!Height*0.35154582555033'/><Cell N='Width' V='0.0661839069871622' F='Sheet.5!Width*0.10506695234212'/><Cell N='Height' V='0.1364847177403842' F='Sheet.5!Height*0.21666948941286'/><Cell N='LocPinX' V='0.0330919534935811' F='Width*0.5'/><Cell N='LocPinY' V='0.06824235887019212' F='Height*0.5'/><Cell N='Angle' V='0'/><Cell N='FlipX' V='0'/><Cell N='FlipY' V='0'/><Cell N='ResizeMode' V='0'/><Cell N='LineWeight' V='0.01' U='PT' F='GUARD(0.72PT)'/><Cell N='LinePattern' V='1' F='GUARD(1)'/><Cell N='Rounding' V='0' F='GUARD(0)'/><Cell N='BeginArrow' V='0' F='GUARD(0)'/><Cell N='EndArrow' V='0' F='GUARD(0)'/><Cell N='FillPattern' V='32' F='GUARD(32)'/><Cell N='ShdwPattern' V='0' F='GUARD(0)'/><Cell N='LayerMember' V='' F='No Formula'/><Cell N='LangID' V='zh-CN' F='Inh'/><Cell N='FillGradientDir' V='11' F='GUARD(11)'/><Cell N='FillGradientEnabled' V='1' F='GUARD(TRUE)'/><Cell N='UseGroupGradient' V='0' F='GUARD(FALSE)'/><Section N='Character'><Row IX='0'><Cell N='Font' V='SimSun' F='THEMEVAL("LatinFont",5)'/><Cell N='AsianFont' V='SimSun' F='THEMEVAL("AsianFont",5)'/></Row></Section><Section N='FillGradient'><Row IX='0'><Cell N='GradientStopPosition' V='0' F='GUARD(0%)'/></Row><Row IX='1'><Cell N='GradientStopPosition' V='1' F='GUARD(100%)'/></Row></Section><Section N='Geometry' IX='0'><Cell N='NoFill' V='0'/><Cell N='NoLine' V='0'/><Cell N='NoShow' V='0'/><Cell N='NoSnap' V='0'/><Cell N='NoQuickDrag' V='0' F='No Formula'/><Row T='MoveTo' IX='1'><Cell N='X' V='0.02722752899874991' F='Width*0.41139198693772'/><Cell N='Y' V='0.09908756469490797' F='Height*0.72599750606063'/></Row><Row T='EllipticalArcTo' IX='2'><Cell N='X' V='0' F='Width*0'/><Cell N='Y' V='0.01676465960659271' F='Height*0.1228317710887'/><Cell N='A' V='0.02223922199907356' U='DL' F='Width*0.33602159514982'/><Cell N='B' V='0.06050195071347807' U='DL' F='Height*0.44328736370736'/><Cell N='C' V='0' U='DA' F='_ELLIPSE_THETA(0.0036403310287207,1,0.06485885750103,0.13183046480606,Width,Height)'/><Cell N='D' V='0.9856321567065851' F='_ELLIPSE_ECC(0.0036403310287207,1,0.06485885750103,0.13183046480606,Width,Height,Geometry1.C2)'/></Row><Row T='EllipticalArcTo' IX='3'><Cell N='X' V='0.03390962378284249' F='Width*0.51235451828826'/><Cell N='Y' V='0.003685984204743685' F='Height*0.027006570887702'/><Cell N='A' V='0.01645655518325969' U='DL' F='Width*0.24864889264473'/><Cell N='B' V='0.0006204430564427879' U='DL' F='Height*0.0045458793241817'/><Cell N='C' V='0' U='DA'/><Cell N='D' V='0.985632156706586' F='Width/Height*2.0325745763247'/></Row><Row T='EllipticalArcTo' IX='4'><Cell N='X' V='0.05811944490475919' F='Width*0.87815070990041'/><Cell N='Y' V='0.03943621184182384' F='Height*0.28894232625251'/><Cell N='A' V='0.04750930446828518' U='DL' F='Width*0.71783771359253'/><Cell N='B' V='0.01751693850782072' U='DL' F='Height*0.1283435889221'/><Cell N='C' V='0' U='DA'/><Cell N='D' V='0.985632156706586' F='Width/Height*2.0325745763247'/></Row><Row T='EllipticalArcTo' IX='5'><Cell N='X' V='0.06415313798811606' F='Width*0.96931627201398'/><Cell N='Y' V='0.1085255244223377' F='Height*0.79514781009234'/><Cell N='A' V='0.06562060181989066' U='DL' F='Width*0.99148878945178'/><Cell N='B' V='0.07296982825321451' U='DL' F='Height*0.53463735326042'/><Cell N='C' V='0' U='DA'/><Cell N='D' V='0.985632156706586' F='Width/Height*2.0325745763247'/></Row><Row T='EllipticalArcTo' IX='6'><Cell N='X' V='0.04109851079438563' F='Width*0.62097438282629'/><Cell N='Y' V='0.1364847177403842' F='Height*1'/><Cell N='A' V='0.05412059451573519' U='DL' F='Width*0.81773042691833'/><Cell N='B' V='0.1290768802939884' U='DL' F='Height*0.94572405197418'/><Cell N='C' V='0' U='DA'/><Cell N='D' V='0.985632156706586' F='Width/Height*2.0325745763247'/></Row><Row T='EllipticalArcTo' IX='7'><Cell N='X' V='0.01976829946524726' F='Width*0.29868740552113'/><Cell N='Y' V='0.127742018258501' F='Height*0.93594374794024'/><Cell N='A' V='0.02993514842165489' U='DL' F='Width*0.45230252767431'/><Cell N='B' V='0.1341354477571737' U='DL' F='Height*0.98278730379412'/><Cell N='C' V='0' U='DA'/><Cell N='D' V='0.985632156706586' F='Width/Height*2.0325745763247'/></Row><Row T='EllipticalArcTo' IX='8'><Cell N='X' V='0.02722752899874991' F='Geometry1.X1'/><Cell N='Y' V='0.09908756469490797' F='Geometry1.Y1'/><Cell N='A' V='0.0240339853956204' U='DL' F='Width*0.36313941696253'/><Cell N='B' V='0.1149385045330159' U='DL' F='Height*0.8421346099103'/><Cell N='C' V='0' U='DA' F='_ELLIPSE_THETA(-0.021100152845076,1,0.06485885750103,0.13183046480606,Width,Height)'/><Cell N='D' V='0.9856321567065851' F='_ELLIPSE_ECC(-0.021100152845076,1,0.06485885750103,0.13183046480606,Width,Height,Geometry1.C8)'/></Row></Section></Shape></Shapes></Shape></Shapes></MasterContents>