<?xml version='1.0' encoding='utf-8' ?>
<MasterContents xmlns='http://schemas.microsoft.com/office/visio/2012/main' xmlns:r='http://schemas.openxmlformats.org/officeDocument/2006/relationships' xml:space='preserve'><Shapes><Shape ID='5' Type='Group' LineStyle='3' FillStyle='3' TextStyle='3'><Cell N='PinX' V='1' U='IN'/><Cell N='PinY' V='1' U='IN'/><Cell N='Width' V='0.7' U='IN'/><Cell N='Height' V='0.5' U='IN'/><Cell N='LocPinX' V='0.35' U='IN' F='Width*0.5'/><Cell N='LocPinY' V='0.25' U='IN' F='Height*0.5'/><Cell N='Angle' V='0'/><Cell N='FlipX' V='0'/><Cell N='FlipY' V='0'/><Cell N='ResizeMode' V='0'/><Cell N='ObjType' V='8'/><Cell N='Comment' V='&lt;no master&gt;' F='INDEX(0,INDEX(0,MASTERNAME(),":"),".")'/><Cell N='EventDblClick' V='0' F='OPENTEXTWIN()'/><Cell N='TxtPinX' V='0.35' U='IN' F='Controls.Row_1'/><Cell N='TxtPinY' V='-0.1555555555555556' F='Controls.Row_1.Y'/><Cell N='TxtWidth' V='0.1111111111111111' F='TEXTWIDTH(TheText)'/><Cell N='TxtHeight' V='0.3111111111111111' F='TEXTHEIGHT(TheText,TxtWidth)'/><Cell N='TxtLocPinX' V='0.05555555555555555' F='TxtWidth*0.5'/><Cell N='TxtLocPinY' V='0.1555555555555556' F='TxtHeight*0.5'/><Cell N='TxtAngle' V='0' F='IF(BITXOR(FlipX,FlipY),1,-1)*Angle'/><Cell N='SelectMode' V='0'/><Cell N='HelpTopic' V='Vis_PRXY.chm!#55466'/><Cell N='Copyright' V='Copyright (c) 2012 Microsoft Corporation.  All rights reserved.'/><Cell N='LayerMember' V='' F='No Formula'/><Cell N='LockAspect' V='1'/><Cell N='QuickStyleVariation' V='6'/><Section N='User'><Row N='HasText'><Cell N='Value' V='0' U='BOOL' F='NOT(OR(HideText,STRSAME(SHAPETEXT(TheText),"")))'/><Cell N='Prompt' V='' F='No Formula'/></Row><Row N='ShapeClass'><Cell N='Value' V='5'/><Cell N='Prompt' V='' F='No Formula'/></Row><Row N='ShapeType'><Cell N='Value' V='8'/><Cell N='Prompt' V='' F='No Formula'/></Row><Row N='SubShapeType'><Cell N='Value' V='66'/><Cell N='Prompt' V='' F='No Formula'/></Row><Row N='SolSH'><Cell N='Value' V='{BF0433D9-CD73-4EB5-8390-8653BE590246}' U='GUID'/><Cell N='Prompt' V='' F='No Formula'/></Row><Row N='visLegendShape'><Cell N='Value' V='2'/><Cell N='Prompt' V='' F='No Formula'/></Row><Row N='visVersion'><Cell N='Value' V='15'/><Cell N='Prompt' V=''/></Row></Section><Section N='Control'><Row N='Row_1'><Cell N='X' V='0.35' U='IN' F='Width*0.5'/><Cell N='Y' V='-0.1555555555555556' F='-TxtHeight*0.5'/><Cell N='XDyn' V='0.35' U='IN' F='Controls.Row_1'/><Cell N='YDyn' V='-0.1555555555555556' F='Controls.Row_1.Y'/><Cell N='XCon' V='2' F='(Controls.Row_1&gt;Width/2)*2+2'/><Cell N='YCon' V='7' F='(Controls.Row_1.Y&gt;Height/2)*2+2+5*NOT(User.HasText)'/><Cell N='CanGlue' V='1'/><Cell N='Prompt' V='Reposition Text'/></Row></Section><Section N='Connection'><Row T='Connection' N='Row_1'><Cell N='X' V='0.35' U='IN' F='Width*0.5'/><Cell N='Y' V='0.25' U='IN' F='Height*0.5'/><Cell N='DirX' V='0'/><Cell N='DirY' V='0'/><Cell N='Type' V='0'/><Cell N='AutoGen' V='0'/><Cell N='Prompt' V='' F='No Formula'/></Row></Section><Section N='Property'><Row N='ShapeClass'><Cell N='Value' V='Equipment' U='STR'/><Cell N='Prompt' V='' F='No Formula'/><Cell N='Label' V='ShapeClass'/><Cell N='Format' V='' F='No Formula'/><Cell N='SortKey' V='' F='No Formula'/><Cell N='Type' V='0'/><Cell N='Invisible' V='1'/><Cell N='Verify' V='0'/><Cell N='DataLinked' V='0' F='No Formula'/><Cell N='LangID' V='en-US'/><Cell N='Calendar' V='0' F='No Formula'/></Row><Row N='ShapeType'><Cell N='Value' V='Device' U='STR'/><Cell N='Prompt' V='' F='No Formula'/><Cell N='Label' V='ShapeType'/><Cell N='Format' V='' F='No Formula'/><Cell N='SortKey' V='' F='No Formula'/><Cell N='Type' V='0'/><Cell N='Invisible' V='1'/><Cell N='Verify' V='0'/><Cell N='DataLinked' V='0' F='No Formula'/><Cell N='LangID' V='en-US'/><Cell N='Calendar' V='0' F='No Formula'/></Row><Row N='SubShapeType'><Cell N='Value' V='Switch' U='STR'/><Cell N='Prompt' V='' F='No Formula'/><Cell N='Label' V='SubShapeType'/><Cell N='Format' V='' F='No Formula'/><Cell N='SortKey' V='' F='No Formula'/><Cell N='Type' V='0'/><Cell N='Invisible' V='1'/><Cell N='Verify' V='0'/><Cell N='DataLinked' V='0' F='No Formula'/><Cell N='LangID' V='en-US'/><Cell N='Calendar' V='0' F='No Formula'/></Row><Row N='Manufacturer'><Cell N='Value' V='0' F='No Formula'/><Cell N='Prompt' V='' F='No Formula'/><Cell N='Label' V='Manufacturer'/><Cell N='Format' V='' F='No Formula'/><Cell N='SortKey' V='Equipment'/><Cell N='Type' V='0'/><Cell N='Invisible' V='0'/><Cell N='Verify' V='0'/><Cell N='DataLinked' V='0' F='No Formula'/><Cell N='LangID' V='en-US'/><Cell N='Calendar' V='0' F='No Formula'/></Row><Row N='ProductNumber'><Cell N='Value' V='0' F='No Formula'/><Cell N='Prompt' V='' F='No Formula'/><Cell N='Label' V='Product Number'/><Cell N='Format' V='' F='No Formula'/><Cell N='SortKey' V='Equipment'/><Cell N='Type' V='0'/><Cell N='Invisible' V='0'/><Cell N='Verify' V='0'/><Cell N='DataLinked' V='0' F='No Formula'/><Cell N='LangID' V='en-US'/><Cell N='Calendar' V='0' F='No Formula'/></Row><Row N='PartNumber'><Cell N='Value' V='0' F='No Formula'/><Cell N='Prompt' V='' F='No Formula'/><Cell N='Label' V='Part Number'/><Cell N='Format' V='' F='No Formula'/><Cell N='SortKey' V='Equipment'/><Cell N='Type' V='0'/><Cell N='Invisible' V='0'/><Cell N='Verify' V='0'/><Cell N='DataLinked' V='0' F='No Formula'/><Cell N='LangID' V='en-US'/><Cell N='Calendar' V='0' F='No Formula'/></Row><Row N='ProductDescription'><Cell N='Value' V='0' F='No Formula'/><Cell N='Prompt' V='' F='No Formula'/><Cell N='Label' V='Product Description'/><Cell N='Format' V='' F='No Formula'/><Cell N='SortKey' V='Equipment'/><Cell N='Type' V='0'/><Cell N='Invisible' V='0'/><Cell N='Verify' V='0'/><Cell N='DataLinked' V='0' F='No Formula'/><Cell N='LangID' V='en-US'/><Cell N='Calendar' V='0' F='No Formula'/></Row><Row N='AssetNumber'><Cell N='Value' V='0' F='No Formula'/><Cell N='Prompt' V='' F='No Formula'/><Cell N='Label' V='Asset Number'/><Cell N='Format' V='' F='No Formula'/><Cell N='SortKey' V='Asset'/><Cell N='Type' V='0'/><Cell N='Invisible' V='0'/><Cell N='Verify' V='0'/><Cell N='DataLinked' V='0' F='No Formula'/><Cell N='LangID' V='en-US'/><Cell N='Calendar' V='0' F='No Formula'/></Row><Row N='SerialNumber'><Cell N='Value' V='0' F='No Formula'/><Cell N='Prompt' V='' F='No Formula'/><Cell N='Label' V='Serial Number'/><Cell N='Format' V='' F='No Formula'/><Cell N='SortKey' V='Asset'/><Cell N='Type' V='0'/><Cell N='Invisible' V='0'/><Cell N='Verify' V='0'/><Cell N='DataLinked' V='0' F='No Formula'/><Cell N='LangID' V='en-US'/><Cell N='Calendar' V='0' F='No Formula'/></Row><Row N='Location'><Cell N='Value' V='0' F='No Formula'/><Cell N='Prompt' V='' F='No Formula'/><Cell N='Label' V='Location'/><Cell N='Format' V='' F='No Formula'/><Cell N='SortKey' V='Asset'/><Cell N='Type' V='0'/><Cell N='Invisible' V='0'/><Cell N='Verify' V='0'/><Cell N='DataLinked' V='0' F='No Formula'/><Cell N='LangID' V='en-US'/><Cell N='Calendar' V='0' F='No Formula'/></Row><Row N='Building'><Cell N='Value' V='0' F='No Formula'/><Cell N='Prompt' V='' F='No Formula'/><Cell N='Label' V='Building'/><Cell N='Format' V='' F='No Formula'/><Cell N='SortKey' V='Asset'/><Cell N='Type' V='0'/><Cell N='Invisible' V='0'/><Cell N='Verify' V='0'/><Cell N='DataLinked' V='0' F='No Formula'/><Cell N='LangID' V='en-US'/><Cell N='Calendar' V='0' F='No Formula'/></Row><Row N='Room'><Cell N='Value' V='0' F='No Formula'/><Cell N='Prompt' V='' F='No Formula'/><Cell N='Label' V='Room'/><Cell N='Format' V='' F='No Formula'/><Cell N='SortKey' V='Asset'/><Cell N='Type' V='0'/><Cell N='Invisible' V='0'/><Cell N='Verify' V='0'/><Cell N='DataLinked' V='0' F='No Formula'/><Cell N='LangID' V='en-US'/><Cell N='Calendar' V='0' F='No Formula'/></Row><Row N='NetworkName'><Cell N='Value' V='0' F='No Formula'/><Cell N='Prompt' V='' F='No Formula'/><Cell N='Label' V='Network Name'/><Cell N='Format' V='' F='No Formula'/><Cell N='SortKey' V='Network'/><Cell N='Type' V='0'/><Cell N='Invisible' V='0'/><Cell N='Verify' V='0'/><Cell N='DataLinked' V='0' F='No Formula'/><Cell N='LangID' V='en-US'/><Cell N='Calendar' V='0' F='No Formula'/></Row><Row N='IPAddress'><Cell N='Value' V='0' F='No Formula'/><Cell N='Prompt' V='' F='No Formula'/><Cell N='Label' V='IP Address'/><Cell N='Format' V='' F='No Formula'/><Cell N='SortKey' V='Network'/><Cell N='Type' V='0'/><Cell N='Invisible' V='0'/><Cell N='Verify' V='0'/><Cell N='DataLinked' V='0' F='No Formula'/><Cell N='LangID' V='en-US'/><Cell N='Calendar' V='0' F='No Formula'/></Row><Row N='SubnetMask'><Cell N='Value' V='0' F='No Formula'/><Cell N='Prompt' V='' F='No Formula'/><Cell N='Label' V='Subnet Mask'/><Cell N='Format' V='' F='No Formula'/><Cell N='SortKey' V='Network'/><Cell N='Type' V='0'/><Cell N='Invisible' V='0'/><Cell N='Verify' V='0'/><Cell N='DataLinked' V='0' F='No Formula'/><Cell N='LangID' V='en-US'/><Cell N='Calendar' V='0' F='No Formula'/></Row><Row N='AdminInterface'><Cell N='Value' V='0' F='No Formula'/><Cell N='Prompt' V='' F='No Formula'/><Cell N='Label' V='Administrative Interface'/><Cell N='Format' V='' F='No Formula'/><Cell N='SortKey' V='Network'/><Cell N='Type' V='0'/><Cell N='Invisible' V='0'/><Cell N='Verify' V='0'/><Cell N='DataLinked' V='0' F='No Formula'/><Cell N='LangID' V='en-US'/><Cell N='Calendar' V='0' F='No Formula'/></Row><Row N='NumberOfPorts'><Cell N='Value' V='0' F='No Formula'/><Cell N='Prompt' V='' F='No Formula'/><Cell N='Label' V='Number of Ports'/><Cell N='Format' V='' F='No Formula'/><Cell N='SortKey' V='Network'/><Cell N='Type' V='0'/><Cell N='Invisible' V='0'/><Cell N='Verify' V='0'/><Cell N='DataLinked' V='0' F='No Formula'/><Cell N='LangID' V='en-US'/><Cell N='Calendar' V='0' F='No Formula'/></Row><Row N='MACAddress'><Cell N='Value' V='0' F='No Formula'/><Cell N='Prompt' V='' F='No Formula'/><Cell N='Label' V='MAC Address'/><Cell N='Format' V='' F='No Formula'/><Cell N='SortKey' V='Network'/><Cell N='Type' V='0'/><Cell N='Invisible' V='0'/><Cell N='Verify' V='0'/><Cell N='DataLinked' V='0' F='No Formula'/><Cell N='LangID' V='en-US'/><Cell N='Calendar' V='0' F='No Formula'/></Row><Row N='CommunityString'><Cell N='Value' V='0' F='No Formula'/><Cell N='Prompt' V='' F='No Formula'/><Cell N='Label' V='Community String'/><Cell N='Format' V='' F='No Formula'/><Cell N='SortKey' V='Network'/><Cell N='Type' V='0'/><Cell N='Invisible' V='0'/><Cell N='Verify' V='0'/><Cell N='DataLinked' V='0' F='No Formula'/><Cell N='LangID' V='en-US'/><Cell N='Calendar' V='0' F='No Formula'/></Row><Row N='NetworkDescription'><Cell N='Value' V='0' F='No Formula'/><Cell N='Prompt' V='' F='No Formula'/><Cell N='Label' V='Network Description'/><Cell N='Format' V='' F='No Formula'/><Cell N='SortKey' V='Network'/><Cell N='Type' V='0'/><Cell N='Invisible' V='0'/><Cell N='Verify' V='0'/><Cell N='DataLinked' V='0' F='No Formula'/><Cell N='LangID' V='en-US'/><Cell N='Calendar' V='0' F='No Formula'/></Row></Section><Section N='Actions'><Row N='Properties'><Cell N='Menu' V='%_P&amp;roperties'/><Cell N='Action' V='0' F='RUNADDON("NETWORK SHAPE PROPERTIES")'/><Cell N='Checked' V='0'/><Cell N='Disabled' V='0'/><Cell N='ReadOnly' V='0'/><Cell N='Invisible' V='0'/><Cell N='BeginGroup' V='0'/><Cell N='FlyoutChild' V='0' F='No Formula'/><Cell N='TagName' V=''/><Cell N='ButtonFace' V=''/><Cell N='SortKey' V=''/></Row></Section><Shapes><Shape ID='29' Type='Shape' LineStyle='3' FillStyle='3' TextStyle='3'><Cell N='PinX' V='0.35' U='IN' F='Width/2'/><Cell N='PinY' V='0.25' U='IN' F='Height/2'/><Cell N='Width' V='0.7' U='IN' F='Sheet.5!Width*1'/><Cell N='Height' V='0.5' U='IN' F='Sheet.5!Height*1'/><Cell N='LocPinX' V='0.35' U='IN' F='Width*0.5'/><Cell N='LocPinY' V='0.25' U='IN' F='Height*0.5'/><Cell N='Angle' V='0'/><Cell N='FlipX' V='0'/><Cell N='FlipY' V='0'/><Cell N='ResizeMode' V='0'/><Cell N='LineWeight' V='0.01' U='PT' F='GUARD(0.72PT)'/><Cell N='LineColor' V='0' F='GUARD(0)'/><Cell N='LinePattern' V='1' F='GUARD(1)'/><Cell N='Rounding' V='0' F='GUARD(0)'/><Cell N='BeginArrow' V='0' F='GUARD(0)'/><Cell N='EndArrow' V='0' F='GUARD(0)'/><Cell N='LineColorTrans' V='1' F='GUARD(100%)'/><Cell N='FillForegnd' V='6' F='GUARD(6)'/><Cell N='FillBkgnd' V='6' F='GUARD(6)'/><Cell N='FillPattern' V='1' F='GUARD(1)'/><Cell N='FillForegndTrans' V='1' F='GUARD(100%)'/><Cell N='FillBkgndTrans' V='1' F='GUARD(100%)'/><Cell N='Copyright' V='Copyright (c) 2012 Microsoft Corporation.  All rights reserved.'/><Cell N='FillGradientEnabled' V='0' F='GUARD(FALSE)'/><Section N='Geometry' IX='0'><Cell N='NoFill' V='0'/><Cell N='NoLine' V='0'/><Cell N='NoShow' V='0'/><Cell N='NoSnap' V='0'/><Cell N='NoQuickDrag' V='0' F='No Formula'/><Row T='MoveTo' IX='1'><Cell N='X' V='0.5669683269438369' U='IN' F='Width*0.80995475277691'/><Cell N='Y' V='0' U='IN' F='Height*0'/></Row><Row T='LineTo' IX='2'><Cell N='X' V='0.6895' U='IN' F='Width*0.985'/><Cell N='Y' V='0.066666666666665' U='IN' F='Height*0.13333333333333'/></Row><Row T='LineTo' IX='3'><Cell N='X' V='0.6895' U='IN' F='Width*0.985'/><Cell N='Y' V='0.08' U='IN' F='Height*0.16'/></Row><Row T='LineTo' IX='4'><Cell N='X' V='0.7' U='IN' F='Width*1'/><Cell N='Y' V='0.086666666666665' U='IN' F='Height*0.17333333333333'/></Row><Row T='LineTo' IX='5'><Cell N='X' V='0.7' U='IN' F='Width*1'/><Cell N='Y' V='0.188333333333335' U='IN' F='Height*0.37666666666667'/></Row><Row T='LineTo' IX='6'><Cell N='X' V='0.133' U='IN' F='Width*0.19'/><Cell N='Y' V='0.5' U='IN' F='Height*1'/></Row><Row T='LineTo' IX='7'><Cell N='X' V='0' U='IN' F='Width*0'/><Cell N='Y' V='0.426666666666665' U='IN' F='Height*0.85333333333333'/></Row><Row T='LineTo' IX='8'><Cell N='X' V='0' U='IN' F='Width*0'/><Cell N='Y' V='0.326' U='IN' F='Height*0.652'/></Row><Row T='LineTo' IX='9'><Cell N='X' V='0.0105' U='IN' F='Width*0.015'/><Cell N='Y' V='0.32' U='IN' F='Height*0.64'/></Row><Row T='LineTo' IX='10'><Cell N='X' V='0.0105' U='IN' F='Width*0.015'/><Cell N='Y' V='0.306666666666665' U='IN' F='Height*0.61333333333333'/></Row><Row T='LineTo' IX='11'><Cell N='X' V='0.5669683269438369' U='IN' F='Width*0.80995475277691'/><Cell N='Y' V='0' U='IN' F='Height*0'/></Row></Section></Shape><Shape ID='20' Type='Shape' LineStyle='29' FillStyle='29' TextStyle='29'><Cell N='PinX' V='0.6334841634719219' U='IN' F='Sheet.5!Width*0.90497737638846'/><Cell N='PinY' V='0.094166666666665' U='IN' F='Sheet.5!Height*0.18833333333333'/><Cell N='Width' V='0.133031673056163' U='IN' F='Sheet.5!Width*0.19004524722309'/><Cell N='Height' V='0.188333333333335' U='IN' F='Sheet.5!Height*0.37666666666667'/><Cell N='LocPinX' V='0.06651583652808149' U='IN' F='Width*0.5'/><Cell N='LocPinY' V='0.0941666666666675' U='IN' F='Height*0.5'/><Cell N='Angle' V='0'/><Cell N='FlipX' V='0'/><Cell N='FlipY' V='0'/><Cell N='ResizeMode' V='0'/><Cell N='LineWeight' V='0.01' U='PT' F='GUARD(0.72PT)'/><Cell N='LineColor' V='#ffffff' F='GUARD(RGB(255,255,255))'/><Cell N='LinePattern' V='1' F='GUARD(1)'/><Cell N='Rounding' V='0' F='GUARD(0)'/><Cell N='BeginArrow' V='0' F='GUARD(0)'/><Cell N='EndArrow' V='0' F='GUARD(0)'/><Cell N='FillPattern' V='31' F='GUARD(31)'/><Cell N='ShdwPattern' V='0' F='GUARD(0)'/><Cell N='Copyright' V='Copyright (c) 2012 Microsoft Corporation.  All rights reserved.'/><Cell N='LayerMember' V='' F='No Formula'/><Cell N='FillGradientDir' V='12' F='GUARD(12)'/><Cell N='FillGradientEnabled' V='1' F='GUARD(TRUE)'/><Cell N='UseGroupGradient' V='0' F='GUARD(FALSE)'/><Section N='Geometry' IX='0'><Cell N='NoFill' V='0'/><Cell N='NoLine' V='0'/><Cell N='NoShow' V='0'/><Cell N='NoSnap' V='0'/><Cell N='NoQuickDrag' V='0' F='No Formula'/><Row T='MoveTo' IX='1'><Cell N='X' V='0' U='IN' F='Width*0'/><Cell N='Y' V='0' U='IN' F='Height*0'/></Row><Row T='LineTo' IX='2'><Cell N='X' V='0.122531673056163' U='IN' F='Width*0.92107142788795'/><Cell N='Y' V='0.06666666666666805' U='IN' F='Height*0.35398230088496'/></Row><Row T='LineTo' IX='3'><Cell N='X' V='0.122531673056163' U='IN' F='Width*0.92107142788795'/><Cell N='Y' V='0.08000000000000129' U='IN' F='Height*0.42477876106195'/></Row><Row T='LineTo' IX='4'><Cell N='X' V='0.133031673056163' U='IN' F='Width*1'/><Cell N='Y' V='0.08666666666666696' U='IN' F='Height*0.46017699115044'/></Row><Row T='LineTo' IX='5'><Cell N='X' V='0.133031673056163' U='IN' F='Width*1'/><Cell N='Y' V='0.188333333333335' U='IN' F='Height*1'/></Row><Row T='LineTo' IX='6'><Cell N='X' V='3.167305616255459E-5' U='IN' F='Width*0.00023808658069859'/><Cell N='Y' V='0.1150000000000013' U='IN' F='Height*0.61061946902655'/></Row><Row T='LineTo' IX='7'><Cell N='X' V='0' U='IN' F='Geometry1.X1'/><Cell N='Y' V='0' U='IN' F='Geometry1.Y1'/></Row></Section></Shape><Shape ID='6' Type='Shape' LineStyle='28' FillStyle='28' TextStyle='28'><Cell N='PinX' V='0.35' U='IN' F='Sheet.5!Width*0.5'/><Cell N='PinY' V='0.3075' U='IN' F='Sheet.5!Height*0.615'/><Cell N='Width' V='0.7' U='IN' F='Sheet.5!Width*1'/><Cell N='Height' V='0.385' U='IN' F='Sheet.5!Height*0.77'/><Cell N='LocPinX' V='0.35' U='IN' F='Width*0.5'/><Cell N='LocPinY' V='0.1925' U='IN' F='Height*0.5'/><Cell N='Angle' V='0'/><Cell N='FlipX' V='0'/><Cell N='FlipY' V='0'/><Cell N='ResizeMode' V='0'/><Cell N='LineWeight' V='0.01' U='PT' F='GUARD(0.72PT)'/><Cell N='LineColor' V='#ffffff' F='GUARD(RGB(255,255,255))'/><Cell N='LinePattern' V='1' F='GUARD(1)'/><Cell N='Rounding' V='0' F='GUARD(0)'/><Cell N='BeginArrow' V='0' F='GUARD(0)'/><Cell N='EndArrow' V='0' F='GUARD(0)'/><Cell N='FillPattern' V='30' F='GUARD(30)'/><Cell N='ShdwPattern' V='0' F='GUARD(0)'/><Cell N='Copyright' V='Copyright (c) 2012 Microsoft Corporation.  All rights reserved.'/><Cell N='LayerMember' V='' F='No Formula'/><Cell N='FillGradientDir' V='0' F='GUARD(0)'/><Cell N='FillGradientAngle' V='4.7123889803847' U='DEG' F='GUARD(270DEG)'/><Cell N='FillGradientEnabled' V='1' F='GUARD(TRUE)'/><Cell N='UseGroupGradient' V='0' F='GUARD(FALSE)'/><Section N='Geometry' IX='0'><Cell N='NoFill' V='0'/><Cell N='NoLine' V='0'/><Cell N='NoShow' V='0'/><Cell N='NoSnap' V='0'/><Cell N='NoQuickDrag' V='0' F='No Formula'/><Row T='MoveTo' IX='1'><Cell N='X' V='0' U='IN' F='Width*0'/><Cell N='Y' V='0.3116666666666669' U='IN' F='Height*0.80952380952381'/></Row><Row T='LineTo' IX='2'><Cell N='X' V='0.567' U='IN' F='Width*0.81'/><Cell N='Y' V='0' U='IN' F='Height*0'/></Row><Row T='LineTo' IX='3'><Cell N='X' V='0.7' U='IN' F='Width*1'/><Cell N='Y' V='0.07333333333333315' U='IN' F='Height*0.19047619047619'/></Row><Row T='LineTo' IX='4'><Cell N='X' V='0.133' U='IN' F='Width*0.19'/><Cell N='Y' V='0.385' U='IN' F='Height*1'/></Row><Row T='LineTo' IX='5'><Cell N='X' V='0' U='IN' F='Geometry1.X1'/><Cell N='Y' V='0.3116666666666669' U='IN' F='Geometry1.Y1'/></Row></Section></Shape><Shape ID='7' Type='Shape' LineStyle='30' FillStyle='30' TextStyle='30'><Cell N='PinX' V='0.2835' U='IN' F='Sheet.5!Width*0.405'/><Cell N='PinY' V='0.213333333333335' U='IN' F='Sheet.5!Height*0.42666666666667'/><Cell N='Width' V='0.567' U='IN' F='Sheet.5!Width*0.81'/><Cell N='Height' V='0.426666666666665' U='IN' F='Sheet.5!Height*0.85333333333333'/><Cell N='LocPinX' V='0.2835' U='IN' F='Width*0.5'/><Cell N='LocPinY' V='0.2133333333333325' U='IN' F='Height*0.5'/><Cell N='Angle' V='0'/><Cell N='FlipX' V='0'/><Cell N='FlipY' V='0'/><Cell N='ResizeMode' V='0'/><Cell N='LineWeight' V='0.01' U='PT' F='GUARD(0.72PT)'/><Cell N='LineColor' V='#000000' F='GUARD(RGB(0,0,0))'/><Cell N='LinePattern' V='1' F='GUARD(1)'/><Cell N='Rounding' V='0' F='GUARD(0)'/><Cell N='BeginArrow' V='0' F='GUARD(0)'/><Cell N='EndArrow' V='0' F='GUARD(0)'/><Cell N='FillPattern' V='32' F='GUARD(32)'/><Cell N='ShdwPattern' V='0' F='GUARD(0)'/><Cell N='Copyright' V='Copyright (c) 2012 Microsoft Corporation.  All rights reserved.'/><Cell N='LayerMember' V='' F='No Formula'/><Cell N='FillGradientDir' V='11' F='GUARD(11)'/><Cell N='FillGradientEnabled' V='1' F='GUARD(TRUE)'/><Cell N='UseGroupGradient' V='0' F='GUARD(FALSE)'/><Section N='Geometry' IX='0'><Cell N='NoFill' V='0'/><Cell N='NoLine' V='0'/><Cell N='NoShow' V='0'/><Cell N='NoSnap' V='0'/><Cell N='NoQuickDrag' V='0' F='No Formula'/><Row T='MoveTo' IX='1'><Cell N='X' V='0.01049999999999857' U='IN' F='Width*0.018518518518516'/><Cell N='Y' V='0.3066666666666654' U='IN' F='Height*0.71875'/></Row><Row T='LineTo' IX='2'><Cell N='X' V='0.5669683269438351' U='IN' F='Width*0.99994413923075'/><Cell N='Y' V='0' U='IN' F='Height*0'/></Row><Row T='LineTo' IX='3'><Cell N='X' V='0.567' U='IN' F='Width*1'/><Cell N='Y' V='0.115' U='IN' F='Height*0.26953125'/></Row><Row T='LineTo' IX='4'><Cell N='X' V='0' U='IN' F='Width*0'/><Cell N='Y' V='0.426666666666665' U='IN' F='Height*1'/></Row><Row T='LineTo' IX='5'><Cell N='X' V='0' U='IN' F='Width*0'/><Cell N='Y' V='0.3259999999999987' U='IN' F='Height*0.7640625'/></Row><Row T='LineTo' IX='6'><Cell N='X' V='0.01049999999999857' U='IN' F='Width*0.018518518518516'/><Cell N='Y' V='0.3199999999999987' U='IN' F='Height*0.75'/></Row><Row T='LineTo' IX='7'><Cell N='X' V='0.01049999999999857' U='IN' F='Geometry1.X1'/><Cell N='Y' V='0.3066666666666654' U='IN' F='Geometry1.Y1'/></Row></Section><Text/></Shape><Shape ID='23' Type='Shape' LineStyle='21' FillStyle='21' TextStyle='21'><Cell N='PinX' V='0.35' U='IN' F='Sheet.5!Width*0.5'/><Cell N='PinY' V='0.25' U='IN' F='Sheet.5!Height*0.5'/><Cell N='Width' V='0.7' U='IN' F='Sheet.5!Width*1'/><Cell N='Height' V='0.5' U='IN' F='Sheet.5!Height*1'/><Cell N='LocPinX' V='0.35' U='IN' F='Width*0.5'/><Cell N='LocPinY' V='0.25' U='IN' F='Height*0.5'/><Cell N='Angle' V='0'/><Cell N='FlipX' V='0'/><Cell N='FlipY' V='0'/><Cell N='ResizeMode' V='0'/><Cell N='LineWeight' V='0.02083333333333333' U='PT' F='GUARD(1.5PT)'/><Cell N='LinePattern' V='1' F='GUARD(1)'/><Cell N='Rounding' V='0' F='GUARD(0)'/><Cell N='BeginArrow' V='0' F='GUARD(0)'/><Cell N='EndArrow' V='0' F='GUARD(0)'/><Cell N='FillPattern' V='1' F='GUARD(1)'/><Cell N='ShdwPattern' V='0' F='GUARD(0)'/><Cell N='Copyright' V='Copyright (c) 2012 Microsoft Corporation.  All rights reserved.'/><Cell N='LayerMember' V='' F='No Formula'/><Cell N='FillGradientEnabled' V='0' F='GUARD(FALSE)'/><Section N='Geometry' IX='0'><Cell N='NoFill' V='1' F='GUARD(TRUE)'/><Cell N='NoLine' V='0'/><Cell N='NoShow' V='0'/><Cell N='NoSnap' V='0'/><Cell N='NoQuickDrag' V='0' F='No Formula'/><Row T='MoveTo' IX='1'><Cell N='X' V='0' U='IN' F='Width*0'/><Cell N='Y' V='0.426666666666665' U='IN' F='Height*0.85333333333333'/></Row><Row T='LineTo' IX='2'><Cell N='X' V='0' U='IN' F='Width*0'/><Cell N='Y' V='0.326' U='IN' F='Height*0.652'/></Row><Row T='LineTo' IX='3'><Cell N='X' V='0.0104999999999993' U='IN' F='Width*0.014999999999999'/><Cell N='Y' V='0.32' U='IN' F='Height*0.64'/></Row><Row T='LineTo' IX='4'><Cell N='X' V='0.0104999999999993' U='IN' F='Width*0.014999999999999'/><Cell N='Y' V='0.306666666666665' U='IN' F='Height*0.61333333333333'/></Row><Row T='LineTo' IX='5'><Cell N='X' V='0.5669683269438369' U='IN' F='Width*0.80995475277691'/><Cell N='Y' V='0' U='IN' F='Height*0'/></Row><Row T='LineTo' IX='6'><Cell N='X' V='0.6895' U='IN' F='Width*0.985'/><Cell N='Y' V='0.066666666666665' U='IN' F='Height*0.13333333333333'/></Row><Row T='LineTo' IX='7'><Cell N='X' V='0.6895' U='IN' F='Width*0.985'/><Cell N='Y' V='0.08' U='IN' F='Height*0.16'/></Row><Row T='LineTo' IX='8'><Cell N='X' V='0.7' U='IN' F='Width*1'/><Cell N='Y' V='0.086666666666665' U='IN' F='Height*0.17333333333333'/></Row><Row T='LineTo' IX='9'><Cell N='X' V='0.7' U='IN' F='Width*1'/><Cell N='Y' V='0.188333333333335' U='IN' F='Height*0.37666666666667'/></Row><Row T='LineTo' IX='10'><Cell N='X' V='0.133' U='IN' F='Width*0.19'/><Cell N='Y' V='0.5' U='IN' F='Height*1'/></Row><Row T='LineTo' IX='11'><Cell N='X' V='0' U='IN' F='Geometry1.X1'/><Cell N='Y' V='0.426666666666665' U='IN' F='Geometry1.Y1'/></Row></Section></Shape><Shape ID='8' Type='Group' LineStyle='3' FillStyle='3' TextStyle='3'><Cell N='PinX' V='0.14' U='IN' F='Sheet.5!Width*0.2'/><Cell N='PinY' V='0.308144669116125' U='IN' F='Sheet.5!Height*0.61628933823225'/><Cell N='Width' V='0.220382710450252' U='IN' F='Sheet.5!Width*0.31483244350036'/><Cell N='Height' V='0.1618829732669' U='IN' F='Sheet.5!Height*0.3237659465338'/><Cell N='LocPinX' V='0.110191355225126' U='IN' F='Width*0.5'/><Cell N='LocPinY' V='0.08094148663344999' U='IN' F='Height*0.5'/><Cell N='Angle' V='0'/><Cell N='FlipX' V='0'/><Cell N='FlipY' V='0'/><Cell N='ResizeMode' V='0'/><Cell N='Copyright' V='Copyright (c) 2012 Microsoft Corporation.  All rights reserved.'/><Cell N='LayerMember' V='' F='No Formula'/><Cell N='ObjType' V='8'/><Cell N='QuickStyleVariation' V='4'/><Shapes><Shape ID='9' Type='Shape' LineStyle='26' FillStyle='26' TextStyle='26'><Cell N='PinX' V='0.2155473599441459' U='IN' F='Sheet.8!Width*0.97805930194693'/><Cell N='PinY' V='0.02282387812095663' U='IN' F='Sheet.8!Height*0.1409899859161'/><Cell N='Width' V='0.008065009042842269' U='IN' F='Sheet.8!Width*0.02777728505726+Sheet.8!Height*0.012004818257013'/><Cell N='Height' V='0.012728074360872' U='IN' F='Sheet.8!Width*0.014973366666807+Sheet.8!Height*0.05824085782469'/><Cell N='LocPinX' V='0.004032504521421135' U='IN' F='Width*0.5'/><Cell N='LocPinY' V='0.006364037180435998' U='IN' F='Height*0.5'/><Cell N='Angle' V='0.5235987755983'/><Cell N='FlipX' V='0'/><Cell N='FlipY' V='0'/><Cell N='ResizeMode' V='0'/><Cell N='LineWeight' V='0.001666666666666667' U='PT' F='GUARD(0.12PT)'/><Cell N='LineColor' V='0' F='GUARD(0)'/><Cell N='LinePattern' V='1' F='GUARD(1)'/><Cell N='Rounding' V='0' F='GUARD(0)'/><Cell N='BeginArrow' V='0' F='GUARD(0)'/><Cell N='EndArrow' V='0' F='GUARD(0)'/><Cell N='FillForegnd' V='1' F='GUARD(1)'/><Cell N='FillBkgnd' V='3' F='GUARD(3)'/><Cell N='FillPattern' V='36' F='GUARD(36)'/><Cell N='ShdwPattern' V='0' F='GUARD(0)'/><Cell N='Copyright' V='Copyright (c) 2012 Microsoft Corporation.  All rights reserved.'/><Cell N='LayerMember' V='' F='No Formula'/><Cell N='FillGradientDir' V='7' F='GUARD(7)'/><Cell N='FillGradientEnabled' V='1' F='GUARD(TRUE)'/><Cell N='UseGroupGradient' V='0' F='GUARD(FALSE)'/><Cell N='QuickStyleVariation' V='6'/><Section N='Character'><Row IX='0'><Cell N='ComplexScriptSize' V='-1'/></Row></Section><Section N='FillGradient'><Row IX='0'><Cell N='GradientStopColor' V='1' F='GUARD(1)'/></Row><Row IX='1'><Cell N='GradientStopColor' V='3' F='GUARD(3)'/></Row></Section><Section N='Geometry' IX='0'><Cell N='NoFill' V='0'/><Cell N='NoLine' V='0'/><Cell N='NoShow' V='0'/><Cell N='NoSnap' V='0'/><Cell N='NoQuickDrag' V='0' F='No Formula'/><Row T='Ellipse' IX='1'><Cell N='X' V='0.004032504521421135' U='IN' F='Width*0.5'/><Cell N='Y' V='0.006364037180435998' U='IN' F='Height*0.5'/><Cell N='A' V='0.008065009042842269' U='IN' F='Width*1'/><Cell N='B' V='0.006364037180435998' U='IN' F='Height*0.5'/><Cell N='C' V='0.004032504521421135' U='IN' F='Width*0.5'/><Cell N='D' V='0.012728074360872' U='IN' F='Height*1'/></Row></Section></Shape><Shape ID='10' Type='Shape' LineStyle='26' FillStyle='26' TextStyle='26'><Cell N='PinX' V='0.1734049580565384' U='IN' F='Sheet.8!Width*0.78683558116816'/><Cell N='PinY' V='0.04599618962010793' U='IN' F='Sheet.8!Height*0.28413235000492'/><Cell N='Width' V='0.008065009042842269' U='IN' F='Sheet.8!Width*0.02777728505726+Sheet.8!Height*0.012004818257013'/><Cell N='Height' V='0.012728074360872' U='IN' F='Sheet.8!Width*0.014973366666807+Sheet.8!Height*0.05824085782469'/><Cell N='LocPinX' V='0.004032504521421135' U='IN' F='Width*0.5'/><Cell N='LocPinY' V='0.006364037180435998' U='IN' F='Height*0.5'/><Cell N='Angle' V='0.5235987755983'/><Cell N='FlipX' V='0'/><Cell N='FlipY' V='0'/><Cell N='ResizeMode' V='0'/><Cell N='LineWeight' V='0.001666666666666667' U='PT' F='GUARD(0.12PT)'/><Cell N='LineColor' V='0' F='GUARD(0)'/><Cell N='LinePattern' V='1' F='GUARD(1)'/><Cell N='Rounding' V='0' F='GUARD(0)'/><Cell N='BeginArrow' V='0' F='GUARD(0)'/><Cell N='EndArrow' V='0' F='GUARD(0)'/><Cell N='FillForegnd' V='1' F='GUARD(1)'/><Cell N='FillBkgnd' V='2' F='GUARD(2)'/><Cell N='FillPattern' V='36' F='GUARD(36)'/><Cell N='ShdwPattern' V='0' F='GUARD(0)'/><Cell N='Copyright' V='Copyright (c) 2012 Microsoft Corporation.  All rights reserved.'/><Cell N='LayerMember' V='' F='No Formula'/><Cell N='FillGradientDir' V='7' F='GUARD(7)'/><Cell N='FillGradientEnabled' V='1' F='GUARD(TRUE)'/><Cell N='UseGroupGradient' V='0' F='GUARD(FALSE)'/><Cell N='QuickStyleVariation' V='6'/><Section N='Character'><Row IX='0'><Cell N='ComplexScriptSize' V='-1'/></Row></Section><Section N='FillGradient'><Row IX='0'><Cell N='GradientStopColor' V='1' F='GUARD(1)'/></Row><Row IX='1'><Cell N='GradientStopColor' V='2' F='GUARD(2)'/></Row></Section><Section N='Geometry' IX='0'><Cell N='NoFill' V='0'/><Cell N='NoLine' V='0'/><Cell N='NoShow' V='0'/><Cell N='NoSnap' V='0'/><Cell N='NoQuickDrag' V='0' F='No Formula'/><Row T='Ellipse' IX='1'><Cell N='X' V='0.004032504521421135' U='IN' F='Width*0.5'/><Cell N='Y' V='0.006364037180435998' U='IN' F='Height*0.5'/><Cell N='A' V='0.008065009042842269' U='IN' F='Width*1'/><Cell N='B' V='0.006364037180435998' U='IN' F='Height*0.5'/><Cell N='C' V='0.004032504521421135' U='IN' F='Width*0.5'/><Cell N='D' V='0.012728074360872' U='IN' F='Height*1'/></Row></Section></Shape><Shape ID='11' Type='Shape' LineStyle='26' FillStyle='26' TextStyle='26'><Cell N='PinX' V='0.1312625561689308' U='IN' F='Sheet.8!Width*0.59561186038939'/><Cell N='PinY' V='0.06916850111925764' U='IN' F='Sheet.8!Height*0.42727471409373'/><Cell N='Width' V='0.008065009042842269' U='IN' F='Sheet.8!Width*0.02777728505726+Sheet.8!Height*0.012004818257013'/><Cell N='Height' V='0.012728074360872' U='IN' F='Sheet.8!Width*0.014973366666807+Sheet.8!Height*0.05824085782469'/><Cell N='LocPinX' V='0.004032504521421135' U='IN' F='Width*0.5'/><Cell N='LocPinY' V='0.006364037180435998' U='IN' F='Height*0.5'/><Cell N='Angle' V='0.5235987755983'/><Cell N='FlipX' V='0'/><Cell N='FlipY' V='0'/><Cell N='ResizeMode' V='0'/><Cell N='LineWeight' V='0.001666666666666667' U='PT' F='GUARD(0.12PT)'/><Cell N='LineColor' V='0' F='GUARD(0)'/><Cell N='LinePattern' V='1' F='GUARD(1)'/><Cell N='Rounding' V='0' F='GUARD(0)'/><Cell N='BeginArrow' V='0' F='GUARD(0)'/><Cell N='EndArrow' V='0' F='GUARD(0)'/><Cell N='FillForegnd' V='1' F='GUARD(1)'/><Cell N='FillBkgnd' V='3' F='GUARD(3)'/><Cell N='FillPattern' V='36' F='GUARD(36)'/><Cell N='ShdwPattern' V='0' F='GUARD(0)'/><Cell N='Copyright' V='Copyright (c) 2012 Microsoft Corporation.  All rights reserved.'/><Cell N='LayerMember' V='' F='No Formula'/><Cell N='FillGradientDir' V='7' F='GUARD(7)'/><Cell N='FillGradientEnabled' V='1' F='GUARD(TRUE)'/><Cell N='UseGroupGradient' V='0' F='GUARD(FALSE)'/><Cell N='QuickStyleVariation' V='6'/><Section N='Character'><Row IX='0'><Cell N='ComplexScriptSize' V='-1'/></Row></Section><Section N='FillGradient'><Row IX='0'><Cell N='GradientStopColor' V='1' F='GUARD(1)'/></Row><Row IX='1'><Cell N='GradientStopColor' V='3' F='GUARD(3)'/></Row></Section><Section N='Geometry' IX='0'><Cell N='NoFill' V='0'/><Cell N='NoLine' V='0'/><Cell N='NoShow' V='0'/><Cell N='NoSnap' V='0'/><Cell N='NoQuickDrag' V='0' F='No Formula'/><Row T='Ellipse' IX='1'><Cell N='X' V='0.004032504521421135' U='IN' F='Width*0.5'/><Cell N='Y' V='0.006364037180435998' U='IN' F='Height*0.5'/><Cell N='A' V='0.008065009042842269' U='IN' F='Width*1'/><Cell N='B' V='0.006364037180435998' U='IN' F='Height*0.5'/><Cell N='C' V='0.004032504521421135' U='IN' F='Width*0.5'/><Cell N='D' V='0.012728074360872' U='IN' F='Height*1'/></Row></Section></Shape><Shape ID='12' Type='Shape' LineStyle='26' FillStyle='26' TextStyle='26'><Cell N='PinX' V='0.08912015428132114' U='IN' F='Sheet.8!Width*0.40438813961061'/><Cell N='PinY' V='0.09234081261840732' U='IN' F='Sheet.8!Height*0.57041707818254'/><Cell N='Width' V='0.008065009042842269' U='IN' F='Sheet.8!Width*0.02777728505726+Sheet.8!Height*0.012004818257013'/><Cell N='Height' V='0.012728074360872' U='IN' F='Sheet.8!Width*0.014973366666807+Sheet.8!Height*0.05824085782469'/><Cell N='LocPinX' V='0.004032504521421135' U='IN' F='Width*0.5'/><Cell N='LocPinY' V='0.006364037180435998' U='IN' F='Height*0.5'/><Cell N='Angle' V='0.5235987755983'/><Cell N='FlipX' V='0'/><Cell N='FlipY' V='0'/><Cell N='ResizeMode' V='0'/><Cell N='LineWeight' V='0.001666666666666667' U='PT' F='GUARD(0.12PT)'/><Cell N='LineColor' V='0' F='GUARD(0)'/><Cell N='LinePattern' V='1' F='GUARD(1)'/><Cell N='Rounding' V='0' F='GUARD(0)'/><Cell N='BeginArrow' V='0' F='GUARD(0)'/><Cell N='EndArrow' V='0' F='GUARD(0)'/><Cell N='FillForegnd' V='1' F='GUARD(1)'/><Cell N='FillBkgnd' V='3' F='GUARD(3)'/><Cell N='FillPattern' V='36' F='GUARD(36)'/><Cell N='ShdwPattern' V='0' F='GUARD(0)'/><Cell N='Copyright' V='Copyright (c) 2012 Microsoft Corporation.  All rights reserved.'/><Cell N='LayerMember' V='' F='No Formula'/><Cell N='FillGradientDir' V='7' F='GUARD(7)'/><Cell N='FillGradientEnabled' V='1' F='GUARD(TRUE)'/><Cell N='UseGroupGradient' V='0' F='GUARD(FALSE)'/><Cell N='QuickStyleVariation' V='6'/><Section N='Character'><Row IX='0'><Cell N='ComplexScriptSize' V='-1'/></Row></Section><Section N='FillGradient'><Row IX='0'><Cell N='GradientStopColor' V='1' F='GUARD(1)'/></Row><Row IX='1'><Cell N='GradientStopColor' V='3' F='GUARD(3)'/></Row></Section><Section N='Geometry' IX='0'><Cell N='NoFill' V='0'/><Cell N='NoLine' V='0'/><Cell N='NoShow' V='0'/><Cell N='NoSnap' V='0'/><Cell N='NoQuickDrag' V='0' F='No Formula'/><Row T='Ellipse' IX='1'><Cell N='X' V='0.004032504521421135' U='IN' F='Width*0.5'/><Cell N='Y' V='0.006364037180435998' U='IN' F='Height*0.5'/><Cell N='A' V='0.008065009042842269' U='IN' F='Width*1'/><Cell N='B' V='0.006364037180435998' U='IN' F='Height*0.5'/><Cell N='C' V='0.004032504521421135' U='IN' F='Width*0.5'/><Cell N='D' V='0.012728074360872' U='IN' F='Height*1'/></Row></Section></Shape><Shape ID='13' Type='Shape' LineStyle='26' FillStyle='26' TextStyle='26'><Cell N='PinX' V='0.04697775239371364' U='IN' F='Sheet.8!Width*0.21316441883184'/><Cell N='PinY' V='0.115513124117557' U='IN' F='Sheet.8!Height*0.71355944227135'/><Cell N='Width' V='0.008065009042842269' U='IN' F='Sheet.8!Width*0.02777728505726+Sheet.8!Height*0.012004818257013'/><Cell N='Height' V='0.012728074360872' U='IN' F='Sheet.8!Width*0.014973366666807+Sheet.8!Height*0.05824085782469'/><Cell N='LocPinX' V='0.004032504521421135' U='IN' F='Width*0.5'/><Cell N='LocPinY' V='0.006364037180435998' U='IN' F='Height*0.5'/><Cell N='Angle' V='0.5235987755983'/><Cell N='FlipX' V='0'/><Cell N='FlipY' V='0'/><Cell N='ResizeMode' V='0'/><Cell N='LineWeight' V='0.001666666666666667' U='PT' F='GUARD(0.12PT)'/><Cell N='LineColor' V='0' F='GUARD(0)'/><Cell N='LinePattern' V='1' F='GUARD(1)'/><Cell N='Rounding' V='0' F='GUARD(0)'/><Cell N='BeginArrow' V='0' F='GUARD(0)'/><Cell N='EndArrow' V='0' F='GUARD(0)'/><Cell N='FillForegnd' V='1' F='GUARD(1)'/><Cell N='FillBkgnd' V='2' F='GUARD(2)'/><Cell N='FillPattern' V='36' F='GUARD(36)'/><Cell N='ShdwPattern' V='0' F='GUARD(0)'/><Cell N='Copyright' V='Copyright (c) 2012 Microsoft Corporation.  All rights reserved.'/><Cell N='LayerMember' V='' F='No Formula'/><Cell N='FillGradientDir' V='7' F='GUARD(7)'/><Cell N='FillGradientEnabled' V='1' F='GUARD(TRUE)'/><Cell N='UseGroupGradient' V='0' F='GUARD(FALSE)'/><Cell N='QuickStyleVariation' V='6'/><Section N='Character'><Row IX='0'><Cell N='ComplexScriptSize' V='-1'/></Row></Section><Section N='FillGradient'><Row IX='0'><Cell N='GradientStopColor' V='1' F='GUARD(1)'/></Row><Row IX='1'><Cell N='GradientStopColor' V='2' F='GUARD(2)'/></Row></Section><Section N='Geometry' IX='0'><Cell N='NoFill' V='0'/><Cell N='NoLine' V='0'/><Cell N='NoShow' V='0'/><Cell N='NoSnap' V='0'/><Cell N='NoQuickDrag' V='0' F='No Formula'/><Row T='Ellipse' IX='1'><Cell N='X' V='0.004032504521421135' U='IN' F='Width*0.5'/><Cell N='Y' V='0.006364037180435998' U='IN' F='Height*0.5'/><Cell N='A' V='0.008065009042842269' U='IN' F='Width*1'/><Cell N='B' V='0.006364037180435998' U='IN' F='Height*0.5'/><Cell N='C' V='0.004032504521421135' U='IN' F='Width*0.5'/><Cell N='D' V='0.012728074360872' U='IN' F='Height*1'/></Row></Section></Shape><Shape ID='14' Type='Shape' LineStyle='26' FillStyle='26' TextStyle='26'><Cell N='PinX' V='0.004835350506106574' U='IN' F='Sheet.8!Width*0.021940698053072'/><Cell N='PinY' V='0.1386854356167067' U='IN' F='Sheet.8!Height*0.85670180636016'/><Cell N='Width' V='0.008065009042842269' U='IN' F='Sheet.8!Width*0.02777728505726+Sheet.8!Height*0.012004818257013'/><Cell N='Height' V='0.012728074360872' U='IN' F='Sheet.8!Width*0.014973366666807+Sheet.8!Height*0.05824085782469'/><Cell N='LocPinX' V='0.004032504521421135' U='IN' F='Width*0.5'/><Cell N='LocPinY' V='0.006364037180435998' U='IN' F='Height*0.5'/><Cell N='Angle' V='0.5235987755983'/><Cell N='FlipX' V='0'/><Cell N='FlipY' V='0'/><Cell N='ResizeMode' V='0'/><Cell N='LineWeight' V='0.001666666666666667' U='PT' F='GUARD(0.12PT)'/><Cell N='LineColor' V='0' F='GUARD(0)'/><Cell N='LinePattern' V='1' F='GUARD(1)'/><Cell N='Rounding' V='0' F='GUARD(0)'/><Cell N='BeginArrow' V='0' F='GUARD(0)'/><Cell N='EndArrow' V='0' F='GUARD(0)'/><Cell N='FillForegnd' V='1' F='GUARD(1)'/><Cell N='FillBkgnd' V='2' F='GUARD(2)'/><Cell N='FillPattern' V='36' F='GUARD(36)'/><Cell N='ShdwPattern' V='0' F='GUARD(0)'/><Cell N='Copyright' V='Copyright (c) 2012 Microsoft Corporation.  All rights reserved.'/><Cell N='LayerMember' V='' F='No Formula'/><Cell N='FillGradientDir' V='7' F='GUARD(7)'/><Cell N='FillGradientEnabled' V='1' F='GUARD(TRUE)'/><Cell N='UseGroupGradient' V='0' F='GUARD(FALSE)'/><Cell N='QuickStyleVariation' V='6'/><Section N='Character'><Row IX='0'><Cell N='ComplexScriptSize' V='-1'/></Row></Section><Section N='FillGradient'><Row IX='0'><Cell N='GradientStopColor' V='1' F='GUARD(1)'/></Row><Row IX='1'><Cell N='GradientStopColor' V='2' F='GUARD(2)'/></Row></Section><Section N='Geometry' IX='0'><Cell N='NoFill' V='0'/><Cell N='NoLine' V='0'/><Cell N='NoShow' V='0'/><Cell N='NoSnap' V='0'/><Cell N='NoQuickDrag' V='0' F='No Formula'/><Row T='Ellipse' IX='1'><Cell N='X' V='0.004032504521421135' U='IN' F='Width*0.5'/><Cell N='Y' V='0.006364037180435998' U='IN' F='Height*0.5'/><Cell N='A' V='0.008065009042842269' U='IN' F='Width*1'/><Cell N='B' V='0.006364037180435998' U='IN' F='Height*0.5'/><Cell N='C' V='0.004032504521421135' U='IN' F='Width*0.5'/><Cell N='D' V='0.012728074360872' U='IN' F='Height*1'/></Row></Section></Shape><Shape ID='15' Type='Shape' LineStyle='26' FillStyle='26' TextStyle='26'><Cell N='PinX' V='0.2155473599441459' U='IN' F='Sheet.8!Width*0.97805930194693'/><Cell N='PinY' V='0.04024153275127593' U='IN' F='Sheet.8!Height*0.2485840971362'/><Cell N='Width' V='0.008065009042842269' U='IN' F='Sheet.8!Width*0.02777728505726+Sheet.8!Height*0.012004818257013'/><Cell N='Height' V='0.012728074360872' U='IN' F='Sheet.8!Width*0.014973366666807+Sheet.8!Height*0.05824085782469'/><Cell N='LocPinX' V='0.004032504521421135' U='IN' F='Width*0.5'/><Cell N='LocPinY' V='0.006364037180435998' U='IN' F='Height*0.5'/><Cell N='Angle' V='0.5235987755983'/><Cell N='FlipX' V='0'/><Cell N='FlipY' V='0'/><Cell N='ResizeMode' V='0'/><Cell N='LineWeight' V='0.001666666666666667' U='PT' F='GUARD(0.12PT)'/><Cell N='LineColor' V='0' F='GUARD(0)'/><Cell N='LinePattern' V='1' F='GUARD(1)'/><Cell N='Rounding' V='0' F='GUARD(0)'/><Cell N='BeginArrow' V='0' F='GUARD(0)'/><Cell N='EndArrow' V='0' F='GUARD(0)'/><Cell N='FillForegnd' V='1' F='GUARD(1)'/><Cell N='FillBkgnd' V='3' F='GUARD(3)'/><Cell N='FillPattern' V='36' F='GUARD(36)'/><Cell N='ShdwPattern' V='0' F='GUARD(0)'/><Cell N='Copyright' V='Copyright (c) 2012 Microsoft Corporation.  All rights reserved.'/><Cell N='LayerMember' V='' F='No Formula'/><Cell N='FillGradientDir' V='7' F='GUARD(7)'/><Cell N='FillGradientEnabled' V='1' F='GUARD(TRUE)'/><Cell N='UseGroupGradient' V='0' F='GUARD(FALSE)'/><Cell N='QuickStyleVariation' V='6'/><Section N='Character'><Row IX='0'><Cell N='ComplexScriptSize' V='-1'/></Row></Section><Section N='FillGradient'><Row IX='0'><Cell N='GradientStopColor' V='1' F='GUARD(1)'/></Row><Row IX='1'><Cell N='GradientStopColor' V='3' F='GUARD(3)'/></Row></Section><Section N='Geometry' IX='0'><Cell N='NoFill' V='0'/><Cell N='NoLine' V='0'/><Cell N='NoShow' V='0'/><Cell N='NoSnap' V='0'/><Cell N='NoQuickDrag' V='0' F='No Formula'/><Row T='Ellipse' IX='1'><Cell N='X' V='0.004032504521421135' U='IN' F='Width*0.5'/><Cell N='Y' V='0.006364037180435998' U='IN' F='Height*0.5'/><Cell N='A' V='0.008065009042842269' U='IN' F='Width*1'/><Cell N='B' V='0.006364037180435998' U='IN' F='Height*0.5'/><Cell N='C' V='0.004032504521421135' U='IN' F='Width*0.5'/><Cell N='D' V='0.012728074360872' U='IN' F='Height*1'/></Row></Section></Shape><Shape ID='16' Type='Shape' LineStyle='26' FillStyle='26' TextStyle='26'><Cell N='PinX' V='0.1734049580565384' U='IN' F='Sheet.8!Width*0.78683558116816'/><Cell N='PinY' V='0.06341384425042562' U='IN' F='Sheet.8!Height*0.39172646122501'/><Cell N='Width' V='0.008065009042842269' U='IN' F='Sheet.8!Width*0.02777728505726+Sheet.8!Height*0.012004818257013'/><Cell N='Height' V='0.012728074360872' U='IN' F='Sheet.8!Width*0.014973366666807+Sheet.8!Height*0.05824085782469'/><Cell N='LocPinX' V='0.004032504521421135' U='IN' F='Width*0.5'/><Cell N='LocPinY' V='0.006364037180435998' U='IN' F='Height*0.5'/><Cell N='Angle' V='0.5235987755983'/><Cell N='FlipX' V='0'/><Cell N='FlipY' V='0'/><Cell N='ResizeMode' V='0'/><Cell N='LineWeight' V='0.001666666666666667' U='PT' F='GUARD(0.12PT)'/><Cell N='LineColor' V='0' F='GUARD(0)'/><Cell N='LinePattern' V='1' F='GUARD(1)'/><Cell N='Rounding' V='0' F='GUARD(0)'/><Cell N='BeginArrow' V='0' F='GUARD(0)'/><Cell N='EndArrow' V='0' F='GUARD(0)'/><Cell N='FillForegnd' V='1' F='GUARD(1)'/><Cell N='FillBkgnd' V='2' F='GUARD(2)'/><Cell N='FillPattern' V='36' F='GUARD(36)'/><Cell N='ShdwPattern' V='0' F='GUARD(0)'/><Cell N='Copyright' V='Copyright (c) 2012 Microsoft Corporation.  All rights reserved.'/><Cell N='LayerMember' V='' F='No Formula'/><Cell N='FillGradientDir' V='7' F='GUARD(7)'/><Cell N='FillGradientEnabled' V='1' F='GUARD(TRUE)'/><Cell N='UseGroupGradient' V='0' F='GUARD(FALSE)'/><Cell N='QuickStyleVariation' V='6'/><Section N='Character'><Row IX='0'><Cell N='ComplexScriptSize' V='-1'/></Row></Section><Section N='FillGradient'><Row IX='0'><Cell N='GradientStopColor' V='1' F='GUARD(1)'/></Row><Row IX='1'><Cell N='GradientStopColor' V='2' F='GUARD(2)'/></Row></Section><Section N='Geometry' IX='0'><Cell N='NoFill' V='0'/><Cell N='NoLine' V='0'/><Cell N='NoShow' V='0'/><Cell N='NoSnap' V='0'/><Cell N='NoQuickDrag' V='0' F='No Formula'/><Row T='Ellipse' IX='1'><Cell N='X' V='0.004032504521421135' U='IN' F='Width*0.5'/><Cell N='Y' V='0.006364037180435998' U='IN' F='Height*0.5'/><Cell N='A' V='0.008065009042842269' U='IN' F='Width*1'/><Cell N='B' V='0.006364037180435998' U='IN' F='Height*0.5'/><Cell N='C' V='0.004032504521421135' U='IN' F='Width*0.5'/><Cell N='D' V='0.012728074360872' U='IN' F='Height*1'/></Row></Section></Shape><Shape ID='17' Type='Shape' LineStyle='26' FillStyle='26' TextStyle='26'><Cell N='PinX' V='0.1312625561689308' U='IN' F='Sheet.8!Width*0.59561186038939'/><Cell N='PinY' V='0.08658615574957532' U='IN' F='Sheet.8!Height*0.53486882531382'/><Cell N='Width' V='0.008065009042842269' U='IN' F='Sheet.8!Width*0.02777728505726+Sheet.8!Height*0.012004818257013'/><Cell N='Height' V='0.012728074360872' U='IN' F='Sheet.8!Width*0.014973366666807+Sheet.8!Height*0.05824085782469'/><Cell N='LocPinX' V='0.004032504521421135' U='IN' F='Width*0.5'/><Cell N='LocPinY' V='0.006364037180435998' U='IN' F='Height*0.5'/><Cell N='Angle' V='0.5235987755983'/><Cell N='FlipX' V='0'/><Cell N='FlipY' V='0'/><Cell N='ResizeMode' V='0'/><Cell N='LineWeight' V='0.001666666666666667' U='PT' F='GUARD(0.12PT)'/><Cell N='LineColor' V='0' F='GUARD(0)'/><Cell N='LinePattern' V='1' F='GUARD(1)'/><Cell N='Rounding' V='0' F='GUARD(0)'/><Cell N='BeginArrow' V='0' F='GUARD(0)'/><Cell N='EndArrow' V='0' F='GUARD(0)'/><Cell N='FillForegnd' V='1' F='GUARD(1)'/><Cell N='FillBkgnd' V='3' F='GUARD(3)'/><Cell N='FillPattern' V='36' F='GUARD(36)'/><Cell N='ShdwPattern' V='0' F='GUARD(0)'/><Cell N='Copyright' V='Copyright (c) 2012 Microsoft Corporation.  All rights reserved.'/><Cell N='LayerMember' V='' F='No Formula'/><Cell N='FillGradientDir' V='7' F='GUARD(7)'/><Cell N='FillGradientEnabled' V='1' F='GUARD(TRUE)'/><Cell N='UseGroupGradient' V='0' F='GUARD(FALSE)'/><Cell N='QuickStyleVariation' V='6'/><Section N='Character'><Row IX='0'><Cell N='ComplexScriptSize' V='-1'/></Row></Section><Section N='FillGradient'><Row IX='0'><Cell N='GradientStopColor' V='1' F='GUARD(1)'/></Row><Row IX='1'><Cell N='GradientStopColor' V='3' F='GUARD(3)'/></Row></Section><Section N='Geometry' IX='0'><Cell N='NoFill' V='0'/><Cell N='NoLine' V='0'/><Cell N='NoShow' V='0'/><Cell N='NoSnap' V='0'/><Cell N='NoQuickDrag' V='0' F='No Formula'/><Row T='Ellipse' IX='1'><Cell N='X' V='0.004032504521421135' U='IN' F='Width*0.5'/><Cell N='Y' V='0.006364037180435998' U='IN' F='Height*0.5'/><Cell N='A' V='0.008065009042842269' U='IN' F='Width*1'/><Cell N='B' V='0.006364037180435998' U='IN' F='Height*0.5'/><Cell N='C' V='0.004032504521421135' U='IN' F='Width*0.5'/><Cell N='D' V='0.012728074360872' U='IN' F='Height*1'/></Row></Section></Shape><Shape ID='18' Type='Shape' LineStyle='26' FillStyle='26' TextStyle='26'><Cell N='PinX' V='0.08912015428132114' U='IN' F='Sheet.8!Width*0.40438813961061'/><Cell N='PinY' V='0.109758467248725' U='IN' F='Sheet.8!Height*0.67801118940263'/><Cell N='Width' V='0.008065009042842269' U='IN' F='Sheet.8!Width*0.02777728505726+Sheet.8!Height*0.012004818257013'/><Cell N='Height' V='0.012728074360872' U='IN' F='Sheet.8!Width*0.014973366666807+Sheet.8!Height*0.05824085782469'/><Cell N='LocPinX' V='0.004032504521421135' U='IN' F='Width*0.5'/><Cell N='LocPinY' V='0.006364037180435998' U='IN' F='Height*0.5'/><Cell N='Angle' V='0.5235987755983'/><Cell N='FlipX' V='0'/><Cell N='FlipY' V='0'/><Cell N='ResizeMode' V='0'/><Cell N='LineWeight' V='0.001666666666666667' U='PT' F='GUARD(0.12PT)'/><Cell N='LineColor' V='0' F='GUARD(0)'/><Cell N='LinePattern' V='1' F='GUARD(1)'/><Cell N='Rounding' V='0' F='GUARD(0)'/><Cell N='BeginArrow' V='0' F='GUARD(0)'/><Cell N='EndArrow' V='0' F='GUARD(0)'/><Cell N='FillForegnd' V='1' F='GUARD(1)'/><Cell N='FillBkgnd' V='3' F='GUARD(3)'/><Cell N='FillPattern' V='36' F='GUARD(36)'/><Cell N='ShdwPattern' V='0' F='GUARD(0)'/><Cell N='Copyright' V='Copyright (c) 2012 Microsoft Corporation.  All rights reserved.'/><Cell N='LayerMember' V='' F='No Formula'/><Cell N='FillGradientDir' V='7' F='GUARD(7)'/><Cell N='FillGradientEnabled' V='1' F='GUARD(TRUE)'/><Cell N='UseGroupGradient' V='0' F='GUARD(FALSE)'/><Cell N='QuickStyleVariation' V='6'/><Section N='Character'><Row IX='0'><Cell N='ComplexScriptSize' V='-1'/></Row></Section><Section N='FillGradient'><Row IX='0'><Cell N='GradientStopColor' V='1' F='GUARD(1)'/></Row><Row IX='1'><Cell N='GradientStopColor' V='3' F='GUARD(3)'/></Row></Section><Section N='Geometry' IX='0'><Cell N='NoFill' V='0'/><Cell N='NoLine' V='0'/><Cell N='NoShow' V='0'/><Cell N='NoSnap' V='0'/><Cell N='NoQuickDrag' V='0' F='No Formula'/><Row T='Ellipse' IX='1'><Cell N='X' V='0.004032504521421135' U='IN' F='Width*0.5'/><Cell N='Y' V='0.006364037180435998' U='IN' F='Height*0.5'/><Cell N='A' V='0.008065009042842269' U='IN' F='Width*1'/><Cell N='B' V='0.006364037180435998' U='IN' F='Height*0.5'/><Cell N='C' V='0.004032504521421135' U='IN' F='Width*0.5'/><Cell N='D' V='0.012728074360872' U='IN' F='Height*1'/></Row></Section></Shape><Shape ID='19' Type='Shape' LineStyle='26' FillStyle='26' TextStyle='26'><Cell N='PinX' V='0.04697775239371364' U='IN' F='Sheet.8!Width*0.21316441883184'/><Cell N='PinY' V='0.1329307787478747' U='IN' F='Sheet.8!Height*0.82115355349144'/><Cell N='Width' V='0.008065009042842269' U='IN' F='Sheet.8!Width*0.02777728505726+Sheet.8!Height*0.012004818257013'/><Cell N='Height' V='0.012728074360872' U='IN' F='Sheet.8!Width*0.014973366666807+Sheet.8!Height*0.05824085782469'/><Cell N='LocPinX' V='0.004032504521421135' U='IN' F='Width*0.5'/><Cell N='LocPinY' V='0.006364037180435998' U='IN' F='Height*0.5'/><Cell N='Angle' V='0.5235987755983'/><Cell N='FlipX' V='0'/><Cell N='FlipY' V='0'/><Cell N='ResizeMode' V='0'/><Cell N='LineWeight' V='0.001666666666666667' U='PT' F='GUARD(0.12PT)'/><Cell N='LineColor' V='0' F='GUARD(0)'/><Cell N='LinePattern' V='1' F='GUARD(1)'/><Cell N='Rounding' V='0' F='GUARD(0)'/><Cell N='BeginArrow' V='0' F='GUARD(0)'/><Cell N='EndArrow' V='0' F='GUARD(0)'/><Cell N='FillForegnd' V='1' F='GUARD(1)'/><Cell N='FillBkgnd' V='2' F='GUARD(2)'/><Cell N='FillPattern' V='36' F='GUARD(36)'/><Cell N='ShdwPattern' V='0' F='GUARD(0)'/><Cell N='Copyright' V='Copyright (c) 2012 Microsoft Corporation.  All rights reserved.'/><Cell N='LayerMember' V='' F='No Formula'/><Cell N='FillGradientDir' V='7' F='GUARD(7)'/><Cell N='FillGradientEnabled' V='1' F='GUARD(TRUE)'/><Cell N='UseGroupGradient' V='0' F='GUARD(FALSE)'/><Cell N='QuickStyleVariation' V='6'/><Section N='Character'><Row IX='0'><Cell N='ComplexScriptSize' V='-1'/></Row></Section><Section N='FillGradient'><Row IX='0'><Cell N='GradientStopColor' V='1' F='GUARD(1)'/></Row><Row IX='1'><Cell N='GradientStopColor' V='2' F='GUARD(2)'/></Row></Section><Section N='Geometry' IX='0'><Cell N='NoFill' V='0'/><Cell N='NoLine' V='0'/><Cell N='NoShow' V='0'/><Cell N='NoSnap' V='0'/><Cell N='NoQuickDrag' V='0' F='No Formula'/><Row T='Ellipse' IX='1'><Cell N='X' V='0.004032504521421135' U='IN' F='Width*0.5'/><Cell N='Y' V='0.006364037180435998' U='IN' F='Height*0.5'/><Cell N='A' V='0.008065009042842269' U='IN' F='Width*1'/><Cell N='B' V='0.006364037180435998' U='IN' F='Height*0.5'/><Cell N='C' V='0.004032504521421135' U='IN' F='Width*0.5'/><Cell N='D' V='0.012728074360872' U='IN' F='Height*1'/></Row></Section></Shape><Shape ID='21' Type='Shape' LineStyle='26' FillStyle='26' TextStyle='26'><Cell N='PinX' V='0.004835350506106574' U='IN' F='Sheet.8!Width*0.021940698053072'/><Cell N='PinY' V='0.156103090247026' U='IN' F='Sheet.8!Height*0.96429591758026'/><Cell N='Width' V='0.008065009042842269' U='IN' F='Sheet.8!Width*0.02777728505726+Sheet.8!Height*0.012004818257013'/><Cell N='Height' V='0.012728074360872' U='IN' F='Sheet.8!Width*0.014973366666807+Sheet.8!Height*0.05824085782469'/><Cell N='LocPinX' V='0.004032504521421135' U='IN' F='Width*0.5'/><Cell N='LocPinY' V='0.006364037180435998' U='IN' F='Height*0.5'/><Cell N='Angle' V='0.5235987755983'/><Cell N='FlipX' V='0'/><Cell N='FlipY' V='0'/><Cell N='ResizeMode' V='0'/><Cell N='LineWeight' V='0.001666666666666667' U='PT' F='GUARD(0.12PT)'/><Cell N='LineColor' V='0' F='GUARD(0)'/><Cell N='LinePattern' V='1' F='GUARD(1)'/><Cell N='Rounding' V='0' F='GUARD(0)'/><Cell N='BeginArrow' V='0' F='GUARD(0)'/><Cell N='EndArrow' V='0' F='GUARD(0)'/><Cell N='FillForegnd' V='1' F='GUARD(1)'/><Cell N='FillBkgnd' V='2' F='GUARD(2)'/><Cell N='FillPattern' V='36' F='GUARD(36)'/><Cell N='ShdwPattern' V='0' F='GUARD(0)'/><Cell N='Copyright' V='Copyright (c) 2012 Microsoft Corporation.  All rights reserved.'/><Cell N='LayerMember' V='' F='No Formula'/><Cell N='FillGradientDir' V='7' F='GUARD(7)'/><Cell N='FillGradientEnabled' V='1' F='GUARD(TRUE)'/><Cell N='UseGroupGradient' V='0' F='GUARD(FALSE)'/><Cell N='QuickStyleVariation' V='6'/><Section N='Character'><Row IX='0'><Cell N='ComplexScriptSize' V='-1'/></Row></Section><Section N='FillGradient'><Row IX='0'><Cell N='GradientStopColor' V='1' F='GUARD(1)'/></Row><Row IX='1'><Cell N='GradientStopColor' V='2' F='GUARD(2)'/></Row></Section><Section N='Geometry' IX='0'><Cell N='NoFill' V='0'/><Cell N='NoLine' V='0'/><Cell N='NoShow' V='0'/><Cell N='NoSnap' V='0'/><Cell N='NoQuickDrag' V='0' F='No Formula'/><Row T='Ellipse' IX='1'><Cell N='X' V='0.004032504521421135' U='IN' F='Width*0.5'/><Cell N='Y' V='0.006364037180435998' U='IN' F='Height*0.5'/><Cell N='A' V='0.008065009042842269' U='IN' F='Width*1'/><Cell N='B' V='0.006364037180435998' U='IN' F='Height*0.5'/><Cell N='C' V='0.004032504521421135' U='IN' F='Width*0.5'/><Cell N='D' V='0.012728074360872' U='IN' F='Height*1'/></Row></Section></Shape><Shape ID='22' Type='Shape' LineStyle='26' FillStyle='26' TextStyle='26'><Cell N='PinX' V='0.2155473599441459' U='IN' F='Sheet.8!Width*0.97805930194693'/><Cell N='PinY' V='0.005779883019874451' U='IN' F='Sheet.8!Height*0.035704082419743'/><Cell N='Width' V='0.008065009042842269' U='IN' F='Sheet.8!Width*0.02777728505726+Sheet.8!Height*0.012004818257013'/><Cell N='Height' V='0.012728074360872' U='IN' F='Sheet.8!Width*0.014973366666807+Sheet.8!Height*0.05824085782469'/><Cell N='LocPinX' V='0.004032504521421135' U='IN' F='Width*0.5'/><Cell N='LocPinY' V='0.006364037180435998' U='IN' F='Height*0.5'/><Cell N='Angle' V='0.5235987755983'/><Cell N='FlipX' V='0'/><Cell N='FlipY' V='0'/><Cell N='ResizeMode' V='0'/><Cell N='LineWeight' V='0.001666666666666667' U='PT' F='GUARD(0.12PT)'/><Cell N='LineColor' V='0' F='GUARD(0)'/><Cell N='LinePattern' V='1' F='GUARD(1)'/><Cell N='Rounding' V='0' F='GUARD(0)'/><Cell N='BeginArrow' V='0' F='GUARD(0)'/><Cell N='EndArrow' V='0' F='GUARD(0)'/><Cell N='FillForegnd' V='1' F='GUARD(1)'/><Cell N='FillBkgnd' V='3' F='GUARD(3)'/><Cell N='FillPattern' V='36' F='GUARD(36)'/><Cell N='ShdwPattern' V='0' F='GUARD(0)'/><Cell N='Copyright' V='Copyright (c) 2012 Microsoft Corporation.  All rights reserved.'/><Cell N='LayerMember' V='' F='No Formula'/><Cell N='FillGradientDir' V='7' F='GUARD(7)'/><Cell N='FillGradientEnabled' V='1' F='GUARD(TRUE)'/><Cell N='UseGroupGradient' V='0' F='GUARD(FALSE)'/><Cell N='QuickStyleVariation' V='6'/><Section N='Character'><Row IX='0'><Cell N='ComplexScriptSize' V='-1'/></Row></Section><Section N='FillGradient'><Row IX='0'><Cell N='GradientStopColor' V='1' F='GUARD(1)'/></Row><Row IX='1'><Cell N='GradientStopColor' V='3' F='GUARD(3)'/></Row></Section><Section N='Geometry' IX='0'><Cell N='NoFill' V='0'/><Cell N='NoLine' V='0'/><Cell N='NoShow' V='0'/><Cell N='NoSnap' V='0'/><Cell N='NoQuickDrag' V='0' F='No Formula'/><Row T='Ellipse' IX='1'><Cell N='X' V='0.004032504521421135' U='IN' F='Width*0.5'/><Cell N='Y' V='0.006364037180435998' U='IN' F='Height*0.5'/><Cell N='A' V='0.008065009042842269' U='IN' F='Width*1'/><Cell N='B' V='0.006364037180435998' U='IN' F='Height*0.5'/><Cell N='C' V='0.004032504521421135' U='IN' F='Width*0.5'/><Cell N='D' V='0.012728074360872' U='IN' F='Height*1'/></Row></Section></Shape><Shape ID='24' Type='Shape' LineStyle='26' FillStyle='26' TextStyle='26'><Cell N='PinX' V='0.1734049580565384' U='IN' F='Sheet.8!Width*0.78683558116816'/><Cell N='PinY' V='0.02895219451902528' U='IN' F='Sheet.8!Height*0.17884644650856'/><Cell N='Width' V='0.008065009042842269' U='IN' F='Sheet.8!Width*0.02777728505726+Sheet.8!Height*0.012004818257013'/><Cell N='Height' V='0.012728074360872' U='IN' F='Sheet.8!Width*0.014973366666807+Sheet.8!Height*0.05824085782469'/><Cell N='LocPinX' V='0.004032504521421135' U='IN' F='Width*0.5'/><Cell N='LocPinY' V='0.006364037180435998' U='IN' F='Height*0.5'/><Cell N='Angle' V='0.5235987755983'/><Cell N='FlipX' V='0'/><Cell N='FlipY' V='0'/><Cell N='ResizeMode' V='0'/><Cell N='LineWeight' V='0.001666666666666667' U='PT' F='GUARD(0.12PT)'/><Cell N='LineColor' V='0' F='GUARD(0)'/><Cell N='LinePattern' V='1' F='GUARD(1)'/><Cell N='Rounding' V='0' F='GUARD(0)'/><Cell N='BeginArrow' V='0' F='GUARD(0)'/><Cell N='EndArrow' V='0' F='GUARD(0)'/><Cell N='FillForegnd' V='1' F='GUARD(1)'/><Cell N='FillBkgnd' V='2' F='GUARD(2)'/><Cell N='FillPattern' V='36' F='GUARD(36)'/><Cell N='ShdwPattern' V='0' F='GUARD(0)'/><Cell N='Copyright' V='Copyright (c) 2012 Microsoft Corporation.  All rights reserved.'/><Cell N='LayerMember' V='' F='No Formula'/><Cell N='FillGradientDir' V='7' F='GUARD(7)'/><Cell N='FillGradientEnabled' V='1' F='GUARD(TRUE)'/><Cell N='UseGroupGradient' V='0' F='GUARD(FALSE)'/><Cell N='QuickStyleVariation' V='6'/><Section N='Character'><Row IX='0'><Cell N='ComplexScriptSize' V='-1'/></Row></Section><Section N='FillGradient'><Row IX='0'><Cell N='GradientStopColor' V='1' F='GUARD(1)'/></Row><Row IX='1'><Cell N='GradientStopColor' V='2' F='GUARD(2)'/></Row></Section><Section N='Geometry' IX='0'><Cell N='NoFill' V='0'/><Cell N='NoLine' V='0'/><Cell N='NoShow' V='0'/><Cell N='NoSnap' V='0'/><Cell N='NoQuickDrag' V='0' F='No Formula'/><Row T='Ellipse' IX='1'><Cell N='X' V='0.004032504521421135' U='IN' F='Width*0.5'/><Cell N='Y' V='0.006364037180435998' U='IN' F='Height*0.5'/><Cell N='A' V='0.008065009042842269' U='IN' F='Width*1'/><Cell N='B' V='0.006364037180435998' U='IN' F='Height*0.5'/><Cell N='C' V='0.004032504521421135' U='IN' F='Width*0.5'/><Cell N='D' V='0.012728074360872' U='IN' F='Height*1'/></Row></Section></Shape><Shape ID='25' Type='Shape' LineStyle='26' FillStyle='26' TextStyle='26'><Cell N='PinX' V='0.1312625561689308' U='IN' F='Sheet.8!Width*0.59561186038939'/><Cell N='PinY' V='0.05212450601817497' U='IN' F='Sheet.8!Height*0.32198881059737'/><Cell N='Width' V='0.008065009042842269' U='IN' F='Sheet.8!Width*0.02777728505726+Sheet.8!Height*0.012004818257013'/><Cell N='Height' V='0.012728074360872' U='IN' F='Sheet.8!Width*0.014973366666807+Sheet.8!Height*0.05824085782469'/><Cell N='LocPinX' V='0.004032504521421135' U='IN' F='Width*0.5'/><Cell N='LocPinY' V='0.006364037180435998' U='IN' F='Height*0.5'/><Cell N='Angle' V='0.5235987755983'/><Cell N='FlipX' V='0'/><Cell N='FlipY' V='0'/><Cell N='ResizeMode' V='0'/><Cell N='LineWeight' V='0.001666666666666667' U='PT' F='GUARD(0.12PT)'/><Cell N='LineColor' V='0' F='GUARD(0)'/><Cell N='LinePattern' V='1' F='GUARD(1)'/><Cell N='Rounding' V='0' F='GUARD(0)'/><Cell N='BeginArrow' V='0' F='GUARD(0)'/><Cell N='EndArrow' V='0' F='GUARD(0)'/><Cell N='FillForegnd' V='1' F='GUARD(1)'/><Cell N='FillBkgnd' V='3' F='GUARD(3)'/><Cell N='FillPattern' V='36' F='GUARD(36)'/><Cell N='ShdwPattern' V='0' F='GUARD(0)'/><Cell N='Copyright' V='Copyright (c) 2012 Microsoft Corporation.  All rights reserved.'/><Cell N='LayerMember' V='' F='No Formula'/><Cell N='FillGradientDir' V='7' F='GUARD(7)'/><Cell N='FillGradientEnabled' V='1' F='GUARD(TRUE)'/><Cell N='UseGroupGradient' V='0' F='GUARD(FALSE)'/><Cell N='QuickStyleVariation' V='6'/><Section N='Character'><Row IX='0'><Cell N='ComplexScriptSize' V='-1'/></Row></Section><Section N='FillGradient'><Row IX='0'><Cell N='GradientStopColor' V='1' F='GUARD(1)'/></Row><Row IX='1'><Cell N='GradientStopColor' V='3' F='GUARD(3)'/></Row></Section><Section N='Geometry' IX='0'><Cell N='NoFill' V='0'/><Cell N='NoLine' V='0'/><Cell N='NoShow' V='0'/><Cell N='NoSnap' V='0'/><Cell N='NoQuickDrag' V='0' F='No Formula'/><Row T='Ellipse' IX='1'><Cell N='X' V='0.004032504521421135' U='IN' F='Width*0.5'/><Cell N='Y' V='0.006364037180435998' U='IN' F='Height*0.5'/><Cell N='A' V='0.008065009042842269' U='IN' F='Width*1'/><Cell N='B' V='0.006364037180435998' U='IN' F='Height*0.5'/><Cell N='C' V='0.004032504521421135' U='IN' F='Width*0.5'/><Cell N='D' V='0.012728074360872' U='IN' F='Height*1'/></Row></Section></Shape><Shape ID='26' Type='Shape' LineStyle='26' FillStyle='26' TextStyle='26'><Cell N='PinX' V='0.08912015428132114' U='IN' F='Sheet.8!Width*0.40438813961061'/><Cell N='PinY' V='0.07529681751732466' U='IN' F='Sheet.8!Height*0.46513117468618'/><Cell N='Width' V='0.008065009042842269' U='IN' F='Sheet.8!Width*0.02777728505726+Sheet.8!Height*0.012004818257013'/><Cell N='Height' V='0.012728074360872' U='IN' F='Sheet.8!Width*0.014973366666807+Sheet.8!Height*0.05824085782469'/><Cell N='LocPinX' V='0.004032504521421135' U='IN' F='Width*0.5'/><Cell N='LocPinY' V='0.006364037180435998' U='IN' F='Height*0.5'/><Cell N='Angle' V='0.5235987755983'/><Cell N='FlipX' V='0'/><Cell N='FlipY' V='0'/><Cell N='ResizeMode' V='0'/><Cell N='LineWeight' V='0.001666666666666667' U='PT' F='GUARD(0.12PT)'/><Cell N='LineColor' V='0' F='GUARD(0)'/><Cell N='LinePattern' V='1' F='GUARD(1)'/><Cell N='Rounding' V='0' F='GUARD(0)'/><Cell N='BeginArrow' V='0' F='GUARD(0)'/><Cell N='EndArrow' V='0' F='GUARD(0)'/><Cell N='FillForegnd' V='1' F='GUARD(1)'/><Cell N='FillBkgnd' V='3' F='GUARD(3)'/><Cell N='FillPattern' V='36' F='GUARD(36)'/><Cell N='ShdwPattern' V='0' F='GUARD(0)'/><Cell N='Copyright' V='Copyright (c) 2012 Microsoft Corporation.  All rights reserved.'/><Cell N='LayerMember' V='' F='No Formula'/><Cell N='FillGradientDir' V='7' F='GUARD(7)'/><Cell N='FillGradientEnabled' V='1' F='GUARD(TRUE)'/><Cell N='UseGroupGradient' V='0' F='GUARD(FALSE)'/><Cell N='QuickStyleVariation' V='6'/><Section N='Character'><Row IX='0'><Cell N='ComplexScriptSize' V='-1'/></Row></Section><Section N='FillGradient'><Row IX='0'><Cell N='GradientStopColor' V='1' F='GUARD(1)'/></Row><Row IX='1'><Cell N='GradientStopColor' V='3' F='GUARD(3)'/></Row></Section><Section N='Geometry' IX='0'><Cell N='NoFill' V='0'/><Cell N='NoLine' V='0'/><Cell N='NoShow' V='0'/><Cell N='NoSnap' V='0'/><Cell N='NoQuickDrag' V='0' F='No Formula'/><Row T='Ellipse' IX='1'><Cell N='X' V='0.004032504521421135' U='IN' F='Width*0.5'/><Cell N='Y' V='0.006364037180435998' U='IN' F='Height*0.5'/><Cell N='A' V='0.008065009042842269' U='IN' F='Width*1'/><Cell N='B' V='0.006364037180435998' U='IN' F='Height*0.5'/><Cell N='C' V='0.004032504521421135' U='IN' F='Width*0.5'/><Cell N='D' V='0.012728074360872' U='IN' F='Height*1'/></Row></Section></Shape><Shape ID='27' Type='Shape' LineStyle='26' FillStyle='26' TextStyle='26'><Cell N='PinX' V='0.04697775239371364' U='IN' F='Sheet.8!Width*0.21316441883184'/><Cell N='PinY' V='0.09846912901647437' U='IN' F='Sheet.8!Height*0.60827353877499'/><Cell N='Width' V='0.008065009042842269' U='IN' F='Sheet.8!Width*0.02777728505726+Sheet.8!Height*0.012004818257013'/><Cell N='Height' V='0.012728074360872' U='IN' F='Sheet.8!Width*0.014973366666807+Sheet.8!Height*0.05824085782469'/><Cell N='LocPinX' V='0.004032504521421135' U='IN' F='Width*0.5'/><Cell N='LocPinY' V='0.006364037180435998' U='IN' F='Height*0.5'/><Cell N='Angle' V='0.5235987755983'/><Cell N='FlipX' V='0'/><Cell N='FlipY' V='0'/><Cell N='ResizeMode' V='0'/><Cell N='LineWeight' V='0.001666666666666667' U='PT' F='GUARD(0.12PT)'/><Cell N='LineColor' V='0' F='GUARD(0)'/><Cell N='LinePattern' V='1' F='GUARD(1)'/><Cell N='Rounding' V='0' F='GUARD(0)'/><Cell N='BeginArrow' V='0' F='GUARD(0)'/><Cell N='EndArrow' V='0' F='GUARD(0)'/><Cell N='FillForegnd' V='1' F='GUARD(1)'/><Cell N='FillBkgnd' V='2' F='GUARD(2)'/><Cell N='FillPattern' V='36' F='GUARD(36)'/><Cell N='ShdwPattern' V='0' F='GUARD(0)'/><Cell N='Copyright' V='Copyright (c) 2012 Microsoft Corporation.  All rights reserved.'/><Cell N='LayerMember' V='' F='No Formula'/><Cell N='FillGradientDir' V='7' F='GUARD(7)'/><Cell N='FillGradientEnabled' V='1' F='GUARD(TRUE)'/><Cell N='UseGroupGradient' V='0' F='GUARD(FALSE)'/><Cell N='QuickStyleVariation' V='6'/><Section N='Character'><Row IX='0'><Cell N='ComplexScriptSize' V='-1'/></Row></Section><Section N='FillGradient'><Row IX='0'><Cell N='GradientStopColor' V='1' F='GUARD(1)'/></Row><Row IX='1'><Cell N='GradientStopColor' V='2' F='GUARD(2)'/></Row></Section><Section N='Geometry' IX='0'><Cell N='NoFill' V='0'/><Cell N='NoLine' V='0'/><Cell N='NoShow' V='0'/><Cell N='NoSnap' V='0'/><Cell N='NoQuickDrag' V='0' F='No Formula'/><Row T='Ellipse' IX='1'><Cell N='X' V='0.004032504521421135' U='IN' F='Width*0.5'/><Cell N='Y' V='0.006364037180435998' U='IN' F='Height*0.5'/><Cell N='A' V='0.008065009042842269' U='IN' F='Width*1'/><Cell N='B' V='0.006364037180435998' U='IN' F='Height*0.5'/><Cell N='C' V='0.004032504521421135' U='IN' F='Width*0.5'/><Cell N='D' V='0.012728074360872' U='IN' F='Height*1'/></Row></Section></Shape><Shape ID='28' Type='Shape' LineStyle='26' FillStyle='26' TextStyle='26'><Cell N='PinX' V='0.004835350506106574' U='IN' F='Sheet.8!Width*0.021940698053072'/><Cell N='PinY' V='0.1216414405156241' U='IN' F='Sheet.8!Height*0.7514159028638'/><Cell N='Width' V='0.008065009042842269' U='IN' F='Sheet.8!Width*0.02777728505726+Sheet.8!Height*0.012004818257013'/><Cell N='Height' V='0.012728074360872' U='IN' F='Sheet.8!Width*0.014973366666807+Sheet.8!Height*0.05824085782469'/><Cell N='LocPinX' V='0.004032504521421135' U='IN' F='Width*0.5'/><Cell N='LocPinY' V='0.006364037180435998' U='IN' F='Height*0.5'/><Cell N='Angle' V='0.5235987755983'/><Cell N='FlipX' V='0'/><Cell N='FlipY' V='0'/><Cell N='ResizeMode' V='0'/><Cell N='LineWeight' V='0.001666666666666667' U='PT' F='GUARD(0.12PT)'/><Cell N='LineColor' V='0' F='GUARD(0)'/><Cell N='LinePattern' V='1' F='GUARD(1)'/><Cell N='Rounding' V='0' F='GUARD(0)'/><Cell N='BeginArrow' V='0' F='GUARD(0)'/><Cell N='EndArrow' V='0' F='GUARD(0)'/><Cell N='FillForegnd' V='1' F='GUARD(1)'/><Cell N='FillBkgnd' V='2' F='GUARD(2)'/><Cell N='FillPattern' V='36' F='GUARD(36)'/><Cell N='ShdwPattern' V='0' F='GUARD(0)'/><Cell N='Copyright' V='Copyright (c) 2012 Microsoft Corporation.  All rights reserved.'/><Cell N='LayerMember' V='' F='No Formula'/><Cell N='FillGradientDir' V='7' F='GUARD(7)'/><Cell N='FillGradientEnabled' V='1' F='GUARD(TRUE)'/><Cell N='UseGroupGradient' V='0' F='GUARD(FALSE)'/><Cell N='QuickStyleVariation' V='6'/><Section N='Character'><Row IX='0'><Cell N='ComplexScriptSize' V='-1'/></Row></Section><Section N='FillGradient'><Row IX='0'><Cell N='GradientStopColor' V='1' F='GUARD(1)'/></Row><Row IX='1'><Cell N='GradientStopColor' V='2' F='GUARD(2)'/></Row></Section><Section N='Geometry' IX='0'><Cell N='NoFill' V='0'/><Cell N='NoLine' V='0'/><Cell N='NoShow' V='0'/><Cell N='NoSnap' V='0'/><Cell N='NoQuickDrag' V='0' F='No Formula'/><Row T='Ellipse' IX='1'><Cell N='X' V='0.004032504521421135' U='IN' F='Width*0.5'/><Cell N='Y' V='0.006364037180435998' U='IN' F='Height*0.5'/><Cell N='A' V='0.008065009042842269' U='IN' F='Width*1'/><Cell N='B' V='0.006364037180435998' U='IN' F='Height*0.5'/><Cell N='C' V='0.004032504521421135' U='IN' F='Width*0.5'/><Cell N='D' V='0.012728074360872' U='IN' F='Height*1'/></Row></Section></Shape></Shapes></Shape></Shapes></Shape></Shapes></MasterContents>