<?xml version='1.0' encoding='utf-8' ?>
<MasterContents xmlns='http://schemas.microsoft.com/office/visio/2012/main' xmlns:r='http://schemas.openxmlformats.org/officeDocument/2006/relationships' xml:space='preserve'><Shapes><Shape ID='5' Type='Group' LineStyle='3' FillStyle='3' TextStyle='3'><Cell N='PinX' V='1' U='IN'/><Cell N='PinY' V='1' U='IN'/><Cell N='Width' V='0.7' U='IN'/><Cell N='Height' V='1' U='IN'/><Cell N='LocPinX' V='0.35' U='IN' F='Width*0.5'/><Cell N='LocPinY' V='0.5' U='IN' F='Height*0.5'/><Cell N='Angle' V='0'/><Cell N='FlipX' V='0'/><Cell N='FlipY' V='0'/><Cell N='ResizeMode' V='0'/><Cell N='SelectMode' V='0'/><Cell N='ObjType' V='8'/><Cell N='Comment' V='&lt;no master&gt;' F='INDEX(0,INDEX(0,MASTERNAME(),":"),".")'/><Cell N='EventDblClick' V='0' F='OPENTEXTWIN()'/><Cell N='TxtPinX' V='0.35' U='IN' F='Controls.Row_1'/><Cell N='TxtPinY' V='-0.1555555555555556' F='Controls.Row_1.Y'/><Cell N='TxtWidth' V='0.1111111111111111' F='TEXTWIDTH(TheText)'/><Cell N='TxtHeight' V='0.3111111111111111' F='TEXTHEIGHT(TheText,TxtWidth)'/><Cell N='TxtLocPinX' V='0.05555555555555555' F='TxtWidth*0.5'/><Cell N='TxtLocPinY' V='0.1555555555555556' F='TxtHeight*0.5'/><Cell N='TxtAngle' V='0' F='IF(BITXOR(FlipX,FlipY),1,-1)*Angle'/><Cell N='HelpTopic' V='Vis_PRXY.chm!#55477'/><Cell N='Copyright' V='Copyright (c) 2006 Microsoft Corporation.  All rights reserved.'/><Cell N='LayerMember' V='' F='No Formula'/><Cell N='LockAspect' V='1'/><Cell N='QuickStyleVariation' V='6'/><Section N='Property'><Row N='Manufacturer'><Cell N='Value' V='0' F='No Formula'/><Cell N='Prompt' V='' F='No Formula'/><Cell N='Label' V='Manufacturer'/><Cell N='Format' V='' F='No Formula'/><Cell N='SortKey' V='Equipment'/><Cell N='Type' V='0'/><Cell N='Invisible' V='0'/><Cell N='Verify' V='0'/><Cell N='DataLinked' V='0' F='No Formula'/><Cell N='LangID' V='en-US'/><Cell N='Calendar' V='0' F='No Formula'/></Row><Row N='ProductNumber'><Cell N='Value' V='0' F='No Formula'/><Cell N='Prompt' V='' F='No Formula'/><Cell N='Label' V='Product Number'/><Cell N='Format' V='' F='No Formula'/><Cell N='SortKey' V='Equipment'/><Cell N='Type' V='0'/><Cell N='Invisible' V='0'/><Cell N='Verify' V='0'/><Cell N='DataLinked' V='0' F='No Formula'/><Cell N='LangID' V='en-US'/><Cell N='Calendar' V='0' F='No Formula'/></Row><Row N='PartNumber'><Cell N='Value' V='0' F='No Formula'/><Cell N='Prompt' V='' F='No Formula'/><Cell N='Label' V='Part Number'/><Cell N='Format' V='' F='No Formula'/><Cell N='SortKey' V='Equipment'/><Cell N='Type' V='0'/><Cell N='Invisible' V='0'/><Cell N='Verify' V='0'/><Cell N='DataLinked' V='0' F='No Formula'/><Cell N='LangID' V='en-US'/><Cell N='Calendar' V='0' F='No Formula'/></Row><Row N='ProductDescription'><Cell N='Value' V='0' F='No Formula'/><Cell N='Prompt' V='' F='No Formula'/><Cell N='Label' V='Product Description'/><Cell N='Format' V='' F='No Formula'/><Cell N='SortKey' V='Equipment'/><Cell N='Type' V='0'/><Cell N='Invisible' V='0'/><Cell N='Verify' V='0'/><Cell N='DataLinked' V='0' F='No Formula'/><Cell N='LangID' V='en-US'/><Cell N='Calendar' V='0' F='No Formula'/></Row><Row N='AssetNumber'><Cell N='Value' V='0' F='No Formula'/><Cell N='Prompt' V='' F='No Formula'/><Cell N='Label' V='Asset Number'/><Cell N='Format' V='' F='No Formula'/><Cell N='SortKey' V='Asset'/><Cell N='Type' V='0'/><Cell N='Invisible' V='0'/><Cell N='Verify' V='0'/><Cell N='DataLinked' V='0' F='No Formula'/><Cell N='LangID' V='en-US'/><Cell N='Calendar' V='0' F='No Formula'/></Row><Row N='SerialNumber'><Cell N='Value' V='0' F='No Formula'/><Cell N='Prompt' V='' F='No Formula'/><Cell N='Label' V='Serial Number'/><Cell N='Format' V='' F='No Formula'/><Cell N='SortKey' V='Asset'/><Cell N='Type' V='0'/><Cell N='Invisible' V='0'/><Cell N='Verify' V='0'/><Cell N='DataLinked' V='0' F='No Formula'/><Cell N='LangID' V='en-US'/><Cell N='Calendar' V='0' F='No Formula'/></Row><Row N='Location'><Cell N='Value' V='0' F='No Formula'/><Cell N='Prompt' V='' F='No Formula'/><Cell N='Label' V='Location'/><Cell N='Format' V='' F='No Formula'/><Cell N='SortKey' V='Asset'/><Cell N='Type' V='0'/><Cell N='Invisible' V='0'/><Cell N='Verify' V='0'/><Cell N='DataLinked' V='0' F='No Formula'/><Cell N='LangID' V='en-US'/><Cell N='Calendar' V='0' F='No Formula'/></Row><Row N='Building'><Cell N='Value' V='0' F='No Formula'/><Cell N='Prompt' V='' F='No Formula'/><Cell N='Label' V='Building'/><Cell N='Format' V='' F='No Formula'/><Cell N='SortKey' V='Asset'/><Cell N='Type' V='0'/><Cell N='Invisible' V='0'/><Cell N='Verify' V='0'/><Cell N='DataLinked' V='0' F='No Formula'/><Cell N='LangID' V='en-US'/><Cell N='Calendar' V='0' F='No Formula'/></Row><Row N='Room'><Cell N='Value' V='0' F='No Formula'/><Cell N='Prompt' V='' F='No Formula'/><Cell N='Label' V='Room'/><Cell N='Format' V='' F='No Formula'/><Cell N='SortKey' V='Asset'/><Cell N='Type' V='0'/><Cell N='Invisible' V='0'/><Cell N='Verify' V='0'/><Cell N='DataLinked' V='0' F='No Formula'/><Cell N='LangID' V='en-US'/><Cell N='Calendar' V='0' F='No Formula'/></Row><Row N='Department'><Cell N='Value' V='0' F='No Formula'/><Cell N='Prompt' V='' F='No Formula'/><Cell N='Label' V='Department'/><Cell N='Format' V='' F='No Formula'/><Cell N='SortKey' V='' F='No Formula'/><Cell N='Type' V='0'/><Cell N='Invisible' V='0'/><Cell N='Verify' V='0'/><Cell N='DataLinked' V='0' F='No Formula'/><Cell N='LangID' V='en-US'/><Cell N='Calendar' V='0' F='No Formula'/></Row><Row N='NetworkName'><Cell N='Value' V='0' F='No Formula'/><Cell N='Prompt' V='' F='No Formula'/><Cell N='Label' V='Network Name'/><Cell N='Format' V='' F='No Formula'/><Cell N='SortKey' V='Network'/><Cell N='Type' V='0'/><Cell N='Invisible' V='0'/><Cell N='Verify' V='0'/><Cell N='DataLinked' V='0' F='No Formula'/><Cell N='LangID' V='en-US'/><Cell N='Calendar' V='0' F='No Formula'/></Row><Row N='IPAddress'><Cell N='Value' V='0' F='No Formula'/><Cell N='Prompt' V='' F='No Formula'/><Cell N='Label' V='IP Address'/><Cell N='Format' V='' F='No Formula'/><Cell N='SortKey' V='Network'/><Cell N='Type' V='0'/><Cell N='Invisible' V='0'/><Cell N='Verify' V='0'/><Cell N='DataLinked' V='0' F='No Formula'/><Cell N='LangID' V='en-US'/><Cell N='Calendar' V='0' F='No Formula'/></Row><Row N='SubnetMask'><Cell N='Value' V='0' F='No Formula'/><Cell N='Prompt' V='' F='No Formula'/><Cell N='Label' V='Subnet Mask'/><Cell N='Format' V='' F='No Formula'/><Cell N='SortKey' V='Network'/><Cell N='Type' V='0'/><Cell N='Invisible' V='0'/><Cell N='Verify' V='0'/><Cell N='DataLinked' V='0' F='No Formula'/><Cell N='LangID' V='en-US'/><Cell N='Calendar' V='0' F='No Formula'/></Row><Row N='AdminInterface'><Cell N='Value' V='0' F='No Formula'/><Cell N='Prompt' V='' F='No Formula'/><Cell N='Label' V='Administrative Interface'/><Cell N='Format' V='' F='No Formula'/><Cell N='SortKey' V='Network'/><Cell N='Type' V='0'/><Cell N='Invisible' V='0'/><Cell N='Verify' V='0'/><Cell N='DataLinked' V='0' F='No Formula'/><Cell N='LangID' V='en-US'/><Cell N='Calendar' V='0' F='No Formula'/></Row><Row N='NumberOfPorts'><Cell N='Value' V='0' F='No Formula'/><Cell N='Prompt' V='' F='No Formula'/><Cell N='Label' V='Number of Ports'/><Cell N='Format' V='' F='No Formula'/><Cell N='SortKey' V='Network'/><Cell N='Type' V='0'/><Cell N='Invisible' V='0'/><Cell N='Verify' V='0'/><Cell N='DataLinked' V='0' F='No Formula'/><Cell N='LangID' V='en-US'/><Cell N='Calendar' V='0' F='No Formula'/></Row><Row N='CommunityString'><Cell N='Value' V='0' F='No Formula'/><Cell N='Prompt' V='' F='No Formula'/><Cell N='Label' V='Community String'/><Cell N='Format' V='' F='No Formula'/><Cell N='SortKey' V='Network'/><Cell N='Type' V='0'/><Cell N='Invisible' V='0'/><Cell N='Verify' V='0'/><Cell N='DataLinked' V='0' F='No Formula'/><Cell N='LangID' V='en-US'/><Cell N='Calendar' V='0' F='No Formula'/></Row><Row N='NetworkDescription'><Cell N='Value' V='0' F='No Formula'/><Cell N='Prompt' V='' F='No Formula'/><Cell N='Label' V='Network Description'/><Cell N='Format' V='' F='No Formula'/><Cell N='SortKey' V='Network'/><Cell N='Type' V='0'/><Cell N='Invisible' V='0'/><Cell N='Verify' V='0'/><Cell N='DataLinked' V='0' F='No Formula'/><Cell N='LangID' V='en-US'/><Cell N='Calendar' V='0' F='No Formula'/></Row><Row N='CPU'><Cell N='Value' V='0' F='No Formula'/><Cell N='Prompt' V='' F='No Formula'/><Cell N='Label' V='CPU'/><Cell N='Format' V='' F='No Formula'/><Cell N='SortKey' V='Workstation'/><Cell N='Type' V='0'/><Cell N='Invisible' V='0'/><Cell N='Verify' V='0'/><Cell N='DataLinked' V='0' F='No Formula'/><Cell N='LangID' V='en-US'/><Cell N='Calendar' V='0' F='No Formula'/></Row><Row N='Memory'><Cell N='Value' V='0' F='No Formula'/><Cell N='Prompt' V='' F='No Formula'/><Cell N='Label' V='Memory'/><Cell N='Format' V='' F='No Formula'/><Cell N='SortKey' V='Workstation'/><Cell N='Type' V='0'/><Cell N='Invisible' V='0'/><Cell N='Verify' V='0'/><Cell N='DataLinked' V='0' F='No Formula'/><Cell N='LangID' V='en-US'/><Cell N='Calendar' V='0' F='No Formula'/></Row><Row N='OperatingSystem'><Cell N='Value' V='0' F='No Formula'/><Cell N='Prompt' V='' F='No Formula'/><Cell N='Label' V='Operating System'/><Cell N='Format' V='' F='No Formula'/><Cell N='SortKey' V='Workstation'/><Cell N='Type' V='0'/><Cell N='Invisible' V='0'/><Cell N='Verify' V='0'/><Cell N='DataLinked' V='0' F='No Formula'/><Cell N='LangID' V='en-US'/><Cell N='Calendar' V='0' F='No Formula'/></Row><Row N='BelongsTo'><Cell N='Value' V='0' F='No Formula'/><Cell N='Prompt' V='' F='No Formula'/><Cell N='Label' V='Belongs To'/><Cell N='Format' V='' F='No Formula'/><Cell N='SortKey' V='' F='No Formula'/><Cell N='Type' V='0'/><Cell N='Invisible' V='1'/><Cell N='Verify' V='0'/><Cell N='DataLinked' V='0' F='No Formula'/><Cell N='LangID' V='en-US'/><Cell N='Calendar' V='0' F='No Formula'/></Row><Row N='ShapeClass'><Cell N='Value' V='Equipment' U='STR'/><Cell N='Prompt' V='' F='No Formula'/><Cell N='Label' V='ShapeClass'/><Cell N='Format' V='' F='No Formula'/><Cell N='SortKey' V='' F='No Formula'/><Cell N='Type' V='0'/><Cell N='Invisible' V='1'/><Cell N='Verify' V='0'/><Cell N='DataLinked' V='0' F='No Formula'/><Cell N='LangID' V='en-US'/><Cell N='Calendar' V='0' F='No Formula'/></Row><Row N='ShapeType'><Cell N='Value' V='Server' U='STR'/><Cell N='Prompt' V='' F='No Formula'/><Cell N='Label' V='ShapeType'/><Cell N='Format' V='' F='No Formula'/><Cell N='SortKey' V='' F='No Formula'/><Cell N='Type' V='0'/><Cell N='Invisible' V='1'/><Cell N='Verify' V='0'/><Cell N='DataLinked' V='0' F='No Formula'/><Cell N='LangID' V='en-US'/><Cell N='Calendar' V='0' F='No Formula'/></Row><Row N='MACAddress'><Cell N='Value' V='0' F='No Formula'/><Cell N='Prompt' V='' F='No Formula'/><Cell N='Label' V='MAC Address'/><Cell N='Format' V='' F='No Formula'/><Cell N='SortKey' V='Network'/><Cell N='Type' V='0'/><Cell N='Invisible' V='0'/><Cell N='Verify' V='0'/><Cell N='DataLinked' V='0' F='No Formula'/><Cell N='LangID' V='en-US'/><Cell N='Calendar' V='0' F='No Formula'/></Row><Row N='HardDriveSize'><Cell N='Value' V='0' F='No Formula'/><Cell N='Prompt' V='' F='No Formula'/><Cell N='Label' V='Hard Drive Capacity'/><Cell N='Format' V='' F='No Formula'/><Cell N='SortKey' V='Workstation'/><Cell N='Type' V='0'/><Cell N='Invisible' V='0'/><Cell N='Verify' V='0'/><Cell N='DataLinked' V='0' F='No Formula'/><Cell N='LangID' V='en-US'/><Cell N='Calendar' V='0' F='No Formula'/></Row></Section><Section N='Connection'><Row T='Connection' IX='0'><Cell N='X' V='0.35' U='IN' F='Width*0.5'/><Cell N='Y' V='0.5' U='IN' F='Height*0.5'/><Cell N='DirX' V='0'/><Cell N='DirY' V='0'/><Cell N='Type' V='0'/><Cell N='AutoGen' V='0'/><Cell N='Prompt' V='' F='No Formula'/></Row></Section><Section N='Control'><Row N='Row_1'><Cell N='X' V='0.35' U='IN' F='Width*0.5'/><Cell N='Y' V='-0.1555555555555556' F='-TxtHeight*0.5'/><Cell N='XDyn' V='0.35' U='IN' F='Controls.Row_1'/><Cell N='YDyn' V='-0.1555555555555556' F='Controls.Row_1.Y'/><Cell N='XCon' V='2' F='(Controls.Row_1&gt;Width/2)*2+2'/><Cell N='YCon' V='7' F='(Controls.Row_1.Y&gt;Height/2)*2+2+5*NOT(User.HasText)'/><Cell N='CanGlue' V='1'/><Cell N='Prompt' V='Reposition Text'/></Row></Section><Section N='User'><Row N='HasText'><Cell N='Value' V='0' U='BOOL' F='NOT(OR(HideText,STRSAME(SHAPETEXT(TheText),"")))'/><Cell N='Prompt' V='' F='No Formula'/></Row><Row N='ShapeClass'><Cell N='Value' V='5'/><Cell N='Prompt' V='' F='No Formula'/></Row><Row N='ShapeType'><Cell N='Value' V='24'/><Cell N='Prompt' V='' F='No Formula'/></Row><Row N='SolSH'><Cell N='Value' V='{BF0433D9-CD73-4EB5-8390-8653BE590246}' U='GUID'/><Cell N='Prompt' V='' F='No Formula'/></Row><Row N='visLegendShape'><Cell N='Value' V='2'/><Cell N='Prompt' V='' F='No Formula'/></Row><Row N='visVersion'><Cell N='Value' V='12'/><Cell N='Prompt' V=''/></Row></Section><Section N='Actions'><Row N='Properties'><Cell N='Menu' V='%_P&amp;roperties'/><Cell N='Action' V='0' F='RUNADDON("NETWORK SHAPE PROPERTIES")'/><Cell N='Checked' V='0'/><Cell N='Disabled' V='0'/><Cell N='ReadOnly' V='0'/><Cell N='Invisible' V='0'/><Cell N='BeginGroup' V='0'/><Cell N='FlyoutChild' V='0' F='No Formula'/><Cell N='TagName' V=''/><Cell N='ButtonFace' V=''/><Cell N='SortKey' V=''/></Row></Section><Shapes><Shape ID='19' Type='Shape' LineStyle='3' FillStyle='3' TextStyle='3'><Cell N='PinX' V='0.35' U='IN' F='Width/2'/><Cell N='PinY' V='0.49998897826631' U='IN' F='Height/2'/><Cell N='Width' V='0.7' U='IN' F='Sheet.5!Width*1'/><Cell N='Height' V='0.99997795653262' U='IN' F='Sheet.5!Height*0.99997795653262'/><Cell N='LocPinX' V='0.35' U='IN' F='Width*0.5'/><Cell N='LocPinY' V='0.49998897826631' U='IN' F='Height*0.5'/><Cell N='Angle' V='0'/><Cell N='FlipX' V='0'/><Cell N='FlipY' V='0'/><Cell N='ResizeMode' V='0'/><Cell N='LineWeight' V='0.01' U='PT' F='GUARD(0.72PT)'/><Cell N='LinePattern' V='1' F='GUARD(1)'/><Cell N='Rounding' V='0' F='GUARD(0)'/><Cell N='BeginArrow' V='0' F='GUARD(0)'/><Cell N='EndArrow' V='0' F='GUARD(0)'/><Cell N='LineColorTrans' V='1' F='GUARD(100%)'/><Cell N='FillForegnd' V='6' F='GUARD(6)'/><Cell N='FillBkgnd' V='6' F='GUARD(6)'/><Cell N='FillPattern' V='1' F='GUARD(1)'/><Cell N='FillForegndTrans' V='1' F='GUARD(100%)'/><Cell N='FillBkgndTrans' V='1' F='GUARD(100%)'/><Cell N='Copyright' V='Copyright (c) 2006 Microsoft Corporation.  All rights reserved.'/><Cell N='FillGradientEnabled' V='0' F='GUARD(FALSE)'/><Section N='Geometry' IX='0'><Cell N='NoFill' V='0'/><Cell N='NoLine' V='0'/><Cell N='NoShow' V='0'/><Cell N='NoSnap' V='0'/><Cell N='NoQuickDrag' V='0' F='No Formula'/><Row T='MoveTo' IX='1'><Cell N='X' V='0.7' U='IN' F='Width*1'/><Cell N='Y' V='0.8517086314919078' U='IN' F='Height*0.85172740651721'/></Row><Row T='LineTo' IX='2'><Cell N='X' V='0.430769230769227' U='IN' F='Width*0.61538461538461'/><Cell N='Y' V='0.99997795653262' U='IN' F='Height*1'/></Row><Row T='LineTo' IX='3'><Cell N='X' V='0' U='IN' F='Width*0'/><Cell N='Y' V='0.7586092878617016' U='IN' F='Height*0.75862601060942'/></Row><Row T='LineTo' IX='4'><Cell N='X' V='0.000159056134024228' U='IN' F='Width*0.00022722304860604'/><Cell N='Y' V='0.1386348534816834' U='IN' F='Height*0.13863790954192'/></Row><Row T='EllipticalArcTo' IX='5'><Cell N='X' V='0.265808050543868' U='IN' F='Width*0.37972578649124'/><Cell N='Y' V='0' U='IN' F='Height*0'/><Cell N='A' V='0.120594878352403' U='IN' F='Width*0.17227839764629'/><Cell N='B' V='0.04741463566219648' U='IN' F='Height*0.047415680868211'/><Cell N='C' V='-3.516284485804988E-15' U='DA'/><Cell N='D' V='1.041071538678683' F='Width/Height*1.4872122712174'/></Row><Row T='LineTo' IX='6'><Cell N='X' V='0.7' U='IN' F='Width*1'/><Cell N='Y' V='0.2413907121383033' U='IN' F='Height*0.24139603334389'/></Row><Row T='LineTo' IX='7'><Cell N='X' V='0.7' U='IN' F='Width*1'/><Cell N='Y' V='0.8517086314919078' U='IN' F='Height*0.85172740651721'/></Row></Section><Section N='Geometry' IX='1'><Cell N='NoFill' V='0'/><Cell N='NoLine' V='0'/><Cell N='NoShow' V='0'/><Cell N='NoSnap' V='0'/><Cell N='NoQuickDrag' V='0' F='No Formula'/><Row T='MoveTo' IX='1'><Cell N='X' V='0.119516420117262' U='IN' F='Width*0.17073774302466'/><Cell N='Y' V='0.6620537315472362' U='IN' F='Height*0.66206832582878'/></Row><Row T='EllipticalArcTo' IX='2'><Cell N='X' V='0.265808050543868' U='IN' F='Width*0.37972578649124'/><Cell N='Y' V='0.6086048791682224' U='IN' F='Height*0.60861829522576'/><Cell N='A' V='0.190318292462368' U='IN' F='Width*0.27188327494624'/><Cell N='B' V='0.6294100514444362' U='IN' F='Height*0.62942392613022'/><Cell N='C' V='-3.687913689709443E-15' U='DA'/><Cell N='D' V='1.041071538678683' F='Width/Height*1.4872122712174'/></Row><Row T='EllipticalArcTo' IX='3'><Cell N='X' V='0.119516420117262' U='IN' F='Width*0.17073774302466'/><Cell N='Y' V='0.6620537315472362' U='IN' F='Height*0.66206832582878'/><Cell N='A' V='0.19029143063553' U='IN' F='Width*0.2718449009079'/><Cell N='B' V='0.6293422161845534' U='IN' F='Height*0.62935608937498'/><Cell N='C' V='-3.687913689709443E-15' U='DA'/><Cell N='D' V='1.041071538678683' F='Width/Height*1.4872122712174'/></Row></Section></Shape><Shape ID='6' Type='Shape' LineStyle='31' FillStyle='31' TextStyle='31'><Cell N='PinX' V='0.35' U='IN' F='Sheet.5!Width*0.5'/><Cell N='PinY' V='0.80429141785042' U='IN' F='Sheet.5!Height*0.80429141785042'/><Cell N='Width' V='0.7' U='IN' F='Sheet.5!Width*1'/><Cell N='Height' V='0.3913730773644' U='IN' F='Sheet.5!Height*0.3913730773644'/><Cell N='LocPinX' V='0.35' U='IN' F='Width*0.5'/><Cell N='LocPinY' V='0.1956865386822' U='IN' F='Height*0.5'/><Cell N='Angle' V='0'/><Cell N='FlipX' V='0'/><Cell N='FlipY' V='0'/><Cell N='ResizeMode' V='0'/><Cell N='LineWeight' V='0.005' U='PT' F='GUARD(0.36PT)'/><Cell N='LineColor' V='#ffffff' F='GUARD(RGB(255,255,255))'/><Cell N='LinePattern' V='1' F='GUARD(1)'/><Cell N='Rounding' V='0' F='GUARD(0)'/><Cell N='BeginArrow' V='0' F='GUARD(0)'/><Cell N='EndArrow' V='0' F='GUARD(0)'/><Cell N='FillPattern' V='30' F='GUARD(30)'/><Cell N='ShdwPattern' V='0' F='GUARD(0)'/><Cell N='Copyright' V='Copyright (c) 2006 Microsoft Corporation.  All rights reserved.'/><Cell N='LayerMember' V='' F='No Formula'/><Cell N='FillGradientDir' V='0' F='GUARD(0)'/><Cell N='FillGradientAngle' V='4.7123889803847' U='DEG' F='GUARD(270DEG)'/><Cell N='FillGradientEnabled' V='1' F='GUARD(TRUE)'/><Cell N='UseGroupGradient' V='0' F='GUARD(FALSE)'/><Section N='FillGradient'><Row IX='0'><Cell N='GradientStopPosition' V='0' F='GUARD(0%)'/></Row><Row IX='1'><Cell N='GradientStopPosition' V='1' F='GUARD(100%)'/></Row></Section><Section N='Geometry' IX='0'><Cell N='NoFill' V='0'/><Cell N='NoLine' V='0'/><Cell N='NoShow' V='0'/><Cell N='NoSnap' V='0'/><Cell N='NoQuickDrag' V='0' F='No Formula'/><Row T='MoveTo' IX='1'><Cell N='X' V='0.265641025641026' U='IN' F='Width*0.37948717948718'/><Cell N='Y' V='1.102173369138806E-5' U='IN' F='Height*2.8161706384126E-5'/></Row><Row T='LineTo' IX='2'><Cell N='X' V='0.7' U='IN' F='Width*1'/><Cell N='Y' V='0.2431037523236925' U='IN' F='Height*0.62115604364207'/></Row><Row T='LineTo' IX='3'><Cell N='X' V='0.430769230769227' U='IN' F='Width*0.61538461538461'/><Cell N='Y' V='0.3913730773644' U='IN' F='Height*1'/></Row><Row T='LineTo' IX='4'><Cell N='X' V='0' U='IN' F='Width*0'/><Cell N='Y' V='0.1500044086934785' U='IN' F='Height*0.38327728034755'/></Row><Row T='EllipticalArcTo' IX='5'><Cell N='X' V='0.265808050543868' U='IN' F='Width*0.37972578649124'/><Cell N='Y' V='0' U='IN' F='Height*0'/><Cell N='A' V='0.119516420117332' U='IN' F='Width*0.17073774302476'/><Cell N='B' V='0.05344885237897098' U='IN' F='Height*0.13656752462103'/><Cell N='C' V='0' U='DA' F='_ELLIPSE_THETA(-0.017815837958533,1,0.76771653543307,0.44686297812477,Width,Height)'/><Cell N='D' V='1.041071538678638' F='_ELLIPSE_ECC(-0.017815837958533,1,0.76771653543307,0.44686297812477,Width,Height,Geometry1.C5)'/></Row></Section></Shape><Shape ID='7' Type='Shape' LineStyle='33' FillStyle='33' TextStyle='33'><Cell N='PinX' V='0.132983553338944' U='IN' F='Sheet.5!Width*0.18997650476992'/><Cell N='PinY' V='0.37965408304173' U='IN' F='Sheet.5!Height*0.37965408304173'/><Cell N='Width' V='0.265648994409841' U='IN' F='Sheet.5!Width*0.37949856344263'/><Cell N='Height' V='0.75930816608345' U='IN' F='Sheet.5!Height*0.75930816608345'/><Cell N='LocPinX' V='0.1328244972049205' U='IN' F='Width*0.5'/><Cell N='LocPinY' V='0.379654083041725' U='IN' F='Height*0.5'/><Cell N='Angle' V='0'/><Cell N='FlipX' V='0'/><Cell N='FlipY' V='0'/><Cell N='ResizeMode' V='0'/><Cell N='LineWeight' V='0.005' U='PT' F='GUARD(0.36PT)'/><Cell N='LineColor' V='#a78450' F='GUARD(RGB(167,132,80))'/><Cell N='LinePattern' V='1' F='GUARD(1)'/><Cell N='Rounding' V='0' F='GUARD(0)'/><Cell N='BeginArrow' V='0' F='GUARD(0)'/><Cell N='EndArrow' V='0' F='GUARD(0)'/><Cell N='FillPattern' V='32' F='GUARD(32)'/><Cell N='ShdwPattern' V='0' F='GUARD(0)'/><Cell N='Copyright' V='Copyright (c) 2006 Microsoft Corporation.  All rights reserved.'/><Cell N='LayerMember' V='' F='No Formula'/><Cell N='FillGradientDir' V='11' F='GUARD(11)'/><Cell N='FillGradientEnabled' V='1' F='GUARD(TRUE)'/><Cell N='UseGroupGradient' V='0' F='GUARD(FALSE)'/><Section N='FillGradient'><Row IX='0'><Cell N='GradientStopPosition' V='0' F='GUARD(0%)'/></Row><Row IX='1'><Cell N='GradientStopPosition' V='1' F='GUARD(100%)'/></Row></Section><Section N='Geometry' IX='0'><Cell N='NoFill' V='0'/><Cell N='NoLine' V='0'/><Cell N='NoShow' V='0'/><Cell N='NoSnap' V='0'/><Cell N='NoQuickDrag' V='0' F='No Formula'/><Row T='MoveTo' IX='1'><Cell N='X' V='0.265648994409841' U='IN' F='Width*1'/><Cell N='Y' V='0.6086048791682228' U='IN' F='Height*0.80152552857088'/></Row><Row T='EllipticalArcTo' IX='2'><Cell N='X' V='0' U='IN' F='Width*0'/><Cell N='Y' V='0.75930816608345' U='IN' F='Height*1'/><Cell N='A' V='0.1193573639833103' U='IN' F='Width*0.44930478373717'/><Cell N='B' V='0.6620537315471872' U='IN' F='Height*0.87191704385598'/><Cell N='C' V='0' U='DA' F='_ELLIPSE_THETA(-0.017815837958533,1,0.29134732232801,0.86696486813934,Width,Height)'/><Cell N='D' V='1.041071538678634' F='_ELLIPSE_ECC(-0.017815837958533,1,0.29134732232801,0.86696486813934,Width,Height,Geometry1.C2)'/></Row><Row T='LineTo' IX='3'><Cell N='X' V='0' U='IN' F='Width*0'/><Cell N='Y' V='0.1386348534816845' U='IN' F='Height*0.18258048533413'/></Row><Row T='EllipticalArcTo' IX='4'><Cell N='X' V='0.265648994409841' U='IN' F='Width*1'/><Cell N='Y' V='0' U='IN' F='Height*0'/><Cell N='A' V='0.1204358222183782' U='IN' F='Width*0.45336449507718'/><Cell N='B' V='0.0474146356621961' U='IN' F='Height*0.062444522237609'/><Cell N='C' V='0' U='DA' F='_ELLIPSE_THETA(-0.0044968835584865,1,0.29134732232801,0.86696486813934,Width,Height)'/><Cell N='D' V='1.041071538678634' F='_ELLIPSE_ECC(-0.0044968835584865,1,0.29134732232801,0.86696486813934,Width,Height,Geometry1.C4)'/></Row><Row T='LineTo' IX='5'><Cell N='X' V='0.2654819695070006' U='IN' F='Width*0.99937125716131'/><Cell N='Y' V='0.6086159009019135' U='IN' F='Height*0.80154004406562'/></Row></Section></Shape><Shape ID='8' Type='Shape' LineStyle='35' FillStyle='35' TextStyle='35'><Cell N='PinX' V='0.4828205128205129' U='IN' F='Sheet.5!Width*0.68974358974359'/><Cell N='PinY' V='0.42619824398999' U='IN' F='Sheet.5!Height*0.42619824398999'/><Cell N='Width' V='0.434358974358974' U='IN' F='Sheet.5!Width*0.62051282051282'/><Cell N='Height' V='0.85102077500385' U='IN' F='Sheet.5!Height*0.85102077500385'/><Cell N='LocPinX' V='0.217179487179487' U='IN' F='Width*0.5'/><Cell N='LocPinY' V='0.425510387501925' U='IN' F='Height*0.5'/><Cell N='Angle' V='0'/><Cell N='FlipX' V='0'/><Cell N='FlipY' V='0'/><Cell N='ResizeMode' V='0'/><Cell N='LineWeight' V='0.005' U='PT' F='GUARD(0.36PT)'/><Cell N='LineColor' V='#ffffff' F='GUARD(RGB(255,255,255))'/><Cell N='LinePattern' V='1' F='GUARD(1)'/><Cell N='Rounding' V='0' F='GUARD(0)'/><Cell N='BeginArrow' V='0' F='GUARD(0)'/><Cell N='EndArrow' V='0' F='GUARD(0)'/><Cell N='FillPattern' V='31' F='GUARD(31)'/><Cell N='ShdwPattern' V='0' F='GUARD(0)'/><Cell N='Copyright' V='Copyright (c) 2006 Microsoft Corporation.  All rights reserved.'/><Cell N='LayerMember' V='' F='No Formula'/><Cell N='FillGradientDir' V='12' F='GUARD(12)'/><Cell N='FillGradientEnabled' V='1' F='GUARD(TRUE)'/><Cell N='UseGroupGradient' V='0' F='GUARD(FALSE)'/><Section N='FillGradient'><Row IX='0'><Cell N='GradientStopPosition' V='0' F='GUARD(0%)'/></Row><Row IX='1'><Cell N='GradientStopPosition' V='1' F='GUARD(100%)'/></Row></Section><Section N='Geometry' IX='0'><Cell N='NoFill' V='0'/><Cell N='NoLine' V='0'/><Cell N='NoShow' V='0'/><Cell N='NoSnap' V='0'/><Cell N='NoQuickDrag' V='0' F='No Formula'/><Row T='MoveTo' IX='1'><Cell N='X' V='0' U='IN' F='Width*0'/><Cell N='Y' V='0.6079280444138498' U='IN' F='Height*0.71435159078355'/></Row><Row T='LineTo' IX='2'><Cell N='X' V='0' U='IN' F='Width*0'/><Cell N='Y' V='0' U='IN' F='Height*0'/></Row><Row T='LineTo' IX='3'><Cell N='X' V='0.434358974358974' U='IN' F='Width*1'/><Cell N='Y' V='0.2407028556502409' U='IN' F='Height*0.28284016409488'/></Row><Row T='LineTo' IX='4'><Cell N='X' V='0.434358974358974' U='IN' F='Width*1'/><Cell N='Y' V='0.85102077500385' U='IN' F='Height*1'/></Row><Row T='LineTo' IX='5'><Cell N='X' V='0' U='IN' F='Width*0'/><Cell N='Y' V='0.6079280444138498' U='IN' F='Height*0.71435159078355'/></Row></Section></Shape><Shape ID='9' Type='Shape' LineStyle='37' FillStyle='37' TextStyle='37'><Cell N='PinX' V='0.35' U='IN' F='Sheet.5!Width*0.5'/><Cell N='PinY' V='0.5000110217336901' U='IN' F='Sheet.5!Height*0.50001102173369'/><Cell N='Width' V='0.7' U='IN' F='Sheet.5!Width*1'/><Cell N='Height' V='0.99997795653262' U='IN' F='Sheet.5!Height*0.99997795653262'/><Cell N='LocPinX' V='0.35' U='IN' F='Width*0.5'/><Cell N='LocPinY' V='0.49998897826631' U='IN' F='Height*0.5'/><Cell N='Angle' V='0'/><Cell N='FlipX' V='0'/><Cell N='FlipY' V='0'/><Cell N='ResizeMode' V='0'/><Cell N='LineWeight' V='0.02083333333333333' U='PT' F='GUARD(1.5PT)'/><Cell N='LinePattern' V='1' F='GUARD(1)'/><Cell N='Rounding' V='0' F='GUARD(0)'/><Cell N='BeginArrow' V='0' F='GUARD(0)'/><Cell N='EndArrow' V='0' F='GUARD(0)'/><Cell N='FillPattern' V='1' F='GUARD(1)'/><Cell N='ShdwPattern' V='0' F='GUARD(0)'/><Cell N='Copyright' V='Copyright (c) 2006 Microsoft Corporation.  All rights reserved.'/><Cell N='LayerMember' V='' F='No Formula'/><Cell N='FillGradientEnabled' V='0' F='GUARD(FALSE)'/><Cell N='QuickStyleVariation' V='4'/><Section N='Geometry' IX='0'><Cell N='NoFill' V='1'/><Cell N='NoLine' V='0'/><Cell N='NoShow' V='0'/><Cell N='NoSnap' V='0'/><Cell N='NoQuickDrag' V='0' F='No Formula'/><Row T='MoveTo' IX='1'><Cell N='X' V='0.7' U='IN' F='Width*1'/><Cell N='Y' V='0.8517086314919078' U='IN' F='Height*0.85172740651721'/></Row><Row T='LineTo' IX='2'><Cell N='X' V='0.430769230769227' U='IN' F='Width*0.61538461538461'/><Cell N='Y' V='0.99997795653262' U='IN' F='Height*1'/></Row><Row T='LineTo' IX='3'><Cell N='X' V='0' U='IN' F='Width*0'/><Cell N='Y' V='0.7586092878617016' U='IN' F='Height*0.75862601060942'/></Row><Row T='LineTo' IX='4'><Cell N='X' V='0.000159056134023416' U='IN' F='Width*0.00022722304860488'/><Cell N='Y' V='0.1386348534816834' U='IN' F='Height*0.13863790954192'/></Row><Row T='EllipticalArcTo' IX='5'><Cell N='X' V='0.265808050543868' U='IN' F='Width*0.37972578649124'/><Cell N='Y' V='0' U='IN' F='Height*0'/><Cell N='A' V='0.120594878352403' U='IN' F='Width*0.17227839764629'/><Cell N='B' V='0.04741463566219648' U='IN' F='Height*0.047415680868211'/><Cell N='C' V='0' U='DA' F='_ELLIPSE_THETA(-0.004496519859392,1,0.76771653543307,1.1417574523125,Width,Height)'/><Cell N='D' V='1.04107153867862' F='_ELLIPSE_ECC(-0.004496519859392,1,0.76771653543307,1.1417574523125,Width,Height,Geometry1.C5)'/></Row><Row T='LineTo' IX='6'><Cell N='X' V='0.7' U='IN' F='Width*1'/><Cell N='Y' V='0.2413907121383033' U='IN' F='Height*0.24139603334389'/></Row><Row T='LineTo' IX='7'><Cell N='X' V='0.7' U='IN' F='Width*1'/><Cell N='Y' V='0.8517086314919178' U='IN' F='Height*0.85172740651722'/></Row></Section><Text><cp IX='0'/></Text></Shape><Shape ID='10' Type='Shape' LineStyle='3' FillStyle='3' TextStyle='3'><Cell N='PinX' V='0.122236723796194' U='IN' F='Sheet.5!Width*0.17462389113742'/><Cell N='PinY' V='0.35538221714742' U='IN' F='Sheet.5!Height*0.35538221714742'/><Cell N='Width' V='0.0407940723066824' U='IN' F='Sheet.5!Width*0.05169868844938+Sheet.5!Height*0.0046049903921164'/><Cell N='Height' V='0.05676029898298283' U='IN' F='Sheet.5!Width*0.0098276351405369+Sheet.5!Height*0.049880954384607'/><Cell N='LocPinX' V='0.0203970361533412' U='IN' F='Width*0.5'/><Cell N='LocPinY' V='0.02838014949149141' U='IN' F='Height*0.5'/><Cell N='Angle' V='0.3490658504444'/><Cell N='FlipX' V='0'/><Cell N='FlipY' V='0'/><Cell N='ResizeMode' V='0'/><Cell N='FillForegnd' V='1' F='THEMEVAL("FillColor",1)'/><Cell N='FillBkgnd' V='#339966' F='THEMEVAL("FillColor2",RGB(51,153,102))'/><Cell N='FillPattern' V='31' F='GUARD(31)'/><Cell N='ShdwPattern' V='0' F='GUARD(0)'/><Cell N='LineWeight' V='0.005' U='PT' F='GUARD(0.36PT)'/><Cell N='LineColor' V='0' F='GUARD(0)'/><Cell N='LinePattern' V='1' F='GUARD(1)'/><Cell N='Rounding' V='0' F='GUARD(0)'/><Cell N='BeginArrow' V='0' F='GUARD(0)'/><Cell N='EndArrow' V='0' F='GUARD(0)'/><Cell N='Copyright' V='Copyright (c) 2006 Microsoft Corporation.  All rights reserved.'/><Cell N='LayerMember' V='' F='No Formula'/><Cell N='FillGradientDir' V='12' F='GUARD(12)'/><Cell N='FillGradientEnabled' V='1' F='GUARD(TRUE)'/><Cell N='UseGroupGradient' V='0' F='GUARD(FALSE)'/><Section N='FillGradient'><Row IX='0'><Cell N='GradientStopColor' V='1' F='THEMEVAL("FillColor",1)'/><Cell N='GradientStopPosition' V='0' F='GUARD(0%)'/></Row><Row IX='1'><Cell N='GradientStopColor' V='#339966' F='THEMEVAL("FillColor2",RGB(51,153,102))'/><Cell N='GradientStopPosition' V='1' F='GUARD(100%)'/></Row><Row IX='2' Del='1'/><Row IX='3' Del='1'/><Row IX='4' Del='1'/><Row IX='5' Del='1'/><Row IX='6' Del='1'/><Row IX='7' Del='1'/><Row IX='8' Del='1'/><Row IX='9' Del='1'/></Section><Section N='Geometry' IX='0'><Cell N='NoFill' V='0'/><Cell N='NoLine' V='0'/><Cell N='NoShow' V='0'/><Cell N='NoSnap' V='0'/><Cell N='NoQuickDrag' V='0' F='No Formula'/><Row T='Ellipse' IX='1'><Cell N='X' V='0.0203970361533412' U='IN' F='Width*0.5'/><Cell N='Y' V='0.02838014949149141' U='IN' F='Height*0.5'/><Cell N='A' V='0.0407940723066824' U='IN' F='Width*1'/><Cell N='B' V='0.02838014949149141' U='IN' F='Height*0.5'/><Cell N='C' V='0.0203970361533412' U='IN' F='Width*0.5'/><Cell N='D' V='0.05676029898298283' U='IN' F='Height*1'/></Row></Section></Shape><Shape ID='11' Type='Shape' LineStyle='3' FillStyle='3' TextStyle='3'><Cell N='PinX' V='0.132820512820513' U='IN' F='Sheet.5!Width*0.18974358974359'/><Cell N='PinY' V='0.17242823537518' U='IN' F='Sheet.5!Height*0.17242823537518'/><Cell N='Width' V='0.179487179487182' U='IN' F='Sheet.5!Width*0.25641025641026'/><Cell N='Height' V='0.16895806806964' U='IN' F='Sheet.5!Height*0.16895806806964'/><Cell N='LocPinX' V='0.08974358974359099' U='IN' F='Width*0.5'/><Cell N='LocPinY' V='0.08447903403482' U='IN' F='Height*0.5'/><Cell N='Angle' V='0'/><Cell N='FlipX' V='0'/><Cell N='FlipY' V='0'/><Cell N='ResizeMode' V='0'/><Cell N='LineWeight' V='0.008333333333333333' U='PT' F='GUARD(0.6PT)'/><Cell N='LineColor' V='0' F='GUARD(0)'/><Cell N='LinePattern' V='1' F='GUARD(1)'/><Cell N='Rounding' V='0' F='GUARD(0)'/><Cell N='BeginArrow' V='0' F='GUARD(0)'/><Cell N='EndArrow' V='0' F='GUARD(0)'/><Cell N='FillForegnd' V='1' F='THEMEVAL("FillColor",1)'/><Cell N='FillBkgnd' V='#e7e4cd' F='THEMEVAL("FillColor2",RGB(231,228,205))'/><Cell N='FillPattern' V='30' F='GUARD(30)'/><Cell N='ShdwPattern' V='0' F='GUARD(0)'/><Cell N='Copyright' V='Copyright (c) 2006 Microsoft Corporation.  All rights reserved.'/><Cell N='LayerMember' V='' F='No Formula'/><Cell N='FillGradientDir' V='0' F='GUARD(0)'/><Cell N='FillGradientAngle' V='4.7123889803847' U='DEG' F='GUARD(270DEG)'/><Cell N='FillGradientEnabled' V='1' F='GUARD(TRUE)'/><Cell N='UseGroupGradient' V='0' F='GUARD(FALSE)'/><Cell N='QuickStyleVariation' V='4'/><Section N='FillGradient'><Row IX='0'><Cell N='GradientStopColor' V='1' F='THEMEVAL("FillColor",1)'/><Cell N='GradientStopPosition' V='0' F='GUARD(0%)'/></Row><Row IX='1'><Cell N='GradientStopColor' V='#e7e4cd' F='THEMEVAL("FillColor2",RGB(231,228,205))'/><Cell N='GradientStopPosition' V='1' F='GUARD(100%)'/></Row><Row IX='2' Del='1'/><Row IX='3' Del='1'/><Row IX='4' Del='1'/><Row IX='5' Del='1'/><Row IX='6' Del='1'/><Row IX='7' Del='1'/><Row IX='8' Del='1'/><Row IX='9' Del='1'/></Section><Section N='Geometry' IX='0'><Cell N='NoFill' V='1'/><Cell N='NoLine' V='0'/><Cell N='NoShow' V='0'/><Cell N='NoSnap' V='0'/><Cell N='NoQuickDrag' V='0' F='No Formula'/><Row T='MoveTo' IX='1'><Cell N='X' V='0' U='IN' F='Width*0'/><Cell N='Y' V='0.16895806806964' U='IN' F='Height*1'/></Row><Row T='EllipticalArcTo' IX='2'><Cell N='X' V='0.179487179487182' U='IN' F='Width*1'/><Cell N='Y' V='0.07413466252035197' U='IN' F='Height*0.43877551020408'/><Cell N='A' V='0.08550894133174196' U='IN' F='Width*0.47640695884827'/><Cell N='B' V='0.1110726077149369' U='IN' F='Height*0.65739747727913'/><Cell N='C' V='-1.485065592520247' U='DA' F='_ELLIPSE_THETA(-1.5069103201993,1.1712794661298,0.19685039370079,0.19291338582677,Width,Height)'/><Cell N='D' V='1.125566528601139' F='_ELLIPSE_ECC(-1.5069103201993,1.1712794661298,0.19685039370079,0.19291338582677,Width,Height,Geometry1.C2)'/></Row></Section><Section N='Geometry' IX='1'><Cell N='NoFill' V='1'/><Cell N='NoLine' V='0'/><Cell N='NoShow' V='0'/><Cell N='NoSnap' V='0'/><Cell N='NoQuickDrag' V='0' F='No Formula'/><Row T='MoveTo' IX='1'><Cell N='X' V='0' U='IN' F='Width*0'/><Cell N='Y' V='0.131890736809464' U='IN' F='Height*0.78061224489796'/></Row><Row T='EllipticalArcTo' IX='2'><Cell N='X' V='0.179487179487182' U='IN' F='Width*1'/><Cell N='Y' V='0.03706733126017599' U='IN' F='Height*0.21938775510204'/><Cell N='A' V='0.08550894133174196' U='IN' F='Width*0.47640695884827'/><Cell N='B' V='0.07400527645476088' U='IN' F='Height*0.43800972217709'/><Cell N='C' V='-1.485065592520247' U='DA' F='_ELLIPSE_THETA(-1.5069103201993,1.1712794661298,0.19685039370079,0.19291338582677,Width,Height)'/><Cell N='D' V='1.125566528601139' F='_ELLIPSE_ECC(-1.5069103201993,1.1712794661298,0.19685039370079,0.19291338582677,Width,Height,Geometry2.C2)'/></Row></Section><Section N='Geometry' IX='2'><Cell N='NoFill' V='1'/><Cell N='NoLine' V='0'/><Cell N='NoShow' V='0'/><Cell N='NoSnap' V='0'/><Cell N='NoQuickDrag' V='0' F='No Formula'/><Row T='MoveTo' IX='1'><Cell N='X' V='0' U='IN' F='Width*0'/><Cell N='Y' V='0.09482340554928803' U='IN' F='Height*0.56122448979592'/></Row><Row T='EllipticalArcTo' IX='2'><Cell N='X' V='0.179487179487182' U='IN' F='Width*1'/><Cell N='Y' V='0' U='IN' F='Height*0'/><Cell N='A' V='0.08550894133174196' U='IN' F='Width*0.47640695884827'/><Cell N='B' V='0.0369379451945832' U='IN' F='Height*0.21862196707504'/><Cell N='C' V='-1.485065592520247' U='DA' F='_ELLIPSE_THETA(-1.5069103201993,1.1712794661298,0.19685039370079,0.19291338582677,Width,Height)'/><Cell N='D' V='1.125566528601139' F='_ELLIPSE_ECC(-1.5069103201993,1.1712794661298,0.19685039370079,0.19291338582677,Width,Height,Geometry3.C2)'/></Row></Section></Shape><Shape ID='12' Type='Group' LineStyle='3' FillStyle='3' TextStyle='3'><Cell N='PinX' V='0.132429600074863' U='IN' F='Sheet.5!Width*0.18918514296409'/><Cell N='PinY' V='0.53632307942211' U='IN' F='Sheet.5!Height*0.53632307942211'/><Cell N='Width' V='0.193064328354856' U='IN' F='Sheet.5!Width*0.27580618336408'/><Cell N='Height' V='0.21057111237045' U='IN' F='Sheet.5!Height*0.21057111237045'/><Cell N='LocPinX' V='0.09653216417742801' U='IN' F='Width*0.5'/><Cell N='LocPinY' V='0.105285556185225' U='IN' F='Height*0.5'/><Cell N='Angle' V='0'/><Cell N='FlipX' V='0'/><Cell N='FlipY' V='0'/><Cell N='ResizeMode' V='0'/><Cell N='Copyright' V='Copyright (c) 2006 Microsoft Corporation.  All rights reserved.'/><Cell N='LayerMember' V='' F='No Formula'/><Cell N='ObjType' V='8'/><Cell N='QuickStyleVariation' V='4'/><Shapes><Shape ID='13' Type='Shape' LineStyle='3' FillStyle='3' TextStyle='3'><Cell N='PinX' V='0.09653216417742801' U='IN' F='Sheet.12!Width*0.5'/><Cell N='PinY' V='0.15516557271702' U='IN' F='Sheet.12!Height*0.73687967437833'/><Cell N='Width' V='0.193064328354856' U='IN' F='Sheet.12!Width*1'/><Cell N='Height' V='0.1108110793068601' U='IN' F='Sheet.12!Height*0.52624065124334'/><Cell N='LocPinX' V='0.09653216417742801' U='IN' F='Width*0.5'/><Cell N='LocPinY' V='0.05540553965343006' U='IN' F='Height*0.5'/><Cell N='Angle' V='0'/><Cell N='FlipX' V='0'/><Cell N='FlipY' V='0'/><Cell N='ResizeMode' V='0'/><Cell N='FillForegnd' V='0' F='THEMEVAL("FillColor",0)'/><Cell N='FillPattern' V='1' F='GUARD(1)'/><Cell N='ShdwPattern' V='0' F='GUARD(0)'/><Cell N='LineWeight' V='0.005' U='PT' F='GUARD(0.36PT)'/><Cell N='LineColor' V='0' F='GUARD(0)'/><Cell N='LinePattern' V='1' F='GUARD(1)'/><Cell N='Rounding' V='0' F='GUARD(0)'/><Cell N='BeginArrow' V='0' F='GUARD(0)'/><Cell N='EndArrow' V='0' F='GUARD(0)'/><Cell N='Copyright' V='Copyright (c) 2006 Microsoft Corporation.  All rights reserved.'/><Cell N='LayerMember' V='' F='No Formula'/><Cell N='FillGradientEnabled' V='0' F='GUARD(FALSE)'/><Section N='Geometry' IX='0'><Cell N='NoFill' V='0'/><Cell N='NoLine' V='0'/><Cell N='NoShow' V='0'/><Cell N='NoSnap' V='0'/><Cell N='NoQuickDrag' V='0' F='No Formula'/><Row T='MoveTo' IX='1'><Cell N='X' V='0.00639766168819077' U='IN' F='Width*0.03313746119082'/><Cell N='Y' V='0.09482340554928886' U='IN' F='Height*0.85572134250856'/></Row><Row T='EllipticalArcTo' IX='2'><Cell N='X' V='0.1858848411753689' U='IN' F='Width*0.96281297927657'/><Cell N='Y' V='0' U='IN' F='Height*0'/><Cell N='A' V='0.1454258200291117' U='IN' F='Width*0.75325059408083'/><Cell N='B' V='0.01295400120023513' U='IN' F='Height*0.1169016787966'/><Cell N='C' V='0' U='DA'/><Cell N='D' V='1.041071538678651' F='Width/Height*0.59753275926041'/></Row><Row T='EllipticalArcTo' IX='3'><Cell N='X' V='0.1858848411753689' U='IN' F='Width*0.96281297927657'/><Cell N='Y' V='0.01724061919077979' U='IN' F='Height*0.15558569863792'/><Cell N='A' V='0.193064328354856' U='IN' F='Width*1'/><Cell N='B' V='0.008620309595389786' U='IN' F='Height*0.077792849318959'/><Cell N='C' V='0' U='DA'/><Cell N='D' V='1.041071538678651' F='Width/Height*0.59753275926041'/></Row><Row T='EllipticalArcTo' IX='4'><Cell N='X' V='0.009987405277934333' U='IN' F='Width*0.051730971552535'/><Cell N='Y' V='0.1093055256695447' U='IN' F='Height*0.98641332936442'/><Cell N='A' V='0.09446985028014773' U='IN' F='Width*0.48931799615779'/><Cell N='B' V='0.05246981585918303' U='IN' F='Height*0.47350694702542'/><Cell N='C' V='0' U='DA' F='_ELLIPSE_THETA(-1.567144963773,1,0.21174096754329,0.12652216458461,Width,Height)'/><Cell N='D' V='1.041071538678643' F='_ELLIPSE_ECC(-1.567144963773,1,0.21174096754329,0.12652216458461,Width,Height,Geometry1.C4)'/></Row><Row T='EllipticalArcTo' IX='5'><Cell N='X' V='3.82574868396471E-5' U='IN' F='Width*0.00019815927243343'/><Cell N='Y' V='0.1044391888214582' U='IN' F='Height*0.94249771299712'/><Cell N='A' V='0.002306178822005439' U='IN' F='Width*0.011945131664958'/><Cell N='B' V='0.1096093647826314' U='IN' F='Height*0.98915528544848'/><Cell N='C' V='0' U='DA' F='_ELLIPSE_THETA(-0.98087878053983,1,0.21174096754329,0.12652216458461,Width,Height)'/><Cell N='D' V='1.041071538678643' F='_ELLIPSE_ECC(-0.98087878053983,1,0.21174096754329,0.12652216458461,Width,Height,Geometry1.C5)'/></Row><Row T='EllipticalArcTo' IX='6'><Cell N='X' V='0.00639766168819077' U='IN' F='Geometry1.X1'/><Cell N='Y' V='0.09482340554928886' U='IN' F='Geometry1.Y1'/><Cell N='A' V='0.001661903417510263' U='IN' F='Width*0.0086080294152302'/><Cell N='B' V='0.09944901582462945' U='IN' F='Height*0.89746455360509'/><Cell N='C' V='0' U='DA' F='_ELLIPSE_THETA(-1.4675269138453,1,0.21174096754329,0.12652216458461,Width,Height)'/><Cell N='D' V='1.041071538678643' F='_ELLIPSE_ECC(-1.4675269138453,1,0.21174096754329,0.12652216458461,Width,Height,Geometry1.C6)'/></Row></Section></Shape><Shape ID='14' Type='Shape' LineStyle='3' FillStyle='3' TextStyle='3'><Cell N='PinX' V='0.08468892552610355' U='IN' F='Sheet.12!Width*0.43865651540995'/><Cell N='PinY' V='0.1391906492194251' U='IN' F='Sheet.12!Height*0.66101493055017'/><Cell N='Width' V='0.05521234411904367' U='IN' F='Sheet.12!Width*0.28597900290292'/><Cell N='Height' V='0.03539797083334493' U='IN' F='Sheet.12!Height*0.16810459153139'/><Cell N='LocPinX' V='0.02760617205952183' U='IN' F='Width*0.5'/><Cell N='LocPinY' V='0.01769898541667246' U='IN' F='Height*0.5'/><Cell N='Angle' V='0'/><Cell N='FlipX' V='0'/><Cell N='FlipY' V='0'/><Cell N='ResizeMode' V='0'/><Cell N='LineWeight' V='0.001666666666666667' U='PT' F='GUARD(0.12PT)'/><Cell N='LineColor' V='1' F='GUARD(1)'/><Cell N='LinePattern' V='1' F='GUARD(1)'/><Cell N='Rounding' V='0' F='GUARD(0)'/><Cell N='BeginArrow' V='0' F='GUARD(0)'/><Cell N='EndArrow' V='0' F='GUARD(0)'/><Cell N='FillForegnd' V='1' F='THEMEVAL("FillColor",1)'/><Cell N='FillBkgnd' V='#e7e4cd' F='THEMEVAL("FillColor2",RGB(231,228,205))'/><Cell N='FillPattern' V='34' F='GUARD(34)'/><Cell N='ShdwPattern' V='0' F='GUARD(0)'/><Cell N='Copyright' V='Copyright (c) 2006 Microsoft Corporation.  All rights reserved.'/><Cell N='LayerMember' V='' F='No Formula'/><Cell N='FillGradientDir' V='8' F='GUARD(8)'/><Cell N='FillGradientEnabled' V='1' F='GUARD(TRUE)'/><Cell N='UseGroupGradient' V='0' F='GUARD(FALSE)'/><Section N='FillGradient'><Row IX='0'><Cell N='GradientStopColor' V='1' F='THEMEVAL("FillColor",1)'/><Cell N='GradientStopPosition' V='0' F='GUARD(0%)'/></Row><Row IX='1'><Cell N='GradientStopColor' V='#e7e4cd' F='THEMEVAL("FillColor2",RGB(231,228,205))'/><Cell N='GradientStopPosition' V='1' F='GUARD(100%)'/></Row><Row IX='2' Del='1'/><Row IX='3' Del='1'/><Row IX='4' Del='1'/><Row IX='5' Del='1'/><Row IX='6' Del='1'/><Row IX='7' Del='1'/><Row IX='8' Del='1'/><Row IX='9' Del='1'/></Section><Section N='Geometry' IX='0'><Cell N='NoFill' V='0'/><Cell N='NoLine' V='0'/><Cell N='NoShow' V='0'/><Cell N='NoSnap' V='0'/><Cell N='NoQuickDrag' V='0' F='No Formula'/><Row T='MoveTo' IX='1'><Cell N='X' V='0.05521234411903814' U='IN' F='Width*0.9999999999999'/><Cell N='Y' V='0.0007052244018470994' U='IN' F='Height*0.019922735265457'/></Row><Row T='EllipticalArcTo' IX='2'><Cell N='X' V='0.001366190272884335' U='IN' F='Width*0.024744290333674'/><Cell N='Y' V='0.02829021510709507' U='IN' F='Height*0.79920443011512'/><Cell N='A' V='0.03134523362260121' U='IN' F='Width*0.56772147828061'/><Cell N='B' V='0.03239312191264138' U='IN' F='Height*0.91511239627688'/><Cell N='C' V='-1.555978947178369' U='DA' F='_ELLIPSE_THETA(-1.5571331527058,1.7589589544507,0.06055347077173,0.040416787921859,Width,Height)'/><Cell N='D' V='1.689593425623927' F='_ELLIPSE_ECC(-1.5571331527058,1.7589589544507,0.06055347077173,0.040416787921859,Width,Height,Geometry1.C2)'/></Row><Row T='EllipticalArcTo' IX='3'><Cell N='X' V='0.05521234411903814' U='IN' F='Geometry1.X1'/><Cell N='Y' V='0.0007052244018470994' U='IN' F='Geometry1.Y1'/><Cell N='A' V='0.01296462065429685' U='IN' F='Width*0.23481380588268'/><Cell N='B' V='0.006645944449870402' U='IN' F='Height*0.18774930577687'/><Cell N='C' V='-7.359752305035835E-6' U='DA'/><Cell N='D' V='1.950038194377119' F='Width/Height*1.2502167084165'/></Row></Section></Shape><Shape ID='15' Type='Shape' LineStyle='3' FillStyle='3' TextStyle='3'><Cell N='PinX' V='0.09692307692307715' U='IN' F='Sheet.12!Width*0.50202477976631'/><Cell N='PinY' V='0.07241060060127513' U='IN' F='Sheet.12!Height*0.34387718137655'/><Cell N='Width' V='0.1794871794871781' U='IN' F='Sheet.12!Width*0.92967551808575'/><Cell N='Height' V='0.1430971392834737' U='IN' F='Sheet.12!Height*0.67956681081557'/><Cell N='LocPinX' V='0.08974358974358906' U='IN' F='Width*0.5'/><Cell N='LocPinY' V='0.07154856964173686' U='IN' F='Height*0.5'/><Cell N='Angle' V='0'/><Cell N='FlipX' V='0'/><Cell N='FlipY' V='0'/><Cell N='ResizeMode' V='0'/><Cell N='FillForegnd' V='0' F='THEMEVAL("FillColor",0)'/><Cell N='FillBkgnd' V='#e7e4cd' F='THEMEVAL("FillColor2",RGB(231,228,205))'/><Cell N='FillPattern' V='35' F='GUARD(35)'/><Cell N='ShdwPattern' V='0' F='GUARD(0)'/><Cell N='FillForegndTrans' V='0.6' F='THEMEVAL("FillTransparency",60%)'/><Cell N='FillBkgndTrans' V='0.6' F='THEMEVAL("FillTransparencyBkgnd",60%)'/><Cell N='LineWeight' V='0.001666666666666667' U='PT' F='GUARD(0.12PT)'/><Cell N='LineColor' V='0' F='GUARD(0)'/><Cell N='LinePattern' V='0' F='GUARD(0)'/><Cell N='Rounding' V='0' F='GUARD(0)'/><Cell N='BeginArrow' V='0' F='GUARD(0)'/><Cell N='EndArrow' V='0' F='GUARD(0)'/><Cell N='Copyright' V='Copyright (c) 2006 Microsoft Corporation.  All rights reserved.'/><Cell N='LayerMember' V='' F='No Formula'/><Cell N='FillGradientDir' V='10' F='GUARD(10)'/><Cell N='FillGradientEnabled' V='1' F='GUARD(TRUE)'/><Cell N='UseGroupGradient' V='0' F='GUARD(FALSE)'/><Section N='FillGradient'><Row IX='0'><Cell N='GradientStopColor' V='0' F='THEMEVAL("FillColor",0)'/><Cell N='GradientStopColorTrans' V='0.6' F='THEMEVAL("FillTransparency",60%)'/><Cell N='GradientStopPosition' V='0' F='GUARD(0%)'/></Row><Row IX='1'><Cell N='GradientStopColor' V='#e7e4cd' F='THEMEVAL("FillColor2",RGB(231,228,205))'/><Cell N='GradientStopColorTrans' V='0.6' F='THEMEVAL("FillTransparencyBkgnd",60%)'/><Cell N='GradientStopPosition' V='1' F='GUARD(100%)'/></Row><Row IX='2' Del='1'/><Row IX='3' Del='1'/><Row IX='4' Del='1'/><Row IX='5' Del='1'/><Row IX='6' Del='1'/><Row IX='7' Del='1'/><Row IX='8' Del='1'/><Row IX='9' Del='1'/></Section><Section N='Geometry' IX='0'><Cell N='NoFill' V='0'/><Cell N='NoLine' V='0'/><Cell N='NoShow' V='0'/><Cell N='NoSnap' V='0'/><Cell N='NoQuickDrag' V='0' F='No Formula'/><Row T='MoveTo' IX='1'><Cell N='X' V='0' U='IN' F='Width*0'/><Cell N='Y' V='0.1430971392834737' U='IN' F='Height*1'/></Row><Row T='LineTo' IX='2'><Cell N='X' V='0' U='IN' F='Width*0'/><Cell N='Y' V='0.09482340554929003' U='IN' F='Height*0.66265060240964'/></Row><Row T='EllipticalArcTo' IX='3'><Cell N='X' V='0.1794871794871781' U='IN' F='Width*1'/><Cell N='Y' V='0' U='IN' F='Height*0'/><Cell N='A' V='0.07897435897435838' U='IN' F='Width*0.44'/><Cell N='B' V='0.04120507986596474' U='IN' F='Height*0.28795180722892'/><Cell N='C' V='0' U='DA'/><Cell N='D' V='1.041071538678641' F='Width/Height*0.83'/></Row><Row T='LineTo' IX='4'><Cell N='X' V='0.1794871794871781' U='IN' F='Width*1'/><Cell N='Y' V='0.0482737337341837' U='IN' F='Height*0.33734939759036'/></Row><Row T='EllipticalArcTo' IX='5'><Cell N='X' V='0' U='IN' F='Geometry1.X1'/><Cell N='Y' V='0.1430971392834737' U='IN' F='Geometry1.Y1'/><Cell N='A' V='0.0861538461538455' U='IN' F='Width*0.48'/><Cell N='B' V='0.08603068976199227' U='IN' F='Height*0.60120481927711'/><Cell N='C' V='0' U='DA'/><Cell N='D' V='1.041071538678641' F='Width/Height*0.83'/></Row></Section></Shape><Shape ID='16' Type='Shape' LineStyle='3' FillStyle='3' TextStyle='3'><Cell N='PinX' V='0.09692307692307715' U='IN' F='Sheet.12!Width*0.50202477976631'/><Cell N='PinY' V='0.08103091019666618' U='IN' F='Sheet.12!Height*0.38481494106424'/><Cell N='Width' V='0.1794871794871781' U='IN' F='Sheet.12!Width*0.92967551808575'/><Cell N='Height' V='0.1068918389828351' U='IN' F='Sheet.12!Height*0.50762822012729'/><Cell N='LocPinX' V='0.08974358974358906' U='IN' F='Width*0.5'/><Cell N='LocPinY' V='0.05344591949141756' U='IN' F='Height*0.5'/><Cell N='Angle' V='0'/><Cell N='FlipX' V='0'/><Cell N='FlipY' V='0'/><Cell N='ResizeMode' V='0'/><Cell N='LineWeight' V='0.003333333333333333' U='PT' F='GUARD(0.24PT)'/><Cell N='LineColor' V='1' F='GUARD(1)'/><Cell N='LinePattern' V='0' F='GUARD(0)'/><Cell N='Rounding' V='0' F='GUARD(0)'/><Cell N='BeginArrow' V='0' F='GUARD(0)'/><Cell N='EndArrow' V='0' F='GUARD(0)'/><Cell N='FillForegnd' V='0' F='THEMEVAL("FillColor",0)'/><Cell N='FillPattern' V='1' F='GUARD(1)'/><Cell N='ShdwPattern' V='0' F='GUARD(0)'/><Cell N='Copyright' V='Copyright (c) 2006 Microsoft Corporation.  All rights reserved.'/><Cell N='LayerMember' V='' F='No Formula'/><Cell N='FillGradientEnabled' V='0' F='GUARD(FALSE)'/><Section N='Geometry' IX='0'><Cell N='NoFill' V='0'/><Cell N='NoLine' V='0'/><Cell N='NoShow' V='0'/><Cell N='NoSnap' V='0'/><Cell N='NoQuickDrag' V='0' F='No Formula'/><Row T='MoveTo' IX='1'><Cell N='X' V='0' U='IN' F='Width*0'/><Cell N='Y' V='0.09482340554928834' U='IN' F='Height*0.88709677419354'/></Row><Row T='EllipticalArcTo' IX='2'><Cell N='X' V='0.1794871794871781' U='IN' F='Width*1'/><Cell N='Y' V='0' U='IN' F='Height*0'/><Cell N='A' V='0.08241500998249912' U='IN' F='Width*0.45916934133107'/><Cell N='B' V='0.03806081138698701' U='IN' F='Height*0.35606844965123'/><Cell N='C' V='0' U='DA'/><Cell N='D' V='1.041071538678648' F='Width/Height*0.62'/></Row><Row T='LineTo' IX='3'><Cell N='X' V='0.1794871794871781' U='IN' F='Width*1'/><Cell N='Y' V='0.01206843343354573' U='IN' F='Height*0.11290322580645'/></Row><Row T='EllipticalArcTo' IX='4'><Cell N='X' V='0' U='IN' F='Width*0'/><Cell N='Y' V='0.1068918389828351' U='IN' F='Height*1'/><Cell N='A' V='0.08974358974358906' U='IN' F='Width*0.5'/><Cell N='B' V='0.04758410896655127' U='IN' F='Height*0.44516129032257'/><Cell N='C' V='0' U='DA'/><Cell N='D' V='1.041071538678648' F='Width/Height*0.62'/></Row><Row T='LineTo' IX='5'><Cell N='X' V='0' U='IN' F='Geometry1.X1'/><Cell N='Y' V='0.09482340554928834' U='IN' F='Geometry1.Y1'/></Row></Section></Shape><Shape ID='17' Type='Shape' LineStyle='3' FillStyle='3' TextStyle='3'><Cell N='PinX' V='0.09692307692307715' U='IN' F='Sheet.12!Width*0.50202477976631'/><Cell N='PinY' V='0.07327263156081446' U='IN' F='Sheet.12!Height*0.34797095734532'/><Cell N='Width' V='0.1794871794871781' U='IN' F='Sheet.12!Width*0.92967551808575'/><Cell N='Height' V='0.1430971392834737' U='IN' F='Sheet.12!Height*0.67956681081557'/><Cell N='LocPinX' V='0.08974358974358906' U='IN' F='Width*0.5'/><Cell N='LocPinY' V='0.07154856964173686' U='IN' F='Height*0.5'/><Cell N='Angle' V='0'/><Cell N='FlipX' V='0'/><Cell N='FlipY' V='0'/><Cell N='ResizeMode' V='0'/><Cell N='FillForegnd' V='0' F='THEMEVAL("FillColor",0)'/><Cell N='FillBkgnd' V='#e7e4cd' F='THEMEVAL("FillColor2",RGB(231,228,205))'/><Cell N='FillPattern' V='0' F='GUARD(0)'/><Cell N='ShdwPattern' V='0' F='GUARD(0)'/><Cell N='FillForegndTrans' V='0.6' F='THEMEVAL("FillTransparency",60%)'/><Cell N='FillBkgndTrans' V='0.6' F='THEMEVAL("FillTransparencyBkgnd",60%)'/><Cell N='LineWeight' V='0.005' U='PT' F='GUARD(0.36PT)'/><Cell N='LineColor' V='1' F='GUARD(1)'/><Cell N='LinePattern' V='1' F='GUARD(1)'/><Cell N='Rounding' V='0' F='GUARD(0)'/><Cell N='BeginArrow' V='0' F='GUARD(0)'/><Cell N='EndArrow' V='0' F='GUARD(0)'/><Cell N='Copyright' V='Copyright (c) 2006 Microsoft Corporation.  All rights reserved.'/><Cell N='LayerMember' V='' F='No Formula'/><Cell N='FillGradientEnabled' V='0' F='GUARD(FALSE)'/><Cell N='QuickStyleVariation' V='4'/><Section N='Geometry' IX='0'><Cell N='NoFill' V='1'/><Cell N='NoLine' V='0'/><Cell N='NoShow' V='0'/><Cell N='NoSnap' V='0'/><Cell N='NoQuickDrag' V='0' F='No Formula'/><Row T='MoveTo' IX='1'><Cell N='X' V='0' U='IN' F='Width*0'/><Cell N='Y' V='0.1430971392834737' U='IN' F='Height*1'/></Row><Row T='LineTo' IX='2'><Cell N='X' V='0' U='IN' F='Width*0'/><Cell N='Y' V='0.09482340554929003' U='IN' F='Height*0.66265060240964'/></Row><Row T='EllipticalArcTo' IX='3'><Cell N='X' V='0.1794871794871781' U='IN' F='Width*1'/><Cell N='Y' V='0' U='IN' F='Height*0'/><Cell N='A' V='0.07897435897435838' U='IN' F='Width*0.44'/><Cell N='B' V='0.04120507986596474' U='IN' F='Height*0.28795180722892'/><Cell N='C' V='0' U='DA'/><Cell N='D' V='1.041071538678641' F='Width/Height*0.83'/></Row></Section></Shape><Shape ID='18' Type='Shape' LineStyle='3' FillStyle='3' TextStyle='3'><Cell N='PinX' V='0.09692307692307715' U='IN' F='Sheet.12!Width*0.50202477976631'/><Cell N='PinY' V='0.07154856964173582' U='IN' F='Sheet.12!Height*0.33978340540778'/><Cell N='Width' V='0.1794871794871781' U='IN' F='Sheet.12!Width*0.92967551808575'/><Cell N='Height' V='0.1430971392834737' U='IN' F='Sheet.12!Height*0.67956681081557'/><Cell N='LocPinX' V='0.08974358974358906' U='IN' F='Width*0.5'/><Cell N='LocPinY' V='0.07154856964173686' U='IN' F='Height*0.5'/><Cell N='Angle' V='0'/><Cell N='FlipX' V='0'/><Cell N='FlipY' V='0'/><Cell N='ResizeMode' V='0'/><Cell N='FillForegnd' V='0' F='THEMEVAL("FillColor",0)'/><Cell N='FillBkgnd' V='#e7e4cd' F='THEMEVAL("FillColor2",RGB(231,228,205))'/><Cell N='FillPattern' V='35' F='GUARD(35)'/><Cell N='ShdwPattern' V='0' F='GUARD(0)'/><Cell N='FillForegndTrans' V='0.6' F='THEMEVAL("FillTransparency",60%)'/><Cell N='FillBkgndTrans' V='0.6' F='THEMEVAL("FillTransparencyBkgnd",60%)'/><Cell N='LineWeight' V='0.005' U='PT' F='GUARD(0.36PT)'/><Cell N='LineColor' V='0' F='GUARD(0)'/><Cell N='LinePattern' V='1' F='GUARD(1)'/><Cell N='Rounding' V='0' F='GUARD(0)'/><Cell N='BeginArrow' V='0' F='GUARD(0)'/><Cell N='EndArrow' V='0' F='GUARD(0)'/><Cell N='LockCalcWH' V='1'/><Cell N='Copyright' V='Copyright (c) 2006 Microsoft Corporation.  All rights reserved.'/><Cell N='LayerMember' V='' F='No Formula'/><Cell N='FillGradientDir' V='10' F='GUARD(10)'/><Cell N='FillGradientEnabled' V='1' F='GUARD(TRUE)'/><Cell N='UseGroupGradient' V='0' F='GUARD(FALSE)'/><Cell N='QuickStyleVariation' V='4'/><Section N='FillGradient'><Row IX='0'><Cell N='GradientStopColor' V='0' F='THEMEVAL("FillColor",0)'/><Cell N='GradientStopColorTrans' V='0.6' F='THEMEVAL("FillTransparency",60%)'/><Cell N='GradientStopPosition' V='0' F='GUARD(0%)'/></Row><Row IX='1'><Cell N='GradientStopColor' V='#e7e4cd' F='THEMEVAL("FillColor2",RGB(231,228,205))'/><Cell N='GradientStopColorTrans' V='0.6' F='THEMEVAL("FillTransparencyBkgnd",60%)'/><Cell N='GradientStopPosition' V='1' F='GUARD(100%)'/></Row><Row IX='2' Del='1'/><Row IX='3' Del='1'/><Row IX='4' Del='1'/><Row IX='5' Del='1'/><Row IX='6' Del='1'/><Row IX='7' Del='1'/><Row IX='8' Del='1'/><Row IX='9' Del='1'/></Section><Section N='Geometry' IX='0'><Cell N='NoFill' V='1'/><Cell N='NoLine' V='0'/><Cell N='NoShow' V='0'/><Cell N='NoSnap' V='0'/><Cell N='NoQuickDrag' V='0' F='No Formula'/><Row T='MoveTo' IX='1'><Cell N='X' V='0.1794871794871781' U='IN' F='Width*1'/><Cell N='Y' V='0' U='IN' F='Height*0'/></Row><Row T='LineTo' IX='2'><Cell N='X' V='0.1794871794871781' U='IN' F='Width*1'/><Cell N='Y' V='0.0482737337341837' U='IN' F='Height*0.33734939759036'/></Row><Row T='EllipticalArcTo' IX='3'><Cell N='X' V='0' U='IN' F='Width*0'/><Cell N='Y' V='0.1430971392834737' U='IN' F='Height*1'/><Cell N='A' V='0.0861538461538455' U='IN' F='Width*0.48'/><Cell N='B' V='0.08603068976199227' U='IN' F='Height*0.60120481927711'/><Cell N='C' V='0' U='DA'/><Cell N='D' V='1.041071538678641' F='Width/Height*0.83'/></Row></Section></Shape></Shapes></Shape></Shapes></Shape></Shapes></MasterContents>