<?xml version='1.0' encoding='utf-8' ?>
<MasterContents xmlns='http://schemas.microsoft.com/office/visio/2012/main' xmlns:r='http://schemas.openxmlformats.org/officeDocument/2006/relationships' xml:space='preserve'><Shapes><Shape ID='5' Type='Group' LineStyle='44' FillStyle='44' TextStyle='44'><Cell N='PinX' V='0'/><Cell N='PinY' V='0'/><Cell N='Width' V='0.5'/><Cell N='Height' V='0.5'/><Cell N='LocPinX' V='0.25' F='Width*0.5'/><Cell N='LocPinY' V='0.25' F='Height*0.5'/><Cell N='Angle' V='0'/><Cell N='FlipX' V='0'/><Cell N='FlipY' V='0'/><Cell N='ResizeMode' V='0'/><Cell N='TxtPinX' V='0.25' F='Width*0.5'/><Cell N='TxtPinY' V='-0.150025' F='-TxtHeight*0.5'/><Cell N='TxtWidth' V='1' F='MAX(LEN(TheText),Width)'/><Cell N='TxtHeight' V='0.30005' F='TEXTHEIGHT(TheText,TxtWidth)'/><Cell N='TxtLocPinX' V='0.5' F='TxtWidth*0.5'/><Cell N='TxtLocPinY' V='0.150025' F='TxtHeight*0.5'/><Cell N='TxtAngle' V='0'/><Cell N='EventDblClick' V='0' F='OPENTEXTWIN()'/><Cell N='EventDrop' V='0' F='SETF(GetRef(HideText),FALSE)'/><Cell N='HideText' V='1'/><Cell N='SelectMode' V='0'/><Cell N='IsSnapTarget' V='0'/><Cell N='LockFormat' V='1'/><Cell N='LockGroup' V='1'/><Section N='User'><Row N='msvDisableCustomConnectionPoints'><Cell N='Value' V='True' U='STR'/><Cell N='Prompt' V=''/></Row></Section><Section N='Character'><Row IX='0'><Cell N='Size' V='0.125' U='PT'/></Row></Section><Section N='Connection'><Row T='Connection' IX='0'><Cell N='X' V='0.25' F='TxtPinX'/><Cell N='Y' V='-0.30005' F='IF(TEXTHEIGHT(TheText,TxtWidth)=0.15,0,-TEXTHEIGHT(TheText,TxtWidth))'/><Cell N='DirX' V='0'/><Cell N='DirY' V='0'/><Cell N='Type' V='0'/><Cell N='AutoGen' V='0'/><Cell N='Prompt' V='' F='No Formula'/></Row><Row T='Connection' IX='1'><Cell N='X' V='0.25' F='Width*0.5'/><Cell N='Y' V='0.5' F='Height*1'/><Cell N='DirX' V='0'/><Cell N='DirY' V='0'/><Cell N='Type' V='0'/><Cell N='AutoGen' V='0'/><Cell N='Prompt' V='' F='No Formula'/></Row><Row T='Connection' IX='2'><Cell N='X' V='0' F='Width*0'/><Cell N='Y' V='0.25' F='Height*0.5'/><Cell N='DirX' V='0'/><Cell N='DirY' V='0'/><Cell N='Type' V='0'/><Cell N='AutoGen' V='0'/><Cell N='Prompt' V='' F='No Formula'/></Row><Row T='Connection' IX='3'><Cell N='X' V='0.5' F='Width*1'/><Cell N='Y' V='0.25' F='Height*0.5'/><Cell N='DirX' V='0'/><Cell N='DirY' V='0'/><Cell N='Type' V='0'/><Cell N='AutoGen' V='0'/><Cell N='Prompt' V='' F='No Formula'/></Row></Section><Text><cp IX='0'/>AWS Direct Connect
</Text><Shapes><Shape ID='6' Type='Shape' LineStyle='44' FillStyle='44' TextStyle='44'><Cell N='PinX' V='0.25' F='Sheet.5!Width*0.5'/><Cell N='PinY' V='0.25' F='Sheet.5!Height*0.5'/><Cell N='Width' V='0.5' F='Sheet.5!Width*1'/><Cell N='Height' V='0.5' F='Sheet.5!Height*1'/><Cell N='LocPinX' V='0.25' F='Width*0.5'/><Cell N='LocPinY' V='0.25' F='Height*0.5'/><Cell N='Angle' V='0'/><Cell N='FlipX' V='0'/><Cell N='FlipY' V='0'/><Cell N='ResizeMode' V='0'/><Cell N='FillForegnd' V='#693cc5'/><Section N='User'><Row N='msvDisableCustomConnectionPoints'><Cell N='Value' V='1' U='BOOL'/><Cell N='Prompt' V=''/></Row></Section><Section N='Geometry' IX='0'><Cell N='NoFill' V='0'/><Cell N='NoLine' V='0'/><Cell N='NoShow' V='0'/><Cell N='NoSnap' V='0'/><Cell N='NoQuickDrag' V='0'/><Row T='RelMoveTo' IX='1'><Cell N='X' V='1'/><Cell N='Y' V='1'/></Row><Row T='RelLineTo' IX='2'><Cell N='X' V='0'/><Cell N='Y' V='1'/></Row><Row T='RelLineTo' IX='3'><Cell N='X' V='0'/><Cell N='Y' V='0'/></Row><Row T='RelLineTo' IX='4'><Cell N='X' V='1'/><Cell N='Y' V='0'/></Row><Row T='RelLineTo' IX='5'><Cell N='X' V='1'/><Cell N='Y' V='1'/></Row><Row T='RelLineTo' IX='6'><Cell N='X' V='1'/><Cell N='Y' V='1'/></Row></Section></Shape><Shape ID='7' Type='Shape' LineStyle='44' FillStyle='44' TextStyle='44'><Cell N='PinX' V='0.249796' F='Sheet.5!Width*0.499592'/><Cell N='PinY' V='0.310861333333335' F='Sheet.5!Height*0.62172266666667'/><Cell N='Width' V='0.333741333333335' F='Sheet.5!Width*0.66748266666667'/><Cell N='Height' V='0.215486666666665' F='Sheet.5!Height*0.43097333333333'/><Cell N='LocPinX' V='0.1668706666666675' F='Width*0.5'/><Cell N='LocPinY' V='0.1077433333333325' F='Height*0.5'/><Cell N='Angle' V='0'/><Cell N='FlipX' V='0'/><Cell N='FlipY' V='0'/><Cell N='ResizeMode' V='0'/><Cell N='FillForegnd' V='1'/><Section N='User'><Row N='msvDisableCustomConnectionPoints'><Cell N='Value' V='1' U='BOOL'/><Cell N='Prompt' V=''/></Row></Section><Section N='Geometry' IX='0'><Cell N='NoFill' V='0'/><Cell N='NoLine' V='0'/><Cell N='NoShow' V='0'/><Cell N='NoSnap' V='0'/><Cell N='NoQuickDrag' V='0'/><Row T='RelMoveTo' IX='1'><Cell N='X' V='0.8002445007311052'/><Cell N='Y' V='0.00130866565603432'/></Row><Row T='RelLineTo' IX='2'><Cell N='X' V='0.6604156512428786'/><Cell N='Y' V='0.00130866565603432'/></Row><Row T='RelLineTo' IX='3'><Cell N='X' V='0.6604156512428786'/><Cell N='Y' V='0.06318411038579326'/></Row><Row T='RelLineTo' IX='4'><Cell N='X' V='0.8002445007311052'/><Cell N='Y' V='0.06318411038579326'/></Row><Row T='RelCubBezTo' IX='5'><Cell N='X' V='0.9600489001462209'/><Cell N='Y' V='0.2921232558859015'/><Cell N='A' V='0.8483855760549087'/><Cell N='B' V='0.06318411038579326'/><Cell N='C' V='0.9600489001462209'/><Cell N='D' V='0.08545927048850652'/></Row><Row T='RelCubBezTo' IX='6'><Cell N='X' V='0.8202200506579946'/><Cell N='Y' V='0.522609287504254'/><Cell N='A' V='0.9600489001462209'/><Cell N='B' V='0.4158741453454196'/><Cell N='C' V='0.9131063578180307'/><Cell N='D' V='0.4935278284812673'/></Row><Row T='RelCubBezTo' IX='7'><Cell N='X' V='0.8091056546786734'/><Cell N='Y' V='0.5326300157782385'/><Cell N='A' V='0.8159033343187938'/><Cell N='B' V='0.5239612659715992'/><Cell N='C' V='0.8119961167530941'/><Cell N='D' V='0.527485072548959'/></Row><Row T='RelCubBezTo' IX='8'><Cell N='X' V='0.8042396107164831'/><Cell N='Y' V='0.5510719920799431'/><Cell N='A' V='0.8062151926042525'/><Cell N='B' V='0.5377780527797544'/><Cell N='C' V='0.8045052855305106'/><Cell N='D' V='0.5442625993874333'/></Row><Row T='RelCubBezTo' IX='9'><Cell N='X' V='0.716946457535976'/><Cell N='Y' V='0.7147325433901558'/><Cell N='A' V='0.7996452342332984'/><Cell N='B' V='0.6717291093029731'/><Cell N='C' V='0.7543007358992594'/><Cell N='D' V='0.7147325433901558'/></Row><Row T='RelCubBezTo' IX='10'><Cell N='X' V='0.6804930764743954'/><Cell N='Y' V='0.7008941001763448'/><Cell N='A' V='0.7042699735523719'/><Cell N='B' V='0.7145407295114935'/><Cell N='C' V='0.691791247513044'/><Cell N='D' V='0.7098041642174304'/></Row><Row T='RelCubBezTo' IX='11'><Cell N='X' V='0.6518261647743163'/><Cell N='Y' V='0.6633759242644557'/><Cell N='A' V='0.6691969029907393'/><Cell N='B' V='0.6919840361352598'/><Cell N='C' V='0.6593829153116587'/><Cell N='D' V='0.679141787581598'/></Row><Row T='RelCubBezTo' IX='12'><Cell N='X' V='0.6434564093549496'/><Cell N='Y' V='0.6535315410079511'/><Cell N='A' V='0.6496548224972633'/><Cell N='B' V='0.6589951427775888'/><Cell N='C' V='0.6467643604228425'/><Cell N='D' V='0.6555950870896884'/></Row><Row T='RelCubBezTo' IX='13'><Cell N='X' V='0.633017186963157'/><Cell N='Y' V='0.6516288710825108'/><Cell N='A' V='0.6401484582870566'/><Cell N='B' V='0.651464901153977'/><Cell N='C' V='0.6365448690802457'/><Cell N='D' V='0.6508090214398417'/></Row><Row T='RelCubBezTo' IX='14'><Cell N='X' V='0.6234009572283525'/><Cell N='Y' V='0.6581969495405747'/><Cell N='A' V='0.6294915024010611'/><Cell N='B' V='0.6524518144974169'/><Cell N='C' V='0.6261715660032121'/><Cell N='D' V='0.6547195495467623'/></Row><Row T='RelCubBezTo' IX='15'><Cell N='X' V='0.6172684634007974'/><Cell N='Y' V='0.6714197320793244'/><Cell N='A' V='0.6206323460084857'/><Cell N='B' V='0.6616774433066238'/><Cell N='C' V='0.6185149377162355'/><Cell N='D' V='0.6662438511276799'/></Row><Row T='RelCubBezTo' IX='16'><Cell N='X' V='0.5547449921296334'/><Cell N='Y' V='0.8261083439037219'/><Cell N='A' V='0.6043562679280562'/><Cell N='B' V='0.7297187761037034'/><Cell N='C' V='0.5829644515113501'/><Cell N='D' V='0.7826439377533024'/></Row><Row T='RelCubBezTo' IX='17'><Cell N='X' V='0.4418192132829417'/><Cell N='Y' V='0.9238684528045044'/><Cell N='A' V='0.5241624251915656'/><Cell N='B' V='0.8752498221080967'/><Cell N='C' V='0.4848685209303811'/><Cell N='D' V='0.9092689416205178'/></Row><Row T='RelCubBezTo' IX='18'><Cell N='X' V='0.3128470751799797'/><Cell N='Y' V='0.908145902298673'/><Cell N='A' V='0.3987699056355021'/><Cell N='B' V='0.9384710577607275'/><Cell N='C' V='0.3538928351697522'/><Cell N='D' V='0.9329981746743806'/></Row><Row T='RelCubBezTo' IX='19'><Cell N='X' V='0.2111875064920537'/><Cell N='Y' V='0.7842248553661478'/><Cell N='A' V='0.2718033127451999'/><Cell N='B' V='0.8832967236952015'/><Cell N='C' V='0.2364286113796712'/><Cell N='D' V='0.8401757262630324'/></Row><Row T='RelCubBezTo' IX='20'><Cell N='X' V='0.1710146780340863'/><Cell N='Y' V='0.5937660489434768'/><Cell N='A' V='0.1859464016044361'/><Cell N='B' V='0.7282770782414999'/><Cell N='C' V='0.1719675117655989'/><Cell N='D' V='0.662002289391455'/></Row><Row T='RelCubBezTo' IX='21'><Cell N='X' V='0.1726127220282374'/><Cell N='Y' V='0.5520001237508893'/><Cell N='A' V='0.1710386486939985'/><Cell N='B' V='0.5798069486124431'/><Cell N='C' V='0.1715719958770465'/><Cell N='D' V='0.565863317142592'/></Row><Row T='RelCubBezTo' IX='22'><Cell N='X' V='0.1693107636253226'/><Cell N='Y' V='0.530560282152028'/><Cell N='A' V='0.1732479445159125'/><Cell N='B' V='0.5444667883550413'/><Cell N='C' V='0.1720733821802115'/><Cell N='D' V='0.536837546019862'/></Row><Row T='RelCubBezTo' IX='23'><Cell N='X' V='0.1576310595830702'/><Cell N='Y' V='0.5179686291495221'/><Cell N='A' V='0.1665481450704338'/><Cell N='B' V='0.5242830182841939'/><Cell N='C' V='0.1623912331306481'/><Cell N='D' V='0.5198032360857594'/></Row><Row T='RelCubBezTo' IX='24'><Cell N='X' V='0.0411736035093046'/><Cell N='Y' V='0.2949076508987408'/><Cell N='A' V='0.1142841162417201'/><Cell N='B' V='0.5015716362961359'/><Cell N='C' V='0.0411736035093046'/><Cell N='D' V='0.4495962627231382'/></Row><Row T='RelCubBezTo' IX='25'><Cell N='X' V='0.0411736035093046'/><Cell N='Y' V='0.2778919035980573'/><Cell N='A' V='0.0411736035093046'/><Cell N='B' V='0.2890294836494138'/><Cell N='C' V='0.0411736035093046'/><Cell N='D' V='0.2834606936237354'/></Row><Row T='RelCubBezTo' IX='26'><Cell N='X' V='0.09195145142345773'/><Cell N='Y' V='0.1227825387494972'/><Cell N='A' V='0.04471926362132751'/><Cell N='B' V='0.2180552547721438'/><Cell N='C' V='0.06288103361485539'/><Cell N='D' V='0.1625746372552052'/></Row><Row T='RelCubBezTo' IX='27'><Cell N='X' V='0.1975821594368493'/><Cell N='Y' V='0.06380286483309094'/><Cell N='A' V='0.1210218692320599'/><Cell N='B' V='0.08299044024378913'/><Cell N='C' V='0.1588056219187714'/><Cell N='D' V='0.06189400736317783'/></Row><Row T='RelLineTo' IX='28'><Cell N='X' V='0.3008557525588679'/><Cell N='Y' V='0.06380286483309094'/></Row><Row T='RelLineTo' IX='29'><Cell N='X' V='0.3008557525588679'/><Cell N='Y' V='0.001927420103332007'/></Row><Row T='RelLineTo' IX='30'><Cell N='X' V='0.1979816704353871'/><Cell N='Y' V='0.001927420103332007'/></Row><Row T='RelCubBezTo' IX='31'><Cell N='X' V='0.06485661550262478'/><Cell N='Y' V='0.07781765306438135'/><Cell N='A' V='0.1489816464647271'/><Cell N='B' V='0'/><Cell N='C' V='0.1013579378840299'/><Cell N='D' V='0.02715094514741823'/></Row><Row T='RelCubBezTo' IX='32'><Cell N='X' V='0.001622014654063407'/><Cell N='Y' V='0.2744887541379205'/><Cell N='A' V='0.02835529312121963'/><Cell N='B' V='0.1284843609813445'/><Cell N='C' V='0.005732982829017264'/><Cell N='D' V='0.1988398354113169'/></Row><Row T='RelCubBezTo' IX='33'><Cell N='X' V='0.001622014654063407'/><Cell N='Y' V='0.2949076508987408'/><Cell N='A' V='0.001622014654063407'/><Cell N='B' V='0.2812950530581939'/><Cell N='C' V='0.001622014654063407'/><Cell N='D' V='0.2881013519784674'/></Row><Row T='RelCubBezTo' IX='34'><Cell N='X' V='0.03538468914049205'/><Cell N='Y' V='0.4677195804844847'/><Cell N='A' V='0'/><Cell N='B' V='0.3567552516783715'/><Cell N='C' V='0.0118954399814627'/><Cell N='D' V='0.4176406892924542'/></Row><Row T='RelCubBezTo' IX='35'><Cell N='X' V='0.1310635781803073'/><Cell N='Y' V='0.5708721343934661'/><Cell N='A' V='0.05887593585451406'/><Cell N='B' V='0.5177984716765152'/><Cell N='C' V='0.09258467635614007'/><Cell N='D' V='0.5541410141385391'/></Row><Row T='RelCubBezTo' IX='36'><Cell N='X' V='0.1310635781803073'/><Cell N='Y' V='0.5937660489434768'/><Cell N='A' V='0.1310635781803073'/><Cell N='B' V='0.578297187761037'/><Cell N='C' V='0.1310635781803073'/><Cell N='D' V='0.5860316183522567'/></Row><Row T='RelCubBezTo' IX='37'><Cell N='X' V='0.1782737928775179'/><Cell N='Y' V='0.8178108467654611'/><Cell N='A' V='0.1322061796361254'/><Cell N='B' V='0.6740185007579741'/><Cell N='C' V='0.1486300767860139'/><Cell N='D' V='0.7519599047118153'/></Row><Row T='RelCubBezTo' IX='38'><Cell N='X' V='0.2976816376754852'/><Cell N='Y' V='0.9638925842279491'/><Cell N='A' V='0.2079155114140292'/><Cell N='B' V='0.8836586950468708'/><Cell N='C' V='0.2494566650419886'/><Cell N='D' V='0.9344800915756581'/></Row><Row T='RelCubBezTo' IX='39'><Cell N='X' V='0.4493420053854082'/><Cell N='Y' V='0.9831389413111409'/><Cell N='A' V='0.3459066103089818'/><Cell N='B' V='0.9933050768802401'/><Cell N='C' V='0.3986680303308749'/><Cell N='D' V='1'/></Row><Row T='RelCubBezTo' IX='40'><Cell N='X' V='0.5825110065280098'/><Cell N='Y' V='0.8691117779909042'/><Cell N='A' V='0.5000139828849489'/><Cell N='B' V='0.9662747888500448'/><Cell N='C' V='0.5463432758303837'/><Cell N='D' V='0.9266064412337964'/></Row><Row T='RelCubBezTo' IX='41'><Cell N='X' V='0.6424376563086783'/><Cell N='Y' V='0.7366983262692201'/><Cell N='A' V='0.6075144023714973'/><Cell N='B' V='0.8309779414039538'/><Cell N='C' V='0.627821546427173'/><Cell N='D' V='0.7861058688859327'/></Row><Row T='RelCubBezTo' IX='42'><Cell N='X' V='0.7165469465374381'/><Cell N='Y' V='0.7766079881199146'/><Cell N='A' V='0.6635498150264078'/><Cell N='B' V='0.7625003867215294'/><Cell N='C' V='0.6896518661158743'/><Cell N='D' V='0.7765584877641307'/></Row><Row T='RelCubBezTo' IX='43'><Cell N='X' V='0.842392911076842'/><Cell N='Y' V='0.5779878105373881'/><Cell N='A' V='0.7724784863327288'/><Cell N='B' V='0.7766079881199146'/><Cell N='C' V='0.8314063586170528'/><Cell N='D' V='0.7147325433901558'/></Row><Row T='RelCubBezTo' IX='44'><Cell N='X' V='0.9996004890014621'/><Cell N='Y' V='0.2921232558859015'/><Cell N='A' V='0.9438687047054405'/><Cell N='B' V='0.5393156575812889'/><Cell N='C' V='0.9996004890014621'/><Cell N='D' V='0.4384586826717817'/></Row><Row T='RelCubBezTo' IX='45'><Cell N='X' V='0.8002445007311052'/><Cell N='Y' V='0.00130866565603432'/><Cell N='A' V='1'/><Cell N='B' V='0.07834359434458428'/><Cell N='C' V='0.8967264068779814'/><Cell N='D' V='0.00130866565603432'/></Row><Row T='RelLineTo' IX='46'><Cell N='X' V='0.8002445007311052'/><Cell N='Y' V='0.00130866565603432'/></Row></Section></Shape><Shape ID='8' Type='Shape' LineStyle='44' FillStyle='44' TextStyle='44'><Cell N='PinX' V='0.243435' F='Sheet.5!Width*0.48687'/><Cell N='PinY' V='0.130148333333335' F='Sheet.5!Height*0.26029666666667'/><Cell N='Width' V='0.173832666666665' F='Sheet.5!Width*0.34766533333333'/><Cell N='Height' V='0.09349666666666499' F='Sheet.5!Height*0.18699333333333'/><Cell N='LocPinX' V='0.0869163333333325' F='Width*0.5'/><Cell N='LocPinY' V='0.0467483333333325' F='Height*0.5'/><Cell N='Angle' V='0'/><Cell N='FlipX' V='0'/><Cell N='FlipY' V='0'/><Cell N='ResizeMode' V='0'/><Cell N='FillForegnd' V='1'/><Section N='User'><Row N='msvDisableCustomConnectionPoints'><Cell N='Value' V='1' U='BOOL'/><Cell N='Prompt' V=''/></Row></Section><Section N='Geometry' IX='0'><Cell N='NoFill' V='0'/><Cell N='NoLine' V='0'/><Cell N='NoShow' V='0'/><Cell N='NoSnap' V='0'/><Cell N='NoQuickDrag' V='0'/><Row T='RelMoveTo' IX='1'><Cell N='X' V='0.89482222367104'/><Cell N='Y' V='0.4278227387785664'/></Row><Row T='RelLineTo' IX='2'><Cell N='X' V='0.8829333957177208'/><Cell N='Y' V='0.4278227387785664'/></Row><Row T='RelLineTo' IX='3'><Cell N='X' V='0.8829333957177208'/><Cell N='Y' V='0.8007415594138829'/></Row><Row T='RelCubBezTo' IX='4'><Cell N='X' V='0.8471671991071874'/><Cell N='Y' V='0.9433134871118399'/><Cell N='A' V='0.8815412523154452'/><Cell N='B' V='0.8551534814075374'/><Cell N='C' V='0.8686936479142778'/><Cell N='D' V='0.9063567328603519'/></Row><Row T='RelCubBezTo' IX='5'><Cell N='X' V='0.7678802219759231'/><Cell N='Y' V='0.9982530571499872'/><Cell N='A' V='0.8256407503000971'/><Cell N='B' V='0.9802631109843487'/><Cell N='C' V='0.7971650897990021'/><Cell N='D' V='1'/></Row><Row T='RelLineTo' IX='6'><Cell N='X' V='0.2321159429182854'/><Cell N='Y' V='0.9982530571499872'/></Row><Row T='RelCubBezTo' IX='7'><Cell N='X' V='0.1528289657870213'/><Cell N='Y' V='0.9433134871118399'/><Cell N='A' V='0.2028349102009978'/><Cell N='B' V='1'/><Cell N='C' V='0.1743554145941116'/><Cell N='D' V='0.9802631109843487'/></Row><Row T='RelCubBezTo' IX='8'><Cell N='X' V='0.1170627691764877'/><Cell N='Y' V='0.8007415594138829'/><Cell N='A' V='0.1313063520857222'/><Cell N='B' V='0.9063567328603519'/><Cell N='C' V='0.118458747684555'/><Cell N='D' V='0.8551534814075374'/></Row><Row T='RelLineTo' IX='9'><Cell N='X' V='0.1170627691764877'/><Cell N='Y' V='0.4278227387785664'/></Row><Row T='RelLineTo' IX='10'><Cell N='X' V='0.1051739412231686'/><Cell N='Y' V='0.4278227387785664'/></Row><Row T='RelCubBezTo' IX='11'><Cell N='X' V='0.0290164104176815'/><Cell N='Y' V='0.3559841705586655'/><Cell N='A' V='0.07569348300472875'/><Cell N='B' V='0.4234446860850656'/><Cell N='C' V='0.04832616807734643'/><Cell N='D' V='0.3976327141787584'/></Row><Row T='RelCubBezTo' IX='12'><Cell N='X' V='0.002009595434690151'/><Cell N='Y' V='0.2053549146137122'/><Cell N='A' V='0.00970281765222494'/><Cell N='B' V='0.3143356269385719'/><Cell N='C' V='0'/><Cell N='D' V='0.2602160504830833'/></Row><Row T='RelLineTo' IX='13'><Cell N='X' V='0.002009595434690151'/><Cell N='Y' V='3.7998292404013E-16'/></Row><Row T='RelLineTo' IX='14'><Cell N='X' V='0.07871171126255529'/><Cell N='Y' V='3.7998292404013E-16'/></Row><Row T='RelLineTo' IX='15'><Cell N='X' V='0.07871171126255529'/><Cell N='Y' V='0.2053549146137122'/></Row><Row T='RelCubBezTo' IX='16'><Cell N='X' V='0.1051739412231686'/><Cell N='Y' V='0.2852151591857108'/><Cell N='A' V='0.07871171126255529'/><Cell N='B' V='0.2509893400834255'/><Cell N='C' V='0.09290160269071031'/><Cell N='D' V='0.2852151591857108'/></Row><Row T='RelLineTo' IX='17'><Cell N='X' V='0.89482222367104'/><Cell N='Y' V='0.2852151591857108'/></Row><Row T='RelCubBezTo' IX='18'><Cell N='X' V='0.9212844536316533'/><Cell N='Y' V='0.2053549146137122'/><Cell N='A' V='0.9070945622034984'/><Cell N='B' V='0.2852151591857108'/><Cell N='C' V='0.9212844536316533'/><Cell N='D' V='0.2509893400834255'/></Row><Row T='RelLineTo' IX='19'><Cell N='X' V='0.9212844536316533'/><Cell N='Y' V='3.7998292404013E-16'/></Row><Row T='RelLineTo' IX='20'><Cell N='X' V='0.9979865694595186'/><Cell N='Y' V='3.7998292404013E-16'/></Row><Row T='RelLineTo' IX='21'><Cell N='X' V='0.9979865694595186'/><Cell N='Y' V='0.2053549146137122'/></Row><Row T='RelCubBezTo' IX='22'><Cell N='X' V='0.9709835895823186'/><Cell N='Y' V='0.3559841705586655'/><Cell N='A' V='1'/><Cell N='B' V='0.2602160504830833'/><Cell N='C' V='0.9902971823477753'/><Cell N='D' V='0.3143356269385719'/></Row><Row T='RelCubBezTo' IX='23'><Cell N='X' V='0.89482222367104'/><Cell N='Y' V='0.4278227387785664'/><Cell N='A' V='0.9516699968168619'/><Cell N='B' V='0.3976327141787584'/><Cell N='C' V='0.9243065169952713'/><Cell N='D' V='0.4234446860850656'/></Row><Row T='RelLineTo' IX='24'><Cell N='X' V='0.89482222367104'/><Cell N='Y' V='0.4278227387785664'/></Row><Row T='RelLineTo' IX='25'><Cell N='X' V='0.89482222367104'/><Cell N='Y' V='0.4278227387785664'/></Row></Section><Section N='Geometry' IX='1'><Cell N='NoFill' V='0'/><Cell N='NoLine' V='0'/><Cell N='NoShow' V='0'/><Cell N='NoSnap' V='0'/><Cell N='NoQuickDrag' V='0'/><Row T='RelMoveTo' IX='1'><Cell N='X' V='0.1926143532669348'/><Cell N='Y' V='0.8007415594138829'/></Row><Row T='RelCubBezTo' IX='2'><Cell N='X' V='0.2309654111808674'/><Cell N='Y' V='0.8556454775571325'/><Cell N='A' V='0.1926143532669348'/><Cell N='B' V='0.8306891511283827'/><Cell N='C' V='0.2106393504864831'/><Cell N='D' V='0.8556454775571325'/></Row><Row T='RelLineTo' IX='3'><Cell N='X' V='0.7667296902385051'/><Cell N='Y' V='0.8556454775571325'/></Row><Row T='RelCubBezTo' IX='4'><Cell N='X' V='0.8050807481524378'/><Cell N='Y' V='0.8007415594138829'/><Cell N='A' V='0.7882062826703075'/><Cell N='B' V='0.8556454775571325'/><Cell N='C' V='0.8050807481524378'/><Cell N='D' V='0.8306891511283827'/></Row><Row T='RelLineTo' IX='5'><Cell N='X' V='0.8050807481524378'/><Cell N='Y' V='0.4278227387785664'/></Row><Row T='RelLineTo' IX='6'><Cell N='X' V='0.1914638215295169'/><Cell N='Y' V='0.4278227387785664'/></Row><Row T='RelLineTo' IX='7'><Cell N='X' V='0.1926143532669348'/><Cell N='Y' V='0.8007415594138829'/></Row><Row T='RelLineTo' IX='8'><Cell N='X' V='0.1926143532669348'/><Cell N='Y' V='0.8007415594138829'/></Row></Section></Shape><Shape ID='9' Type='Shape' LineStyle='44' FillStyle='44' TextStyle='44'><Cell N='PinX' V='0.203332333333335' F='Sheet.5!Width*0.40666466666667'/><Cell N='PinY' V='0.240066666666665' F='Sheet.5!Height*0.48013333333333'/><Cell N='Width' V='0.054388666666665' F='Sheet.5!Width*0.10877733333333'/><Cell N='Height' V='0.113333333333335' F='Sheet.5!Height*0.22666666666667'/><Cell N='LocPinX' V='0.0271943333333325' F='Width*0.5'/><Cell N='LocPinY' V='0.0566666666666675' F='Height*0.5'/><Cell N='Angle' V='0'/><Cell N='FlipX' V='0'/><Cell N='FlipY' V='0'/><Cell N='ResizeMode' V='0'/><Cell N='FillForegnd' V='1'/><Section N='User'><Row N='msvDisableCustomConnectionPoints'><Cell N='Value' V='1' U='BOOL'/><Cell N='Prompt' V=''/></Row></Section><Section N='Geometry' IX='0'><Cell N='NoFill' V='0'/><Cell N='NoLine' V='0'/><Cell N='NoShow' V='0'/><Cell N='NoSnap' V='0'/><Cell N='NoQuickDrag' V='0'/><Row T='RelMoveTo' IX='1'><Cell N='X' V='0.4999938712722014'/><Cell N='Y' V='1'/></Row><Row T='RelCubBezTo' IX='2'><Cell N='X' V='0.1767647671696311'/><Cell N='Y' V='0.941035294117647'/><Cell N='A' V='0.3809004326881824'/><Cell N='B' V='0.9998352941176469'/><Cell N='C' V='0.2660113013740614'/><Cell N='D' V='0.9788764705882354'/></Row><Row T='RelCubBezTo' IX='3'><Cell N='X' V='0.01500312565117764'/><Cell N='Y' V='0.7943647058823532'/><Cell N='A' V='0.08751823296520092'/><Cell N='B' V='0.9032'/><Cell N='C' V='0.03001850875795239'/><Cell N='D' V='0.8510647058823526'/></Row><Row T='RelCubBezTo' IX='4'><Cell N='X' V='0.09519140016915269'/><Cell N='Y' V='0.6329411764705883'/><Cell N='A' V='0'/><Cell N='B' V='0.7376705882352944'/><Cell N='C' V='0.02849858426387871'/><Cell N='D' V='0.6802941176470591'/></Row><Row T='RelCubBezTo' IX='5'><Cell N='X' V='0.3774193152985308'/><Cell N='Y' V='0.5370588235294119'/><Cell N='A' V='0.1618842160744273'/><Cell N='B' V='0.5855941176470589'/><Cell N='C' V='0.2621992326832797'/><Cell N='D' V='0.5515117647058824'/></Row><Row T='RelLineTo' IX='6'><Cell N='X' V='0.3774193152985308'/><Cell N='Y' V='0'/></Row><Row T='RelLineTo' IX='7'><Cell N='X' V='0.6225684272458726'/><Cell N='Y' V='0'/></Row><Row T='RelLineTo' IX='8'><Cell N='X' V='0.6225684272458726'/><Cell N='Y' V='0.5370588235294119'/></Row><Row T='RelCubBezTo' IX='9'><Cell N='X' V='0.9048085998308472'/><Cell N='Y' V='0.6329411764705883'/><Cell N='A' V='0.737788509861123'/><Cell N='B' V='0.5515117647058824'/><Cell N='C' V='0.8381157839255725'/><Cell N='D' V='0.5855941176470589'/></Row><Row T='RelCubBezTo' IX='10'><Cell N='X' V='0.984984616893225'/><Cell N='Y' V='0.7943647058823532'/><Cell N='A' V='0.9714891582805246'/><Cell N='B' V='0.6802941176470591'/><Cell N='C' V='1'/><Cell N='D' V='0.7376705882352944'/></Row><Row T='RelCubBezTo' IX='11'><Cell N='X' V='0.8232229753747722'/><Cell N='Y' V='0.941035294117647'/><Cell N='A' V='0.969969233786451'/><Cell N='B' V='0.8510647058823526'/><Cell N='C' V='0.9124695095792018'/><Cell N='D' V='0.9032'/></Row><Row T='RelCubBezTo' IX='12'><Cell N='X' V='0.4999938712722014'/><Cell N='Y' V='1'/><Cell N='A' V='0.7339764411703427'/><Cell N='B' V='0.9788764705882354'/><Cell N='C' V='0.6190873098562204'/><Cell N='D' V='0.9998352941176469'/></Row><Row T='RelLineTo' IX='13'><Cell N='X' V='0.4999938712722014'/><Cell N='Y' V='1'/></Row></Section><Section N='Geometry' IX='1'><Cell N='NoFill' V='0'/><Cell N='NoLine' V='0'/><Cell N='NoShow' V='0'/><Cell N='NoSnap' V='0'/><Cell N='NoQuickDrag' V='0'/><Row T='RelMoveTo' IX='1'><Cell N='X' V='0.4999938712722014'/><Cell N='Y' V='0.6470588235294116'/></Row><Row T='RelCubBezTo' IX='2'><Cell N='X' V='0.3638012821298559'/><Cell N='Y' V='0.6668882352941173'/><Cell N='A' V='0.4515156343846147'/><Cell N='B' V='0.6470588235294116'/><Cell N='C' V='0.4041160535895962'/><Cell N='D' V='0.6539588235294117'/></Row><Row T='RelCubBezTo' IX='3'><Cell N='X' V='0.2735128641996495'/><Cell N='Y' V='0.7196823529411764'/><Cell N='A' V='0.323486510670115'/><Cell N='B' V='0.6798117647058822'/><Cell N='C' V='0.2920583945184663'/><Cell N='D' V='0.6981882352941176'/></Row><Row T='RelCubBezTo' IX='4'><Cell N='X' V='0.2595516222742487'/><Cell N='Y' V='0.7876588235294116'/><Cell N='A' V='0.2549550764252356'/><Cell N='B' V='0.7411823529411767'/><Cell N='C' V='0.2501011240086785'/><Cell N='D' V='0.764835294117647'/></Row><Row T='RelCubBezTo' IX='5'><Cell N='X' V='0.3266489342142362'/><Cell N='Y' V='0.8478941176470586'/><Cell N='A' V='0.2690143779954161'/><Cell N='B' V='0.8104823529411767'/><Cell N='C' V='0.2923648309084002'/><Cell N='D' V='0.8314411764705882'/></Row><Row T='RelCubBezTo' IX='6'><Cell N='X' V='0.4521652795312752'/><Cell N='Y' V='0.8800941176470589'/><Cell N='A' V='0.3609330375200722'/><Cell N='B' V='0.8643470588235293'/><Cell N='C' V='0.4046186092690879'/><Cell N='D' V='0.8755529411764704'/></Row><Row T='RelCubBezTo' IX='7'><Cell N='X' V='0.593812436414449'/><Cell N='Y' V='0.8734'/><Cell N='A' V='0.4997242072490595'/><Cell N='B' V='0.8846294117647058'/><Cell N='C' V='0.5490114362060725'/><Cell N='D' V='0.8823'/></Row><Row T='RelCubBezTo' IX='8'><Cell N='X' V='0.7038353578564158'/><Cell N='Y' V='0.8300647058823527'/><Cell N='A' V='0.6386011791672286'/><Cell N='B' V='0.8644941176470589'/><Cell N='C' V='0.6768934704534034'/><Cell N='D' V='0.8494117647058823'/></Row><Row T='RelCubBezTo' IX='9'><Cell N='X' V='0.7451429832195438'/><Cell N='Y' V='0.7647058823529411'/><Cell N='A' V='0.7307649878038317'/><Cell N='B' V='0.8107235294117644'/><Cell N='C' V='0.7451429832195438'/><Cell N='D' V='0.7879764705882354'/></Row><Row T='RelCubBezTo' IX='10'><Cell N='X' V='0.6733388083301672'/><Cell N='Y' V='0.6815176470588233'/><Cell N='A' V='0.7451429832195438'/><Cell N='B' V='0.7335058823529411'/><Cell N='C' V='0.719316524275891'/><Cell N='D' V='0.7035823529411764'/></Row><Row T='RelCubBezTo' IX='11'><Cell N='X' V='0.4999938712722014'/><Cell N='Y' V='0.6470588235294116'/><Cell N='A' V='0.6273733498400406'/><Cell N='B' V='0.6594529411764705'/><Cell N='C' V='0.5650196732162343'/><Cell N='D' V='0.6470588235294116'/></Row><Row T='RelLineTo' IX='12'><Cell N='X' V='0.4999938712722014'/><Cell N='Y' V='0.6470588235294116'/></Row></Section></Shape><Shape ID='10' Type='Shape' LineStyle='44' FillStyle='44' TextStyle='44'><Cell N='PinX' V='0.242978' F='Sheet.5!Width*0.485956'/><Cell N='PinY' V='0.2634' F='Sheet.5!Height*0.5268'/><Cell N='Width' V='0.054156' F='Sheet.5!Width*0.108312'/><Cell N='Height' V='0.16' F='Sheet.5!Height*0.32'/><Cell N='LocPinX' V='0.027078' F='Width*0.5'/><Cell N='LocPinY' V='0.08' F='Height*0.5'/><Cell N='Angle' V='0'/><Cell N='FlipX' V='0'/><Cell N='FlipY' V='0'/><Cell N='ResizeMode' V='0'/><Cell N='FillForegnd' V='1'/><Section N='User'><Row N='msvDisableCustomConnectionPoints'><Cell N='Value' V='1' U='BOOL'/><Cell N='Prompt' V=''/></Row></Section><Section N='Geometry' IX='0'><Cell N='NoFill' V='0'/><Cell N='NoLine' V='0'/><Cell N='NoShow' V='0'/><Cell N='NoSnap' V='0'/><Cell N='NoQuickDrag' V='0'/><Row T='RelMoveTo' IX='1'><Cell N='X' V='0.4992121525469634'/><Cell N='Y' V='1'/></Row><Row T='RelCubBezTo' IX='2'><Cell N='X' V='0.1747544131767493'/><Cell N='Y' V='0.9575333333333331'/><Cell N='A' V='0.3793977891030853'/><Cell N='B' V='0.999675'/><Cell N='C' V='0.2640396878154468'/><Cell N='D' V='0.9845791666666663'/></Row><Row T='RelCubBezTo' IX='3'><Cell N='X' V='0.01419356427111881'/><Cell N='Y' V='0.8530791666666664'/><Cell N='A' V='0.08546913853805122'/><Cell N='B' V='0.9304875'/><Cell N='C' V='0.02838712854223632'/><Cell N='D' V='0.89335'/></Row><Row T='RelCubBezTo' IX='4'><Cell N='X' V='0.09765615382721564'/><Cell N='Y' V='0.738775'/><Cell N='A' V='0'/><Cell N='B' V='0.8128125'/><Cell N='C' V='0.02967969076987526'/><Cell N='D' V='0.7721708333333333'/></Row><Row T='RelCubBezTo' IX='5'><Cell N='X' V='0.3834970578821682'/><Cell N='Y' V='0.6716666666666664'/><Cell N='A' V='0.1656449270010101'/><Cell N='B' V='0.7053791666666665'/><Cell N='C' V='0.2672649383263168'/><Cell N='D' V='0.6815208333333331'/></Row><Row T='RelLineTo' IX='6'><Cell N='X' V='0.3834970578821682'/><Cell N='Y' V='-2.2204460492503E-16'/></Row><Row T='RelLineTo' IX='7'><Cell N='X' V='0.629699386956201'/><Cell N='Y' V='-2.2204460492503E-16'/></Row><Row T='RelLineTo' IX='8'><Cell N='X' V='0.629699386956201'/><Cell N='Y' V='0.6729166666666666'/></Row><Row T='RelCubBezTo' IX='9'><Cell N='X' V='0.9077726075288671'/><Cell N='Y' V='0.7418666666666667'/><Cell N='A' V='0.7439003372971904'/><Cell N='B' V='0.6838083333333331'/><Cell N='C' V='0.8426520914887858'/><Cell N='D' V='0.7082916666666665'/></Row><Row T='RelCubBezTo' IX='10'><Cell N='X' V='0.9841199497747243'/><Cell N='Y' V='0.8556416666666666'/><Cell N='A' V='0.9728931235689496'/><Cell N='B' V='0.7754375'/><Cell N='C' V='1'/><Cell N='D' V='0.8158416666666666'/></Row><Row T='RelCubBezTo' IX='11'><Cell N='X' V='0.8213432799074281'/><Cell N='Y' V='0.9584833333333331'/><Cell N='A' V='0.9682522096659036'/><Cell N='B' V='0.8954416666666667'/><Cell N='C' V='0.9104439027993211'/><Cell N='D' V='0.9319625'/></Row><Row T='RelCubBezTo' IX='12'><Cell N='X' V='0.4992121525469634'/><Cell N='Y' V='1'/><Cell N='A' V='0.7322549671319891'/><Cell N='B' V='0.985008333333333'/><Cell N='C' V='0.6178570549277398'/><Cell N='D' V='0.99975'/></Row><Row T='RelLineTo' IX='13'><Cell N='X' V='0.4992121525469634'/><Cell N='Y' V='1'/></Row></Section><Section N='Geometry' IX='1'><Cell N='NoFill' V='0'/><Cell N='NoLine' V='0'/><Cell N='NoShow' V='0'/><Cell N='NoSnap' V='0'/><Cell N='NoQuickDrag' V='0'/><Row T='RelMoveTo' IX='1'><Cell N='X' V='0.4992121525469634'/><Cell N='Y' V='0.75'/></Row><Row T='RelCubBezTo' IX='2'><Cell N='X' V='0.36242213851343'/><Cell N='Y' V='0.7640458333333333'/><Cell N='A' V='0.4505133318561195'/><Cell N='B' V='0.75'/><Cell N='C' V='0.4029101115296553'/><Cell N='D' V='0.7548875'/></Row><Row T='RelCubBezTo' IX='3'><Cell N='X' V='0.2717458207154647'/><Cell N='Y' V='0.8014416666666664'/><Cell N='A' V='0.3219341654972061'/><Cell N='B' V='0.7732'/><Cell N='C' V='0.2903833370263684'/><Cell N='D' V='0.7862166666666666'/></Row><Row T='RelCubBezTo' IX='4'><Cell N='X' V='0.2577369081911522'/><Cell N='Y' V='0.8495916666666665'/><Cell N='A' V='0.2531083044045597'/><Cell N='B' V='0.8166708333333332'/><Cell N='C' V='0.248233498288894'/><Cell N='D' V='0.833425'/></Row><Row T='RelCubBezTo' IX='5'><Cell N='X' V='0.3251224856587144'/><Cell N='Y' V='0.8922583333333334'/><Cell N='A' V='0.2672403180934099'/><Cell N='B' V='0.865758333333333'/><Cell N='C' V='0.2906787798212572'/><Cell N='D' V='0.8806041666666666'/></Row><Row T='RelCubBezTo' IX='6'><Cell N='X' V='0.4511780781446198'/><Cell N='Y' V='0.9150666666666663'/><Cell N='A' V='0.3595538813797181'/><Cell N='B' V='0.9039125'/><Cell N='C' V='0.4034148263042574'/><Cell N='D' V='0.91185'/></Row><Row T='RelCubBezTo' IX='7'><Cell N='X' V='0.5934214737671417'/><Cell N='Y' V='0.910325'/><Cell N='A' V='0.4989290198685287'/><Cell N='B' V='0.9182833333333331'/><Cell N='C' V='0.5484403082453164'/><Cell N='D' V='0.9166291666666666'/></Row><Row T='RelCubBezTo' IX='8'><Cell N='X' V='0.703917079055568'/><Cell N='Y' V='0.8796291666666667'/><Cell N='A' V='0.6384149494054218'/><Cell N='B' V='0.9040166666666663'/><Cell N='C' V='0.6768594430903323'/><Cell N='D' V='0.8933333333333331'/></Row><Row T='RelCubBezTo' IX='9'><Cell N='X' V='0.7454144816209961'/><Cell N='Y' V='0.8333333333333333'/><Cell N='A' V='0.7309747150208044'/><Cell N='B' V='0.8659291666666666'/><Cell N='C' V='0.7454144816209961'/><Cell N='D' V='0.8498166666666664'/></Row><Row T='RelCubBezTo' IX='10'><Cell N='X' V='0.6733018194352125'/><Cell N='Y' V='0.7744083333333331'/><Cell N='A' V='0.7454144816209961'/><Cell N='B' V='0.8112333333333333'/><Cell N='C' V='0.7194770662530464'/><Cell N='D' V='0.7900375'/></Row><Row T='RelCubBezTo' IX='11'><Cell N='X' V='0.4992121525469634'/><Cell N='Y' V='0.75'/><Cell N='A' V='0.6271265726173771'/><Cell N='B' V='0.7587791666666666'/><Cell N='C' V='0.564505010217397'/><Cell N='D' V='0.75'/></Row><Row T='RelLineTo' IX='12'><Cell N='X' V='0.4992121525469634'/><Cell N='Y' V='0.75'/></Row></Section></Shape><Shape ID='11' Type='Shape' LineStyle='44' FillStyle='44' TextStyle='44'><Cell N='PinX' V='0.283332333333335' F='Sheet.5!Width*0.56666466666667'/><Cell N='PinY' V='0.240066666666665' F='Sheet.5!Height*0.48013333333333'/><Cell N='Width' V='0.054388666666665' F='Sheet.5!Width*0.10877733333333'/><Cell N='Height' V='0.113333333333335' F='Sheet.5!Height*0.22666666666667'/><Cell N='LocPinX' V='0.0271943333333325' F='Width*0.5'/><Cell N='LocPinY' V='0.0566666666666675' F='Height*0.5'/><Cell N='Angle' V='0'/><Cell N='FlipX' V='0'/><Cell N='FlipY' V='0'/><Cell N='ResizeMode' V='0'/><Cell N='FillForegnd' V='1'/><Section N='User'><Row N='msvDisableCustomConnectionPoints'><Cell N='Value' V='1' U='BOOL'/><Cell N='Prompt' V=''/></Row></Section><Section N='Geometry' IX='0'><Cell N='NoFill' V='0'/><Cell N='NoLine' V='0'/><Cell N='NoShow' V='0'/><Cell N='NoSnap' V='0'/><Cell N='NoQuickDrag' V='0'/><Row T='RelMoveTo' IX='1'><Cell N='X' V='0.4999938712722011'/><Cell N='Y' V='1'/></Row><Row T='RelCubBezTo' IX='2'><Cell N='X' V='0.176764767169631'/><Cell N='Y' V='0.941035294117647'/><Cell N='A' V='0.3809004326881822'/><Cell N='B' V='0.9998352941176469'/><Cell N='C' V='0.2660113013740606'/><Cell N='D' V='0.9788764705882354'/></Row><Row T='RelCubBezTo' IX='3'><Cell N='X' V='0.01500312565117763'/><Cell N='Y' V='0.7943647058823532'/><Cell N='A' V='0.08751823296520153'/><Cell N='B' V='0.9032'/><Cell N='C' V='0.03001850875795172'/><Cell N='D' V='0.8510647058823526'/></Row><Row T='RelCubBezTo' IX='4'><Cell N='X' V='0.09519140016915265'/><Cell N='Y' V='0.6329411764705883'/><Cell N='A' V='0'/><Cell N='B' V='0.7376705882352944'/><Cell N='C' V='0.0284985842638787'/><Cell N='D' V='0.6802941176470591'/></Row><Row T='RelCubBezTo' IX='5'><Cell N='X' V='0.3774193152985306'/><Cell N='Y' V='0.5370588235294119'/><Cell N='A' V='0.1618842160744272'/><Cell N='B' V='0.5855941176470589'/><Cell N='C' V='0.2621992326832802'/><Cell N='D' V='0.5515117647058824'/></Row><Row T='RelLineTo' IX='6'><Cell N='X' V='0.3774193152985306'/><Cell N='Y' V='0'/></Row><Row T='RelLineTo' IX='7'><Cell N='X' V='0.6225684272458723'/><Cell N='Y' V='0'/></Row><Row T='RelLineTo' IX='8'><Cell N='X' V='0.6225684272458723'/><Cell N='Y' V='0.5370588235294119'/></Row><Row T='RelCubBezTo' IX='9'><Cell N='X' V='0.9048085998308467'/><Cell N='Y' V='0.6329411764705883'/><Cell N='A' V='0.7377885098611227'/><Cell N='B' V='0.5515117647058824'/><Cell N='C' V='0.8381157839255721'/><Cell N='D' V='0.5855941176470589'/></Row><Row T='RelCubBezTo' IX='10'><Cell N='X' V='0.9849846168932246'/><Cell N='Y' V='0.7943647058823532'/><Cell N='A' V='0.9714891582805242'/><Cell N='B' V='0.6802941176470591'/><Cell N='C' V='1'/><Cell N='D' V='0.7376705882352944'/></Row><Row T='RelCubBezTo' IX='11'><Cell N='X' V='0.8232229753747719'/><Cell N='Y' V='0.941035294117647'/><Cell N='A' V='0.9699692337864505'/><Cell N='B' V='0.8510647058823526'/><Cell N='C' V='0.9124695095792014'/><Cell N='D' V='0.9032'/></Row><Row T='RelCubBezTo' IX='12'><Cell N='X' V='0.4999938712722011'/><Cell N='Y' V='1'/><Cell N='A' V='0.7339764411703423'/><Cell N='B' V='0.9788764705882354'/><Cell N='C' V='0.6190873098562201'/><Cell N='D' V='0.9998352941176469'/></Row><Row T='RelLineTo' IX='13'><Cell N='X' V='0.4999938712722011'/><Cell N='Y' V='1'/></Row><Row T='RelLineTo' IX='14'><Cell N='X' V='0.4999938712722011'/><Cell N='Y' V='1'/></Row></Section><Section N='Geometry' IX='1'><Cell N='NoFill' V='0'/><Cell N='NoLine' V='0'/><Cell N='NoShow' V='0'/><Cell N='NoSnap' V='0'/><Cell N='NoQuickDrag' V='0'/><Row T='RelMoveTo' IX='1'><Cell N='X' V='0.4999938712722011'/><Cell N='Y' V='0.6470588235294116'/></Row><Row T='RelCubBezTo' IX='2'><Cell N='X' V='0.3638012821298557'/><Cell N='Y' V='0.6668882352941173'/><Cell N='A' V='0.4515156343846145'/><Cell N='B' V='0.6470588235294116'/><Cell N='C' V='0.4041160535895953'/><Cell N='D' V='0.6539588235294117'/></Row><Row T='RelCubBezTo' IX='3'><Cell N='X' V='0.2735128641996494'/><Cell N='Y' V='0.7196823529411764'/><Cell N='A' V='0.3234865106701155'/><Cell N='B' V='0.6798117647058822'/><Cell N='C' V='0.2920583945184661'/><Cell N='D' V='0.6981882352941176'/></Row><Row T='RelCubBezTo' IX='4'><Cell N='X' V='0.2595516222742486'/><Cell N='Y' V='0.7876588235294116'/><Cell N='A' V='0.2549550764252362'/><Cell N='B' V='0.7411823529411767'/><Cell N='C' V='0.2501011240086783'/><Cell N='D' V='0.764835294117647'/></Row><Row T='RelCubBezTo' IX='5'><Cell N='X' V='0.326648934214236'/><Cell N='Y' V='0.8478941176470586'/><Cell N='A' V='0.2690143779954159'/><Cell N='B' V='0.8104823529411767'/><Cell N='C' V='0.2923648309084'/><Cell N='D' V='0.8314411764705882'/></Row><Row T='RelCubBezTo' IX='6'><Cell N='X' V='0.4521652795312749'/><Cell N='Y' V='0.8800941176470589'/><Cell N='A' V='0.3609330375200713'/><Cell N='B' V='0.8643470588235293'/><Cell N='C' V='0.4046186092690877'/><Cell N='D' V='0.8755529411764704'/></Row><Row T='RelCubBezTo' IX='7'><Cell N='X' V='0.5938124364144488'/><Cell N='Y' V='0.8734'/><Cell N='A' V='0.4997242072490592'/><Cell N='B' V='0.8846294117647058'/><Cell N='C' V='0.5490114362060728'/><Cell N='D' V='0.8823'/></Row><Row T='RelCubBezTo' IX='8'><Cell N='X' V='0.7038353578564155'/><Cell N='Y' V='0.8300647058823527'/><Cell N='A' V='0.6386011791672283'/><Cell N='B' V='0.8644941176470589'/><Cell N='C' V='0.6768934704534031'/><Cell N='D' V='0.8494117647058823'/></Row><Row T='RelCubBezTo' IX='9'><Cell N='X' V='0.7451429832195434'/><Cell N='Y' V='0.7647058823529411'/><Cell N='A' V='0.7307649878038314'/><Cell N='B' V='0.8107235294117644'/><Cell N='C' V='0.7451429832195434'/><Cell N='D' V='0.7879764705882354'/></Row><Row T='RelCubBezTo' IX='10'><Cell N='X' V='0.6733388083301669'/><Cell N='Y' V='0.6815176470588233'/><Cell N='A' V='0.7451429832195434'/><Cell N='B' V='0.7335058823529411'/><Cell N='C' V='0.7193165242758906'/><Cell N='D' V='0.7035823529411764'/></Row><Row T='RelCubBezTo' IX='11'><Cell N='X' V='0.4999938712722011'/><Cell N='Y' V='0.6470588235294116'/><Cell N='A' V='0.6273733498400402'/><Cell N='B' V='0.6594529411764705'/><Cell N='C' V='0.5650196732162334'/><Cell N='D' V='0.6470588235294116'/></Row><Row T='RelLineTo' IX='12'><Cell N='X' V='0.4999938712722011'/><Cell N='Y' V='0.6470588235294116'/></Row></Section></Shape></Shapes></Shape></Shapes></MasterContents>