<?xml version='1.0' encoding='utf-8' ?>
<MasterContents xmlns='http://schemas.microsoft.com/office/visio/2012/main' xmlns:r='http://schemas.openxmlformats.org/officeDocument/2006/relationships' xml:space='preserve'><Shapes><Shape ID='5' Type='Shape' LineStyle='17' FillStyle='18' TextStyle='18'><Cell N='PinX' V='0.52'/><Cell N='PinY' V='0.395'/><Cell N='Width' V='1'/><Cell N='Height' V='0.75'/><Cell N='LocPinX' V='0.5' F='Width*0.5'/><Cell N='LocPinY' V='0.375' F='Height*0.5'/><Cell N='Angle' V='0'/><Cell N='FlipX' V='0'/><Cell N='FlipY' V='0'/><Cell N='ResizeMode' V='0'/><Cell N='EventDblClick' V='0' F='OPENTEXTWIN()'/><Cell N='HelpTopic' V='Shape.hlp!#11025'/><Cell N='Copyright' V='Copyright © 1997 Visio Corporation.  All rights reserved.'/><Cell N='LayerMember' V='0'/><Cell N='ObjType' V='1'/><Section N='Connection'><Row T='Connection' IX='0'><Cell N='X' V='0'/><Cell N='Y' V='0.375' F='LocPinY'/><Cell N='DirX' V='0' F='No Formula'/><Cell N='DirY' V='0' F='No Formula'/><Cell N='Type' V='0' F='No Formula'/><Cell N='AutoGen' V='0' F='No Formula'/><Cell N='Prompt' V='' F='No Formula'/></Row><Row T='Connection' IX='1'><Cell N='X' V='0.352941' F='Width*0.352941'/><Cell N='Y' V='0.75' F='Height*1'/><Cell N='DirX' V='0' F='No Formula'/><Cell N='DirY' V='0' F='No Formula'/><Cell N='Type' V='0' F='No Formula'/><Cell N='AutoGen' V='0' F='No Formula'/><Cell N='Prompt' V='' F='No Formula'/></Row><Row T='Connection' IX='2'><Cell N='X' V='0.6471' F='Width*0.6471'/><Cell N='Y' V='0.75' F='Height*1'/><Cell N='DirX' V='0' F='No Formula'/><Cell N='DirY' V='0' F='No Formula'/><Cell N='Type' V='0' F='No Formula'/><Cell N='AutoGen' V='0' F='No Formula'/><Cell N='Prompt' V='' F='No Formula'/></Row><Row T='Connection' IX='3'><Cell N='X' V='0.352941' F='Width*0.352941'/><Cell N='Y' V='0'/><Cell N='DirX' V='0' F='No Formula'/><Cell N='DirY' V='0' F='No Formula'/><Cell N='Type' V='0' F='No Formula'/><Cell N='AutoGen' V='0' F='No Formula'/><Cell N='Prompt' V='' F='No Formula'/></Row><Row T='Connection' IX='4'><Cell N='X' V='0.647059' F='Width*0.647059'/><Cell N='Y' V='0'/><Cell N='DirX' V='0' F='No Formula'/><Cell N='DirY' V='0' F='No Formula'/><Cell N='Type' V='0' F='No Formula'/><Cell N='AutoGen' V='0' F='No Formula'/><Cell N='Prompt' V='' F='No Formula'/></Row><Row T='Connection' IX='5'><Cell N='X' V='1' F='Width*1'/><Cell N='Y' V='0.375' F='LocPinY'/><Cell N='DirX' V='0' F='No Formula'/><Cell N='DirY' V='0' F='No Formula'/><Cell N='Type' V='0' F='No Formula'/><Cell N='AutoGen' V='0' F='No Formula'/><Cell N='Prompt' V='' F='No Formula'/></Row></Section><Section N='Actions'><Row N='Row_1'><Cell N='Menu' V='%Properties'/><Cell N='Action' V='0' F='DOCMD(1312)'/><Cell N='Checked' V='0'/><Cell N='Disabled' V='0'/><Cell N='ReadOnly' V='0' F='No Formula'/><Cell N='Invisible' V='0' F='No Formula'/><Cell N='BeginGroup' V='0' F='No Formula'/><Cell N='FlyoutChild' V='0' F='No Formula'/><Cell N='TagName' V='' F='No Formula'/><Cell N='ButtonFace' V='' F='No Formula'/><Cell N='SortKey' V='' F='No Formula'/></Row></Section><Section N='Property'><Row N='SubType'><Cell N='Value' V='Cloud' U='STR'/><Cell N='Prompt' V='Enter network type.'/><Cell N='Label' V='Network Type'/><Cell N='Format' V='' F='No Formula'/><Cell N='SortKey' V='1' F='1'/><Cell N='Type' V='0'/><Cell N='Invisible' V='0' F='No Formula'/><Cell N='Verify' V='0' F='No Formula'/><Cell N='DataLinked' V='0' F='No Formula'/><Cell N='LangID' V='en-US'/><Cell N='Calendar' V='0' F='No Formula'/></Row><Row N='ID'><Cell N='Value' V='0' F='No Formula'/><Cell N='Prompt' V='Enter inventory ID number.'/><Cell N='Label' V='ID'/><Cell N='Format' V='' F='No Formula'/><Cell N='SortKey' V='2' F='2'/><Cell N='Type' V='0'/><Cell N='Invisible' V='0' F='No Formula'/><Cell N='Verify' V='0' F='No Formula'/><Cell N='DataLinked' V='0' F='No Formula'/><Cell N='LangID' V='en-US'/><Cell N='Calendar' V='0' F='No Formula'/></Row><Row N='Location'><Cell N='Value' V='0' F='No Formula'/><Cell N='Prompt' V='Enter location of network.'/><Cell N='Label' V='Location'/><Cell N='Format' V='' F='No Formula'/><Cell N='SortKey' V='3' F='3'/><Cell N='Type' V='0'/><Cell N='Invisible' V='0' F='No Formula'/><Cell N='Verify' V='0' F='No Formula'/><Cell N='DataLinked' V='0' F='No Formula'/><Cell N='LangID' V='en-US'/><Cell N='Calendar' V='0' F='No Formula'/></Row><Row N='Manufacturer'><Cell N='Value' V='0' F='No Formula'/><Cell N='Prompt' V='Enter manufacturer name.'/><Cell N='Label' V='Manufacturer'/><Cell N='Format' V='' F='No Formula'/><Cell N='SortKey' V='4' F='4'/><Cell N='Type' V='0'/><Cell N='Invisible' V='0' F='No Formula'/><Cell N='Verify' V='0' F='No Formula'/><Cell N='DataLinked' V='0' F='No Formula'/><Cell N='LangID' V='en-US'/><Cell N='Calendar' V='0' F='No Formula'/></Row><Row N='ProductName'><Cell N='Value' V='0' F='No Formula'/><Cell N='Prompt' V='Enter product name.'/><Cell N='Label' V='Product Name'/><Cell N='Format' V='' F='No Formula'/><Cell N='SortKey' V='5' F='5'/><Cell N='Type' V='0'/><Cell N='Invisible' V='0' F='No Formula'/><Cell N='Verify' V='0' F='No Formula'/><Cell N='DataLinked' V='0' F='No Formula'/><Cell N='LangID' V='en-US'/><Cell N='Calendar' V='0' F='No Formula'/></Row><Row N='ModelNumber'><Cell N='Value' V='0' F='No Formula'/><Cell N='Prompt' V='Enter product model number.'/><Cell N='Label' V='Model Number'/><Cell N='Format' V='' F='No Formula'/><Cell N='SortKey' V='6' F='6'/><Cell N='Type' V='0'/><Cell N='Invisible' V='0' F='No Formula'/><Cell N='Verify' V='0' F='No Formula'/><Cell N='DataLinked' V='0' F='No Formula'/><Cell N='LangID' V='en-US'/><Cell N='Calendar' V='0' F='No Formula'/></Row><Row N='Description'><Cell N='Value' V='0' F='No Formula'/><Cell N='Prompt' V='Enter description of this network.'/><Cell N='Label' V='Description'/><Cell N='Format' V='' F='No Formula'/><Cell N='SortKey' V='7' F='7'/><Cell N='Type' V='0'/><Cell N='Invisible' V='0' F='No Formula'/><Cell N='Verify' V='0' F='No Formula'/><Cell N='DataLinked' V='0' F='No Formula'/><Cell N='LangID' V='en-US'/><Cell N='Calendar' V='0' F='No Formula'/></Row></Section><Section N='Geometry' IX='0'><Cell N='NoFill' V='0'/><Cell N='NoLine' V='0' F='No Formula'/><Cell N='NoShow' V='0' F='No Formula'/><Cell N='NoSnap' V='0' F='No Formula'/><Cell N='NoQuickDrag' V='0' F='No Formula'/><Row T='MoveTo' IX='1'><Cell N='X' V='0.1470588235294116' F='Width*0.14705882352941'/><Cell N='Y' V='0.1934539056465298' F='Height*0.25793854086204'/></Row><Row T='EllipticalArcTo' IX='2'><Cell N='X' V='0.4999999999999994' F='Width*0.5'/><Cell N='Y' V='0.08226571882507758' F='Height*0.1096876251001'/><Cell N='A' V='0.307313931514185' U='DL' F='Width*0.30731393151419'/><Cell N='B' V='0.007118183171772768' U='DL' F='Height*0.009490910895697'/><Cell N='C' V='0' U='DA'/><Cell N='D' V='0.6274509803921613' F='Width/Height*0.47058823529412'/></Row><Row T='EllipticalArcTo' IX='3'><Cell N='X' V='0.8529411764705882' F='Width*0.85294117647059'/><Cell N='Y' V='0.1934539056465298' F='Height*0.25793854086204'/><Cell N='A' V='0.6926860684858146' U='DL' F='Width*0.69268606848581'/><Cell N='B' V='0.00711818317177077' U='DL' F='Height*0.0094909108956944'/><Cell N='C' V='0' U='DA'/><Cell N='D' V='0.6274509803921613' F='Width/Height*0.47058823529412'/></Row><Row T='EllipticalArcTo' IX='4'><Cell N='X' V='1' F='Width*1'/><Cell N='Y' V='0.3750000000000013' F='Height*0.5'/><Cell N='A' V='0.9543967571406817' U='DL' F='Width*0.95439675714068'/><Cell N='B' V='0.2267682346796093' U='DL' F='Height*0.30235764623948'/><Cell N='C' V='0' U='DA'/><Cell N='D' V='0.6274509803921613' F='Width/Height*0.47058823529412'/></Row><Row T='EllipticalArcTo' IX='5'><Cell N='X' V='0.8529411764705882' F='Width*0.85294117647059'/><Cell N='Y' V='0.5565460943534729' F='Height*0.74206145913796'/><Cell N='A' V='0.9543967571406817' U='DL' F='Width*0.95439675714068'/><Cell N='B' V='0.5232317653203933' U='DL' F='Height*0.69764235376052'/><Cell N='C' V='0' U='DA'/><Cell N='D' V='0.6274509803921613' F='Width/Height*0.47058823529412'/></Row><Row T='EllipticalArcTo' IX='6'><Cell N='X' V='0.5' F='Width*0.5'/><Cell N='Y' V='0.6677342811749244' F='Height*0.8903123748999'/><Cell N='A' V='0.6926860684858144' U='DL' F='Width*0.69268606848581'/><Cell N='B' V='0.7428818168282286' U='DL' F='Height*0.9905090891043'/><Cell N='C' V='0' U='DA'/><Cell N='D' V='0.6274509803921613' F='Width/Height*0.47058823529412'/></Row><Row T='EllipticalArcTo' IX='7'><Cell N='X' V='0.1470588235294118' F='Width*0.14705882352941'/><Cell N='Y' V='0.5565460943534729' F='Height*0.74206145913796'/><Cell N='A' V='0.3073139315141856' U='DL' F='Width*0.30731393151419'/><Cell N='B' V='0.7428818168282293' U='DL' F='Height*0.99050908910431'/><Cell N='C' V='0' U='DA'/><Cell N='D' V='0.6274509803921613' F='Width/Height*0.47058823529412'/></Row><Row T='EllipticalArcTo' IX='8'><Cell N='X' V='0' F='Width*0'/><Cell N='Y' V='0.3750000000000013' F='Height*0.5'/><Cell N='A' V='0.04560324285931744' U='DL' F='Width*0.045603242859317'/><Cell N='B' V='0.5232317653203926' U='DL' F='Height*0.69764235376052'/><Cell N='C' V='0' U='DA'/><Cell N='D' V='0.6274509803921613' F='Width/Height*0.47058823529412'/></Row><Row T='EllipticalArcTo' IX='9'><Cell N='X' V='0.1470588235294116' F='Geometry1.X1'/><Cell N='Y' V='0.1934539056465298' F='Geometry1.Y1'/><Cell N='A' V='0.04560324285931879' U='DL' F='Width*0.045603242859319'/><Cell N='B' V='0.2267682346796087' U='DL' F='Height*0.30235764623948'/><Cell N='C' V='0' U='DA'/><Cell N='D' V='0.6274509803921613' F='Width/Height*0.47058823529412'/></Row></Section><Text>Cloud
</Text></Shape></Shapes></MasterContents>