<?xml version='1.0' encoding='utf-8' ?>
<MasterContents xmlns='http://schemas.microsoft.com/office/visio/2012/main' xmlns:r='http://schemas.openxmlformats.org/officeDocument/2006/relationships' xml:space='preserve'><Shapes><Shape ID='5' Type='Group' LineStyle='6' FillStyle='6' TextStyle='6'><Cell N='PinX' V='1' U='IN'/><Cell N='PinY' V='1' U='IN'/><Cell N='Width' V='0.625' U='IN'/><Cell N='Height' V='1.25' U='IN'/><Cell N='LocPinX' V='0.3125' U='IN' F='Width*0.5'/><Cell N='LocPinY' V='0.625' U='IN' F='Height*0.5'/><Cell N='Angle' V='0'/><Cell N='FlipX' V='0'/><Cell N='FlipY' V='0'/><Cell N='ResizeMode' V='0'/><Cell N='ObjType' V='8'/><Cell N='Comment' V='&lt;no master&gt;' F='INDEX(0,INDEX(0,MASTERNAME(),":"),".")'/><Cell N='EventDblClick' V='0' F='OPENTEXTWIN()'/><Cell N='TxtPinX' V='0.3125' U='IN' F='Controls.Row_1'/><Cell N='TxtPinY' V='-0.1' F='Controls.Row_1.Y'/><Cell N='TxtWidth' V='0' F='TEXTWIDTH(TheText)'/><Cell N='TxtHeight' V='0.2' F='TEXTHEIGHT(TheText,TxtWidth)'/><Cell N='TxtLocPinX' V='0' F='TxtWidth*0.5'/><Cell N='TxtLocPinY' V='0.1' F='TxtHeight*0.5'/><Cell N='TxtAngle' V='0' F='IF(BITXOR(FlipX,FlipY),1,-1)*Angle'/><Cell N='SelectMode' V='0'/><Cell N='HelpTopic' V='Vis_PRXY.chm!#55462'/><Cell N='Copyright' V='Copyright (c) 2012 Microsoft Corporation.  All rights reserved.'/><Cell N='LayerMember' V='' F='No Formula'/><Cell N='LockAspect' V='1'/><Cell N='LineColor' V='#373773' F='THEMEVAL("LineColor",RGB(55,55,115))'/><Cell N='FillForegnd' V='#c6d1e3' F='THEMEGUARD(IF(ISTHEMED(),SETATREFEXPR(THEMEVAL("AccentColor3")),SETATREFEXPR(RGB(198,209,227))))'/><Cell N='FillBkgnd' V='#4e8ec2' F='THEMEGUARD(IF(ISTHEMED(),SETATREFEXPR(TINT(THEMEVAL("AccentColor3"),20)),SETATREFEXPR(RGB(78,142,194))))'/><Cell N='ShdwForegnd' V='#dddddd' F='THEMEVAL("ShadowColor",RGB(221,221,221))'/><Cell N='QuickStyleVariation' V='6'/><Section N='User'><Row N='HasText'><Cell N='Value' V='0' U='BOOL' F='NOT(OR(HideText,STRSAME(SHAPETEXT(TheText),"")))'/><Cell N='Prompt' V='' F='No Formula'/></Row><Row N='ShapeClass'><Cell N='Value' V='5'/><Cell N='Prompt' V='' F='No Formula'/></Row><Row N='ShapeType'><Cell N='Value' V='22'/><Cell N='Prompt' V='' F='No Formula'/></Row><Row N='SolSH'><Cell N='Value' V='{BF0433D9-CD73-4EB5-8390-8653BE590246}' U='GUID'/><Cell N='Prompt' V='' F='No Formula'/></Row><Row N='visLegendShape'><Cell N='Value' V='2'/><Cell N='Prompt' V='' F='No Formula'/></Row><Row N='visVersion'><Cell N='Value' V='15'/><Cell N='Prompt' V=''/></Row></Section><Section N='Control'><Row N='Row_1'><Cell N='X' V='0.3125' U='IN' F='Width*0.5'/><Cell N='Y' V='-0.1' F='-TxtHeight*0.5'/><Cell N='XDyn' V='0.3125' U='IN' F='Controls.Row_1'/><Cell N='YDyn' V='-0.1' F='Controls.Row_1.Y'/><Cell N='XCon' V='2' F='(Controls.Row_1&gt;Width/2)*2+2'/><Cell N='YCon' V='7' F='(Controls.Row_1.Y&gt;Height/2)*2+2+5*NOT(User.HasText)'/><Cell N='CanGlue' V='1'/><Cell N='Prompt' V='Reposition Text'/></Row></Section><Section N='Connection'><Row T='Connection' N='Row_1'><Cell N='X' V='0.3125' U='IN' F='Width*0.5'/><Cell N='Y' V='0.625' U='IN' F='Height*0.5'/><Cell N='DirX' V='0'/><Cell N='DirY' V='0'/><Cell N='Type' V='0'/><Cell N='AutoGen' V='0'/><Cell N='Prompt' V='' F='No Formula'/></Row></Section><Section N='Property'><Row N='ShapeClass'><Cell N='Value' V='Equipment' U='STR'/><Cell N='Prompt' V='' F='No Formula'/><Cell N='Label' V='ShapeClass'/><Cell N='Format' V='' F='No Formula'/><Cell N='SortKey' V='' F='No Formula'/><Cell N='Type' V='0'/><Cell N='Invisible' V='1'/><Cell N='Verify' V='0'/><Cell N='DataLinked' V='0' F='No Formula'/><Cell N='LangID' V='en-US'/><Cell N='Calendar' V='0' F='No Formula'/></Row><Row N='ShapeType'><Cell N='Value' V='Screen' U='STR'/><Cell N='Prompt' V='' F='No Formula'/><Cell N='Label' V='ShapeType'/><Cell N='Format' V='' F='No Formula'/><Cell N='SortKey' V='' F='No Formula'/><Cell N='Type' V='0'/><Cell N='Invisible' V='1'/><Cell N='Verify' V='0'/><Cell N='DataLinked' V='0' F='No Formula'/><Cell N='LangID' V='en-US'/><Cell N='Calendar' V='0' F='No Formula'/></Row><Row N='Manufacturer'><Cell N='Value' V='0' F='No Formula'/><Cell N='Prompt' V='' F='No Formula'/><Cell N='Label' V='Manufacturer'/><Cell N='Format' V='' F='No Formula'/><Cell N='SortKey' V='Equipment'/><Cell N='Type' V='0'/><Cell N='Invisible' V='0'/><Cell N='Verify' V='0'/><Cell N='DataLinked' V='0' F='No Formula'/><Cell N='LangID' V='en-US'/><Cell N='Calendar' V='0' F='No Formula'/></Row><Row N='ProductNumber'><Cell N='Value' V='0' F='No Formula'/><Cell N='Prompt' V='' F='No Formula'/><Cell N='Label' V='Product Number'/><Cell N='Format' V='' F='No Formula'/><Cell N='SortKey' V='Equipment'/><Cell N='Type' V='0'/><Cell N='Invisible' V='0'/><Cell N='Verify' V='0'/><Cell N='DataLinked' V='0' F='No Formula'/><Cell N='LangID' V='en-US'/><Cell N='Calendar' V='0' F='No Formula'/></Row><Row N='PartNumber'><Cell N='Value' V='0' F='No Formula'/><Cell N='Prompt' V='' F='No Formula'/><Cell N='Label' V='Part Number'/><Cell N='Format' V='' F='No Formula'/><Cell N='SortKey' V='Equipment'/><Cell N='Type' V='0'/><Cell N='Invisible' V='0'/><Cell N='Verify' V='0'/><Cell N='DataLinked' V='0' F='No Formula'/><Cell N='LangID' V='en-US'/><Cell N='Calendar' V='0' F='No Formula'/></Row><Row N='ProductDescription'><Cell N='Value' V='0' F='No Formula'/><Cell N='Prompt' V='' F='No Formula'/><Cell N='Label' V='Product Description'/><Cell N='Format' V='' F='No Formula'/><Cell N='SortKey' V='Equipment'/><Cell N='Type' V='0'/><Cell N='Invisible' V='0'/><Cell N='Verify' V='0'/><Cell N='DataLinked' V='0' F='No Formula'/><Cell N='LangID' V='en-US'/><Cell N='Calendar' V='0' F='No Formula'/></Row><Row N='AssetNumber'><Cell N='Value' V='0' F='No Formula'/><Cell N='Prompt' V='' F='No Formula'/><Cell N='Label' V='Asset Number'/><Cell N='Format' V='' F='No Formula'/><Cell N='SortKey' V='Asset'/><Cell N='Type' V='0'/><Cell N='Invisible' V='0'/><Cell N='Verify' V='0'/><Cell N='DataLinked' V='0' F='No Formula'/><Cell N='LangID' V='en-US'/><Cell N='Calendar' V='0' F='No Formula'/></Row><Row N='SerialNumber'><Cell N='Value' V='0' F='No Formula'/><Cell N='Prompt' V='' F='No Formula'/><Cell N='Label' V='Serial Number'/><Cell N='Format' V='' F='No Formula'/><Cell N='SortKey' V='Asset'/><Cell N='Type' V='0'/><Cell N='Invisible' V='0'/><Cell N='Verify' V='0'/><Cell N='DataLinked' V='0' F='No Formula'/><Cell N='LangID' V='en-US'/><Cell N='Calendar' V='0' F='No Formula'/></Row><Row N='Location'><Cell N='Value' V='0' F='No Formula'/><Cell N='Prompt' V='' F='No Formula'/><Cell N='Label' V='Location'/><Cell N='Format' V='' F='No Formula'/><Cell N='SortKey' V='Asset'/><Cell N='Type' V='0'/><Cell N='Invisible' V='0'/><Cell N='Verify' V='0'/><Cell N='DataLinked' V='0' F='No Formula'/><Cell N='LangID' V='en-US'/><Cell N='Calendar' V='0' F='No Formula'/></Row><Row N='Building'><Cell N='Value' V='0' F='No Formula'/><Cell N='Prompt' V='' F='No Formula'/><Cell N='Label' V='Building'/><Cell N='Format' V='' F='No Formula'/><Cell N='SortKey' V='Asset'/><Cell N='Type' V='0'/><Cell N='Invisible' V='0'/><Cell N='Verify' V='0'/><Cell N='DataLinked' V='0' F='No Formula'/><Cell N='LangID' V='en-US'/><Cell N='Calendar' V='0' F='No Formula'/></Row><Row N='Room'><Cell N='Value' V='0' F='No Formula'/><Cell N='Prompt' V='' F='No Formula'/><Cell N='Label' V='Room'/><Cell N='Format' V='' F='No Formula'/><Cell N='SortKey' V='Asset'/><Cell N='Type' V='0'/><Cell N='Invisible' V='0'/><Cell N='Verify' V='0'/><Cell N='DataLinked' V='0' F='No Formula'/><Cell N='LangID' V='en-US'/><Cell N='Calendar' V='0' F='No Formula'/></Row></Section><Section N='Actions'><Row N='Properties'><Cell N='Menu' V='%_P&amp;roperties'/><Cell N='Action' V='0' F='RUNADDON("NETWORK SHAPE PROPERTIES")'/><Cell N='Checked' V='0'/><Cell N='Disabled' V='0'/><Cell N='ReadOnly' V='0'/><Cell N='Invisible' V='0'/><Cell N='BeginGroup' V='0'/><Cell N='FlyoutChild' V='0' F='No Formula'/><Cell N='TagName' V=''/><Cell N='ButtonFace' V=''/><Cell N='SortKey' V=''/></Row></Section><Section N='Character'><Row IX='0'><Cell N='Color' V='#000000' F='THEMEVAL("TextColor",RGB(0,0,0))'/></Row></Section><Shapes><Shape ID='6' Type='Shape' LineStyle='6' FillStyle='6' TextStyle='6'><Cell N='PinX' V='0.3124740272400845' U='IN' F='Width/2+-5.1945519821739E-5IN*DropOnPageScale'/><Cell N='PinY' V='0.5229165821061583' U='IN' F='Height/2+-8.4560510371645E-8IN*DropOnPageScale'/><Cell N='Width' V='0.6250519455198125' U='IN' F='Sheet.5!Width*1.0000831128317'/><Cell N='Height' V='1.045833333333337' U='IN' F='Sheet.5!Height*0.83666666666667'/><Cell N='LocPinX' V='0.3125259727599062' U='IN' F='Width*0.5'/><Cell N='LocPinY' V='0.5229166666666687' U='IN' F='Height*0.5'/><Cell N='Angle' V='0'/><Cell N='FlipX' V='0'/><Cell N='FlipY' V='0'/><Cell N='ResizeMode' V='0'/><Cell N='LineWeight' V='0.01' U='PT' F='GUARD(0.72PT)'/><Cell N='LineColor' V='#373773' F='GUARD(RGB(55,55,115))'/><Cell N='LinePattern' V='1' F='GUARD(1)'/><Cell N='Rounding' V='0' F='GUARD(0)'/><Cell N='BeginArrow' V='0' F='GUARD(0)'/><Cell N='EndArrow' V='0' F='GUARD(0)'/><Cell N='LineColorTrans' V='1' F='GUARD(100%)'/><Cell N='FillForegnd' V='6' F='GUARD(6)'/><Cell N='FillBkgnd' V='6' F='GUARD(6)'/><Cell N='FillPattern' V='1' F='GUARD(1)'/><Cell N='ShdwForegnd' V='#dddddd' F='THEMEVAL("ShadowColor",RGB(221,221,221))'/><Cell N='FillForegndTrans' V='1' F='GUARD(100%)'/><Cell N='FillBkgndTrans' V='1' F='GUARD(100%)'/><Cell N='DropOnPageScale' V='1' F='Sheet.5!DropOnPageScale'/><Cell N='Copyright' V='Copyright (c) 2012 Microsoft Corporation.  All rights reserved.'/><Cell N='FillGradientEnabled' V='0' F='GUARD(FALSE)'/><Section N='Character'><Row IX='0'><Cell N='Color' V='#000000' F='THEMEVAL("TextColor",RGB(0,0,0))'/></Row></Section><Section N='Geometry' IX='0'><Cell N='NoFill' V='0'/><Cell N='NoLine' V='0'/><Cell N='NoShow' V='0'/><Cell N='NoSnap' V='0'/><Cell N='NoQuickDrag' V='0' F='No Formula'/><Row T='MoveTo' IX='1'><Cell N='X' V='0.5747907569807771' U='IN' F='Width*0.91958878154161'/><Cell N='Y' V='0.01831945659143133' U='IN' F='Height*0.017516611880253'/></Row><Row T='EllipticalArcTo' IX='2'><Cell N='X' V='0.5768835324890206' U='IN' F='Width*0.92293694407953'/><Cell N='Y' V='0.008037034587080891' U='IN' F='Height*0.0076848139478064'/><Cell N='A' V='0.575335425366772' U='IN' F='Width*0.92046017853493'/><Cell N='B' V='0.01278659376205893' U='IN' F='Height*0.012226225111132'/><Cell N='C' V='-2.09439510239316' U='DA' F='_ELLIPSE_THETA(-2.0943951023932,1.6714752484643,0.62505194551982,1.0458333333333,Width,Height)'/><Cell N='D' V='1.67147524846434' F='_ELLIPSE_ECC(-2.0943951023932,1.6714752484643,0.62505194551982,1.0458333333333,Width,Height,Geometry1.C2)'/></Row><Row T='EllipticalArcTo' IX='3'><Cell N='X' V='0.5747907569807771' U='IN' F='Width*0.91958878154161'/><Cell N='Y' V='0.01831945659143133' U='IN' F='Height*0.017516611880253'/><Cell N='A' V='0.575195271496755' U='IN' F='Width*0.92023595097909'/><Cell N='B' V='0.01304608120155161' U='IN' F='Height*0.012474340591125'/><Cell N='C' V='0' U='DA' F='_ELLIPSE_THETA(-1.5578662107494,1,0.62505194551982,1.0458333333333,Width,Height)'/><Cell N='D' V='0.9999999999999522' F='_ELLIPSE_ECC(-1.5578662107494,1,0.62505194551982,1.0458333333333,Width,Height,Geometry1.C3)'/></Row></Section><Section N='Geometry' IX='1'><Cell N='NoFill' V='0'/><Cell N='NoLine' V='0'/><Cell N='NoShow' V='0'/><Cell N='NoSnap' V='0'/><Cell N='NoQuickDrag' V='0' F='No Formula'/><Row T='MoveTo' IX='1'><Cell N='X' V='0.5768835324890206' U='IN' F='Width*0.92293694407953'/><Cell N='Y' V='0.008037034587080891' U='IN' F='Height*0.0076848139478064'/></Row><Row T='EllipticalArcTo' IX='2'><Cell N='X' V='0.6125519455198121' U='IN' F='Width*0.98000166211849'/><Cell N='Y' V='0.0638232635128977' U='IN' F='Height*0.061026228060141'/><Cell N='A' V='0.6166353964495269' U='IN' F='Width*0.98653464063169'/><Cell N='B' V='0.01928559374169003' U='IN' F='Height*0.018440408358588'/><Cell N='C' V='-2.09439510239316' U='DA' F='_ELLIPSE_THETA(-2.0943951023932,1.6714752484643,0.62505194551982,1.0458333333333,Width,Height)'/><Cell N='D' V='1.67147524846434' F='_ELLIPSE_ECC(-2.0943951023932,1.6714752484643,0.62505194551982,1.0458333333333,Width,Height,Geometry2.C2)'/></Row><Row T='LineTo' IX='3'><Cell N='X' V='0.6125519455198121' U='IN' F='Width*0.98000166211849'/><Cell N='Y' V='0.7125000000000066' U='IN' F='Height*0.68127490039841'/></Row><Row T='LineTo' IX='4'><Cell N='X' V='0.03338527885315482' U='IN' F='Width*0.053412006941904'/><Cell N='Y' V='1.045833333333337' U='IN' F='Height*1'/></Row><Row T='LineTo' IX='5'><Cell N='X' V='0.03338527885315482' U='IN' F='Width*0.053412006941904'/><Cell N='Y' V='0.3958333333333323' U='IN' F='Height*0.37848605577689'/></Row><Row T='EllipticalArcTo' IX='6'><Cell N='X' V='0.01255194551982147' U='IN' F='Width*0.020081443806055'/><Cell N='Y' V='0.3291666666666641' U='IN' F='Height*0.31474103585657'/><Cell N='A' V='0.001568939379113947' U='IN' F='Width*0.0025100943855301'/><Cell N='B' V='0.366657132689944' U='IN' F='Height*0.35058849340871'/><Cell N='C' V='-1.293984450839725E-14' U='DA'/><Cell N='D' V='1.268328157299933' F='Width/Height*2.1221594045378'/></Row><Row T='LineTo' IX='7'><Cell N='X' V='0.5833852788531445' U='IN' F='Width*0.9333388737283'/><Cell N='Y' V='0' U='IN' F='Height*0'/></Row><Row T='EllipticalArcTo' IX='8'><Cell N='X' V='0.5768610791013173' U='IN' F='Width*0.92290102164482'/><Cell N='Y' V='0.008026399436655951' U='IN' F='Height*0.007674644879671'/><Cell N='A' V='0.5796389180804501' U='IN' F='Width*0.92734519464363'/><Cell N='B' V='0.003619571809884124' U='IN' F='Height*0.0034609451568613'/><Cell N='C' V='0' U='DA' F='_ELLIPSE_THETA(-1.5578662107494,1,0.62505194551982,1.0458333333333,Width,Height)'/><Cell N='D' V='0.9999999999999522' F='_ELLIPSE_ECC(-1.5578662107494,1,0.62505194551982,1.0458333333333,Width,Height,Geometry2.C8)'/></Row></Section><Section N='Geometry' IX='2'><Cell N='NoFill' V='0'/><Cell N='NoLine' V='0'/><Cell N='NoShow' V='0'/><Cell N='NoSnap' V='0'/><Cell N='NoQuickDrag' V='0' F='No Formula'/><Row T='MoveTo' IX='1'><Cell N='X' V='0.6001873574443823' U='IN' F='Width*0.96021996531064'/><Cell N='Y' V='0.06112002290403867' U='IN' F='Height*0.058441456163224'/></Row><Row T='EllipticalArcTo' IX='2'><Cell N='X' V='0.5969474669232665' U='IN' F='Width*0.95503657128341'/><Cell N='Y' V='0.0591804915465395' U='IN' F='Height*0.056586924187926'/><Cell N='A' V='0.5985645827287144' U='IN' F='Width*0.95762374154508'/><Cell N='B' V='0.06020914096815128' U='IN' F='Height*0.057570493356001'/><Cell N='C' V='-2.09439510239316' U='DA' F='_ELLIPSE_THETA(-2.0943951023932,1.6714752484643,0.62505194551982,1.0458333333333,Width,Height)'/><Cell N='D' V='1.67147524846434' F='_ELLIPSE_ECC(-2.0943951023932,1.6714752484643,0.62505194551982,1.0458333333333,Width,Height,Geometry3.C2)'/></Row><Row T='EllipticalArcTo' IX='3'><Cell N='X' V='0.6001873574443823' U='IN' F='Width*0.96021996531064'/><Cell N='Y' V='0.06112002290403867' U='IN' F='Height*0.058441456163224'/><Cell N='A' V='0.5985196338459397' U='IN' F='Width*0.95755182930947'/><Cell N='B' V='0.06023006855880334' U='IN' F='Height*0.057590503801246'/><Cell N='C' V='0' U='DA' F='_ELLIPSE_THETA(-1.7264652170656,1,0.62505194551982,1.0458333333333,Width,Height)'/><Cell N='D' V='0.9999999999999522' F='_ELLIPSE_ECC(-1.7264652170656,1,0.62505194551982,1.0458333333333,Width,Height,Geometry3.C3)'/></Row></Section></Shape><Shape ID='12' Type='Shape' LineStyle='6' FillStyle='6' TextStyle='6'><Cell N='PinX' V='0.3083333333333312' U='IN' F='Sheet.5!Width*0.49333333333333'/><Cell N='PinY' V='1.1' U='IN' F='Sheet.5!Height*0.88'/><Cell N='Width' V='0.03333333333333313' U='IN' F='Sheet.5!Width*0.053333333333333'/><Cell N='Height' V='0.075' U='IN' F='Sheet.5!Height*0.06'/><Cell N='LocPinX' V='0.01666666666666656' U='IN' F='Width*0.5'/><Cell N='LocPinY' V='0.0375' U='IN' F='Height*0.5'/><Cell N='Angle' V='0'/><Cell N='FlipX' V='0'/><Cell N='FlipY' V='0'/><Cell N='ResizeMode' V='0'/><Cell N='FillPattern' V='0' F='GUARD(0)'/><Cell N='ShdwPattern' V='0' F='GUARD(0)'/><Cell N='Copyright' V='Copyright (c) 2012 Microsoft Corporation.  All rights reserved.'/><Cell N='LayerMember' V='' F='No Formula'/><Cell N='LineWeight' V='0.01' U='PT' F='GUARD(0.72PT)'/><Cell N='LineColor' V='0' F='GUARD(0)'/><Cell N='LinePattern' V='1' F='GUARD(1)'/><Cell N='Rounding' V='0' F='GUARD(0)'/><Cell N='BeginArrow' V='0' F='GUARD(0)'/><Cell N='EndArrow' V='0' F='GUARD(0)'/><Cell N='FillGradientEnabled' V='0' F='GUARD(FALSE)'/><Cell N='QuickStyleVariation' V='4'/><Section N='Geometry' IX='0'><Cell N='NoFill' V='1'/><Cell N='NoLine' V='0'/><Cell N='NoShow' V='0'/><Cell N='NoSnap' V='0'/><Cell N='NoQuickDrag' V='0' F='No Formula'/><Row T='MoveTo' IX='1'><Cell N='X' V='0.03333333333333313' U='IN' F='Width*1'/><Cell N='Y' V='0' U='IN' F='Height*0'/></Row><Row T='LineTo' IX='2'><Cell N='X' V='0.02916666666666648' U='IN' F='Width*0.875'/><Cell N='Y' V='0.075' U='IN' F='Height*1'/></Row><Row T='LineTo' IX='3'><Cell N='X' V='0.01249999999999992' U='IN' F='Width*0.375'/><Cell N='Y' V='0.066666666666666' U='IN' F='Height*0.88888888888888'/></Row><Row T='LineTo' IX='4'><Cell N='X' V='0' U='IN' F='Width*0'/><Cell N='Y' V='0.039601485855123' U='IN' F='Height*0.52801981140164'/></Row></Section><Text/></Shape><Shape ID='15' Type='Shape' LineStyle='30' FillStyle='30' TextStyle='30'><Cell N='PinX' V='0.3229166666666688' U='IN' F='Sheet.5!Width*0.51666666666667'/><Cell N='PinY' V='0.7583333333333375' U='IN' F='Sheet.5!Height*0.60666666666667'/><Cell N='Width' V='0.5791666666666687' U='IN' F='Sheet.5!Width*0.92666666666667'/><Cell N='Height' V='0.9833333333333374' U='IN' F='Sheet.5!Height*0.78666666666667'/><Cell N='LocPinX' V='0.2895833333333344' U='IN' F='Width*0.5'/><Cell N='LocPinY' V='0.4916666666666687' U='IN' F='Height*0.5'/><Cell N='Angle' V='0'/><Cell N='FlipX' V='0'/><Cell N='FlipY' V='0'/><Cell N='ResizeMode' V='0'/><Cell N='LineWeight' V='0.01' U='PT' F='GUARD(0.72PT)'/><Cell N='LineColor' V='#000000' F='GUARD(RGB(0,0,0))'/><Cell N='LinePattern' V='1' F='GUARD(1)'/><Cell N='Rounding' V='0' F='GUARD(0)'/><Cell N='BeginArrow' V='0' F='GUARD(0)'/><Cell N='EndArrow' V='0' F='GUARD(0)'/><Cell N='FillPattern' V='32' F='GUARD(32)'/><Cell N='ShdwPattern' V='0' F='GUARD(0)'/><Cell N='Copyright' V='Copyright (c) 2012 Microsoft Corporation.  All rights reserved.'/><Cell N='LayerMember' V='' F='No Formula'/><Cell N='FillGradientDir' V='11' F='GUARD(11)'/><Cell N='FillGradientEnabled' V='1' F='GUARD(TRUE)'/><Cell N='UseGroupGradient' V='0' F='GUARD(FALSE)'/><Section N='Geometry' IX='0'><Cell N='NoFill' V='0'/><Cell N='NoLine' V='0'/><Cell N='NoShow' V='0'/><Cell N='NoSnap' V='0'/><Cell N='NoQuickDrag' V='0' F='No Formula'/><Row T='MoveTo' IX='1'><Cell N='X' V='0' U='IN' F='Width*0'/><Cell N='Y' V='0.333333333333337' U='IN' F='Height*0.33898305084746'/></Row><Row T='LineTo' IX='2'><Cell N='X' V='0.5791666666666687' U='IN' F='Width*1'/><Cell N='Y' V='0' U='IN' F='Height*0'/></Row><Row T='LineTo' IX='3'><Cell N='X' V='0.5791666666666687' U='IN' F='Width*1'/><Cell N='Y' V='0.65' U='IN' F='Height*0.66101694915254'/></Row><Row T='LineTo' IX='4'><Cell N='X' V='0' U='IN' F='Width*0'/><Cell N='Y' V='0.9833333333333374' U='IN' F='Height*1'/></Row><Row T='LineTo' IX='5'><Cell N='X' V='0' U='IN' F='Geometry1.X1'/><Cell N='Y' V='0.333333333333337' U='IN' F='Geometry1.Y1'/></Row></Section></Shape><Shape ID='17' Type='Shape' LineStyle='29' FillStyle='29' TextStyle='29'><Cell N='PinX' V='0.5998691561764687' U='IN' F='Sheet.5!Width*0.95979064988235'/><Cell N='PinY' V='0.2361453141325625' U='IN' F='Sheet.5!Height*0.18891625130605'/><Cell N='Width' V='0.04176228059145749' U='IN' F='Sheet.5!Width*0.066819648946332'/><Cell N='Height' V='0.06980461832804125' U='IN' F='Sheet.5!Height*0.055843694662433'/><Cell N='LocPinX' V='0.02088114029572875' U='IN' F='Width*0.5'/><Cell N='LocPinY' V='0.03490230916402062' U='IN' F='Height*0.5'/><Cell N='Angle' V='-0.5235987755983'/><Cell N='FlipX' V='0'/><Cell N='FlipY' V='0'/><Cell N='ResizeMode' V='0'/><Cell N='FillPattern' V='31' F='GUARD(31)'/><Cell N='ShdwPattern' V='0' F='GUARD(0)'/><Cell N='Copyright' V='Copyright (c) 2012 Microsoft Corporation.  All rights reserved.'/><Cell N='LayerMember' V='' F='No Formula'/><Cell N='LineWeight' V='0.01' U='PT' F='GUARD(0.72PT)'/><Cell N='LineColor' V='#ffffff' F='GUARD(RGB(255,255,255))'/><Cell N='LinePattern' V='1' F='GUARD(1)'/><Cell N='Rounding' V='0' F='GUARD(0)'/><Cell N='BeginArrow' V='0' F='GUARD(0)'/><Cell N='EndArrow' V='0' F='GUARD(0)'/><Cell N='FillGradientDir' V='12' F='GUARD(12)'/><Cell N='FillGradientEnabled' V='1' F='GUARD(TRUE)'/><Cell N='UseGroupGradient' V='0' F='GUARD(FALSE)'/><Section N='Geometry' IX='0'><Cell N='NoFill' V='0'/><Cell N='NoLine' V='0'/><Cell N='NoShow' V='0'/><Cell N='NoSnap' V='0'/><Cell N='NoQuickDrag' V='0' F='No Formula'/><Row T='Ellipse' IX='1'><Cell N='X' V='0.02088114029572875' U='IN' F='Width*0.5'/><Cell N='Y' V='0.03490230916402062' U='IN' F='Height*0.5'/><Cell N='A' V='0.04176228059145749' U='IN' F='Width*1'/><Cell N='B' V='0.03490230916402062' U='IN' F='Height*0.5'/><Cell N='C' V='0.02088114029572875' U='IN' F='Width*0.5'/><Cell N='D' V='0.06980461832804125' U='IN' F='Height*1'/></Row></Section></Shape><Shape ID='13' Type='Shape' LineStyle='30' FillStyle='30' TextStyle='30'><Cell N='PinX' V='0.3062240272400875' U='IN' F='Sheet.5!Width*0.48995844358414'/><Cell N='PinY' V='0.4020833333333375' U='IN' F='Sheet.5!Height*0.32166666666667'/><Cell N='Width' V='0.6125519455198187' U='IN' F='Sheet.5!Width*0.98008311283171'/><Cell N='Height' V='0.3958333333333375' U='IN' F='Sheet.5!Height*0.31666666666667'/><Cell N='LocPinX' V='0.3062759727599094' U='IN' F='Width*0.5'/><Cell N='LocPinY' V='0.1979166666666687' U='IN' F='Height*0.5'/><Cell N='Angle' V='0'/><Cell N='FlipX' V='0'/><Cell N='FlipY' V='0'/><Cell N='ResizeMode' V='0'/><Cell N='FillPattern' V='32' F='GUARD(32)'/><Cell N='ShdwPattern' V='0' F='GUARD(0)'/><Cell N='LineWeight' V='0.01' U='PT' F='GUARD(0.72PT)'/><Cell N='LineColor' V='#000000' F='GUARD(RGB(0,0,0))'/><Cell N='LinePattern' V='1' F='GUARD(1)'/><Cell N='Rounding' V='0' F='GUARD(0)'/><Cell N='BeginArrow' V='0' F='GUARD(0)'/><Cell N='EndArrow' V='0' F='GUARD(0)'/><Cell N='Copyright' V='Copyright (c) 2012 Microsoft Corporation.  All rights reserved.'/><Cell N='LayerMember' V='' F='No Formula'/><Cell N='FillGradientDir' V='11' F='GUARD(11)'/><Cell N='FillGradientEnabled' V='1' F='GUARD(TRUE)'/><Cell N='UseGroupGradient' V='0' F='GUARD(FALSE)'/><Section N='Geometry' IX='0'><Cell N='NoFill' V='0'/><Cell N='NoLine' V='0'/><Cell N='NoShow' V='0'/><Cell N='NoSnap' V='0'/><Cell N='NoQuickDrag' V='0' F='No Formula'/><Row T='MoveTo' IX='1'><Cell N='X' V='0.01255194551982183' U='IN' F='Width*0.020491234435914'/><Cell N='Y' V='0.3291666666666697' U='IN' F='Height*0.83157894736842'/></Row><Row T='LineTo' IX='2'><Cell N='X' V='0.5833852788531541' U='IN' F='Width*0.95238499056286'/><Cell N='Y' V='0' U='IN' F='Height*0'/></Row><Row T='EllipticalArcTo' IX='3'><Cell N='X' V='0.5750519455198161' U='IN' F='Width*0.93878070215224'/><Cell N='Y' V='0.02083333333333338' U='IN' F='Height*0.052631578947368'/><Cell N='A' V='0.5767186121864873' U='IN' F='Width*0.94150155983437'/><Cell N='B' V='0.008333333333333274' U='IN' F='Height*0.021052631578947'/><Cell N='C' V='0' U='DA' F='_ELLIPSE_THETA(-1.5563035920172,1,0.57878923986125,0.3740157480315,Width,Height)'/><Cell N='D' V='0.9999999999999933' F='_ELLIPSE_ECC(-1.5563035920172,1,0.57878923986125,0.3740157480315,Width,Height,Geometry1.C3)'/></Row><Row T='EllipticalArcTo' IX='4'><Cell N='X' V='0.595885278853155' U='IN' F='Width*0.97279142317878'/><Cell N='Y' V='0.05833333333333332' U='IN' F='Height*0.14736842105263'/><Cell N='A' V='0.5817186121864828' U='IN' F='Width*0.94966413288073'/><Cell N='B' V='0.04166666666666835' U='IN' F='Height*0.10526315789474'/><Cell N='C' V='0' U='DA' F='_ELLIPSE_THETA(-1.6903522646277,1,0.57878923986125,0.3740157480315,Width,Height)'/><Cell N='D' V='0.9999999999999933' F='_ELLIPSE_ECC(-1.6903522646277,1,0.57878923986125,0.3740157480315,Width,Height,Geometry1.C4)'/></Row><Row T='EllipticalArcTo' IX='5'><Cell N='X' V='0.6125519455198187' U='IN' F='Width*1'/><Cell N='Y' V='0.06250000000000253' U='IN' F='Height*0.15789473684211'/><Cell N='A' V='0.6042186121864869' U='IN' F='Width*0.98639571158939'/><Cell N='B' V='0.06250000000000253' U='IN' F='Height*0.15789473684211'/><Cell N='C' V='0' U='DA' F='_ELLIPSE_THETA(-1.7660687211354,1,0.57878923986125,0.3740157480315,Width,Height)'/><Cell N='D' V='0.9999999999999933' F='_ELLIPSE_ECC(-1.7660687211354,1,0.57878923986125,0.3740157480315,Width,Height,Geometry1.C5)'/></Row><Row T='LineTo' IX='6'><Cell N='X' V='0.0333852788531552' U='IN' F='Width*0.054501955462445'/><Cell N='Y' V='0.3958333333333375' U='IN' F='Height*1'/></Row><Row T='EllipticalArcTo' IX='7'><Cell N='X' V='0.01255194551982183' U='IN' F='Geometry1.X1'/><Cell N='Y' V='0.3291666666666697' U='IN' F='Geometry1.Y1'/><Cell N='A' V='5.194551982174125E-5' U='IN' F='Width*8.4801819995298E-5'/><Cell N='B' V='0.3583333333333383' U='IN' F='Height*0.90526315789474'/><Cell N='C' V='-1.293984450839725E-14' U='DA'/><Cell N='D' V='1.268328157299952' F='Width/Height*0.81959834743244'/></Row></Section></Shape><Shape ID='11' Type='Shape' LineStyle='30' FillStyle='30' TextStyle='30'><Cell N='PinX' V='0.3229166666666688' U='IN' F='Sheet.5!Width*0.51666666666667'/><Cell N='PinY' V='0.75' U='IN' F='Sheet.5!Height*0.6'/><Cell N='Width' V='0.5208333333333313' U='IN' F='Sheet.5!Width*0.83333333333333'/><Cell N='Height' V='0.875' U='IN' F='Sheet.5!Height*0.7'/><Cell N='LocPinX' V='0.2604166666666656' U='IN' F='Width*0.5'/><Cell N='LocPinY' V='0.4375' U='IN' F='Height*0.5'/><Cell N='Angle' V='0'/><Cell N='FlipX' V='0'/><Cell N='FlipY' V='0'/><Cell N='ResizeMode' V='0'/><Cell N='FillBkgnd' V='1' F='GUARD(1)'/><Cell N='FillPattern' V='32' F='GUARD(32)'/><Cell N='ShdwPattern' V='0' F='GUARD(0)'/><Cell N='Copyright' V='Copyright (c) 2012 Microsoft Corporation.  All rights reserved.'/><Cell N='LayerMember' V='' F='No Formula'/><Cell N='LineWeight' V='0.01' U='PT' F='GUARD(0.72PT)'/><Cell N='LineColor' V='#000000' F='GUARD(RGB(0,0,0))'/><Cell N='LinePattern' V='1' F='GUARD(1)'/><Cell N='Rounding' V='0' F='GUARD(0)'/><Cell N='BeginArrow' V='0' F='GUARD(0)'/><Cell N='EndArrow' V='0' F='GUARD(0)'/><Cell N='FillGradientDir' V='11' F='GUARD(11)'/><Cell N='FillGradientEnabled' V='1' F='GUARD(TRUE)'/><Cell N='UseGroupGradient' V='0' F='GUARD(FALSE)'/><Section N='FillGradient'><Row IX='1'><Cell N='GradientStopColor' V='1' F='GUARD(1)'/></Row></Section><Section N='Geometry' IX='0'><Cell N='NoFill' V='0'/><Cell N='NoLine' V='0'/><Cell N='NoShow' V='0'/><Cell N='NoSnap' V='0'/><Cell N='NoQuickDrag' V='0' F='No Formula'/><Row T='MoveTo' IX='1'><Cell N='X' V='0.5208333333333313' U='IN' F='Width*1'/><Cell N='Y' V='0.5854166666666675' U='IN' F='Height*0.66904761904762'/></Row><Row T='LineTo' IX='2'><Cell N='X' V='0' U='IN' F='Width*0'/><Cell N='Y' V='0.875' U='IN' F='Height*1'/></Row><Row T='LineTo' IX='3'><Cell N='X' V='0' U='IN' F='Width*0'/><Cell N='Y' V='0.2916666666666637' U='IN' F='Height*0.33333333333333'/></Row><Row T='LineTo' IX='4'><Cell N='X' V='0.5208333333333313' U='IN' F='Width*1'/><Cell N='Y' V='0' U='IN' F='Height*0'/></Row><Row T='LineTo' IX='5'><Cell N='X' V='0.5208333333333313' U='IN' F='Geometry1.X1'/><Cell N='Y' V='0.5854166666666675' U='IN' F='Geometry1.Y1'/></Row></Section></Shape><Shape ID='16' Type='Shape' LineStyle='30' FillStyle='30' TextStyle='30'><Cell N='PinX' V='0.3125' U='IN' F='Sheet.5!Width*0.5'/><Cell N='PinY' V='1.098967409594225' U='IN' F='Sheet.5!Height*0.87917392767538'/><Cell N='Width' V='0.04166666666666687' U='IN' F='Sheet.5!Width*0.066666666666667'/><Cell N='Height' V='0.04373184747821' U='IN' F='Sheet.5!Height*0.034985477982568'/><Cell N='LocPinX' V='0.02083333333333344' U='IN' F='Width*0.5'/><Cell N='LocPinY' V='0.021865923739105' U='IN' F='Height*0.5'/><Cell N='Angle' V='0'/><Cell N='FlipX' V='0'/><Cell N='FlipY' V='0'/><Cell N='ResizeMode' V='0'/><Cell N='FillPattern' V='32' F='GUARD(32)'/><Cell N='ShdwPattern' V='0' F='GUARD(0)'/><Cell N='Copyright' V='Copyright (c) 2012 Microsoft Corporation.  All rights reserved.'/><Cell N='LayerMember' V='' F='No Formula'/><Cell N='LineWeight' V='0.01' U='PT' F='GUARD(0.72PT)'/><Cell N='LineColor' V='#000000' F='GUARD(RGB(0,0,0))'/><Cell N='LinePattern' V='1' F='GUARD(1)'/><Cell N='Rounding' V='0' F='GUARD(0)'/><Cell N='BeginArrow' V='0' F='GUARD(0)'/><Cell N='EndArrow' V='0' F='GUARD(0)'/><Cell N='FillGradientDir' V='11' F='GUARD(11)'/><Cell N='FillGradientEnabled' V='1' F='GUARD(TRUE)'/><Cell N='UseGroupGradient' V='0' F='GUARD(FALSE)'/><Section N='Geometry' IX='0'><Cell N='NoFill' V='1'/><Cell N='NoLine' V='0'/><Cell N='NoShow' V='0'/><Cell N='NoSnap' V='0'/><Cell N='NoQuickDrag' V='0' F='No Formula'/><Row T='MoveTo' IX='1'><Cell N='X' V='0' U='IN' F='Width*0'/><Cell N='Y' V='0.02499999999999986' U='IN' F='Height*0.57166576400543'/></Row><Row T='LineTo' IX='2'><Cell N='X' V='0.04166666666666687' U='IN' F='Width*1'/><Cell N='Y' V='0' U='IN' F='Height*0'/></Row><Row T='LineTo' IX='3'><Cell N='X' V='0.04166666666666687' U='IN' F='Width*1'/><Cell N='Y' V='0.01666666666666643' U='IN' F='Height*0.38111050933695'/></Row><Row T='EllipticalArcTo' IX='4'><Cell N='X' V='0' U='IN' F='Width*0'/><Cell N='Y' V='0.04166666666666673' U='IN' F='Height*0.95277627334239'/><Cell N='A' V='0.01631528883979216' U='IN' F='Width*0.39156693215501'/><Cell N='B' V='0.04309933662893941' U='IN' F='Height*0.9855366080844'/><Cell N='C' V='-1.4810430357393' U='DA' F='_ELLIPSE_THETA(-1.4810430357393,1.1603763360267,0.039370078740157,0.041321430688072,Width,Height)'/><Cell N='D' V='1.160376336026693' F='_ELLIPSE_ECC(-1.4810430357393,1.1603763360267,0.039370078740157,0.041321430688072,Width,Height,Geometry1.C4)'/></Row><Row T='LineTo' IX='5'><Cell N='X' V='0' U='IN' F='Geometry1.X1'/><Cell N='Y' V='0.02499999999999986' U='IN' F='Geometry1.Y1'/></Row></Section></Shape><Shape ID='7' Type='Shape' LineStyle='30' FillStyle='30' TextStyle='30'><Cell N='PinX' V='0.2981023915847625' U='IN' F='Sheet.5!Width*0.47696382653562'/><Cell N='PinY' V='0.1583333333333375' U='IN' F='Sheet.5!Height*0.12666666666667'/><Cell N='Width' V='0.2365763409421813' U='IN' F='Sheet.5!Width*0.37852214550749'/><Cell N='Height' V='0.3' U='IN' F='Sheet.5!Height*0.24'/><Cell N='LocPinX' V='0.1182881704710906' U='IN' F='Width*0.5'/><Cell N='LocPinY' V='0.15' U='IN' F='Height*0.5'/><Cell N='Angle' V='0'/><Cell N='FlipX' V='0'/><Cell N='FlipY' V='0'/><Cell N='ResizeMode' V='0'/><Cell N='Copyright' V='Copyright (c) 2012 Microsoft Corporation.  All rights reserved.'/><Cell N='LayerMember' V='' F='No Formula'/><Cell N='FillPattern' V='32' F='GUARD(32)'/><Cell N='ShdwPattern' V='0' F='GUARD(0)'/><Cell N='LineWeight' V='0.01' U='PT' F='GUARD(0.72PT)'/><Cell N='LinePattern' V='1' F='GUARD(1)'/><Cell N='Rounding' V='0' F='GUARD(0)'/><Cell N='BeginArrow' V='0' F='GUARD(0)'/><Cell N='EndArrow' V='0' F='GUARD(0)'/><Cell N='FillGradientDir' V='11' F='GUARD(11)'/><Cell N='FillGradientEnabled' V='1' F='GUARD(TRUE)'/><Cell N='UseGroupGradient' V='0' F='GUARD(FALSE)'/><Section N='Geometry' IX='0'><Cell N='NoFill' V='1'/><Cell N='NoLine' V='0'/><Cell N='NoShow' V='0'/><Cell N='NoSnap' V='0'/><Cell N='NoQuickDrag' V='0' F='No Formula'/><Row T='MoveTo' IX='1'><Cell N='X' V='0.2365763409421813' U='IN' F='Width*1'/><Cell N='Y' V='0.197521875537741' U='IN' F='Height*0.65840625179247'/></Row><Row T='LineTo' IX='2'><Cell N='X' V='0.1333333333333306' U='IN' F='Width*0.56359538237138'/><Cell N='Y' V='0.3' U='IN' F='Height*1'/></Row><Row T='LineTo' IX='3'><Cell N='X' V='0' U='IN' F='Width*0'/><Cell N='Y' V='0.138635991365583' U='IN' F='Height*0.46211997121861'/></Row><Row T='MoveTo' IX='4'><Cell N='X' V='0.2249999999999969' U='IN' F='Width*0.95106720775171'/><Cell N='Y' V='0' U='IN' F='Height*0'/></Row><Row T='LineTo' IX='5'><Cell N='X' V='0.1333333333333306' U='IN' F='Width*0.56359538237138'/><Cell N='Y' V='0.3' U='IN' F='Height*1'/></Row><Row T='MoveTo' IX='6'><Cell N='X' V='0.04166666666666671' U='IN' F='Width*0.17612355699106'/><Cell N='Y' V='0.1875' U='IN' F='Height*0.625'/></Row><Row T='LineTo' IX='7'><Cell N='X' V='0.1333333333333306' U='IN' F='Width*0.56359538237138'/><Cell N='Y' V='0.225' U='IN' F='Height*0.75'/></Row><Row T='LineTo' IX='8'><Cell N='X' V='0.1999999999999983' U='IN' F='Width*0.84539307355708'/><Cell N='Y' V='0.233333333333334' U='IN' F='Height*0.77777777777778'/></Row><Row T='MoveTo' IX='9'><Cell N='X' V='0.1874999999999978' U='IN' F='Width*0.79255600645976'/><Cell N='Y' V='0.120833333333334' U='IN' F='Height*0.40277777777778'/></Row><Row T='LineTo' IX='10'><Cell N='X' V='0.1333333333333306' U='IN' F='Width*0.56359538237138'/><Cell N='Y' V='0.225' U='IN' F='Height*0.75'/></Row></Section></Shape><Shape ID='19' Type='Shape' LineStyle='21' FillStyle='21' TextStyle='21'><Cell N='PinX' V='0.314064257020475' U='IN' F='Sheet.5!Width*0.50250281123276'/><Cell N='PinY' V='0.62499995771975' U='IN' F='Sheet.5!Height*0.4999999661758'/><Cell N='Width' V='0.6220566699313688' U='IN' F='Sheet.5!Width*0.99529067189019'/><Cell N='Height' V='1.2500000845605' U='IN' F='Sheet.5!Height*1.0000000676484'/><Cell N='LocPinX' V='0.3110283349656844' U='IN' F='Width*0.5'/><Cell N='LocPinY' V='0.62500004228025' U='IN' F='Height*0.5'/><Cell N='Angle' V='0'/><Cell N='FlipX' V='0'/><Cell N='FlipY' V='0'/><Cell N='ResizeMode' V='0'/><Cell N='LineWeight' V='0.02083333333333333' U='PT' F='GUARD(1.5PT)'/><Cell N='LinePattern' V='1' F='GUARD(1)'/><Cell N='Rounding' V='0' F='GUARD(0)'/><Cell N='BeginArrow' V='0' F='GUARD(0)'/><Cell N='EndArrow' V='0' F='GUARD(0)'/><Cell N='FillPattern' V='1' F='GUARD(1)'/><Cell N='ShdwPattern' V='0' F='GUARD(0)'/><Cell N='Copyright' V='Copyright (c) 2012 Microsoft Corporation.  All rights reserved.'/><Cell N='LayerMember' V='' F='No Formula'/><Cell N='FillGradientEnabled' V='0' F='GUARD(FALSE)'/><Section N='Geometry' IX='0'><Cell N='NoFill' V='1' F='GUARD(TRUE)'/><Cell N='NoLine' V='0'/><Cell N='NoShow' V='0'/><Cell N='NoSnap' V='0'/><Cell N='NoQuickDrag' V='0' F='No Formula'/><Row T='MoveTo' IX='1'><Cell N='X' V='0.03029741127854426' U='IN' F='Width*0.048705226939994'/><Cell N='Y' V='0.6000000845605055' U='IN' F='Height*0.48000003517717'/></Row><Row T='EllipticalArcTo' IX='2'><Cell N='X' V='0.009464077945211093' U='IN' F='Width*0.015214173246073'/><Cell N='Y' V='0.5333334178938375' U='IN' F='Height*0.42666670545175'/><Cell N='A' V='0.0002030716559029054' U='IN' F='Width*0.00032645201911477'/><Cell N='B' V='0.5646698958812624' U='IN' F='Height*0.4517358861458'/><Cell N='C' V='-1.626822607692504' U='DA' F='_ELLIPSE_THETA(-1.6268226076925,1.1605774184263,0.58777008182491,1.1811024421044,Width,Height)'/><Cell N='D' V='1.160577418426299' F='_ELLIPSE_ECC(-1.6268226076925,1.1605774184263,0.58777008182491,1.1811024421044,Width,Height,Geometry1.C2)'/></Row><Row T='LineTo' IX='3'><Cell N='X' V='0.2969640779452132' U='IN' F='Width*0.47739071422219'/><Cell N='Y' V='0.3687500845605015' U='IN' F='Height*0.29500004769212'/></Row><Row T='LineTo' IX='4'><Cell N='X' V='0.2969640779452132' U='IN' F='Width*0.47739071422219'/><Cell N='Y' V='0.308333417893836' U='IN' F='Height*0.24666671762846'/></Row><Row T='LineTo' IX='5'><Cell N='X' V='0.1704351540771565' U='IN' F='Width*0.27398653903343'/><Cell N='Y' V='0.1520139093432096' U='IN' F='Height*0.12161111924777'/></Row><Row T='EllipticalArcTo' IX='6'><Cell N='X' V='0.1832601495137376' U='IN' F='Width*0.29460362435139'/><Cell N='Y' V='0.1411361520534717' U='IN' F='Height*0.11290891400467'/><Cell N='A' V='0.1704712988056307' U='IN' F='Width*0.27404464423545'/><Cell N='B' V='0.1399159584907526' U='IN' F='Height*0.11193275922053'/><Cell N='C' V='0' U='DA'/><Cell N='D' V='0.8617893772499095' F='Width/Height*1.7317341755287'/></Row><Row T='LineTo' IX='7'><Cell N='X' V='0.2213478931541404' U='IN' F='Width*0.35583236038376'/><Cell N='Y' V='0.1890401931430907' U='IN' F='Height*0.15123214428386'/></Row><Row T='LineTo' IX='8'><Cell N='X' V='0.2984175721555094' U='IN' F='Width*0.47972730874895'/><Cell N='Y' V='0.2217895831387094' U='IN' F='Height*0.177431654508'/></Row><Row T='LineTo' IX='9'><Cell N='X' V='0.3552974112785469' U='IN' F='Width*0.57116566456517'/><Cell N='Y' V='0.116666751227176' U='IN' F='Height*0.093333394667886'/></Row><Row T='LineTo' IX='10'><Cell N='X' V='0.3886307446118776' U='IN' F='Width*0.62475135047544'/><Cell N='Y' V='0.008333417893843597' U='IN' F='Height*0.006666733864081'/></Row><Row T='EllipticalArcTo' IX='11'><Cell N='X' V='0.4052974112785462' U='IN' F='Width*0.65154419343058'/><Cell N='Y' V='0.008333417893843597' U='IN' F='Height*0.006666733864081'/><Cell N='A' V='0.3969640779452119' U='IN' F='Width*0.63814777195301'/><Cell N='B' V='8.456051039384909E-8' U='IN' F='Height*6.7648403738773E-8'/><Cell N='C' V='-1.587140778051104' U='DA' F='_ELLIPSE_THETA(-1.5871407780511,1.1603763360267,0.58777008182491,1.1811024421044,Width,Height)'/><Cell N='D' V='1.160376336026699' F='_ELLIPSE_ECC(-1.5871407780511,1.1603763360267,0.58777008182491,1.1811024421044,Width,Height,Geometry1.C11)'/></Row><Row T='LineTo' IX='12'><Cell N='X' V='0.3427974112785486' U='IN' F='Width*0.55107103234882'/><Cell N='Y' V='0.2291667512271755' U='IN' F='Height*0.18333338857953'/></Row><Row T='LineTo' IX='13'><Cell N='X' V='0.3777205910198732' U='IN' F='Width*0.60721250856702'/><Cell N='Y' V='0.23288974437858' U='IN' F='Height*0.18631178289917'/></Row><Row T='LineTo' IX='14'><Cell N='X' V='0.4114574453468491' U='IN' F='Width*0.661446882954'/><Cell N='Y' V='0.1988534173327771' U='IN' F='Height*0.15908272310453'/></Row><Row T='EllipticalArcTo' IX='15'><Cell N='X' V='0.4201414260076207' U='IN' F='Width*0.67540699475817'/><Cell N='Y' V='0.2102627710036016' U='IN' F='Height*0.16821020542373'/><Cell N='A' V='0.4196252474711241' U='IN' F='Width*0.67457720133026'/><Cell N='B' V='0.1993788157845195' U='IN' F='Height*0.15950304183749'/><Cell N='C' V='0' U='DA'/><Cell N='D' V='0.8617893772499095' F='Width/Height*1.7317341755287'/></Row><Row T='LineTo' IX='16'><Cell N='X' V='0.3219640779452098' U='IN' F='Width*0.51757997865489'/><Cell N='Y' V='0.308333417893836' U='IN' F='Height*0.24666671762846'/></Row><Row T='LineTo' IX='17'><Cell N='X' V='0.3219640779452098' U='IN' F='Width*0.51757997865489'/><Cell N='Y' V='0.3541667512271749' U='IN' F='Height*0.28333338181469'/></Row><Row T='LineTo' IX='18'><Cell N='X' V='0.5802974112785471' U='IN' F='Width*0.93286904445952'/><Cell N='Y' V='0.2041667512271781' U='IN' F='Height*0.1633333899325'/></Row><Row T='EllipticalArcTo' IX='19'><Cell N='X' V='0.5969640779452156' U='IN' F='Width*0.95966188741466'/><Cell N='Y' V='0.2083334178938464' U='IN' F='Height*0.16666672304034'/><Cell N='A' V='0.5893251890563231' U='IN' F='Width*0.94738183439355'/><Cell N='B' V='0.2034723067827251' U='IN' F='Height*0.16277783441452'/><Cell N='C' V='-2.054625035870606' U='DA' F='_ELLIPSE_THETA(-2.0546250358706,1.2290393337256,0.58777008182491,1.1811024421044,Width,Height)'/><Cell N='D' V='1.229039333725599' F='_ELLIPSE_ECC(-2.0546250358706,1.2290393337256,0.58777008182491,1.1811024421044,Width,Height,Geometry1.C19)'/></Row><Row T='EllipticalArcTo' IX='20'><Cell N='X' V='0.621964077945212' U='IN' F='Width*0.99985115184736'/><Cell N='Y' V='0.2500000845605045' U='IN' F='Height*0.20000005411872'/><Cell N='A' V='0.6152974112785484' U='IN' F='Width*0.98913401466531'/><Cell N='B' V='0.2250000845605072' U='IN' F='Height*0.18000005547169'/><Cell N='C' V='-0.1253985986492028' U='DA' F='_ELLIPSE_THETA(-0.1253985986492,1.2290393337256,0.58777008182491,1.1811024421044,Width,Height)'/><Cell N='D' V='1.229039333725602' F='_ELLIPSE_ECC(-0.1253985986492,1.2290393337256,0.58777008182491,1.1811024421044,Width,Height,Geometry1.C20)'/></Row><Row T='EllipticalArcTo' IX='21'><Cell N='X' V='0.6094640779452137' U='IN' F='Width*0.97975651963101'/><Cell N='Y' V='0.2666667512271778' U='IN' F='Height*0.21333338655008'/><Cell N='A' V='0.6190209023062785' U='IN' F='Width*0.99511978928636'/><Cell N='B' V='0.2613445652565405' U='IN' F='Height*0.2090756380616'/><Cell N='C' V='-1.350525890656702' U='DA' F='_ELLIPSE_THETA(-1.3505258906567,1.2290393337256,0.58777008182491,1.1811024421044,Width,Height)'/><Cell N='D' V='1.229039333725599' F='_ELLIPSE_ECC(-1.3505258906567,1.2290393337256,0.58777008182491,1.1811024421044,Width,Height,Geometry1.C21)'/></Row><Row T='LineTo' IX='22'><Cell N='X' V='0.6094640779452137' U='IN' F='Width*0.97975651963101'/><Cell N='Y' V='0.9166667512271723' U='IN' F='Height*0.73333335137291'/></Row><Row T='LineTo' IX='23'><Cell N='X' V='0.330297411278544' U='IN' F='Width*0.53097640013246'/><Cell N='Y' V='1.075000084560506' U='IN' F='Height*0.86000000947078'/></Row><Row T='EllipticalArcTo' IX='24'><Cell N='X' V='0.330297411278544' U='IN' F='Width*0.53097640013246'/><Cell N='Y' V='1.104166751227171' U='IN' F='Height*0.88333334122565'/><Cell N='A' V='0.332705106665462' U='IN' F='Width*0.53484694039559'/><Cell N='B' V='1.091285790461283' U='IN' F='Height*0.87302857331004'/><Cell N='C' V='-1.814848891236606' U='DA' F='_ELLIPSE_THETA(-1.8148488912366,1.1603763360267,0.58777008182491,1.1811024421044,Width,Height)'/><Cell N='D' V='1.160376336026699' F='_ELLIPSE_ECC(-1.8148488912366,1.1603763360267,0.58777008182491,1.1811024421044,Width,Height,Geometry1.C24)'/></Row><Row T='LineTo' IX='25'><Cell N='X' V='0.3177974112785458' U='IN' F='Width*0.51088176791611'/><Cell N='Y' V='1.116666751227164' U='IN' F='Height*0.89333334054916'/></Row><Row T='LineTo' IX='26'><Cell N='X' V='0.3177974112785458' U='IN' F='Width*0.51088176791611'/><Cell N='Y' V='1.137500084560505' U='IN' F='Height*0.91000000608836'/></Row><Row T='LineTo' IX='27'><Cell N='X' V='0.3011307446118773' U='IN' F='Width*0.48408892496097'/><Cell N='Y' V='1.129166751227169' U='IN' F='Height*0.90333333987268'/></Row><Row T='LineTo' IX='28'><Cell N='X' V='0.2969640779452132' U='IN' F='Width*0.47739071422219'/><Cell N='Y' V='1.120833417893832' U='IN' F='Height*0.896666673657'/></Row><Row T='LineTo' IX='29'><Cell N='X' V='0.288630744611879' U='IN' F='Width*0.46399429274462'/><Cell N='Y' V='1.118768237082289' U='IN' F='Height*0.89501452911953'/></Row><Row T='LineTo' IX='30'><Cell N='X' V='0.288630744611879' U='IN' F='Width*0.46399429274462'/><Cell N='Y' V='1.102101570415628' U='IN' F='Height*0.88168119668818'/></Row><Row T='LineTo' IX='31'><Cell N='X' V='0.03029741127854426' U='IN' F='Width*0.048705226939994'/><Cell N='Y' V='1.2500000845605' U='IN' F='Height*1'/></Row><Row T='LineTo' IX='32'><Cell N='X' V='0.03029741127854426' U='IN' F='Geometry1.X1'/><Cell N='Y' V='0.6000000845605055' U='IN' F='Geometry1.Y1'/></Row></Section></Shape></Shapes></Shape></Shapes></MasterContents>