<?xml version='1.0' encoding='utf-8' ?>
<MasterContents xmlns='http://schemas.microsoft.com/office/visio/2012/main' xmlns:r='http://schemas.openxmlformats.org/officeDocument/2006/relationships' xml:space='preserve'><Shapes><Shape ID='5' Type='Group' LineStyle='3' FillStyle='3' TextStyle='3'><Cell N='PinX' V='1' U='IN'/><Cell N='PinY' V='1' U='IN'/><Cell N='Width' V='0.625' U='IN'/><Cell N='Height' V='1' U='IN'/><Cell N='LocPinX' V='0.3125' U='IN' F='Width*0.5'/><Cell N='LocPinY' V='0.5' U='IN' F='Height*0.5'/><Cell N='Angle' V='0'/><Cell N='FlipX' V='0'/><Cell N='FlipY' V='0'/><Cell N='ResizeMode' V='0'/><Cell N='ObjType' V='8'/><Cell N='Comment' V='&lt;no master&gt;' F='INDEX(0,INDEX(0,MASTERNAME(),":"),".")'/><Cell N='EventDblClick' V='0' F='OPENTEXTWIN()'/><Cell N='TxtPinX' V='0.3125' U='IN' F='Controls.Row_1'/><Cell N='TxtPinY' V='-0.1555555555555556' F='Controls.Row_1.Y'/><Cell N='TxtWidth' V='0.1111111111111111' F='TEXTWIDTH(TheText)'/><Cell N='TxtHeight' V='0.3111111111111111' F='TEXTHEIGHT(TheText,TxtWidth)'/><Cell N='TxtLocPinX' V='0.05555555555555555' F='TxtWidth*0.5'/><Cell N='TxtLocPinY' V='0.1555555555555556' F='TxtHeight*0.5'/><Cell N='TxtAngle' V='0' F='IF(BITXOR(FlipX,FlipY),1,-1)*Angle'/><Cell N='SelectMode' V='0'/><Cell N='HelpTopic' V='Vis_PRXY.chm!#55474'/><Cell N='Copyright' V='Copyright (c) 2012 Microsoft Corporation.  All rights reserved.'/><Cell N='LayerMember' V='' F='No Formula'/><Cell N='LockAspect' V='1'/><Cell N='FillForegnd' V='#e7e4cd' F='THEMEVAL("FillColor",RGB(231,228,205))'/><Cell N='FillBkgnd' V='#ff6600' F='THEMEVAL("FillColor2",RGB(255,102,0))'/><Cell N='FillPattern' V='32' F='THEMEVAL("FillPattern",32)'/><Cell N='FillGradientDir' V='11' F='THEMEVAL("FillGradientDir",11)'/><Cell N='FillGradientEnabled' V='1' F='THEMEVAL("FillGradientEnabled",TRUE)'/><Cell N='UseGroupGradient' V='0' F='THEMEVAL("UseGroupGradient",FALSE)'/><Cell N='QuickStyleVariation' V='6'/><Section N='User'><Row N='HasText'><Cell N='Value' V='0' U='BOOL' F='NOT(OR(HideText,STRSAME(SHAPETEXT(TheText),"")))'/><Cell N='Prompt' V='' F='No Formula'/></Row><Row N='ShapeClass'><Cell N='Value' V='5'/><Cell N='Prompt' V='' F='No Formula'/></Row><Row N='ShapeType'><Cell N='Value' V='8'/><Cell N='Prompt' V='' F='No Formula'/></Row><Row N='SubShapeType'><Cell N='Value' V='27'/><Cell N='Prompt' V='' F='No Formula'/></Row><Row N='SolSH'><Cell N='Value' V='{BF0433D9-CD73-4EB5-8390-8653BE590246}' U='GUID'/><Cell N='Prompt' V='' F='No Formula'/></Row><Row N='visLegendShape'><Cell N='Value' V='2'/><Cell N='Prompt' V='' F='No Formula'/></Row><Row N='visVersion'><Cell N='Value' V='15'/><Cell N='Prompt' V=''/></Row></Section><Section N='Control'><Row N='Row_1'><Cell N='X' V='0.3125' U='IN' F='Width*0.5'/><Cell N='Y' V='-0.1555555555555556' F='-TxtHeight*0.5'/><Cell N='XDyn' V='0.3125' U='IN' F='Controls.Row_1'/><Cell N='YDyn' V='-0.1555555555555556' F='Controls.Row_1.Y'/><Cell N='XCon' V='2' F='(Controls.Row_1&gt;Width/2)*2+2'/><Cell N='YCon' V='7' F='(Controls.Row_1.Y&gt;Height/2)*2+2+5*NOT(User.HasText)'/><Cell N='CanGlue' V='1'/><Cell N='Prompt' V='Reposition Text'/></Row></Section><Section N='Connection'><Row T='Connection' N='Row_1'><Cell N='X' V='0.3125' U='IN' F='Width*0.5'/><Cell N='Y' V='0.5' U='IN' F='Height*0.5'/><Cell N='DirX' V='0'/><Cell N='DirY' V='0'/><Cell N='Type' V='0'/><Cell N='AutoGen' V='0'/><Cell N='Prompt' V='' F='No Formula'/></Row></Section><Section N='Property'><Row N='ShapeClass'><Cell N='Value' V='Equipment' U='STR'/><Cell N='Prompt' V='' F='No Formula'/><Cell N='Label' V='ShapeClass'/><Cell N='Format' V='' F='No Formula'/><Cell N='SortKey' V='' F='No Formula'/><Cell N='Type' V='0'/><Cell N='Invisible' V='1'/><Cell N='Verify' V='0'/><Cell N='DataLinked' V='0' F='No Formula'/><Cell N='LangID' V='en-US'/><Cell N='Calendar' V='0' F='No Formula'/></Row><Row N='ShapeType'><Cell N='Value' V='Device' U='STR'/><Cell N='Prompt' V='' F='No Formula'/><Cell N='Label' V='ShapeType'/><Cell N='Format' V='' F='No Formula'/><Cell N='SortKey' V='' F='No Formula'/><Cell N='Type' V='0'/><Cell N='Invisible' V='1'/><Cell N='Verify' V='0'/><Cell N='DataLinked' V='0' F='No Formula'/><Cell N='LangID' V='en-US'/><Cell N='Calendar' V='0' F='No Formula'/></Row><Row N='SubShapeType'><Cell N='Value' V='Firewall' U='STR'/><Cell N='Prompt' V='' F='No Formula'/><Cell N='Label' V='SubShapeType'/><Cell N='Format' V='' F='No Formula'/><Cell N='SortKey' V='' F='No Formula'/><Cell N='Type' V='0'/><Cell N='Invisible' V='1'/><Cell N='Verify' V='0'/><Cell N='DataLinked' V='0' F='No Formula'/><Cell N='LangID' V='en-US'/><Cell N='Calendar' V='0' F='No Formula'/></Row><Row N='Manufacturer'><Cell N='Value' V='0' F='No Formula'/><Cell N='Prompt' V='' F='No Formula'/><Cell N='Label' V='Manufacturer'/><Cell N='Format' V='' F='No Formula'/><Cell N='SortKey' V='Equipment'/><Cell N='Type' V='0'/><Cell N='Invisible' V='0'/><Cell N='Verify' V='0'/><Cell N='DataLinked' V='0' F='No Formula'/><Cell N='LangID' V='en-US'/><Cell N='Calendar' V='0' F='No Formula'/></Row><Row N='ProductNumber'><Cell N='Value' V='0' F='No Formula'/><Cell N='Prompt' V='' F='No Formula'/><Cell N='Label' V='Product Number'/><Cell N='Format' V='' F='No Formula'/><Cell N='SortKey' V='Equipment'/><Cell N='Type' V='0'/><Cell N='Invisible' V='0'/><Cell N='Verify' V='0'/><Cell N='DataLinked' V='0' F='No Formula'/><Cell N='LangID' V='en-US'/><Cell N='Calendar' V='0' F='No Formula'/></Row><Row N='PartNumber'><Cell N='Value' V='0' F='No Formula'/><Cell N='Prompt' V='' F='No Formula'/><Cell N='Label' V='Part Number'/><Cell N='Format' V='' F='No Formula'/><Cell N='SortKey' V='Equipment'/><Cell N='Type' V='0'/><Cell N='Invisible' V='0'/><Cell N='Verify' V='0'/><Cell N='DataLinked' V='0' F='No Formula'/><Cell N='LangID' V='en-US'/><Cell N='Calendar' V='0' F='No Formula'/></Row><Row N='ProductDescription'><Cell N='Value' V='0' F='No Formula'/><Cell N='Prompt' V='' F='No Formula'/><Cell N='Label' V='Product Description'/><Cell N='Format' V='' F='No Formula'/><Cell N='SortKey' V='Equipment'/><Cell N='Type' V='0'/><Cell N='Invisible' V='0'/><Cell N='Verify' V='0'/><Cell N='DataLinked' V='0' F='No Formula'/><Cell N='LangID' V='en-US'/><Cell N='Calendar' V='0' F='No Formula'/></Row><Row N='AssetNumber'><Cell N='Value' V='0' F='No Formula'/><Cell N='Prompt' V='' F='No Formula'/><Cell N='Label' V='Asset Number'/><Cell N='Format' V='' F='No Formula'/><Cell N='SortKey' V='Asset'/><Cell N='Type' V='0'/><Cell N='Invisible' V='0'/><Cell N='Verify' V='0'/><Cell N='DataLinked' V='0' F='No Formula'/><Cell N='LangID' V='en-US'/><Cell N='Calendar' V='0' F='No Formula'/></Row><Row N='SerialNumber'><Cell N='Value' V='0' F='No Formula'/><Cell N='Prompt' V='' F='No Formula'/><Cell N='Label' V='Serial Number'/><Cell N='Format' V='' F='No Formula'/><Cell N='SortKey' V='Asset'/><Cell N='Type' V='0'/><Cell N='Invisible' V='0'/><Cell N='Verify' V='0'/><Cell N='DataLinked' V='0' F='No Formula'/><Cell N='LangID' V='en-US'/><Cell N='Calendar' V='0' F='No Formula'/></Row><Row N='Location'><Cell N='Value' V='0' F='No Formula'/><Cell N='Prompt' V='' F='No Formula'/><Cell N='Label' V='Location'/><Cell N='Format' V='' F='No Formula'/><Cell N='SortKey' V='Asset'/><Cell N='Type' V='0'/><Cell N='Invisible' V='0'/><Cell N='Verify' V='0'/><Cell N='DataLinked' V='0' F='No Formula'/><Cell N='LangID' V='en-US'/><Cell N='Calendar' V='0' F='No Formula'/></Row><Row N='Building'><Cell N='Value' V='0' F='No Formula'/><Cell N='Prompt' V='' F='No Formula'/><Cell N='Label' V='Building'/><Cell N='Format' V='' F='No Formula'/><Cell N='SortKey' V='Asset'/><Cell N='Type' V='0'/><Cell N='Invisible' V='0'/><Cell N='Verify' V='0'/><Cell N='DataLinked' V='0' F='No Formula'/><Cell N='LangID' V='en-US'/><Cell N='Calendar' V='0' F='No Formula'/></Row><Row N='Room'><Cell N='Value' V='0' F='No Formula'/><Cell N='Prompt' V='' F='No Formula'/><Cell N='Label' V='Room'/><Cell N='Format' V='' F='No Formula'/><Cell N='SortKey' V='Asset'/><Cell N='Type' V='0'/><Cell N='Invisible' V='0'/><Cell N='Verify' V='0'/><Cell N='DataLinked' V='0' F='No Formula'/><Cell N='LangID' V='en-US'/><Cell N='Calendar' V='0' F='No Formula'/></Row></Section><Section N='Actions'><Row N='Properties'><Cell N='Menu' V='%_P&amp;roperties'/><Cell N='Action' V='0' F='RUNADDON("NETWORK SHAPE PROPERTIES")'/><Cell N='Checked' V='0'/><Cell N='Disabled' V='0'/><Cell N='ReadOnly' V='0'/><Cell N='Invisible' V='0'/><Cell N='BeginGroup' V='0'/><Cell N='FlyoutChild' V='0' F='No Formula'/><Cell N='TagName' V=''/><Cell N='ButtonFace' V=''/><Cell N='SortKey' V=''/></Row></Section><Section N='FillGradient'><Row IX='0'><Cell N='GradientStopColor' V='#e7e4cd' F='THEMEVAL("FillStop1Color",RGB(231,228,205))'/><Cell N='GradientStopColorTrans' V='0' F='THEMEVAL("FillStop1Transparency",0%)'/><Cell N='GradientStopPosition' V='0' F='THEMEVAL("FillStop1Position",0%)'/></Row><Row IX='1'><Cell N='GradientStopColor' V='#ff6600' F='THEMEVAL("FillStop2Color",RGB(255,102,0))'/><Cell N='GradientStopColorTrans' V='0' F='THEMEVAL("FillStop2Transparency",0%)'/><Cell N='GradientStopPosition' V='1' F='THEMEVAL("FillStop2Position",100%)'/></Row><Row IX='2' Del='1'/><Row IX='3' Del='1'/><Row IX='4' Del='1'/><Row IX='5' Del='1'/><Row IX='6' Del='1'/><Row IX='7' Del='1'/><Row IX='8' Del='1'/><Row IX='9' Del='1'/></Section><Shapes><Shape ID='11' Type='Shape' LineStyle='3' FillStyle='3' TextStyle='3'><Cell N='PinX' V='0.3125' U='IN' F='Width/2'/><Cell N='PinY' V='0.5' U='IN' F='Height/2'/><Cell N='Width' V='0.625' U='IN' F='Sheet.5!Width*1'/><Cell N='Height' V='1' U='IN' F='Sheet.5!Height*1'/><Cell N='LocPinX' V='0.3125' U='IN' F='Width*0.5'/><Cell N='LocPinY' V='0.5' U='IN' F='Height*0.5'/><Cell N='Angle' V='0'/><Cell N='FlipX' V='0'/><Cell N='FlipY' V='0'/><Cell N='ResizeMode' V='0'/><Cell N='LineWeight' V='0.01' U='PT' F='GUARD(0.72PT)'/><Cell N='LinePattern' V='1' F='GUARD(1)'/><Cell N='Rounding' V='0' F='GUARD(0)'/><Cell N='BeginArrow' V='0' F='GUARD(0)'/><Cell N='EndArrow' V='0' F='GUARD(0)'/><Cell N='LineColorTrans' V='1' F='GUARD(100%)'/><Cell N='FillForegnd' V='6' F='GUARD(6)'/><Cell N='FillBkgnd' V='6' F='GUARD(6)'/><Cell N='FillPattern' V='32' F='GUARD(32)'/><Cell N='FillForegndTrans' V='1' F='GUARD(100%)'/><Cell N='FillBkgndTrans' V='1' F='GUARD(100%)'/><Cell N='Copyright' V='Copyright (c) 2012 Microsoft Corporation.  All rights reserved.'/><Cell N='FillGradientDir' V='11' F='GUARD(11)'/><Cell N='FillGradientEnabled' V='1' F='GUARD(TRUE)'/><Cell N='UseGroupGradient' V='0' F='GUARD(FALSE)'/><Section N='FillGradient'><Row IX='0'><Cell N='GradientStopColor' V='6' F='GUARD(6)'/><Cell N='GradientStopColorTrans' V='1' F='GUARD(100%)'/><Cell N='GradientStopPosition' V='0' F='THEMEVAL("FillStop1Position",0%)'/></Row><Row IX='1'><Cell N='GradientStopColor' V='6' F='GUARD(6)'/><Cell N='GradientStopColorTrans' V='1' F='GUARD(100%)'/><Cell N='GradientStopPosition' V='1' F='THEMEVAL("FillStop2Position",100%)'/></Row><Row IX='2' Del='1'/><Row IX='3' Del='1'/><Row IX='4' Del='1'/><Row IX='5' Del='1'/><Row IX='6' Del='1'/><Row IX='7' Del='1'/><Row IX='8' Del='1'/><Row IX='9' Del='1'/></Section><Section N='Geometry' IX='0'><Cell N='NoFill' V='0'/><Cell N='NoLine' V='0'/><Cell N='NoShow' V='0'/><Cell N='NoSnap' V='0'/><Cell N='NoQuickDrag' V='0' F='No Formula'/><Row T='MoveTo' IX='1'><Cell N='X' V='0.4583333333333312' U='IN' F='Width*0.73333333333333'/><Cell N='Y' V='0' U='IN' F='Height*0'/></Row><Row T='LineTo' IX='2'><Cell N='X' V='0.625' U='IN' F='Width*1'/><Cell N='Y' V='0.092' U='IN' F='Height*0.092'/></Row><Row T='LineTo' IX='3'><Cell N='X' V='0.625' U='IN' F='Width*1'/><Cell N='Y' V='0.746' U='IN' F='Height*0.746'/></Row><Row T='LineTo' IX='4'><Cell N='X' V='0.1666666666666687' U='IN' F='Width*0.26666666666667'/><Cell N='Y' V='1' U='IN' F='Height*1'/></Row><Row T='LineTo' IX='5'><Cell N='X' V='0' U='IN' F='Width*0'/><Cell N='Y' V='0.908' U='IN' F='Height*0.908'/></Row><Row T='LineTo' IX='6'><Cell N='X' V='0' U='IN' F='Width*0'/><Cell N='Y' V='0.256' U='IN' F='Height*0.256'/></Row><Row T='LineTo' IX='7'><Cell N='X' V='0.4583333333333312' U='IN' F='Width*0.73333333333333'/><Cell N='Y' V='0' U='IN' F='Height*0'/></Row></Section></Shape><Shape ID='9' Type='Shape' LineStyle='29' FillStyle='29' TextStyle='29'><Cell N='PinX' V='0.5416666666666687' U='IN' F='Sheet.5!Width*0.86666666666667'/><Cell N='PinY' V='0.373' U='IN' F='Sheet.5!Height*0.373'/><Cell N='Width' V='0.1666666666666687' U='IN' F='Sheet.5!Width*0.26666666666667'/><Cell N='Height' V='0.746' U='IN' F='Sheet.5!Height*0.746'/><Cell N='LocPinX' V='0.08333333333333437' U='IN' F='Width*0.5'/><Cell N='LocPinY' V='0.373' U='IN' F='Height*0.5'/><Cell N='Angle' V='0'/><Cell N='FlipX' V='0'/><Cell N='FlipY' V='0'/><Cell N='ResizeMode' V='0'/><Cell N='FillForegnd' V='#e7e4cd' F='GUARD(RGB(231,228,205))'/><Cell N='FillBkgnd' V='#ff6600' F='GUARD(RGB(255,102,0))'/><Cell N='FillPattern' V='31' F='GUARD(31)'/><Cell N='ShdwPattern' V='0' F='GUARD(0)'/><Cell N='Copyright' V='Copyright (c) 2012 Microsoft Corporation.  All rights reserved.'/><Cell N='LayerMember' V='' F='No Formula'/><Cell N='LineWeight' V='0.01' U='PT' F='GUARD(0.72PT)'/><Cell N='LineColor' V='#ffffff' F='GUARD(RGB(255,255,255))'/><Cell N='LinePattern' V='1' F='GUARD(1)'/><Cell N='Rounding' V='0' F='GUARD(0)'/><Cell N='BeginArrow' V='0' F='GUARD(0)'/><Cell N='EndArrow' V='0' F='GUARD(0)'/><Cell N='FillGradientDir' V='12' F='GUARD(12)'/><Cell N='FillGradientEnabled' V='1' F='GUARD(TRUE)'/><Cell N='UseGroupGradient' V='0' F='GUARD(FALSE)'/><Cell N='QuickStyleVariation' V='6'/><Section N='FillGradient'><Row IX='0'><Cell N='GradientStopColor' V='#e7e4cd' F='GUARD(RGB(231,228,205))'/></Row><Row IX='1'><Cell N='GradientStopColor' V='#ff6600' F='GUARD(RGB(255,102,0))'/></Row></Section><Section N='Geometry' IX='0'><Cell N='NoFill' V='0'/><Cell N='NoLine' V='1'/><Cell N='NoShow' V='0'/><Cell N='NoSnap' V='0'/><Cell N='NoQuickDrag' V='0' F='No Formula'/><Row T='MoveTo' IX='1'><Cell N='X' V='0' U='IN' F='Width*0'/><Cell N='Y' V='0.6519999999999963' U='IN' F='Height*0.8739946380697'/></Row><Row T='LineTo' IX='2'><Cell N='X' V='0' U='IN' F='Width*0'/><Cell N='Y' V='0' U='IN' F='Height*0'/></Row><Row T='LineTo' IX='3'><Cell N='X' V='0.1666666666666687' U='IN' F='Width*1'/><Cell N='Y' V='0.09199999999999864' U='IN' F='Height*0.12332439678284'/></Row><Row T='LineTo' IX='4'><Cell N='X' V='0.1666666666666687' U='IN' F='Width*1'/><Cell N='Y' V='0.746' U='IN' F='Height*1'/></Row><Row T='LineTo' IX='5'><Cell N='X' V='0' U='IN' F='Geometry1.X1'/><Cell N='Y' V='0.6519999999999963' U='IN' F='Geometry1.Y1'/></Row></Section><Text/></Shape><Shape ID='10' Type='Shape' LineStyle='28' FillStyle='28' TextStyle='28'><Cell N='PinX' V='0.3125' U='IN' F='Sheet.5!Width*0.5'/><Cell N='PinY' V='0.826' U='IN' F='Sheet.5!Height*0.826'/><Cell N='Width' V='0.625' U='IN' F='Sheet.5!Width*1'/><Cell N='Height' V='0.348' U='IN' F='Sheet.5!Height*0.348'/><Cell N='LocPinX' V='0.3125' U='IN' F='Width*0.5'/><Cell N='LocPinY' V='0.174' U='IN' F='Height*0.5'/><Cell N='Angle' V='0'/><Cell N='FlipX' V='0'/><Cell N='FlipY' V='0'/><Cell N='ResizeMode' V='0'/><Cell N='FillForegnd' V='#e7e4cd' F='GUARD(RGB(231,228,205))'/><Cell N='FillBkgnd' V='#ff6600' F='GUARD(RGB(255,102,0))'/><Cell N='FillPattern' V='30' F='GUARD(30)'/><Cell N='ShdwPattern' V='0' F='GUARD(0)'/><Cell N='Copyright' V='Copyright (c) 2012 Microsoft Corporation.  All rights reserved.'/><Cell N='LayerMember' V='' F='No Formula'/><Cell N='LineWeight' V='0.01' U='PT' F='GUARD(0.72PT)'/><Cell N='LineColor' V='#ffffff' F='GUARD(RGB(255,255,255))'/><Cell N='LinePattern' V='1' F='GUARD(1)'/><Cell N='Rounding' V='0' F='GUARD(0)'/><Cell N='BeginArrow' V='0' F='GUARD(0)'/><Cell N='EndArrow' V='0' F='GUARD(0)'/><Cell N='FillGradientDir' V='0' F='GUARD(0)'/><Cell N='FillGradientAngle' V='4.7123889803847' U='DEG' F='GUARD(270DEG)'/><Cell N='FillGradientEnabled' V='1' F='GUARD(TRUE)'/><Cell N='UseGroupGradient' V='0' F='GUARD(FALSE)'/><Cell N='QuickStyleVariation' V='6'/><Section N='FillGradient'><Row IX='0'><Cell N='GradientStopColor' V='#e7e4cd' F='GUARD(RGB(231,228,205))'/></Row><Row IX='1'><Cell N='GradientStopColor' V='#ff6600' F='GUARD(RGB(255,102,0))'/></Row></Section><Section N='Geometry' IX='0'><Cell N='NoFill' V='0'/><Cell N='NoLine' V='1'/><Cell N='NoShow' V='0'/><Cell N='NoSnap' V='0'/><Cell N='NoQuickDrag' V='0' F='No Formula'/><Row T='MoveTo' IX='1'><Cell N='X' V='0' U='IN' F='Width*0'/><Cell N='Y' V='0.2559999999999979' U='IN' F='Height*0.73563218390804'/></Row><Row T='LineTo' IX='2'><Cell N='X' V='0.4583333333333312' U='IN' F='Width*0.73333333333333'/><Cell N='Y' V='0' U='IN' F='Height*0'/></Row><Row T='LineTo' IX='3'><Cell N='X' V='0.625' U='IN' F='Width*1'/><Cell N='Y' V='0.09400000000000153' U='IN' F='Height*0.27011494252874'/></Row><Row T='LineTo' IX='4'><Cell N='X' V='0.1666666666666687' U='IN' F='Width*0.26666666666667'/><Cell N='Y' V='0.348' U='IN' F='Height*1'/></Row><Row T='LineTo' IX='5'><Cell N='X' V='0' U='IN' F='Geometry1.X1'/><Cell N='Y' V='0.2559999999999979' U='IN' F='Geometry1.Y1'/></Row></Section><Text/></Shape><Shape ID='6' Type='Shape' LineStyle='30' FillStyle='30' TextStyle='30'><Cell N='PinX' V='0.2291666666666688' U='IN' F='Sheet.5!Width*0.36666666666667'/><Cell N='PinY' V='0.454' U='IN' F='Sheet.5!Height*0.454'/><Cell N='Width' V='0.4583333333333312' U='IN' F='Sheet.5!Width*0.73333333333333'/><Cell N='Height' V='0.908' U='IN' F='Sheet.5!Height*0.908'/><Cell N='LocPinX' V='0.2291666666666656' U='IN' F='Width*0.5'/><Cell N='LocPinY' V='0.454' U='IN' F='Height*0.5'/><Cell N='Angle' V='0'/><Cell N='FlipX' V='0'/><Cell N='FlipY' V='0'/><Cell N='ResizeMode' V='0'/><Cell N='FillForegnd' V='#e7e4cd' F='GUARD(RGB(231,228,205))'/><Cell N='FillBkgnd' V='#ff6600' F='GUARD(RGB(255,102,0))'/><Cell N='FillPattern' V='32' F='GUARD(32)'/><Cell N='ShdwPattern' V='0' F='GUARD(0)'/><Cell N='Copyright' V='Copyright (c) 2012 Microsoft Corporation.  All rights reserved.'/><Cell N='LayerMember' V='' F='No Formula'/><Cell N='LineWeight' V='0.01' U='PT' F='GUARD(0.72PT)'/><Cell N='LineColor' V='#000000' F='GUARD(RGB(0,0,0))'/><Cell N='LinePattern' V='1' F='GUARD(1)'/><Cell N='Rounding' V='0' F='GUARD(0)'/><Cell N='BeginArrow' V='0' F='GUARD(0)'/><Cell N='EndArrow' V='0' F='GUARD(0)'/><Cell N='FillGradientDir' V='11' F='GUARD(11)'/><Cell N='FillGradientEnabled' V='1' F='GUARD(TRUE)'/><Cell N='UseGroupGradient' V='0' F='GUARD(FALSE)'/><Cell N='QuickStyleVariation' V='6'/><Section N='FillGradient'><Row IX='0'><Cell N='GradientStopColor' V='#e7e4cd' F='GUARD(RGB(231,228,205))'/></Row><Row IX='1'><Cell N='GradientStopColor' V='#ff6600' F='GUARD(RGB(255,102,0))'/></Row></Section><Section N='Geometry' IX='0'><Cell N='NoFill' V='0'/><Cell N='NoLine' V='1'/><Cell N='NoShow' V='0'/><Cell N='NoSnap' V='0'/><Cell N='NoQuickDrag' V='0' F='No Formula'/><Row T='MoveTo' IX='1'><Cell N='X' V='0' U='IN' F='Width*0'/><Cell N='Y' V='0.2560000000000006' U='IN' F='Height*0.28193832599119'/></Row><Row T='LineTo' IX='2'><Cell N='X' V='0.4583333333333312' U='IN' F='Width*1'/><Cell N='Y' V='0' U='IN' F='Height*0'/></Row><Row T='LineTo' IX='3'><Cell N='X' V='0.4583333333333312' U='IN' F='Width*1'/><Cell N='Y' V='0.652' U='IN' F='Height*0.71806167400881'/></Row><Row T='LineTo' IX='4'><Cell N='X' V='0' U='IN' F='Width*0'/><Cell N='Y' V='0.908' U='IN' F='Height*1'/></Row><Row T='LineTo' IX='5'><Cell N='X' V='0' U='IN' F='Geometry1.X1'/><Cell N='Y' V='0.2560000000000006' U='IN' F='Geometry1.Y1'/></Row></Section><Text/></Shape><Shape ID='7' Type='Shape' LineStyle='3' FillStyle='3' TextStyle='3'><Cell N='PinX' V='0.3125' U='IN' F='Sheet.5!Width*0.5'/><Cell N='PinY' V='0.466' U='IN' F='Sheet.5!Height*0.466'/><Cell N='Width' V='0.5416666666666687' U='IN' F='Sheet.5!Width*0.86666666666667'/><Cell N='Height' V='0.836' U='IN' F='Sheet.5!Height*0.836'/><Cell N='LocPinX' V='0.2708333333333344' U='IN' F='Width*0.5'/><Cell N='LocPinY' V='0.418' U='IN' F='Height*0.5'/><Cell N='Angle' V='0'/><Cell N='FlipX' V='0'/><Cell N='FlipY' V='0'/><Cell N='ResizeMode' V='0'/><Cell N='LineWeight' V='0.01' U='PT' F='GUARD(0.72PT)'/><Cell N='LineColor' V='#e7e4cd' F='GUARD(RGB(231,228,205))'/><Cell N='LinePattern' V='1' F='GUARD(1)'/><Cell N='Rounding' V='0' F='GUARD(0)'/><Cell N='BeginArrow' V='0' F='GUARD(0)'/><Cell N='EndArrow' V='0' F='GUARD(0)'/><Cell N='FillForegnd' V='#e7e4cd' F='GUARD(RGB(231,228,205))'/><Cell N='FillBkgnd' V='#ff6600' F='GUARD(RGB(255,102,0))'/><Cell N='FillPattern' V='26' F='GUARD(26)'/><Cell N='ShdwPattern' V='0' F='GUARD(0)'/><Cell N='Copyright' V='Copyright (c) 2012 Microsoft Corporation.  All rights reserved.'/><Cell N='LayerMember' V='' F='No Formula'/><Cell N='FillGradientDir' V='0' F='GUARD(0)'/><Cell N='FillGradientAngle' V='3.1415926535898' U='DEG' F='GUARD(180DEG)'/><Cell N='FillGradientEnabled' V='1' F='GUARD(TRUE)'/><Cell N='UseGroupGradient' V='0' F='GUARD(FALSE)'/><Cell N='QuickStyleVariation' V='6'/><Section N='FillGradient'><Row IX='0'><Cell N='GradientStopColor' V='#ff6600' F='GUARD(RGB(255,102,0))'/><Cell N='GradientStopColorTrans' V='0' F='THEMEVAL("FillStop1Transparency",0%)'/><Cell N='GradientStopPosition' V='0.01' F='THEMEVAL("FillStop1Position",1%)'/></Row><Row IX='1'><Cell N='GradientStopColor' V='#e7e4cd' F='GUARD(RGB(231,228,205))'/><Cell N='GradientStopColorTrans' V='0' F='THEMEVAL("FillStop2Transparency",0%)'/><Cell N='GradientStopPosition' V='0.5' F='THEMEVAL("FillStop2Position",50%)'/></Row><Row IX='2'><Cell N='GradientStopColor' V='#ff6600' F='GUARD(RGB(255,102,0))'/><Cell N='GradientStopColorTrans' V='0' F='THEMEVAL("FillStop3Transparency",0%)'/><Cell N='GradientStopPosition' V='1' F='THEMEVAL("FillStop3Position",100%)'/></Row><Row IX='3' Del='1'/><Row IX='4' Del='1'/><Row IX='5' Del='1'/><Row IX='6' Del='1'/><Row IX='7' Del='1'/><Row IX='8' Del='1'/><Row IX='9' Del='1'/></Section><Section N='Geometry' IX='0'><Cell N='NoFill' V='1'/><Cell N='NoLine' V='0'/><Cell N='NoShow' V='0'/><Cell N='NoSnap' V='0'/><Cell N='NoQuickDrag' V='0' F='No Formula'/><Row T='MoveTo' IX='1'><Cell N='X' V='0' U='IN' F='Width*0'/><Cell N='Y' V='0.836' U='IN' F='Height*1'/></Row><Row T='LineTo' IX='2'><Cell N='X' V='0.4166666666666687' U='IN' F='Width*0.76923076923077'/><Cell N='Y' V='0.6039999999999983' U='IN' F='Height*0.72248803827751'/></Row><Row T='LineTo' IX='3'><Cell N='X' V='0.5416666666666687' U='IN' F='Width*1'/><Cell N='Y' V='0.671999999999998' U='IN' F='Height*0.80382775119617'/></Row><Row T='MoveTo' IX='4'><Cell N='X' V='0.4166666666666687' U='IN' F='Width*0.76923076923077'/><Cell N='Y' V='0.6039999999999983' U='IN' F='Height*0.72248803827751'/></Row><Row T='LineTo' IX='5'><Cell N='X' V='0.4166666666666687' U='IN' F='Width*0.76923076923077'/><Cell N='Y' V='0' U='IN' F='Height*0'/></Row></Section><Section N='Geometry' IX='1'><Cell N='NoFill' V='1'/><Cell N='NoLine' V='0'/><Cell N='NoShow' V='0'/><Cell N='NoSnap' V='0'/><Cell N='NoQuickDrag' V='0' F='No Formula'/><Row T='MoveTo' IX='1'><Cell N='X' V='0' U='IN' F='Width*0'/><Cell N='Y' V='0.7280000000000029' U='IN' F='Height*0.87081339712919'/></Row><Row T='LineTo' IX='2'><Cell N='X' V='0.4166666666666687' U='IN' F='Width*0.76923076923077'/><Cell N='Y' V='0.4960000000000012' U='IN' F='Height*0.5933014354067'/></Row></Section><Section N='Geometry' IX='2'><Cell N='NoFill' V='1'/><Cell N='NoLine' V='0'/><Cell N='NoShow' V='0'/><Cell N='NoSnap' V='0'/><Cell N='NoQuickDrag' V='0' F='No Formula'/><Row T='MoveTo' IX='1'><Cell N='X' V='0' U='IN' F='Width*0'/><Cell N='Y' V='0.6199999999999972' U='IN' F='Height*0.74162679425837'/></Row><Row T='LineTo' IX='2'><Cell N='X' V='0.4166666666666687' U='IN' F='Width*0.76923076923077'/><Cell N='Y' V='0.388000000000004' U='IN' F='Height*0.46411483253589'/></Row></Section><Section N='Geometry' IX='3'><Cell N='NoFill' V='1'/><Cell N='NoLine' V='0'/><Cell N='NoShow' V='0'/><Cell N='NoSnap' V='0'/><Cell N='NoQuickDrag' V='0' F='No Formula'/><Row T='MoveTo' IX='1'><Cell N='X' V='0' U='IN' F='Width*0'/><Cell N='Y' V='0.512' U='IN' F='Height*0.61244019138756'/></Row><Row T='LineTo' IX='2'><Cell N='X' V='0.4166666666666687' U='IN' F='Width*0.76923076923077'/><Cell N='Y' V='0.2799999999999985' U='IN' F='Height*0.33492822966507'/></Row></Section><Section N='Geometry' IX='4'><Cell N='NoFill' V='1'/><Cell N='NoLine' V='0'/><Cell N='NoShow' V='0'/><Cell N='NoSnap' V='0'/><Cell N='NoQuickDrag' V='0' F='No Formula'/><Row T='MoveTo' IX='1'><Cell N='X' V='0' U='IN' F='Width*0'/><Cell N='Y' V='0.3999999999999991' U='IN' F='Height*0.47846889952153'/></Row><Row T='LineTo' IX='2'><Cell N='X' V='0.4166666666666687' U='IN' F='Width*0.76923076923077'/><Cell N='Y' V='0.1679999999999974' U='IN' F='Height*0.20095693779904'/></Row></Section><Section N='Geometry' IX='5'><Cell N='NoFill' V='1'/><Cell N='NoLine' V='0'/><Cell N='NoShow' V='0'/><Cell N='NoSnap' V='0'/><Cell N='NoQuickDrag' V='0' F='No Formula'/><Row T='MoveTo' IX='1'><Cell N='X' V='0' U='IN' F='Width*0'/><Cell N='Y' V='0.2920000000000019' U='IN' F='Height*0.34928229665072'/></Row><Row T='LineTo' IX='2'><Cell N='X' V='0.4166666666666687' U='IN' F='Width*0.76923076923077'/><Cell N='Y' V='0.06000000000000028' U='IN' F='Height*0.07177033492823'/></Row></Section><Section N='Geometry' IX='6'><Cell N='NoFill' V='1'/><Cell N='NoLine' V='0'/><Cell N='NoShow' V='0'/><Cell N='NoSnap' V='0'/><Cell N='NoQuickDrag' V='0' F='No Formula'/><Row T='MoveTo' IX='1'><Cell N='X' V='0.304166666666667' U='IN' F='Width*0.56153846153846'/><Cell N='Y' V='0.2320000000000016' U='IN' F='Height*0.27751196172249'/></Row><Row T='LineTo' IX='2'><Cell N='X' V='0.304166666666667' U='IN' F='Width*0.56153846153846'/><Cell N='Y' V='0.1239999999999961' U='IN' F='Height*0.14832535885167'/></Row></Section><Section N='Geometry' IX='7'><Cell N='NoFill' V='1'/><Cell N='NoLine' V='0'/><Cell N='NoShow' V='0'/><Cell N='NoSnap' V='0'/><Cell N='NoQuickDrag' V='0' F='No Formula'/><Row T='MoveTo' IX='1'><Cell N='X' V='0.07500000000000112' U='IN' F='Width*0.13846153846154'/><Cell N='Y' V='0.3559999999999978' U='IN' F='Height*0.42583732057416'/></Row><Row T='LineTo' IX='2'><Cell N='X' V='0.07500000000000112' U='IN' F='Width*0.13846153846154'/><Cell N='Y' V='0.2480000000000006' U='IN' F='Height*0.29665071770335'/></Row></Section><Section N='Geometry' IX='8'><Cell N='NoFill' V='1'/><Cell N='NoLine' V='0'/><Cell N='NoShow' V='0'/><Cell N='NoSnap' V='0'/><Cell N='NoQuickDrag' V='0' F='No Formula'/><Row T='MoveTo' IX='1'><Cell N='X' V='0.1875000000000028' U='IN' F='Width*0.34615384615385'/><Cell N='Y' V='0.4079999999999985' U='IN' F='Height*0.48803827751196'/></Row><Row T='LineTo' IX='2'><Cell N='X' V='0.1875000000000028' U='IN' F='Width*0.34615384615385'/><Cell N='Y' V='0.2959999999999974' U='IN' F='Height*0.35406698564593'/></Row></Section><Section N='Geometry' IX='9'><Cell N='NoFill' V='1'/><Cell N='NoLine' V='0'/><Cell N='NoShow' V='0'/><Cell N='NoSnap' V='0'/><Cell N='NoQuickDrag' V='0' F='No Formula'/><Row T='MoveTo' IX='1'><Cell N='X' V='0.304166666666667' U='IN' F='Width*0.56153846153846'/><Cell N='Y' V='0.4480000000000043' U='IN' F='Height*0.53588516746412'/></Row><Row T='LineTo' IX='2'><Cell N='X' V='0.304166666666667' U='IN' F='Width*0.56153846153846'/><Cell N='Y' V='0.3440000000000027' U='IN' F='Height*0.41148325358852'/></Row></Section><Section N='Geometry' IX='10'><Cell N='NoFill' V='1'/><Cell N='NoLine' V='0'/><Cell N='NoShow' V='0'/><Cell N='NoSnap' V='0'/><Cell N='NoQuickDrag' V='0' F='No Formula'/><Row T='MoveTo' IX='1'><Cell N='X' V='0.07500000000000112' U='IN' F='Width*0.13846153846154'/><Cell N='Y' V='0.5760000000000044' U='IN' F='Height*0.68899521531101'/></Row><Row T='LineTo' IX='2'><Cell N='X' V='0.07500000000000112' U='IN' F='Width*0.13846153846154'/><Cell N='Y' V='0.4720000000000027' U='IN' F='Height*0.56459330143541'/></Row></Section><Section N='Geometry' IX='11'><Cell N='NoFill' V='1'/><Cell N='NoLine' V='0'/><Cell N='NoShow' V='0'/><Cell N='NoSnap' V='0'/><Cell N='NoQuickDrag' V='0' F='No Formula'/><Row T='MoveTo' IX='1'><Cell N='X' V='0.1875000000000028' U='IN' F='Width*0.34615384615385'/><Cell N='Y' V='0.6240000000000012' U='IN' F='Height*0.74641148325359'/></Row><Row T='LineTo' IX='2'><Cell N='X' V='0.1875000000000028' U='IN' F='Width*0.34615384615385'/><Cell N='Y' V='0.516000000000004' U='IN' F='Height*0.61722488038278'/></Row></Section><Section N='Geometry' IX='12'><Cell N='NoFill' V='1'/><Cell N='NoLine' V='0'/><Cell N='NoShow' V='0'/><Cell N='NoSnap' V='0'/><Cell N='NoQuickDrag' V='0' F='No Formula'/><Row T='MoveTo' IX='1'><Cell N='X' V='0.07500000000000112' U='IN' F='Width*0.13846153846154'/><Cell N='Y' V='0.7919999999999986' U='IN' F='Height*0.94736842105263'/></Row><Row T='LineTo' IX='2'><Cell N='X' V='0.07500000000000112' U='IN' F='Width*0.13846153846154'/><Cell N='Y' V='0.6879999999999971' U='IN' F='Height*0.82296650717703'/></Row></Section></Shape><Shape ID='8' Type='Shape' LineStyle='21' FillStyle='21' TextStyle='21'><Cell N='PinX' V='0.3125' U='IN' F='Sheet.5!Width*0.5'/><Cell N='PinY' V='0.5' U='IN' F='Sheet.5!Height*0.5'/><Cell N='Width' V='0.625' U='IN' F='Sheet.5!Width*1'/><Cell N='Height' V='1' U='IN' F='Sheet.5!Height*1'/><Cell N='LocPinX' V='0.3125' U='IN' F='Width*0.5'/><Cell N='LocPinY' V='0.5' U='IN' F='Height*0.5'/><Cell N='Angle' V='0'/><Cell N='FlipX' V='0'/><Cell N='FlipY' V='0'/><Cell N='ResizeMode' V='0'/><Cell N='Copyright' V='Copyright (c) 2012 Microsoft Corporation.  All rights reserved.'/><Cell N='LayerMember' V='' F='No Formula'/><Cell N='FillPattern' V='1' F='GUARD(1)'/><Cell N='ShdwPattern' V='0' F='GUARD(0)'/><Cell N='LineWeight' V='0.02083333333333333' U='PT' F='GUARD(1.5PT)'/><Cell N='LinePattern' V='1' F='GUARD(1)'/><Cell N='Rounding' V='0' F='GUARD(0)'/><Cell N='BeginArrow' V='0' F='GUARD(0)'/><Cell N='EndArrow' V='0' F='GUARD(0)'/><Cell N='FillGradientEnabled' V='0' F='GUARD(FALSE)'/><Section N='Geometry' IX='0'><Cell N='NoFill' V='1' F='GUARD(TRUE)'/><Cell N='NoLine' V='0'/><Cell N='NoShow' V='0'/><Cell N='NoSnap' V='0'/><Cell N='NoQuickDrag' V='0' F='No Formula'/><Row T='MoveTo' IX='1'><Cell N='X' V='0' U='IN' F='Width*0'/><Cell N='Y' V='0.256' U='IN' F='Height*0.256'/></Row><Row T='LineTo' IX='2'><Cell N='X' V='0.4583333333333312' U='IN' F='Width*0.73333333333333'/><Cell N='Y' V='0' U='IN' F='Height*0'/></Row><Row T='LineTo' IX='3'><Cell N='X' V='0.625' U='IN' F='Width*1'/><Cell N='Y' V='0.092' U='IN' F='Height*0.092'/></Row><Row T='LineTo' IX='4'><Cell N='X' V='0.625' U='IN' F='Width*1'/><Cell N='Y' V='0.746' U='IN' F='Height*0.746'/></Row><Row T='LineTo' IX='5'><Cell N='X' V='0.1666666666666687' U='IN' F='Width*0.26666666666667'/><Cell N='Y' V='1' U='IN' F='Height*1'/></Row><Row T='LineTo' IX='6'><Cell N='X' V='0' U='IN' F='Width*0'/><Cell N='Y' V='0.908' U='IN' F='Height*0.908'/></Row><Row T='LineTo' IX='7'><Cell N='X' V='0' U='IN' F='Geometry1.X1'/><Cell N='Y' V='0.256' U='IN' F='Geometry1.Y1'/></Row></Section><Text/></Shape></Shapes></Shape></Shapes></MasterContents>