<?xml version='1.0' encoding='utf-8' ?>
<MasterContents xmlns='http://schemas.microsoft.com/office/visio/2012/main' xmlns:r='http://schemas.openxmlformats.org/officeDocument/2006/relationships' xml:space='preserve'><Shapes><Shape ID='71' Type='Group' LineStyle='39' FillStyle='39' TextStyle='39'><Cell N='PinX' V='0.5' U='IN'/><Cell N='PinY' V='0.5' U='IN'/><Cell N='Width' V='1'/><Cell N='Height' V='1'/><Cell N='LocPinX' V='0.5' F='Width*0.5'/><Cell N='LocPinY' V='0.5' F='Height*0.5'/><Cell N='Angle' V='0'/><Cell N='FlipX' V='0'/><Cell N='FlipY' V='0'/><Cell N='ResizeMode' V='0'/><Cell N='ObjType' V='8'/><Cell N='Comment' V='&lt;no master&gt;' F='INDEX(0,INDEX(0,MASTERNAME(),":"),".")'/><Cell N='EventDblClick' V='0' F='OPENTEXTWIN()'/><Cell N='TxtPinX' V='0.5' F='Controls.Row_1'/><Cell N='TxtPinY' V='-0.1222222222222222' F='Controls.Row_1.Y'/><Cell N='TxtWidth' V='0.1111111111111111' F='TEXTWIDTH(TheText)'/><Cell N='TxtHeight' V='0.2444444444444444' F='TEXTHEIGHT(TheText,TxtWidth)'/><Cell N='TxtLocPinX' V='0.05555555555555555' F='TxtWidth*0.5'/><Cell N='TxtLocPinY' V='0.1222222222222222' F='TxtHeight*0.5'/><Cell N='TxtAngle' V='0' F='IF(BITXOR(FlipX,FlipY),1,-1)*Angle'/><Cell N='SelectMode' V='0'/><Cell N='HelpTopic' V='Vis_PRXY.chm!#55082'/><Cell N='Copyright' V='Copyright (c) 2012 Microsoft Corporation.  All rights reserved.'/><Cell N='LayerMember' V='' F='No Formula'/><Cell N='LockAspect' V='1'/><Cell N='QuickStyleVariation' V='6'/><Section N='Actions'><Row N='Properties'><Cell N='Menu' V='%_P&amp;roperties'/><Cell N='Action' V='0' F='RUNADDON("NETWORK SHAPE PROPERTIES")'/><Cell N='Checked' V='0'/><Cell N='Disabled' V='0'/><Cell N='ReadOnly' V='0'/><Cell N='Invisible' V='0'/><Cell N='BeginGroup' V='0'/><Cell N='FlyoutChild' V='0' F='No Formula'/><Cell N='TagName' V=''/><Cell N='ButtonFace' V=''/><Cell N='SortKey' V=''/></Row></Section><Section N='Connection'><Row T='Connection' N='Row_1'><Cell N='X' V='0.5' F='Width*0.5'/><Cell N='Y' V='0.5' F='Height*0.5'/><Cell N='DirX' V='0'/><Cell N='DirY' V='0'/><Cell N='Type' V='0'/><Cell N='AutoGen' V='0'/><Cell N='Prompt' V='' F='No Formula'/></Row></Section><Section N='User'><Row N='HasText'><Cell N='Value' V='0' U='BOOL' F='NOT(OR(HideText,STRSAME(SHAPETEXT(TheText),"")))'/><Cell N='Prompt' V='' F='No Formula'/></Row><Row N='visLegendShape'><Cell N='Value' V='2'/><Cell N='Prompt' V='' F='No Formula'/></Row><Row N='SolSH'><Cell N='Value' V='{BF0433D9-CD73-4EB5-8390-8653BE590246}' U='GUID'/><Cell N='Prompt' V='' F='No Formula'/></Row><Row N='ShapeClass'><Cell N='Value' V='5'/><Cell N='Prompt' V='' F='No Formula'/></Row><Row N='ShapeType'><Cell N='Value' V='8'/><Cell N='Prompt' V='' F='No Formula'/></Row><Row N='SubShapeType'><Cell N='Value' V='18'/><Cell N='Prompt' V='' F='No Formula'/></Row><Row N='visVersion'><Cell N='Value' V='15'/><Cell N='Prompt' V=''/></Row></Section><Section N='Control'><Row N='Row_1'><Cell N='X' V='0.5' F='Width*0.5'/><Cell N='Y' V='-0.1222222222222222' F='-TxtHeight*0.5'/><Cell N='XDyn' V='0.5' F='Controls.Row_1'/><Cell N='YDyn' V='-0.1222222222222222' F='Controls.Row_1.Y'/><Cell N='XCon' V='2' F='(Controls.Row_1&gt;Width/2)*2+2'/><Cell N='YCon' V='7' F='(Controls.Row_1.Y&gt;Height/2)*2+2+5*NOT(User.HasText)'/><Cell N='CanGlue' V='1'/><Cell N='Prompt' V='Reposition Text'/></Row></Section><Section N='Property'><Row N='ShapeClass'><Cell N='Value' V='Equipment' U='STR'/><Cell N='Prompt' V='' F='No Formula'/><Cell N='Label' V='ShapeClass'/><Cell N='Format' V='' F='No Formula'/><Cell N='SortKey' V='' F='No Formula'/><Cell N='Type' V='0'/><Cell N='Invisible' V='1'/><Cell N='Verify' V='0'/><Cell N='DataLinked' V='0' F='No Formula'/><Cell N='LangID' V='en-US'/><Cell N='Calendar' V='0' F='No Formula'/></Row><Row N='ShapeType'><Cell N='Value' V='Device' U='STR'/><Cell N='Prompt' V='' F='No Formula'/><Cell N='Label' V='ShapeType'/><Cell N='Format' V='' F='No Formula'/><Cell N='SortKey' V='' F='No Formula'/><Cell N='Type' V='0'/><Cell N='Invisible' V='1'/><Cell N='Verify' V='0'/><Cell N='DataLinked' V='0' F='No Formula'/><Cell N='LangID' V='en-US'/><Cell N='Calendar' V='0' F='No Formula'/></Row><Row N='SubShapeType'><Cell N='Value' V='DiagnosticDevice' U='STR'/><Cell N='Prompt' V='' F='No Formula'/><Cell N='Label' V='SubShapeType'/><Cell N='Format' V='' F='No Formula'/><Cell N='SortKey' V='' F='No Formula'/><Cell N='Type' V='0'/><Cell N='Invisible' V='1'/><Cell N='Verify' V='0'/><Cell N='DataLinked' V='0' F='No Formula'/><Cell N='LangID' V='en-US'/><Cell N='Calendar' V='0' F='No Formula'/></Row><Row N='Manufacturer'><Cell N='Value' V='0' F='No Formula'/><Cell N='Prompt' V='' F='No Formula'/><Cell N='Label' V='Manufacturer'/><Cell N='Format' V='' F='No Formula'/><Cell N='SortKey' V='Equipment'/><Cell N='Type' V='0'/><Cell N='Invisible' V='0'/><Cell N='Verify' V='0'/><Cell N='DataLinked' V='0' F='No Formula'/><Cell N='LangID' V='en-US'/><Cell N='Calendar' V='0' F='No Formula'/></Row><Row N='ProductNumber'><Cell N='Value' V='0' F='No Formula'/><Cell N='Prompt' V='' F='No Formula'/><Cell N='Label' V='Product Number'/><Cell N='Format' V='' F='No Formula'/><Cell N='SortKey' V='Equipment'/><Cell N='Type' V='0'/><Cell N='Invisible' V='0'/><Cell N='Verify' V='0'/><Cell N='DataLinked' V='0' F='No Formula'/><Cell N='LangID' V='en-US'/><Cell N='Calendar' V='0' F='No Formula'/></Row><Row N='PartNumber'><Cell N='Value' V='0' F='No Formula'/><Cell N='Prompt' V='' F='No Formula'/><Cell N='Label' V='Part Number'/><Cell N='Format' V='' F='No Formula'/><Cell N='SortKey' V='Equipment'/><Cell N='Type' V='0'/><Cell N='Invisible' V='0'/><Cell N='Verify' V='0'/><Cell N='DataLinked' V='0' F='No Formula'/><Cell N='LangID' V='en-US'/><Cell N='Calendar' V='0' F='No Formula'/></Row><Row N='ProductDescription'><Cell N='Value' V='0' F='No Formula'/><Cell N='Prompt' V='' F='No Formula'/><Cell N='Label' V='Product Description'/><Cell N='Format' V='' F='No Formula'/><Cell N='SortKey' V='Equipment'/><Cell N='Type' V='0'/><Cell N='Invisible' V='0'/><Cell N='Verify' V='0'/><Cell N='DataLinked' V='0' F='No Formula'/><Cell N='LangID' V='en-US'/><Cell N='Calendar' V='0' F='No Formula'/></Row><Row N='AssetNumber'><Cell N='Value' V='0' F='No Formula'/><Cell N='Prompt' V='' F='No Formula'/><Cell N='Label' V='Asset Number'/><Cell N='Format' V='' F='No Formula'/><Cell N='SortKey' V='Asset'/><Cell N='Type' V='0'/><Cell N='Invisible' V='0'/><Cell N='Verify' V='0'/><Cell N='DataLinked' V='0' F='No Formula'/><Cell N='LangID' V='en-US'/><Cell N='Calendar' V='0' F='No Formula'/></Row><Row N='SerialNumber'><Cell N='Value' V='0' F='No Formula'/><Cell N='Prompt' V='' F='No Formula'/><Cell N='Label' V='Serial Number'/><Cell N='Format' V='' F='No Formula'/><Cell N='SortKey' V='Asset'/><Cell N='Type' V='0'/><Cell N='Invisible' V='0'/><Cell N='Verify' V='0'/><Cell N='DataLinked' V='0' F='No Formula'/><Cell N='LangID' V='en-US'/><Cell N='Calendar' V='0' F='No Formula'/></Row><Row N='Location'><Cell N='Value' V='0' F='No Formula'/><Cell N='Prompt' V='' F='No Formula'/><Cell N='Label' V='Location'/><Cell N='Format' V='' F='No Formula'/><Cell N='SortKey' V='Asset'/><Cell N='Type' V='0'/><Cell N='Invisible' V='0'/><Cell N='Verify' V='0'/><Cell N='DataLinked' V='0' F='No Formula'/><Cell N='LangID' V='en-US'/><Cell N='Calendar' V='0' F='No Formula'/></Row><Row N='Building'><Cell N='Value' V='0' F='No Formula'/><Cell N='Prompt' V='' F='No Formula'/><Cell N='Label' V='Building'/><Cell N='Format' V='' F='No Formula'/><Cell N='SortKey' V='Asset'/><Cell N='Type' V='0'/><Cell N='Invisible' V='0'/><Cell N='Verify' V='0'/><Cell N='DataLinked' V='0' F='No Formula'/><Cell N='LangID' V='en-US'/><Cell N='Calendar' V='0' F='No Formula'/></Row><Row N='Room'><Cell N='Value' V='0' F='No Formula'/><Cell N='Prompt' V='' F='No Formula'/><Cell N='Label' V='Room'/><Cell N='Format' V='' F='No Formula'/><Cell N='SortKey' V='Asset'/><Cell N='Type' V='0'/><Cell N='Invisible' V='0'/><Cell N='Verify' V='0'/><Cell N='DataLinked' V='0' F='No Formula'/><Cell N='LangID' V='en-US'/><Cell N='Calendar' V='0' F='No Formula'/></Row><Row N='NetworkName'><Cell N='Value' V='0' F='No Formula'/><Cell N='Prompt' V='' F='No Formula'/><Cell N='Label' V='Network Name'/><Cell N='Format' V='' F='No Formula'/><Cell N='SortKey' V='Network'/><Cell N='Type' V='0'/><Cell N='Invisible' V='0'/><Cell N='Verify' V='0'/><Cell N='DataLinked' V='0' F='No Formula'/><Cell N='LangID' V='en-US'/><Cell N='Calendar' V='0' F='No Formula'/></Row><Row N='IPAddress'><Cell N='Value' V='0' F='No Formula'/><Cell N='Prompt' V='' F='No Formula'/><Cell N='Label' V='IP Address'/><Cell N='Format' V='' F='No Formula'/><Cell N='SortKey' V='Network'/><Cell N='Type' V='0'/><Cell N='Invisible' V='0'/><Cell N='Verify' V='0'/><Cell N='DataLinked' V='0' F='No Formula'/><Cell N='LangID' V='en-US'/><Cell N='Calendar' V='0' F='No Formula'/></Row><Row N='SubnetMask'><Cell N='Value' V='0' F='No Formula'/><Cell N='Prompt' V='' F='No Formula'/><Cell N='Label' V='Subnet Mask'/><Cell N='Format' V='' F='No Formula'/><Cell N='SortKey' V='Network'/><Cell N='Type' V='0'/><Cell N='Invisible' V='0'/><Cell N='Verify' V='0'/><Cell N='DataLinked' V='0' F='No Formula'/><Cell N='LangID' V='en-US'/><Cell N='Calendar' V='0' F='No Formula'/></Row><Row N='AdminInterface'><Cell N='Value' V='0' F='No Formula'/><Cell N='Prompt' V='' F='No Formula'/><Cell N='Label' V='Administrative Interface'/><Cell N='Format' V='' F='No Formula'/><Cell N='SortKey' V='Network'/><Cell N='Type' V='0'/><Cell N='Invisible' V='0'/><Cell N='Verify' V='0'/><Cell N='DataLinked' V='0' F='No Formula'/><Cell N='LangID' V='en-US'/><Cell N='Calendar' V='0' F='No Formula'/></Row><Row N='NumberOfPorts'><Cell N='Value' V='0' F='No Formula'/><Cell N='Prompt' V='' F='No Formula'/><Cell N='Label' V='Number of Ports'/><Cell N='Format' V='' F='No Formula'/><Cell N='SortKey' V='Network'/><Cell N='Type' V='0'/><Cell N='Invisible' V='0'/><Cell N='Verify' V='0'/><Cell N='DataLinked' V='0' F='No Formula'/><Cell N='LangID' V='en-US'/><Cell N='Calendar' V='0' F='No Formula'/></Row><Row N='MACAddress'><Cell N='Value' V='0' F='No Formula'/><Cell N='Prompt' V='' F='No Formula'/><Cell N='Label' V='MAC Address'/><Cell N='Format' V='' F='No Formula'/><Cell N='SortKey' V='Network'/><Cell N='Type' V='0'/><Cell N='Invisible' V='0'/><Cell N='Verify' V='0'/><Cell N='DataLinked' V='0' F='No Formula'/><Cell N='LangID' V='en-US'/><Cell N='Calendar' V='0' F='No Formula'/></Row><Row N='CommunityString'><Cell N='Value' V='0' F='No Formula'/><Cell N='Prompt' V='' F='No Formula'/><Cell N='Label' V='Community String'/><Cell N='Format' V='' F='No Formula'/><Cell N='SortKey' V='Network'/><Cell N='Type' V='0'/><Cell N='Invisible' V='0'/><Cell N='Verify' V='0'/><Cell N='DataLinked' V='0' F='No Formula'/><Cell N='LangID' V='en-US'/><Cell N='Calendar' V='0' F='No Formula'/></Row><Row N='NetworkDescription'><Cell N='Value' V='0' F='No Formula'/><Cell N='Prompt' V='' F='No Formula'/><Cell N='Label' V='Network Description'/><Cell N='Format' V='' F='No Formula'/><Cell N='SortKey' V='Network'/><Cell N='Type' V='0'/><Cell N='Invisible' V='0'/><Cell N='Verify' V='0'/><Cell N='DataLinked' V='0' F='No Formula'/><Cell N='LangID' V='en-US'/><Cell N='Calendar' V='0' F='No Formula'/></Row></Section><Shapes><Shape ID='5' Type='Shape' LineStyle='39' FillStyle='39' TextStyle='39'><Cell N='PinX' V='0.50010395723835' F='Width/2'/><Cell N='PinY' V='0.5' F='Height/2'/><Cell N='Width' V='1.0002079144767' F='Sheet.71!Width*1.0002079144767'/><Cell N='Height' V='1' F='Sheet.71!Height*1'/><Cell N='LocPinX' V='0.50010395723835' F='Width*0.5'/><Cell N='LocPinY' V='0.5' F='Height*0.5'/><Cell N='Angle' V='0'/><Cell N='FlipX' V='0'/><Cell N='FlipY' V='0'/><Cell N='ResizeMode' V='0'/><Cell N='LineWeight' V='0.01' U='PT' F='GUARD(0.72PT)'/><Cell N='LinePattern' V='1' F='GUARD(1)'/><Cell N='Rounding' V='0' F='GUARD(0)'/><Cell N='BeginArrow' V='0' F='GUARD(0)'/><Cell N='EndArrow' V='0' F='GUARD(0)'/><Cell N='LineColorTrans' V='1' F='GUARD(100%)'/><Cell N='FillForegnd' V='6' F='GUARD(6)'/><Cell N='FillBkgnd' V='6' F='GUARD(6)'/><Cell N='FillPattern' V='1' F='GUARD(1)'/><Cell N='FillForegndTrans' V='1' F='GUARD(100%)'/><Cell N='FillBkgndTrans' V='1' F='GUARD(100%)'/><Cell N='Copyright' V='Copyright (c) 2012 Microsoft Corporation.  All rights reserved.'/><Cell N='DropOnPageScale' V='1' F='Sheet.71!DropOnPageScale'/><Cell N='FillGradientEnabled' V='0' F='GUARD(FALSE)'/><Section N='Geometry' IX='0'><Cell N='NoFill' V='0'/><Cell N='NoLine' V='0'/><Cell N='NoShow' V='0'/><Cell N='NoSnap' V='0'/><Cell N='NoQuickDrag' V='0' F='No Formula'/><Row T='MoveTo' IX='1'><Cell N='X' V='0.6601312617482038' F='Width*0.65999403943287'/><Cell N='Y' V='0' F='Height*0'/></Row><Row T='EllipticalArcTo' IX='2'><Cell N='X' V='0.7294132939098544' F='Width*0.72926166985139'/><Cell N='Y' V='0.020000000229526' F='Height*0.020000000229526'/><Cell N='A' V='0.6960147416624383' U='DL' F='Width*0.69587006020302'/><Cell N='B' V='0.0060770549511544' U='DL' F='Height*0.0060770549511544'/><Cell N='C' V='-3.075614708631477' U='DA' F='_ELLIPSE_THETA(-3.0756147106589,1.0601558621655,1.0002079144767,0.99999999820177,Width,Height)'/><Cell N='D' V='1.06015586027567' F='_ELLIPSE_ECC(-3.0756147106589,1.0601558621655,1.0002079144767,0.99999999820177,Width,Height,Geometry1.C2)'/></Row><Row T='LineTo' IX='3'><Cell N='X' V='0.9654902328614136' F='Width*0.96528953519284'/><Cell N='Y' V='0.15629908472776' F='Height*0.15629908472776'/></Row><Row T='EllipticalArcTo' IX='4'><Cell N='X' V='1.000131261055787' F='Width*0.99992336251313'/><Cell N='Y' V='0.21629910569473' F='Height*0.21629910569473'/><Cell N='A' V='0.9914710070355857' U='DL' F='Width*0.99126490871082'/><Cell N='B' V='0.18129909171556' U='DL' F='Height*0.18129909171556'/><Cell N='C' V='0' U='DA'/><Cell N='D' V='0.9999999982018225' F='Width/Height*0.99979212694494'/></Row><Row T='LineTo' IX='5'><Cell N='X' V='1.00013124490441' F='Width*0.99992334636511'/><Cell N='Y' V='0.55894885041093' F='Height*0.55894885041093'/></Row><Row T='EllipticalArcTo' IX='6'><Cell N='X' V='0.9828107530153742' F='Width*0.9826064549085'/><Cell N='Y' V='0.62894882241923' F='Height*0.62894882241923'/><Cell N='A' V='0.9963434448094116' U='DL' F='Width*0.99613633364488'/><Cell N='B' V='0.59515445345604' U='DL' F='Height*0.59515445345604'/><Cell N='C' V='0' U='DA'/><Cell N='D' V='0.9999999982018225' F='Width/Height*0.99979212694494'/></Row><Row T='EllipticalArcTo' IX='7'><Cell N='X' V='0.9308492450455037' F='Width*0.93065574824262'/><Cell N='Y' V='0.67894879443231' F='Height*0.67894879443231'/><Cell N='A' V='0.9606292666434444' U='DL' F='Width*0.96042957943003'/><Cell N='B' V='0.65789712413706' U='DL' F='Height*0.65789712413706'/><Cell N='C' V='0' U='DA'/><Cell N='D' V='0.9999999982018225' F='Width/Height*0.99979212694494'/></Row><Row T='LineTo' IX='8'><Cell N='X' V='0.409413294561538' F='Width*0.40932818930526'/><Cell N='Y' V='0.98000000000071' F='Height*0.98000000000071'/></Row><Row T='EllipticalArcTo' IX='9'><Cell N='X' V='0.2708492302382266' F='Width*0.27079292846821'/><Cell N='Y' V='0.98000000000071' F='Height*0.98000000000071'/><Cell N='A' V='0.3401322927736523' U='DL' F='Width*0.34006158904632'/><Cell N='B' V='1' U='DL' F='Height*1'/><Cell N='C' V='-3.141176947068092' U='DA' F='_ELLIPSE_THETA(-3.1411769470809,1.0601558621656,1.0002079144767,0.99999999820177,Width,Height)'/><Cell N='D' V='1.060155860259197' F='_ELLIPSE_ECC(-3.1411769470809,1.0601558621656,1.0002079144767,0.99999999820177,Width,Height,Geometry1.C9)'/></Row><Row T='LineTo' IX='10'><Cell N='X' V='0.06941327910259135' F='Width*0.069398850076994'/><Cell N='Y' V='0.86370088052895' F='Height*0.86370088052895'/></Row><Row T='EllipticalArcTo' IX='11'><Cell N='X' V='0.01745177113272371' F='Width*0.017448143411117'/><Cell N='Y' V='0.81370090851585' F='Height*0.81370090851585'/><Cell N='A' V='0.04001143868696049' U='DL' F='Width*0.040003121458896'/><Cell N='B' V='0.84225619272191' U='DL' F='Height*0.84225619272191'/><Cell N='C' V='0' U='DA'/><Cell N='D' V='0.9999999982018225' F='Width/Height*0.99979212694494'/></Row><Row T='EllipticalArcTo' IX='12'><Cell N='X' V='0.0001312792436869469' F='Width*0.00013125195450551'/><Cell N='Y' V='0.74370093650757' F='Height*0.74370093650757'/><Cell N='A' V='0.004097159209618382' U='DL' F='Width*0.0040963075279823'/><Cell N='B' V='0.77986247623548' U='DL' F='Height*0.77986247623548'/><Cell N='C' V='0' U='DA'/><Cell N='D' V='0.9999999982018225' F='Width/Height*0.99979212694494'/></Row><Row T='LineTo' IX='13'><Cell N='X' V='0.0001312630923089896' F='Width*0.00013123580648496'/><Cell N='Y' V='0.40200000013848' F='Height*0.40200000013848'/></Row><Row T='EllipticalArcTo' IX='14'><Cell N='X' V='0.03477229128668544' F='Width*0.034765063126778'/><Cell N='Y' V='0.3410511708244' F='Height*0.3410511708244'/><Cell N='A' V='0.008280872244137169' U='DL' F='Width*0.0082791508888126'/><Cell N='B' V='0.36693342988172' U='DL' F='Height*0.36693342988172'/><Cell N='C' V='-0.07054836910647371' U='DA' F='_ELLIPSE_THETA(-0.070548366939502,1.0601558621655,1.0002079144767,0.99999999820177,Width,Height)'/><Cell N='D' V='1.060155860278041' F='_ELLIPSE_ECC(-0.070548366939502,1.0601558621655,1.0002079144767,0.99999999820177,Width,Height,Geometry1.C14)'/></Row><Row T='LineTo' IX='15'><Cell N='X' V='0.5908492295865531' F='Width*0.59072640901435'/><Cell N='Y' V='0.02000000022953' F='Height*0.02000000022953'/></Row><Row T='EllipticalArcTo' IX='16'><Cell N='X' V='0.6601312617482038' F='Width*0.65999403943287'/><Cell N='Y' V='0' F='Height*0'/><Cell N='A' V='0.6242478411870872' U='DL' F='Width*0.6241180780035'/><Cell N='B' V='0.0061000034456973' U='DL' F='Height*0.0061000034456973'/><Cell N='C' V='-0.05066907717130669' U='DA' F='_ELLIPSE_THETA(-0.050669075612444,1.0601558621655,1.0002079144767,0.99999999820177,Width,Height)'/><Cell N='D' V='1.060155860268877' F='_ELLIPSE_ECC(-0.050669075612444,1.0601558621655,1.0002079144767,0.99999999820177,Width,Height,Geometry1.C16)'/></Row></Section></Shape><Shape ID='6' Type='Shape' LineStyle='23' FillStyle='23' TextStyle='23'><Cell N='PinX' V='0.50013163918339' F='Sheet.71!Width*0.50013163918339'/><Cell N='PinY' V='0.72132486417248' F='Sheet.71!Height*0.72132486417248'/><Cell N='Width' V='0.9653589818826001' F='Sheet.71!Width*0.9653589818826'/><Cell N='Height' V='0.55735026805859' F='Sheet.71!Height*0.55735026805859'/><Cell N='LocPinX' V='0.4826794909413' F='Width*0.5'/><Cell N='LocPinY' V='0.278675134029295' F='Height*0.5'/><Cell N='Angle' V='0'/><Cell N='FlipX' V='0'/><Cell N='FlipY' V='0'/><Cell N='ResizeMode' V='0'/><Cell N='FillPattern' V='30' F='GUARD(30)'/><Cell N='ShdwPattern' V='0' F='GUARD(0)'/><Cell N='LineWeight' V='0.01' U='PT' F='GUARD(0.72PT)'/><Cell N='LineColor' V='#ffffff' F='GUARD(RGB(255,255,255))'/><Cell N='LinePattern' V='1' F='GUARD(1)'/><Cell N='Rounding' V='0' F='GUARD(0)'/><Cell N='BeginArrow' V='0' F='GUARD(0)'/><Cell N='EndArrow' V='0' F='GUARD(0)'/><Cell N='Copyright' V='Copyright (c) 2012 Microsoft Corporation.  All rights reserved.'/><Cell N='LayerMember' V='' F='No Formula'/><Cell N='FillGradientDir' V='0' F='GUARD(0)'/><Cell N='FillGradientAngle' V='4.7123889803847' U='DEG' F='GUARD(270DEG)'/><Cell N='FillGradientEnabled' V='1' F='GUARD(TRUE)'/><Cell N='UseGroupGradient' V='0' F='GUARD(FALSE)'/><Section N='Geometry' IX='0'><Cell N='NoFill' V='0'/><Cell N='NoLine' V='0'/><Cell N='NoShow' V='0'/><Cell N='NoSnap' V='0'/><Cell N='NoQuickDrag' V='0' F='No Formula'/><Row T='MoveTo' IX='1'><Cell N='X' V='0.6426794906154458' F='Width*0.66574145232701'/><Cell N='Y' V='0' F='Height*0'/></Row><Row T='LineTo' IX='2'><Cell N='X' V='0.9653589818826001' F='Width*1'/><Cell N='Y' V='0.1862990911450616' F='Height*0.33425854767056'/></Row><Row T='EllipticalArcTo' IX='3'><Cell N='X' V='0.9133974739127351' F='Width*0.94617390116521'/><Cell N='Y' V='0.236299063068227' F='Height*0.42396869008662'/><Cell N='A' V='0.9506794899881822' U='DL' F='Width*0.98479374805651'/><Cell N='B' V='0.2073502687673474' U='DL' F='Height*0.37202865173028'/><Cell N='C' V='0' U='DA'/><Cell N='D' V='1' F='Width/Height*0.57735026919382'/></Row><Row T='LineTo' IX='4'><Cell N='X' V='0.3919615234287919' F='Width*0.40602670176063'/><Cell N='Y' V='0.5373502680952692' F='Height*0.96411592294916'/></Row><Row T='EllipticalArcTo' IX='5'><Cell N='X' V='0.2533974591054972' F='Width*0.26249039358533'/><Cell N='Y' V='0.5373502680952637' F='Height*0.96411592294915'/><Cell N='A' V='0.3226794912671445' U='DL' F='Width*0.33425854767298'/><Cell N='B' V='0.5573502680545437' U='DL' F='Height*0.99999999999274'/><Cell N='C' V='-3.141176947080904' U='DA' F='_ELLIPSE_THETA(-3.1411769470809,1.0601558621656,0.95015648016597,0.54857309960008,Width,Height)'/><Cell N='D' V='1.060155862165612' F='_ELLIPSE_ECC(-3.1411769470809,1.0601558621656,0.95015648016597,0.54857309960008,Width,Height,Geometry1.C5)'/></Row><Row T='LineTo' IX='6'><Cell N='X' V='0.05196150796986507' F='Width*0.05382609883479'/><Cell N='Y' V='0.4210511488326362' F='Height*0.75545159473822'/></Row><Row T='EllipticalArcTo' IX='7'><Cell N='X' V='0' F='Width*0'/><Cell N='Y' V='0.3710511769094542' F='Height*0.66574145232213'/><Cell N='A' V='0.01467949189441588' U='DL' F='Width*0.015206251943488'/><Cell N='B' V='0.3913502683926184' U='DL' F='Height*0.70216216053112'/><Cell N='C' V='0' U='DA'/><Cell N='D' V='1' F='Width/Height*0.57735026919382'/></Row><Row T='EllipticalArcTo' IX='8'><Cell N='X' V='0.6426794906154458' F='Geometry1.X1'/><Cell N='Y' V='0' F='Geometry1.Y1'/><Cell N='A' V='0.3285285953041439' U='DL' F='Width*0.34031754142222'/><Cell N='B' V='0.1819315620338871' U='DL' F='Height*0.32642231009883'/><Cell N='C' V='-0.0214506808878395' U='DA' F='_ELLIPSE_THETA(-0.02145068088784,1.0601558621656,0.95015648016597,0.54857309960008,Width,Height)'/><Cell N='D' V='1.060155862165612' F='_ELLIPSE_ECC(-0.02145068088784,1.0601558621656,0.95015648016597,0.54857309960008,Width,Height,Geometry1.C8)'/></Row></Section><Text/></Shape><Shape ID='7' Type='Shape' LineStyle='22' FillStyle='22' TextStyle='22'><Cell N='PinX' V='0.83016996522178' F='Sheet.71!Width*0.83016996522178'/><Cell N='PinY' V='0.31447441076127' F='Sheet.71!Height*0.31447441076127'/><Cell N='Width' V='0.34007665272848' F='Sheet.71!Width*0.34007665272848'/><Cell N='Height' V='0.62894882105394' F='Sheet.71!Height*0.62894882105394'/><Cell N='LocPinX' V='0.17003832636424' F='Width*0.5'/><Cell N='LocPinY' V='0.31447441052697' F='Height*0.5'/><Cell N='Angle' V='0'/><Cell N='FlipX' V='0'/><Cell N='FlipY' V='0'/><Cell N='ResizeMode' V='0'/><Cell N='FillPattern' V='31' F='GUARD(31)'/><Cell N='ShdwPattern' V='0' F='GUARD(0)'/><Cell N='LineWeight' V='0.01' U='PT' F='GUARD(0.72PT)'/><Cell N='LineColor' V='#ffffff' F='GUARD(RGB(255,255,255))'/><Cell N='LinePattern' V='1' F='GUARD(1)'/><Cell N='Rounding' V='0' F='GUARD(0)'/><Cell N='BeginArrow' V='0' F='GUARD(0)'/><Cell N='EndArrow' V='0' F='GUARD(0)'/><Cell N='Copyright' V='Copyright (c) 2012 Microsoft Corporation.  All rights reserved.'/><Cell N='LayerMember' V='' F='No Formula'/><Cell N='FillGradientDir' V='12' F='GUARD(12)'/><Cell N='FillGradientEnabled' V='1' F='GUARD(TRUE)'/><Cell N='UseGroupGradient' V='0' F='GUARD(FALSE)'/><Section N='Geometry' IX='0'><Cell N='NoFill' V='0'/><Cell N='NoLine' V='0'/><Cell N='NoShow' V='0'/><Cell N='NoSnap' V='0'/><Cell N='NoQuickDrag' V='0' F='No Formula'/><Row T='MoveTo' IX='1'><Cell N='X' V='0' F='Width*0'/><Cell N='Y' V='0' F='Height*0'/></Row><Row T='EllipticalArcTo' IX='2'><Cell N='X' V='0.06928203216164817' F='Width*0.20372475324545'/><Cell N='Y' V='0.01999999995926398' F='Height*0.031799089671159'/><Cell N='A' V='0.03583301183236074' U='DL' F='Width*0.10536745626278'/><Cell N='B' V='0.006062494782909467' U='DL' F='Height*0.0096390907812665'/><Cell N='C' V='-3.075614710658905' U='DA' F='_ELLIPSE_THETA(-3.0756147106589,1.0601558621655,0.33472111557192,0.6190441164713,Width,Height)'/><Cell N='D' V='1.060155862165502' F='_ELLIPSE_ECC(-3.0756147106589,1.0601558621655,0.33472111557192,0.6190441164713,Width,Height,Geometry1.C2)'/></Row><Row T='LineTo' IX='3'><Cell N='X' V='0.3053589711131987' F='Width*0.8979121873356'/><Cell N='Y' V='0.1562990842124005' F='Height*0.24850843022567'/></Row><Row T='EllipticalArcTo' IX='4'><Cell N='X' V='0.3399999993075685' F='Width*0.99977459957837'/><Cell N='Y' V='0.2162991050714804' F='Height*0.34390573259844'/><Cell N='A' V='0.3313397452873629' U='DL' F='Width*0.97430900542269'/><Cell N='B' V='0.1812990911552412' U='DL' F='Height*0.28825730343438'/><Cell N='C' V='0' U='DA'/><Cell N='D' V='0.999999999999987' F='Width/Height*1.8494325206032'/></Row><Row T='LineTo' IX='5'><Cell N='X' V='0.339999983156189' F='Width*0.99977455208502'/><Cell N='Y' V='0.5589488491715097' F='Height*0.88870323062991'/></Row><Row T='EllipticalArcTo' IX='6'><Cell N='X' V='0.3226794912671538' F='Width*0.948843411267'/><Cell N='Y' V='0.62894882105394' F='Height*1'/><Cell N='A' V='0.3359999993157136' U='DL' F='Width*0.98801254546568'/><Cell N='B' V='0.5959999987861996' U='DL' F='Height*0.94761287220075'/><Cell N='C' V='0' U='DA'/><Cell N='D' V='0.999999999999987' F='Width/Height*1.8494325206032'/></Row><Row T='LineTo' IX='7'><Cell N='X' V='0' F='Width*0'/><Cell N='Y' V='0.4426497299088827' F='Height*0.70379292414783'/></Row><Row T='LineTo' IX='8'><Cell N='X' V='0' F='Geometry1.X1'/><Cell N='Y' V='0' F='Geometry1.Y1'/></Row></Section></Shape><Shape ID='8' Type='Shape' LineStyle='24' FillStyle='24' TextStyle='24'><Cell N='PinX' V='0.33006600798345' F='Sheet.71!Width*0.33006600798345'/><Cell N='PinY' V='0.40685045364348' F='Sheet.71!Height*0.40685045364348'/><Cell N='Width' V='0.6601312617481701' F='Sheet.71!Width*0.66013126174817'/><Cell N='Height' V='0.81370090681837' F='Sheet.71!Height*0.81370090681837'/><Cell N='LocPinX' V='0.330065630874085' F='Width*0.5'/><Cell N='LocPinY' V='0.406850453409185' F='Height*0.5'/><Cell N='Angle' V='0'/><Cell N='FlipX' V='0'/><Cell N='FlipY' V='0'/><Cell N='ResizeMode' V='0'/><Cell N='LineWeight' V='0.01' U='PT' F='GUARD(0.72PT)'/><Cell N='LineColor' V='#000000' F='GUARD(RGB(0,0,0))'/><Cell N='LinePattern' V='1' F='GUARD(1)'/><Cell N='Rounding' V='0' F='GUARD(0)'/><Cell N='BeginArrow' V='0' F='GUARD(0)'/><Cell N='EndArrow' V='0' F='GUARD(0)'/><Cell N='FillPattern' V='32' F='GUARD(32)'/><Cell N='ShdwPattern' V='0' F='GUARD(0)'/><Cell N='Copyright' V='Copyright (c) 2012 Microsoft Corporation.  All rights reserved.'/><Cell N='LayerMember' V='' F='No Formula'/><Cell N='FillGradientDir' V='11' F='GUARD(11)'/><Cell N='FillGradientEnabled' V='1' F='GUARD(TRUE)'/><Cell N='UseGroupGradient' V='0' F='GUARD(FALSE)'/><Section N='Geometry' IX='0'><Cell N='NoFill' V='0'/><Cell N='NoLine' V='0'/><Cell N='NoShow' V='0'/><Cell N='NoSnap' V='0'/><Cell N='NoQuickDrag' V='0' F='No Formula'/><Row T='MoveTo' IX='1'><Cell N='X' V='0.03477229128668358' F='Width*0.052674813785669'/><Cell N='Y' V='0.3410511699768138' F='Height*0.41913578701829'/></Row><Row T='LineTo' IX='2'><Cell N='X' V='0.5908492295865212' F='Width*0.89504809698275'/><Cell N='Y' V='0.0199999999592688' F='Height*0.024579055758301'/></Row><Row T='EllipticalArcTo' IX='3'><Cell N='X' V='0.6601312617481701' F='Width*1'/><Cell N='Y' V='0' F='Height*0'/><Cell N='A' V='0.6226340974418598' U='DL' F='Width*0.94319741166778'/><Cell N='B' V='0.006574992987409389' U='DL' F='Height*0.0080803559788548'/><Cell N='C' V='-0.05066907561245127' U='DA' F='_ELLIPSE_THETA(-0.050669075612441,1.0601558621655,0.64973549516986,0.80088672094048,Width,Height)'/><Cell N='D' V='1.060155862165492' F='_ELLIPSE_ECC(-0.050669075612441,1.0601558621655,0.64973549516986,0.80088672094048,Width,Height,Geometry1.C3)'/></Row><Row T='LineTo' IX='4'><Cell N='X' V='0.6601312617481701' F='Width*1'/><Cell N='Y' V='0.4426497299088787' F='Height*0.54399562074924'/></Row><Row T='EllipticalArcTo' IX='5'><Cell N='X' V='0.0174517711327231' F='Width*0.026436819681145'/><Cell N='Y' V='0.81370090681837' F='Height*1'/><Cell N='A' V='0.3403289008790064' U='DL' F='Width*0.51554731702562'/><Cell N='B' V='0.6313292239879584' U='DL' F='Height*0.77587381149236'/><Cell N='C' V='-0.02148249732114238' U='DA' F='_ELLIPSE_THETA(-0.021482497321136,1.0601558621655,0.64973549516986,0.80088672094048,Width,Height)'/><Cell N='D' V='1.060155862165492' F='_ELLIPSE_ECC(-0.021482497321136,1.0601558621655,0.64973549516986,0.80088672094048,Width,Height,Geometry1.C5)'/></Row><Row T='EllipticalArcTo' IX='6'><Cell N='X' V='0.0001312792436866991' F='Width*0.000198868393748'/><Cell N='Y' V='0.7437009349359285' F='Height*0.9139733392259'/><Cell N='A' V='0.004131263084162555' U='DL' F='Width*0.0062582448727274'/><Cell N='B' V='0.7799999984114761' U='DL' F='Height*0.95858317457373'/><Cell N='C' V='0' U='DA'/><Cell N='D' V='1.00000000000002' F='Width/Height*1.2326350136237'/></Row><Row T='LineTo' IX='7'><Cell N='X' V='0.000131263092308912' F='Width*0.00019884392682949'/><Cell N='Y' V='0.4019999991813029' F='Height*0.49403902074185'/></Row><Row T='EllipticalArcTo' IX='8'><Cell N='X' V='0.03477229128668358' F='Geometry1.X1'/><Cell N='Y' V='0.3410511699768138' F='Geometry1.Y1'/><Cell N='A' V='0.008791517112515846' U='DL' F='Width*0.013317831803987'/><Cell N='B' V='0.3660511769196622' U='DL' F='Height*0.44985961531117'/><Cell N='C' V='-0.07054836693951286' U='DA' F='_ELLIPSE_THETA(-0.0705483669395,1.0601558621655,0.64973549516986,0.80088672094048,Width,Height)'/><Cell N='D' V='1.060155862165492' F='_ELLIPSE_ECC(-0.0705483669395,1.0601558621655,0.64973549516986,0.80088672094048,Width,Height,Geometry1.C8)'/></Row></Section></Shape><Shape ID='9' Type='Shape' LineStyle='25' FillStyle='25' TextStyle='25'><Cell N='PinX' V='0.50011390630274' F='Sheet.71!Width*0.50011390630274'/><Cell N='PinY' V='0.5' F='Sheet.71!Height*0.5'/><Cell N='Width' V='1.0002278126055' F='Sheet.71!Width*1.0002278126055'/><Cell N='Height' V='1' F='Sheet.71!Height*1'/><Cell N='LocPinX' V='0.50011390630275' F='Width*0.5'/><Cell N='LocPinY' V='0.5' F='Height*0.5'/><Cell N='Angle' V='0'/><Cell N='FlipX' V='0'/><Cell N='FlipY' V='0'/><Cell N='ResizeMode' V='0'/><Cell N='LineWeight' V='0.02083333333333333' U='PT' F='GUARD(1.5PT)'/><Cell N='LinePattern' V='1' F='GUARD(1)'/><Cell N='Rounding' V='0' F='GUARD(0)'/><Cell N='BeginArrow' V='0' F='GUARD(0)'/><Cell N='EndArrow' V='0' F='GUARD(0)'/><Cell N='FillPattern' V='1' F='GUARD(1)'/><Cell N='ShdwPattern' V='0' F='GUARD(0)'/><Cell N='Copyright' V='Copyright (c) 2012 Microsoft Corporation.  All rights reserved.'/><Cell N='LayerMember' V='' F='No Formula'/><Cell N='FillGradientEnabled' V='0' F='GUARD(FALSE)'/><Section N='Geometry' IX='0'><Cell N='NoFill' V='1' F='GUARD(1)'/><Cell N='NoLine' V='0'/><Cell N='NoShow' V='0'/><Cell N='NoSnap' V='0'/><Cell N='NoQuickDrag' V='0' F='No Formula'/><Row T='MoveTo' IX='1'><Cell N='X' V='0.0001316563530504271' F='Width*0.00013162636690483'/><Cell N='Y' V='0.74370093499598' F='Height*0.74370093499598'/></Row><Row T='LineTo' IX='2'><Cell N='X' V='0.0001316402016726377' F='Width*0.00013161021920569'/><Cell N='Y' V='0.4019999994156' F='Height*0.4019999994156'/></Row><Row T='EllipticalArcTo' IX='3'><Cell N='X' V='0.03477266839604829' F='Width*0.034764748548102'/><Cell N='Y' V='0.3410511701312' F='Height*0.3410511701312'/><Cell N='A' V='0.01419239890667559' U='DL' F='Width*0.0141891664357'/><Cell N='B' V='0.3582417260212' U='DL' F='Height*0.3582417260212'/><Cell N='C' V='-0.07463987194671633' U='DA' F='_ELLIPSE_THETA(-0.074639871946726,1.0601558621573,0.98447619551429,0.98425197050843,Width,Height)'/><Cell N='D' V='1.060155862157311' F='_ELLIPSE_ECC(-0.074639871946726,1.0601558621573,0.98447619551429,0.98425197050843,Width,Height,Geometry1.C3)'/></Row><Row T='LineTo' IX='4'><Cell N='X' V='0.5908496066958966' F='Width*0.59071503436481'/><Cell N='Y' V='0.02000000018888' F='Height*0.02000000018888'/></Row><Row T='EllipticalArcTo' IX='5'><Cell N='X' V='0.7294136710191981' F='Width*0.72924753923723'/><Cell N='Y' V='0.020000000188875' F='Height*0.020000000188875'/><Cell N='A' V='0.6601316388575473' U='DL' F='Width*0.65998128680102'/><Cell N='B' V='0' U='DL' F='Height*0'/><Cell N='C' V='-3.138428731191904' U='DA' F='_ELLIPSE_THETA(-3.1384287311919,1.0601558624139,0.98447619551429,0.98425197050843,Width,Height)'/><Cell N='D' V='1.060155862413911' F='_ELLIPSE_ECC(-3.1384287311919,1.0601558624139,0.98447619551429,0.98425197050843,Width,Height,Geometry1.C5)'/></Row><Row T='LineTo' IX='6'><Cell N='X' V='0.965490609970751' F='Width*0.96527070913549'/><Cell N='Y' V='0.15629908441008' F='Height*0.15629908441008'/></Row><Row T='EllipticalArcTo' IX='7'><Cell N='X' V='1.00013163816512' F='Width*0.99990384746438'/><Cell N='Y' V='0.2162991052551' F='Height*0.2162991052551'/><Cell N='A' V='0.992561445539677' U='DL' F='Width*0.99233537903145'/><Cell N='B' V='0.18326486379695' U='DL' F='Height*0.18326486379695'/><Cell N='C' V='0' U='DA'/><Cell N='D' V='1.000000000000017' F='Width/Height*0.99977223928128'/></Row><Row T='LineTo' IX='8'><Cell N='X' V='1.000131622013742' F='Width*0.99990383131668'/><Cell N='Y' V='0.55894884927485' F='Height*0.55894884927485'/></Row><Row T='EllipticalArcTo' IX='9'><Cell N='X' V='0.9308496221548382' F='Width*0.93063761117586'/><Cell N='Y' V='0.67894879305233' F='Height*0.67894879305233'/><Cell N='A' V='0.9828111301247001' U='DL' F='Width*0.98258728435532'/><Cell N='B' V='0.62894882114088' U='DL' F='Height*0.62894882114088'/><Cell N='C' V='0' U='DA'/><Cell N='D' V='1.000000000234311' F='Width/Height*0.99977223951552'/></Row><Row T='LineTo' IX='10'><Cell N='X' V='0.4094136716708906' F='Width*0.40932042331877'/><Cell N='Y' V='0.97999999800884' F='Height*0.97999999800884'/></Row><Row T='EllipticalArcTo' IX='11'><Cell N='X' V='0.2708496073475892' F='Width*0.27078791844635'/><Cell N='Y' V='0.97999999800884' F='Height*0.97999999800884'/><Cell N='A' V='0.3401316395092399' U='DL' F='Width*0.34005417088256'/><Cell N='B' V='0.99999999796343' U='DL' F='Height*0.99999999796343'/><Cell N='C' V='-3.132817089132405' U='DA' F='_ELLIPSE_THETA(-3.1328170891324,1.0601558624139,0.98447619551429,0.98425197050843,Width,Height)'/><Cell N='D' V='1.060155862413911' F='_ELLIPSE_ECC(-3.1328170891324,1.0601558624139,0.98447619551429,0.98425197050843,Width,Height,Geometry1.C11)'/></Row><Row T='LineTo' IX='12'><Cell N='X' V='0.06941365621195302' F='Width*0.069397846507724'/><Cell N='Y' V='0.86370087877346' F='Height*0.86370087877346'/></Row><Row T='EllipticalArcTo' IX='13'><Cell N='X' V='0.0001316563530504271' F='Geometry1.X1'/><Cell N='Y' V='0.74370093499598' F='Geometry1.Y1'/><Cell N='A' V='0.01745214824208713' U='DL' F='Width*0.01744817332826'/><Cell N='B' V='0.81370090686202' U='DL' F='Height*0.81370090686202'/><Cell N='C' V='-1.082987960484532' U='DA' F='_ELLIPSE_THETA(-1.0829879604846,1.0601558620263,0.98447619551429,0.98425197050843,Width,Height)'/><Cell N='D' V='1.060155862026294' F='_ELLIPSE_ECC(-1.0829879604846,1.0601558620263,0.98447619551429,0.98425197050843,Width,Height,Geometry1.C13)'/></Row></Section><Text/></Shape><Shape ID='10' Type='Group' LineStyle='39' FillStyle='39' TextStyle='39'><Cell N='PinX' V='0.32349062339176' F='Sheet.71!Width*0.32349062339176'/><Cell N='PinY' V='0.41722441055201' F='Sheet.71!Height*0.41722441055201'/><Cell N='Width' V='0.53471796660826' F='Sheet.71!Width*0.53471796660826'/><Cell N='Height' V='0.62155117639932' F='Sheet.71!Height*0.62155117639932'/><Cell N='LocPinX' V='0.26735898330413' F='Width*0.5'/><Cell N='LocPinY' V='0.31077558819966' F='Height*0.5'/><Cell N='Angle' V='0'/><Cell N='FlipX' V='0'/><Cell N='FlipY' V='0'/><Cell N='ResizeMode' V='0'/><Cell N='Copyright' V='Copyright (c) 2012 Microsoft Corporation.  All rights reserved.'/><Cell N='LayerMember' V='' F='No Formula'/><Cell N='ObjType' V='8'/><Cell N='QuickStyleVariation' V='4'/><Shapes><Shape ID='11' Type='Shape' LineStyle='3' FillStyle='3' TextStyle='3'><Cell N='PinX' V='0.1119999997719056' F='Sheet.10!Width*0.20945621199588'/><Cell N='PinY' V='0.4275511767944134' F='Sheet.10!Height*0.68787767287521'/><Cell N='Width' V='0.2239999995438058' F='Sheet.10!Width*0.41891242399175'/><Cell N='Height' V='0.387999999209807' F='Sheet.10!Height*0.62424465424957'/><Cell N='LocPinX' V='0.1119999997719029' F='Width*0.5'/><Cell N='LocPinY' V='0.1939999996049035' F='Height*0.5'/><Cell N='Angle' V='0'/><Cell N='FlipX' V='0'/><Cell N='FlipY' V='0'/><Cell N='ResizeMode' V='0'/><Cell N='FillForegnd' V='1' F='GUARD(1)'/><Cell N='FillBkgnd' V='#99cc00' F='GUARD(RGB(153,204,0))'/><Cell N='FillPattern' V='36' F='GUARD(36)'/><Cell N='ShdwPattern' V='0' F='GUARD(0)'/><Cell N='FillForegndTrans' V='0' F='THEMEVAL("FillTransparency",0%)'/><Cell N='FillBkgndTrans' V='0' F='THEMEVAL("FillTransparencyBkgnd",0%)'/><Cell N='LineWeight' V='0.01' U='PT' F='GUARD(0.72PT)'/><Cell N='LineColor' V='0' F='GUARD(0)'/><Cell N='LinePattern' V='1' F='GUARD(1)'/><Cell N='Rounding' V='0' F='GUARD(0)'/><Cell N='BeginArrow' V='0' F='GUARD(0)'/><Cell N='EndArrow' V='0' F='GUARD(0)'/><Cell N='Copyright' V='Copyright (c) 2012 Microsoft Corporation.  All rights reserved.'/><Cell N='LayerMember' V='' F='No Formula'/><Cell N='FillGradientDir' V='7' F='GUARD(7)'/><Cell N='FillGradientEnabled' V='1' F='GUARD(TRUE)'/><Cell N='UseGroupGradient' V='0' F='GUARD(FALSE)'/><Cell N='QuickStyleVariation' V='6'/><Section N='FillGradient'><Row IX='0'><Cell N='GradientStopColor' V='1' F='GUARD(1)'/><Cell N='GradientStopColorTrans' V='0' F='THEMEVAL("FillStop1Transparency",0%)'/><Cell N='GradientStopPosition' V='0' F='THEMEVAL("FillStop1Position",0%)'/></Row><Row IX='1'><Cell N='GradientStopColor' V='#99cc00' F='GUARD(RGB(153,204,0))'/><Cell N='GradientStopColorTrans' V='0' F='THEMEVAL("FillStop2Transparency",0%)'/><Cell N='GradientStopPosition' V='1' F='THEMEVAL("FillStop2Position",100%)'/></Row><Row IX='2' Del='1'/><Row IX='3' Del='1'/><Row IX='4' Del='1'/><Row IX='5' Del='1'/><Row IX='6' Del='1'/><Row IX='7' Del='1'/><Row IX='8' Del='1'/><Row IX='9' Del='1'/></Section><Section N='Geometry' IX='0'><Cell N='NoFill' V='0'/><Cell N='NoLine' V='0'/><Cell N='NoShow' V='0'/><Cell N='NoSnap' V='0'/><Cell N='NoQuickDrag' V='0' F='No Formula'/><Row T='MoveTo' IX='1'><Cell N='X' V='0.01149999997658162' F='Width*0.051339285714296'/><Cell N='Y' V='0.1410288565424824' F='Height*0.36347643512809'/></Row><Row T='EllipticalArcTo' IX='2'><Cell N='X' V='0.2239999995438058' F='Width*1'/><Cell N='Y' V='0.01834192458954922' F='Height*0.047273001615732'/><Cell N='A' V='0.1114456346707804' U='DL' F='Width*0.49752515579352'/><Cell N='B' V='0.07131842342188965' U='DL' F='Height*0.18381037001839'/><Cell N='C' V='-0.03047078494097529' U='DA' F='_ELLIPSE_THETA(-0.030470784940979,1.0601558621655,0.22047244094488,0.38188976377953,Width,Height)'/><Cell N='D' V='1.060155862165515' F='_ELLIPSE_ECC(-0.030470784940979,1.0601558621655,0.22047244094488,0.38188976377953,Width,Height,Geometry1.C2)'/></Row><Row T='LineTo' IX='3'><Cell N='X' V='0.2239999995438058' F='Width*1'/><Cell N='Y' V='0' F='Height*0'/></Row><Row T='LineTo' IX='4'><Cell N='X' V='0.2239999995438058' F='Width*1'/><Cell N='Y' V='0.2583419241007701' F='Height*0.66582970264666'/></Row><Row T='EllipticalArcTo' IX='5'><Cell N='X' V='0' F='Width*0'/><Cell N='Y' V='0.387999999209807' F='Height*1'/><Cell N='A' V='0.1087218522655404' U='DL' F='Width*0.48536541288822'/><Cell N='B' V='0.3145716397370343' U='DL' F='Height*0.81075165045795'/><Cell N='C' V='-0.02451643082132768' U='DA' F='_ELLIPSE_THETA(-0.02451643082133,1.0601558621655,0.22047244094488,0.38188976377953,Width,Height)'/><Cell N='D' V='1.060155862165515' F='_ELLIPSE_ECC(-0.02451643082133,1.0601558621655,0.22047244094488,0.38188976377953,Width,Height,Geometry1.C5)'/></Row><Row T='LineTo' IX='6'><Cell N='X' V='0.01149999997657961' F='Width*0.051339285714287'/><Cell N='Y' V='0.3810288560537002' F='Height*0.98203313615901'/></Row><Row T='LineTo' IX='7'><Cell N='X' V='0.01149999997658162' F='Geometry1.X1'/><Cell N='Y' V='0.1410288565424824' F='Geometry1.Y1'/></Row></Section></Shape><Shape ID='12' Type='Shape' LineStyle='3' FillStyle='3' TextStyle='3'><Cell N='PinX' V='0.09040424012329892' F='Sheet.10!Width*0.16906901538532'/><Cell N='PinY' V='0.4297830117108664' F='Sheet.10!Height*0.69146842292315'/><Cell N='Width' V='0.1808084802465979' F='Sheet.10!Width*0.33813803077064'/><Cell N='Height' V='0.351536329442072' F='Sheet.10!Height*0.56557905895785'/><Cell N='LocPinX' V='0.09040424012329892' F='Width*0.5'/><Cell N='LocPinY' V='0.175768164721036' F='Height*0.5'/><Cell N='Angle' V='0'/><Cell N='FlipX' V='0'/><Cell N='FlipY' V='0'/><Cell N='ResizeMode' V='0'/><Cell N='LineWeight' V='0.01666666666666667' U='PT' F='GUARD(1.2PT)'/><Cell N='LineColor' V='1' F='GUARD(1)'/><Cell N='LinePattern' V='1' F='GUARD(1)'/><Cell N='Rounding' V='0' F='GUARD(0)'/><Cell N='BeginArrow' V='0' F='GUARD(0)'/><Cell N='EndArrow' V='0' F='GUARD(0)'/><Cell N='FillForegnd' V='1' F='GUARD(1)'/><Cell N='FillBkgnd' V='0' F='GUARD(0)'/><Cell N='FillPattern' V='1' F='GUARD(1)'/><Cell N='ShdwPattern' V='0' F='GUARD(0)'/><Cell N='FillForegndTrans' V='0.9' F='THEMEVAL("FillTransparency",90%)'/><Cell N='FillBkgndTrans' V='0.9' F='THEMEVAL("FillTransparencyBkgnd",90%)'/><Cell N='Copyright' V='Copyright (c) 2012 Microsoft Corporation.  All rights reserved.'/><Cell N='LayerMember' V='' F='No Formula'/><Cell N='FillGradientEnabled' V='0' F='GUARD(FALSE)'/><Cell N='QuickStyleVariation' V='6'/><Section N='Geometry' IX='0'><Cell N='NoFill' V='1'/><Cell N='NoLine' V='0'/><Cell N='NoShow' V='0'/><Cell N='NoSnap' V='0'/><Cell N='NoQuickDrag' V='0' F='No Formula'/><Row T='MoveTo' IX='1'><Cell N='X' V='0' F='Width*0'/><Cell N='Y' V='0.351536329442072' F='Height*1'/></Row><Row T='LineTo' IX='2'><Cell N='X' V='0' F='Width*0'/><Cell N='Y' V='0.1115363299308516' F='Height*0.31728251275728'/></Row><Row T='EllipticalArcTo' IX='3'><Cell N='X' V='0.1808084802465979' F='Width*1'/><Cell N='Y' V='0' F='Height*0'/><Cell N='A' V='0.08719999982240881' U='DL' F='Width*0.48227826318478'/><Cell N='B' V='0.04953633005711942' U='DL' F='Height*0.14091382855291'/><Cell N='C' V='-2.498091544796553' U='DA' F='_ELLIPSE_THETA(0.64350110879329,1.2369127677879,0.17796110296735,0.34600032495867,Width,Height)'/><Cell N='D' V='1.236912767787907' F='_ELLIPSE_ECC(0.64350110879329,1.2369127677879,0.17796110296735,0.34600032495867,Width,Height,Geometry1.C3)'/></Row></Section><Text/></Shape><Shape ID='13' Type='Shape' LineStyle='3' FillStyle='3' TextStyle='3'><Cell N='PinX' V='0.4231089829869359' F='Sheet.10!Width*0.79127504480677'/><Cell N='PinY' V='0.2206874764195384' F='Sheet.10!Height*0.35505922086415'/><Cell N='Width' V='0.2232179672426536' F='Sheet.10!Width*0.41744991038647'/><Cell N='Height' V='0.4413749528390768' F='Sheet.10!Height*0.7101184417283'/><Cell N='LocPinX' V='0.1116089836213268' F='Width*0.5'/><Cell N='LocPinY' V='0.2206874764195384' F='Height*0.5'/><Cell N='Angle' V='0'/><Cell N='FlipX' V='0'/><Cell N='FlipY' V='0'/><Cell N='ResizeMode' V='0'/><Cell N='FillForegnd' V='0' F='GUARD(0)'/><Cell N='FillBkgnd' V='0' F='GUARD(0)'/><Cell N='FillPattern' V='1' F='GUARD(1)'/><Cell N='ShdwPattern' V='0' F='GUARD(0)'/><Cell N='FillForegndTrans' V='0.8' F='THEMEVAL("FillTransparency",80%)'/><Cell N='FillBkgndTrans' V='0.8' F='THEMEVAL("FillTransparencyBkgnd",80%)'/><Cell N='LockAspect' V='1'/><Cell N='LineWeight' V='0.003333333333333333' U='PT' F='GUARD(0.24PT)'/><Cell N='LineColor' V='0' F='GUARD(0)'/><Cell N='LinePattern' V='1' F='GUARD(1)'/><Cell N='Rounding' V='0' F='GUARD(0)'/><Cell N='BeginArrow' V='0' F='GUARD(0)'/><Cell N='EndArrow' V='0' F='GUARD(0)'/><Cell N='Copyright' V='Copyright (c) 2012 Microsoft Corporation.  All rights reserved.'/><Cell N='LayerMember' V='' F='No Formula'/><Cell N='FillGradientEnabled' V='0' F='GUARD(FALSE)'/><Section N='Geometry' IX='0'><Cell N='NoFill' V='0'/><Cell N='NoLine' V='0'/><Cell N='NoShow' V='0'/><Cell N='NoSnap' V='0'/><Cell N='NoQuickDrag' V='0' F='No Formula'/><Row T='MoveTo' IX='1'><Cell N='X' V='0' F='Width*0'/><Cell N='Y' V='0.128874953475506' F='Height*0.29198519908422'/></Row><Row T='LineTo' IX='2'><Cell N='X' V='0.2232179672426536' F='Width*1'/><Cell N='Y' V='0' F='Height*0'/></Row><Row T='LineTo' IX='3'><Cell N='X' V='0.2232179672426536' F='Width*1'/><Cell N='Y' V='0.3124999993635707' F='Height*0.70801480091578'/></Row><Row T='LineTo' IX='4'><Cell N='X' V='0' F='Width*0'/><Cell N='Y' V='0.4413749528390768' F='Height*1'/></Row><Row T='LineTo' IX='5'><Cell N='X' V='0' F='Geometry1.X1'/><Cell N='Y' V='0.128874953475506' F='Geometry1.Y1'/></Row></Section></Shape><Shape ID='14' Type='Group' LineStyle='3' FillStyle='3' TextStyle='3'><Cell N='PinX' V='0.4188418339345458' F='Sheet.10!Width*0.78329485839288'/><Cell N='PinY' V='0.3098634113775988' F='Sheet.10!Height*0.49853241879881'/><Cell N='Width' V='0.1998709597310542' F='Sheet.10!Width*0.37378762677238'/><Cell N='Height' V='0.1637268236838792' F='Sheet.10!Height*0.26341648105689'/><Cell N='LocPinX' V='0.09993547986552712' F='Width*0.5'/><Cell N='LocPinY' V='0.08186341184193959' F='Height*0.5'/><Cell N='Angle' V='0'/><Cell N='FlipX' V='0'/><Cell N='FlipY' V='0'/><Cell N='ResizeMode' V='0'/><Cell N='Copyright' V='Copyright (c) 2012 Microsoft Corporation.  All rights reserved.'/><Cell N='LayerMember' V='' F='No Formula'/><Cell N='ObjType' V='8'/><Cell N='QuickStyleVariation' V='4'/><Shapes><Shape ID='15' Type='Shape' LineStyle='24' FillStyle='24' TextStyle='24'><Cell N='PinX' V='0.1569559986283575' F='Sheet.14!Width*0.78528666115156'/><Cell N='PinY' V='0.05301051440933434' F='Sheet.14!Height*0.32377415756679'/><Cell N='Width' V='0.0858299222053935' F='Sheet.14!Width*0.42942667769688'/><Cell N='Height' V='0.1014326187934751' F='Sheet.14!Height*0.61952352407031'/><Cell N='LocPinX' V='0.04291496110269675' F='Width*0.5'/><Cell N='LocPinY' V='0.05071630939673755' F='Height*0.5'/><Cell N='Angle' V='0'/><Cell N='FlipX' V='0'/><Cell N='FlipY' V='0'/><Cell N='ResizeMode' V='0'/><Cell N='LineWeight' V='0.003333333333333333' U='PT' F='GUARD(0.24PT)'/><Cell N='LineColor' V='#000000' F='GUARD(RGB(0,0,0))'/><Cell N='LinePattern' V='1' F='GUARD(1)'/><Cell N='Rounding' V='0' F='GUARD(0)'/><Cell N='BeginArrow' V='0' F='GUARD(0)'/><Cell N='EndArrow' V='0' F='GUARD(0)'/><Cell N='Copyright' V='Copyright (c) 2012 Microsoft Corporation.  All rights reserved.'/><Cell N='LayerMember' V='' F='No Formula'/><Cell N='FillForegnd' V='#ffffff' F='GUARD(RGB(255,255,255))'/><Cell N='FillBkgnd' V='#c0c0c0' F='GUARD(RGB(192,192,192))'/><Cell N='FillPattern' V='32' F='GUARD(32)'/><Cell N='ShdwPattern' V='0' F='GUARD(0)'/><Cell N='FillGradientDir' V='11' F='GUARD(11)'/><Cell N='FillGradientEnabled' V='1' F='GUARD(TRUE)'/><Cell N='UseGroupGradient' V='0' F='GUARD(FALSE)'/><Cell N='QuickStyleVariation' V='6'/><Section N='FillGradient'><Row IX='0'><Cell N='GradientStopColor' V='#ffffff' F='GUARD(RGB(255,255,255))'/></Row><Row IX='1'><Cell N='GradientStopColor' V='#c0c0c0' F='GUARD(RGB(192,192,192))'/></Row></Section><Section N='Geometry' IX='0'><Cell N='NoFill' V='0'/><Cell N='NoLine' V='0'/><Cell N='NoShow' V='0'/><Cell N='NoSnap' V='0'/><Cell N='NoQuickDrag' V='0' F='No Formula'/><Row T='MoveTo' IX='1'><Cell N='X' V='0.02771281286466281' F='Width*0.32288055438691'/><Cell N='Y' V='0.09913843856140475' F='Height*0.97738222418627'/></Row><Row T='LineTo' IX='2'><Cell N='X' V='0' F='Width*0'/><Cell N='Y' V='0.0831384385939896' F='Height*0.81964204003513'/></Row><Row T='LineTo' IX='3'><Cell N='X' V='0.04799999990224488' F='Width*0.55924552497414'/><Cell N='Y' V='0' F='Height*0'/></Row><Row T='LineTo' IX='4'><Cell N='X' V='0.07571281276690856' F='Width*0.88212607936106'/><Cell N='Y' V='0.01599999996741515' F='Height*0.15774018415114'/></Row><Row T='EllipticalArcTo' IX='5'><Cell N='X' V='0.02771271125521496' F='Width*0.32287937054047'/><Cell N='Y' V='0.09913861456289082' F='Height*0.97738395934295'/><Cell N='A' V='0.07596111761556967' U='DL' F='Width*0.88501906635535'/><Cell N='B' V='0.07156921922939612' U='DL' F='Height*0.70558386523685'/><Cell N='C' V='-1.047197551196598' U='DA' F='_ELLIPSE_THETA(-1.0471975511966,1.7142857142857,0.084478270059243,0.099835254921308,Width,Height)'/><Cell N='D' V='1.714285714285694' F='_ELLIPSE_ECC(-1.0471975511966,1.7142857142857,0.084478270059243,0.099835254921308,Width,Height,Geometry1.C5)'/></Row></Section></Shape><Shape ID='16' Type='Shape' LineStyle='24' FillStyle='24' TextStyle='24'><Cell N='PinX' V='0.1380414439373337' F='Sheet.14!Width*0.69065282982121'/><Cell N='PinY' V='0.04386342430959225' F='Sheet.14!Height*0.26790615809101'/><Cell N='Width' V='0.05599999988595232' F='Sheet.14!Width*0.21013557933068+Sheet.14!Height*0.085508285426212'/><Cell N='Height' V='0.09599999980449094' F='Sheet.14!Width*0.12007747390325+Sheet.14!Height*0.43975689647766'/><Cell N='LocPinX' V='0.02799999994297616' F='Width*0.5'/><Cell N='LocPinY' V='0.04799999990224547' F='Height*0.5'/><Cell N='Angle' V='0.5235987755983'/><Cell N='FlipX' V='0'/><Cell N='FlipY' V='0'/><Cell N='ResizeMode' V='0'/><Cell N='LineWeight' V='0.003333333333333333' U='PT' F='GUARD(0.24PT)'/><Cell N='LineColor' V='#000000' F='GUARD(RGB(0,0,0))'/><Cell N='LinePattern' V='1' F='GUARD(1)'/><Cell N='Rounding' V='0' F='GUARD(0)'/><Cell N='BeginArrow' V='0' F='GUARD(0)'/><Cell N='EndArrow' V='0' F='GUARD(0)'/><Cell N='Copyright' V='Copyright (c) 2012 Microsoft Corporation.  All rights reserved.'/><Cell N='LayerMember' V='' F='No Formula'/><Cell N='FillForegnd' V='#ffffff' F='GUARD(RGB(255,255,255))'/><Cell N='FillBkgnd' V='#c0c0c0' F='GUARD(RGB(192,192,192))'/><Cell N='FillPattern' V='32' F='GUARD(32)'/><Cell N='ShdwPattern' V='0' F='GUARD(0)'/><Cell N='FillGradientDir' V='11' F='GUARD(11)'/><Cell N='FillGradientEnabled' V='1' F='GUARD(TRUE)'/><Cell N='UseGroupGradient' V='0' F='GUARD(FALSE)'/><Cell N='QuickStyleVariation' V='6'/><Section N='FillGradient'><Row IX='0'><Cell N='GradientStopColor' V='#ffffff' F='GUARD(RGB(255,255,255))'/></Row><Row IX='1'><Cell N='GradientStopColor' V='#c0c0c0' F='GUARD(RGB(192,192,192))'/></Row></Section><Section N='Geometry' IX='0'><Cell N='NoFill' V='0'/><Cell N='NoLine' V='0'/><Cell N='NoShow' V='0'/><Cell N='NoSnap' V='0'/><Cell N='NoQuickDrag' V='0' F='No Formula'/><Row T='Ellipse' IX='1'><Cell N='X' V='0.02799999994297616' F='Width*0.5'/><Cell N='Y' V='0.04799999990224547' F='Height*0.5'/><Cell N='A' V='0.05599999988595232' U='DL' F='Width*1'/><Cell N='B' V='0.04799999990224547' U='DL' F='Height*0.5'/><Cell N='C' V='0.02799999994297616' U='DL' F='Width*0.5'/><Cell N='D' V='0.09599999980449094' U='DL' F='Height*1'/></Row></Section></Shape><Shape ID='17' Type='Shape' LineStyle='24' FillStyle='24' TextStyle='24'><Cell N='PinX' V='0.05303199884000613' F='Sheet.14!Width*0.26533118623819'/><Cell N='PinY' V='0.1130105142871408' F='Sheet.14!Height*0.69023823796484'/><Cell N='Width' V='0.0858299222053935' F='Sheet.14!Width*0.42942667769688'/><Cell N='Height' V='0.1014326187934751' F='Sheet.14!Height*0.61952352407031'/><Cell N='LocPinX' V='0.04291496110269675' F='Width*0.5'/><Cell N='LocPinY' V='0.05071630939673755' F='Height*0.5'/><Cell N='Angle' V='0'/><Cell N='FlipX' V='0'/><Cell N='FlipY' V='0'/><Cell N='ResizeMode' V='0'/><Cell N='LineWeight' V='0.003333333333333333' U='PT' F='GUARD(0.24PT)'/><Cell N='LineColor' V='#000000' F='GUARD(RGB(0,0,0))'/><Cell N='LinePattern' V='1' F='GUARD(1)'/><Cell N='Rounding' V='0' F='GUARD(0)'/><Cell N='BeginArrow' V='0' F='GUARD(0)'/><Cell N='EndArrow' V='0' F='GUARD(0)'/><Cell N='Copyright' V='Copyright (c) 2012 Microsoft Corporation.  All rights reserved.'/><Cell N='LayerMember' V='' F='No Formula'/><Cell N='FillForegnd' V='#ffffff' F='GUARD(RGB(255,255,255))'/><Cell N='FillBkgnd' V='#c0c0c0' F='GUARD(RGB(192,192,192))'/><Cell N='FillPattern' V='32' F='GUARD(32)'/><Cell N='ShdwPattern' V='0' F='GUARD(0)'/><Cell N='FillGradientDir' V='11' F='GUARD(11)'/><Cell N='FillGradientEnabled' V='1' F='GUARD(TRUE)'/><Cell N='UseGroupGradient' V='0' F='GUARD(FALSE)'/><Cell N='QuickStyleVariation' V='6'/><Section N='FillGradient'><Row IX='0'><Cell N='GradientStopColor' V='#ffffff' F='GUARD(RGB(255,255,255))'/></Row><Row IX='1'><Cell N='GradientStopColor' V='#c0c0c0' F='GUARD(RGB(192,192,192))'/></Row></Section><Section N='Geometry' IX='0'><Cell N='NoFill' V='0'/><Cell N='NoLine' V='0'/><Cell N='NoShow' V='0'/><Cell N='NoSnap' V='0'/><Cell N='NoQuickDrag' V='0' F='No Formula'/><Row T='MoveTo' IX='1'><Cell N='X' V='0.02771281286466281' F='Width*0.32288055438691'/><Cell N='Y' V='0.09913843856140475' F='Height*0.97738222418627'/></Row><Row T='LineTo' IX='2'><Cell N='X' V='0' F='Width*0'/><Cell N='Y' V='0.0831384385939896' F='Height*0.81964204003513'/></Row><Row T='LineTo' IX='3'><Cell N='X' V='0.04799999990224488' F='Width*0.55924552497414'/><Cell N='Y' V='0' F='Height*0'/></Row><Row T='LineTo' IX='4'><Cell N='X' V='0.07571281276690856' F='Width*0.88212607936106'/><Cell N='Y' V='0.01599999996741515' F='Height*0.15774018415114'/></Row><Row T='EllipticalArcTo' IX='5'><Cell N='X' V='0.02771271125521496' F='Width*0.32287937054047'/><Cell N='Y' V='0.09913861456289082' F='Height*0.97738395934295'/><Cell N='A' V='0.07596111761556967' U='DL' F='Width*0.88501906635535'/><Cell N='B' V='0.07156921922939612' U='DL' F='Height*0.70558386523685'/><Cell N='C' V='-1.047197551196598' U='DA' F='_ELLIPSE_THETA(-1.0471975511966,1.7142857142857,0.084478270059243,0.099835254921308,Width,Height)'/><Cell N='D' V='1.714285714285694' F='_ELLIPSE_ECC(-1.0471975511966,1.7142857142857,0.084478270059243,0.099835254921308,Width,Height,Geometry1.C5)'/></Row></Section></Shape><Shape ID='18' Type='Shape' LineStyle='24' FillStyle='24' TextStyle='24'><Cell N='PinX' V='0.03411744414898236' F='Sheet.14!Width*0.17069735490784'/><Cell N='PinY' V='0.1038634241873987' F='Sheet.14!Height*0.63437023848906'/><Cell N='Width' V='0.05599999988595232' F='Sheet.14!Width*0.21013557933068+Sheet.14!Height*0.085508285426212'/><Cell N='Height' V='0.09599999980449094' F='Sheet.14!Width*0.12007747390325+Sheet.14!Height*0.43975689647766'/><Cell N='LocPinX' V='0.02799999994297616' F='Width*0.5'/><Cell N='LocPinY' V='0.04799999990224547' F='Height*0.5'/><Cell N='Angle' V='0.5235987755983'/><Cell N='FlipX' V='0'/><Cell N='FlipY' V='0'/><Cell N='ResizeMode' V='0'/><Cell N='LineWeight' V='0.003333333333333333' U='PT' F='GUARD(0.24PT)'/><Cell N='LineColor' V='#000000' F='GUARD(RGB(0,0,0))'/><Cell N='LinePattern' V='1' F='GUARD(1)'/><Cell N='Rounding' V='0' F='GUARD(0)'/><Cell N='BeginArrow' V='0' F='GUARD(0)'/><Cell N='EndArrow' V='0' F='GUARD(0)'/><Cell N='Copyright' V='Copyright (c) 2012 Microsoft Corporation.  All rights reserved.'/><Cell N='LayerMember' V='' F='No Formula'/><Cell N='FillForegnd' V='#ffffff' F='GUARD(RGB(255,255,255))'/><Cell N='FillBkgnd' V='#c0c0c0' F='GUARD(RGB(192,192,192))'/><Cell N='FillPattern' V='32' F='GUARD(32)'/><Cell N='ShdwPattern' V='0' F='GUARD(0)'/><Cell N='FillGradientDir' V='11' F='GUARD(11)'/><Cell N='FillGradientEnabled' V='1' F='GUARD(TRUE)'/><Cell N='UseGroupGradient' V='0' F='GUARD(FALSE)'/><Cell N='QuickStyleVariation' V='6'/><Section N='FillGradient'><Row IX='0'><Cell N='GradientStopColor' V='#ffffff' F='GUARD(RGB(255,255,255))'/></Row><Row IX='1'><Cell N='GradientStopColor' V='#c0c0c0' F='GUARD(RGB(192,192,192))'/></Row></Section><Section N='Geometry' IX='0'><Cell N='NoFill' V='0'/><Cell N='NoLine' V='0'/><Cell N='NoShow' V='0'/><Cell N='NoSnap' V='0'/><Cell N='NoQuickDrag' V='0' F='No Formula'/><Row T='Ellipse' IX='1'><Cell N='X' V='0.02799999994297616' F='Width*0.5'/><Cell N='Y' V='0.04799999990224547' F='Height*0.5'/><Cell N='A' V='0.05599999988595232' U='DL' F='Width*1'/><Cell N='B' V='0.04799999990224547' U='DL' F='Height*0.5'/><Cell N='C' V='0.02799999994297616' U='DL' F='Width*0.5'/><Cell N='D' V='0.09599999980449094' U='DL' F='Height*1'/></Row></Section></Shape></Shapes></Shape><Shape ID='19' Type='Shape' LineStyle='3' FillStyle='3' TextStyle='3'><Cell N='PinX' V='0.1096610788390164' F='Sheet.10!Width*0.20508209128375'/><Cell N='PinY' V='0.4199575414357122' F='Sheet.10!Height*0.67566044017252'/><Cell N='Width' V='0.1836574321331853' F='Sheet.10!Width*0.34346598319509'/><Cell N='Height' V='0.1079844205554884' F='Sheet.10!Height*0.17373375621465'/><Cell N='LocPinX' V='0.09182871606659265' F='Width*0.5'/><Cell N='LocPinY' V='0.0539922102777442' F='Height*0.5'/><Cell N='Angle' V='0'/><Cell N='FlipX' V='0'/><Cell N='FlipY' V='0'/><Cell N='ResizeMode' V='0'/><Cell N='LineWeight' V='0.003333333333333333' U='PT' F='GUARD(0.24PT)'/><Cell N='LineColor' V='5' F='GUARD(5)'/><Cell N='LinePattern' V='1' F='GUARD(1)'/><Cell N='Rounding' V='0' F='GUARD(0)'/><Cell N='BeginArrow' V='0' F='GUARD(0)'/><Cell N='EndArrow' V='0' F='GUARD(0)'/><Cell N='Copyright' V='Copyright (c) 2012 Microsoft Corporation.  All rights reserved.'/><Cell N='LayerMember' V='' F='No Formula'/><Cell N='FillForegnd' V='1' F='GUARD(1)'/><Cell N='FillBkgnd' V='0' F='GUARD(0)'/><Cell N='FillPattern' V='1' F='GUARD(1)'/><Cell N='ShdwPattern' V='0' F='GUARD(0)'/><Cell N='FillGradientEnabled' V='0' F='GUARD(FALSE)'/><Cell N='QuickStyleVariation' V='6'/><Section N='Geometry' IX='0'><Cell N='NoFill' V='1'/><Cell N='NoLine' V='0'/><Cell N='NoShow' V='0'/><Cell N='NoSnap' V='0'/><Cell N='NoQuickDrag' V='0' F='No Formula'/><Row T='MoveTo' IX='1'><Cell N='X' V='0' F='Width*0'/><Cell N='Y' V='0.1060346678807662' F='Height*0.98194412985973'/></Row><Row T='LineTo' IX='2'><Cell N='X' V='0.1836574321331853' F='Width*1'/><Cell N='Y' V='0' F='Height*0'/></Row></Section><Section N='Geometry' IX='1'><Cell N='NoFill' V='1'/><Cell N='NoLine' V='0'/><Cell N='NoShow' V='0'/><Cell N='NoSnap' V='0'/><Cell N='NoQuickDrag' V='0' F='No Formula'/><Row T='MoveTo' IX='1'><Cell N='X' V='0' F='Width*0'/><Cell N='Y' V='0.1060346678807662' F='Height*0.98194412985973'/></Row><Row T='LineTo' IX='2'><Cell N='X' V='0.006167637178698794' F='Width*0.033582290175037'/><Cell N='Y' V='0.07403466794593704' F='Height*0.68560508604011'/></Row><Row T='EllipticalArcTo' IX='3'><Cell N='X' V='0.04856763709234892' F='Width*0.26444689184769'/><Cell N='Y' V='0.05003466799481572' F='Height*0.4633508031754'/><Cell N='A' V='0.02548796640528666' U='DL' F='Width*0.13877993451854'/><Cell N='B' V='0.04042439530719491' U='DL' F='Height*0.37435395864742'/><Cell N='C' V='-1.325817663668017' U='DA' F='_ELLIPSE_THETA(-1.325817663668,1.6611583529713,0.18076518947561,0.10628387871595,Width,Height)'/><Cell N='D' V='1.66115835297134' F='_ELLIPSE_ECC(-1.325817663668,1.6611583529713,0.18076518947561,0.10628387871595,Width,Height,Geometry2.C3)'/></Row><Row T='LineTo' IX='4'><Cell N='X' V='0.06616763705650298' F='Width*0.36027748122123'/><Cell N='Y' V='0.09403466790520607' F='Height*0.87081698842738'/></Row><Row T='EllipticalArcTo' IX='5'><Cell N='X' V='0.1141676369587474' F='Width*0.62163363405819'/><Cell N='Y' V='0.0684346679573434' F='Height*0.63374575337169'/><Cell N='A' V='0.09469121890227418' U='DL' F='Width*0.51558609854463'/><Cell N='B' V='0.1057647888206695' U='DL' F='Height*0.97944488914789'/><Cell N='C' V='-1.570796326794904' U='DA' F='_ELLIPSE_THETA(-1.5707963267949,1.7006227308283,0.18076518947561,0.10628387871595,Width,Height)'/><Cell N='D' V='1.700622730828346' F='_ELLIPSE_ECC(-1.5707963267949,1.7006227308283,0.18076518947561,0.10628387871595,Width,Height,Geometry2.C5)'/></Row><Row T='LineTo' IX='6'><Cell N='X' V='0.1205676369457155' F='Width*0.65648112110313'/><Cell N='Y' V='0.01403466806813428' F='Height*0.12996937887834'/></Row></Section><Text/></Shape><Shape ID='20' Type='Shape' LineStyle='3' FillStyle='3' TextStyle='3'><Cell N='PinX' V='0.409999999165002' F='Sheet.10!Width*0.7667593474849'/><Cell N='PinY' V='0.1628008711343414' F='Sheet.10!Height*0.26192673639113'/><Cell N='Width' V='0.1319999997311722' F='Sheet.10!Width*0.24685910699514'/><Cell N='Height' V='0.2202102350845526' F='Sheet.10!Height*0.35429139779003'/><Cell N='LocPinX' V='0.06599999986558608' F='Width*0.5'/><Cell N='LocPinY' V='0.1101051175422763' F='Height*0.5'/><Cell N='Angle' V='0'/><Cell N='FlipX' V='0'/><Cell N='FlipY' V='0'/><Cell N='ResizeMode' V='0'/><Cell N='LineWeight' V='0.003333333333333333' U='PT' F='GUARD(0.24PT)'/><Cell N='LineColor' V='2' F='GUARD(2)'/><Cell N='LinePattern' V='0' F='GUARD(0)'/><Cell N='Rounding' V='0' F='GUARD(0)'/><Cell N='BeginArrow' V='0' F='GUARD(0)'/><Cell N='EndArrow' V='0' F='GUARD(0)'/><Cell N='Copyright' V='Copyright (c) 2012 Microsoft Corporation.  All rights reserved.'/><Cell N='LayerMember' V='' F='No Formula'/><Cell N='FillForegnd' V='1' F='GUARD(1)'/><Cell N='FillBkgnd' V='0' F='GUARD(0)'/><Cell N='FillPattern' V='1' F='GUARD(1)'/><Cell N='ShdwPattern' V='0' F='GUARD(0)'/><Cell N='FillGradientEnabled' V='0' F='GUARD(FALSE)'/><Cell N='QuickStyleVariation' V='6'/><Section N='Geometry' IX='0'><Cell N='NoFill' V='0'/><Cell N='NoLine' V='0'/><Cell N='NoShow' V='0'/><Cell N='NoSnap' V='0'/><Cell N='NoQuickDrag' V='0' F='No Formula'/><Row T='MoveTo' IX='1'><Cell N='X' V='0.02399999995112329' F='Width*0.18181818181819'/><Cell N='Y' V='0.1743538287173914' F='Height*0.79176078555316'/></Row><Row T='LineTo' IX='2'><Cell N='X' V='0.02399999995112197' F='Width*0.18181818181818'/><Cell N='Y' V='0.206353828652221' F='Height*0.93707646501076'/></Row><Row T='LineTo' IX='3'><Cell N='X' V='0' F='Width*0'/><Cell N='Y' V='0.2202102350845526' F='Height*1'/></Row><Row T='LineTo' IX='4'><Cell N='X' V='0' F='Width*0'/><Cell N='Y' V='0.188210235149723' F='Height*0.8546843205424'/></Row><Row T='LineTo' IX='5'><Cell N='X' V='0.02399999995112329' F='Width*0.18181818181819'/><Cell N='Y' V='0.1743538287173914' F='Height*0.79176078555316'/></Row></Section><Section N='Geometry' IX='1'><Cell N='NoFill' V='0'/><Cell N='NoLine' V='0'/><Cell N='NoShow' V='0'/><Cell N='NoSnap' V='0'/><Cell N='NoQuickDrag' V='0' F='No Formula'/><Row T='MoveTo' IX='1'><Cell N='X' V='0.02399999995112329' F='Width*0.18181818181819'/><Cell N='Y' V='0.1183538288314418' F='Height*0.53745834650237'/></Row><Row T='LineTo' IX='2'><Cell N='X' V='0.02399999995112197' F='Width*0.18181818181818'/><Cell N='Y' V='0.1503538287662714' F='Height*0.68277402595997'/></Row><Row T='LineTo' IX='3'><Cell N='X' V='0' F='Width*0'/><Cell N='Y' V='0.1642102351986008' F='Height*0.7456975609492'/></Row><Row T='LineTo' IX='4'><Cell N='X' V='0' F='Width*0'/><Cell N='Y' V='0.1322102352637712' F='Height*0.6003818814916'/></Row><Row T='LineTo' IX='5'><Cell N='X' V='0.02399999995112329' F='Width*0.18181818181819'/><Cell N='Y' V='0.1183538288314418' F='Height*0.53745834650237'/></Row></Section><Section N='Geometry' IX='2'><Cell N='NoFill' V='0'/><Cell N='NoLine' V='0'/><Cell N='NoShow' V='0'/><Cell N='NoSnap' V='0'/><Cell N='NoQuickDrag' V='0' F='No Formula'/><Row T='MoveTo' IX='1'><Cell N='X' V='0.02399999995112329' F='Width*0.18181818181819'/><Cell N='Y' V='0.06235382894548784' F='Height*0.28315590745156'/></Row><Row T='LineTo' IX='2'><Cell N='X' V='0.02399999995112197' F='Width*0.18181818181818'/><Cell N='Y' V='0.09435382888031743' F='Height*0.42847158690916'/></Row><Row T='LineTo' IX='3'><Cell N='X' V='0' F='Width*0'/><Cell N='Y' V='0.1082102353126491' F='Height*0.4913951218984'/></Row><Row T='LineTo' IX='4'><Cell N='X' V='0' F='Width*0'/><Cell N='Y' V='0.07621023537781946' F='Height*0.3460794424408'/></Row><Row T='LineTo' IX='5'><Cell N='X' V='0.02399999995112329' F='Width*0.18181818181819'/><Cell N='Y' V='0.06235382894548784' F='Height*0.28315590745156'/></Row></Section><Section N='Geometry' IX='3'><Cell N='NoFill' V='0'/><Cell N='NoLine' V='0'/><Cell N='NoShow' V='0'/><Cell N='NoSnap' V='0'/><Cell N='NoQuickDrag' V='0' F='No Formula'/><Row T='MoveTo' IX='1'><Cell N='X' V='0.05999999987780625' F='Width*0.45454545454546'/><Cell N='Y' V='0.1535692190688962' F='Height*0.69737548306931'/></Row><Row T='LineTo' IX='2'><Cell N='X' V='0.05999999987780492' F='Width*0.45454545454545'/><Cell N='Y' V='0.1855692190037258' F='Height*0.84269116252691'/></Row><Row T='LineTo' IX='3'><Cell N='X' V='0.03599999992668296' F='Width*0.27272727272727'/><Cell N='Y' V='0.1994256254360552' F='Height*0.90561469751614'/></Row><Row T='LineTo' IX='4'><Cell N='X' V='0.03599999992668296' F='Width*0.27272727272727'/><Cell N='Y' V='0.1674256255012256' F='Height*0.76029901805854'/></Row><Row T='LineTo' IX='5'><Cell N='X' V='0.05999999987780625' F='Width*0.45454545454546'/><Cell N='Y' V='0.1535692190688962' F='Height*0.69737548306931'/></Row></Section><Section N='Geometry' IX='4'><Cell N='NoFill' V='0'/><Cell N='NoLine' V='0'/><Cell N='NoShow' V='0'/><Cell N='NoSnap' V='0'/><Cell N='NoQuickDrag' V='0' F='No Formula'/><Row T='MoveTo' IX='1'><Cell N='X' V='0.05999999987780625' F='Width*0.45454545454546'/><Cell N='Y' V='0.09756921918294441' F='Height*0.44307304401851'/></Row><Row T='LineTo' IX='2'><Cell N='X' V='0.05999999987780492' F='Width*0.45454545454545'/><Cell N='Y' V='0.129569219117774' F='Height*0.58838872347611'/></Row><Row T='LineTo' IX='3'><Cell N='X' V='0.03599999992668296' F='Width*0.27272727272727'/><Cell N='Y' V='0.1434256255501056' F='Height*0.65131225846535'/></Row><Row T='LineTo' IX='4'><Cell N='X' V='0.03599999992668428' F='Width*0.27272727272728'/><Cell N='Y' V='0.111425625615276' F='Height*0.50599657900775'/></Row><Row T='LineTo' IX='5'><Cell N='X' V='0.05999999987780625' F='Width*0.45454545454546'/><Cell N='Y' V='0.09756921918294441' F='Height*0.44307304401851'/></Row></Section><Section N='Geometry' IX='5'><Cell N='NoFill' V='0'/><Cell N='NoLine' V='0'/><Cell N='NoShow' V='0'/><Cell N='NoSnap' V='0'/><Cell N='NoQuickDrag' V='0' F='No Formula'/><Row T='MoveTo' IX='1'><Cell N='X' V='0.05999999987780625' F='Width*0.45454545454546'/><Cell N='Y' V='0.04156921929699483' F='Height*0.18877060496772'/></Row><Row T='LineTo' IX='2'><Cell N='X' V='0.05999999987780492' F='Width*0.45454545454545'/><Cell N='Y' V='0.07356921923182222' F='Height*0.33408628442531'/></Row><Row T='LineTo' IX='3'><Cell N='X' V='0.03599999992668296' F='Width*0.27272727272727'/><Cell N='Y' V='0.08742562566415382' F='Height*0.39700981941455'/></Row><Row T='LineTo' IX='4'><Cell N='X' V='0.03599999992668428' F='Width*0.27272727272728'/><Cell N='Y' V='0.05542562572932424' F='Height*0.25169413995695'/></Row><Row T='LineTo' IX='5'><Cell N='X' V='0.05999999987780625' F='Width*0.45454545454546'/><Cell N='Y' V='0.04156921929699483' F='Height*0.18877060496772'/></Row></Section><Section N='Geometry' IX='6'><Cell N='NoFill' V='0'/><Cell N='NoLine' V='0'/><Cell N='NoShow' V='0'/><Cell N='NoSnap' V='0'/><Cell N='NoQuickDrag' V='0' F='No Formula'/><Row T='MoveTo' IX='1'><Cell N='X' V='0.0959999998044892' F='Width*0.72727272727273'/><Cell N='Y' V='0.02078460964849566' F='Height*0.094385302483852'/></Row><Row T='LineTo' IX='2'><Cell N='X' V='0.0959999998044892' F='Width*0.72727272727273'/><Cell N='Y' V='0.052784609583327' F='Height*0.23970098194146'/></Row><Row T='LineTo' IX='3'><Cell N='X' V='0.07199999985336592' F='Width*0.54545454545454'/><Cell N='Y' V='0.0666410160156564' F='Height*0.30262451693069'/></Row><Row T='LineTo' IX='4'><Cell N='X' V='0.07199999985336723' F='Width*0.54545454545455'/><Cell N='Y' V='0.03464101608082903' F='Height*0.1573088374731'/></Row><Row T='LineTo' IX='5'><Cell N='X' V='0.0959999998044892' F='Width*0.72727272727273'/><Cell N='Y' V='0.02078460964849566' F='Height*0.094385302483852'/></Row></Section><Section N='Geometry' IX='7'><Cell N='NoFill' V='0'/><Cell N='NoLine' V='0'/><Cell N='NoShow' V='0'/><Cell N='NoSnap' V='0'/><Cell N='NoQuickDrag' V='0' F='No Formula'/><Row T='MoveTo' IX='1'><Cell N='X' V='0.09599999980448788' F='Width*0.72727272727272'/><Cell N='Y' V='0.07678460953444699' F='Height*0.34868774153465'/></Row><Row T='LineTo' IX='2'><Cell N='X' V='0.0959999998044892' F='Width*0.72727272727273'/><Cell N='Y' V='0.1087846094692766' F='Height*0.49400342099225'/></Row><Row T='LineTo' IX='3'><Cell N='X' V='0.07199999985336592' F='Width*0.54545454545454'/><Cell N='Y' V='0.1226410159016082' F='Height*0.55692695598149'/></Row><Row T='LineTo' IX='4'><Cell N='X' V='0.07199999985336723' F='Width*0.54545454545455'/><Cell N='Y' V='0.09064101596677861' F='Height*0.41161127652389'/></Row><Row T='LineTo' IX='5'><Cell N='X' V='0.09599999980448788' F='Width*0.72727272727272'/><Cell N='Y' V='0.07678460953444699' F='Height*0.34868774153465'/></Row></Section><Section N='Geometry' IX='8'><Cell N='NoFill' V='0'/><Cell N='NoLine' V='0'/><Cell N='NoShow' V='0'/><Cell N='NoSnap' V='0'/><Cell N='NoQuickDrag' V='0' F='No Formula'/><Row T='MoveTo' IX='1'><Cell N='X' V='0.09599999980448788' F='Width*0.72727272727272'/><Cell N='Y' V='0.1327846094203987' F='Height*0.60299018058545'/></Row><Row T='LineTo' IX='2'><Cell N='X' V='0.09599999980448788' F='Width*0.72727272727272'/><Cell N='Y' V='0.1647846093552284' F='Height*0.74830586004305'/></Row><Row T='LineTo' IX='3'><Cell N='X' V='0.07199999985336592' F='Width*0.54545454545454'/><Cell N='Y' V='0.17864101578756' F='Height*0.81122939503229'/></Row><Row T='LineTo' IX='4'><Cell N='X' V='0.07199999985336723' F='Width*0.54545454545455'/><Cell N='Y' V='0.1466410158527304' F='Height*0.66591371557469'/></Row><Row T='LineTo' IX='5'><Cell N='X' V='0.09599999980448788' F='Width*0.72727272727272'/><Cell N='Y' V='0.1327846094203987' F='Height*0.60299018058545'/></Row></Section><Section N='Geometry' IX='9'><Cell N='NoFill' V='0'/><Cell N='NoLine' V='0'/><Cell N='NoShow' V='0'/><Cell N='NoSnap' V='0'/><Cell N='NoQuickDrag' V='0' F='No Formula'/><Row T='MoveTo' IX='1'><Cell N='X' V='0.1319999997311722' F='Width*1'/><Cell N='Y' V='0.1119999997719036' F='Height*0.5086048781016'/></Row><Row T='LineTo' IX='2'><Cell N='X' V='0.1319999997311722' F='Width*1'/><Cell N='Y' V='0.1439999997067331' F='Height*0.6539205575592'/></Row><Row T='LineTo' IX='3'><Cell N='X' V='0.1079999997800502' F='Width*0.81818181818182'/><Cell N='Y' V='0.1578564061390625' F='Height*0.71684409254843'/></Row><Row T='LineTo' IX='4'><Cell N='X' V='0.1079999997800502' F='Width*0.81818181818182'/><Cell N='Y' V='0.125856406204233' F='Height*0.57152841309083'/></Row><Row T='LineTo' IX='5'><Cell N='X' V='0.1319999997311722' F='Width*1'/><Cell N='Y' V='0.1119999997719036' F='Height*0.5086048781016'/></Row></Section><Section N='Geometry' IX='10'><Cell N='NoFill' V='0'/><Cell N='NoLine' V='0'/><Cell N='NoShow' V='0'/><Cell N='NoSnap' V='0'/><Cell N='NoQuickDrag' V='0' F='No Formula'/><Row T='MoveTo' IX='1'><Cell N='X' V='0.1319999997311722' F='Width*1'/><Cell N='Y' V='0.05599999988595178' F='Height*0.2543024390508'/></Row><Row T='LineTo' IX='2'><Cell N='X' V='0.1319999997311722' F='Width*1'/><Cell N='Y' V='0.08799999982078137' F='Height*0.3996181185084'/></Row><Row T='LineTo' IX='3'><Cell N='X' V='0.1079999997800489' F='Width*0.81818181818181'/><Cell N='Y' V='0.1018564062531108' F='Height*0.46254165349763'/></Row><Row T='LineTo' IX='4'><Cell N='X' V='0.1079999997800502' F='Width*0.81818181818182'/><Cell N='Y' V='0.06985640631828119' F='Height*0.31722597404003'/></Row><Row T='LineTo' IX='5'><Cell N='X' V='0.1319999997311722' F='Width*1'/><Cell N='Y' V='0.05599999988595178' F='Height*0.2543024390508'/></Row></Section><Section N='Geometry' IX='11'><Cell N='NoFill' V='0'/><Cell N='NoLine' V='0'/><Cell N='NoShow' V='0'/><Cell N='NoSnap' V='0'/><Cell N='NoQuickDrag' V='0' F='No Formula'/><Row T='MoveTo' IX='1'><Cell N='X' V='0.1319999997311722' F='Width*1'/><Cell N='Y' V='0' F='Height*0'/></Row><Row T='LineTo' IX='2'><Cell N='X' V='0.1319999997311722' F='Width*1'/><Cell N='Y' V='0.03199999993482958' F='Height*0.1453156794576'/></Row><Row T='LineTo' IX='3'><Cell N='X' V='0.1079999997800502' F='Width*0.81818181818182'/><Cell N='Y' V='0.04585640636716119' F='Height*0.20823921444684'/></Row><Row T='LineTo' IX='4'><Cell N='X' V='0.1079999997800502' F='Width*0.81818181818182'/><Cell N='Y' V='0.01385640643233007' F='Height*0.062923534989233'/></Row><Row T='LineTo' IX='5'><Cell N='X' V='0.1319999997311722' F='Width*1'/><Cell N='Y' V='0' F='Height*0'/></Row></Section><Text/></Shape><Shape ID='21' Type='Shape' LineStyle='3' FillStyle='3' TextStyle='3'><Cell N='PinX' V='0.4134641007733582' F='Sheet.10!Width*0.7732377189343'/><Cell N='PinY' V='0.1648008711302745' F='Sheet.10!Height*0.26514449234088'/><Cell N='Width' V='0.1389282029478845' F='Sheet.10!Width*0.25981584989394'/><Cell N='Height' V='0.2242102350764124' F='Sheet.10!Height*0.36072690968952'/><Cell N='LocPinX' V='0.06946410147394226' F='Width*0.5'/><Cell N='LocPinY' V='0.1121051175382062' F='Height*0.5'/><Cell N='Angle' V='0'/><Cell N='FlipX' V='0'/><Cell N='FlipY' V='0'/><Cell N='ResizeMode' V='0'/><Cell N='LineWeight' V='0.003333333333333333' U='PT' F='GUARD(0.24PT)'/><Cell N='LineColor' V='0' F='GUARD(0)'/><Cell N='LinePattern' V='0' F='GUARD(0)'/><Cell N='Rounding' V='0' F='GUARD(0)'/><Cell N='BeginArrow' V='0' F='GUARD(0)'/><Cell N='EndArrow' V='0' F='GUARD(0)'/><Cell N='FillForegnd' V='#969696' F='GUARD(RGB(150,150,150))'/><Cell N='FillBkgnd' V='0' F='GUARD(0)'/><Cell N='FillPattern' V='1' F='GUARD(1)'/><Cell N='ShdwPattern' V='0' F='GUARD(0)'/><Cell N='Copyright' V='Copyright (c) 2012 Microsoft Corporation.  All rights reserved.'/><Cell N='LayerMember' V='' F='No Formula'/><Cell N='FillGradientEnabled' V='0' F='GUARD(FALSE)'/><Section N='Geometry' IX='0'><Cell N='NoFill' V='0'/><Cell N='NoLine' V='0'/><Cell N='NoShow' V='0'/><Cell N='NoSnap' V='0'/><Cell N='NoQuickDrag' V='0' F='No Formula'/><Row T='MoveTo' IX='1'><Cell N='X' V='0.1389282029478845' F='Width*1'/><Cell N='Y' V='0.03599999992573674' F='Height*0.16056358851534'/></Row><Row T='LineTo' IX='2'><Cell N='X' V='0.1149282029962163' F='Width*0.82724889948608'/><Cell N='Y' V='0.04985640635901636' F='Height*0.22236454255545'/></Row><Row T='LineTo' IX='3'><Cell N='X' V='0.107999999780051' F='Width*0.77737995229496'/><Cell N='Y' V='0.04585640636716171' F='Height*0.20452414383105'/></Row><Row T='LineTo' IX='4'><Cell N='X' V='0.1319999997311719' F='Width*0.95013105280494'/><Cell N='Y' V='0.03199999993483049' F='Height*0.14272318979517'/></Row><Row T='LineTo' IX='5'><Cell N='X' V='0.1319999997311733' F='Width*0.95013105280495'/><Cell N='Y' V='0' F='Height*0'/></Row><Row T='LineTo' IX='6'><Cell N='X' V='0.1389282029478845' F='Width*1'/><Cell N='Y' V='0.00399999999090714' F='Height*0.017840398720174'/></Row><Row T='LineTo' IX='7'><Cell N='X' V='0.1389282029478845' F='Width*1'/><Cell N='Y' V='0.03599999992573674' F='Height*0.16056358851534'/></Row></Section><Section N='Geometry' IX='1'><Cell N='NoFill' V='0'/><Cell N='NoLine' V='0'/><Cell N='NoShow' V='0'/><Cell N='NoSnap' V='0'/><Cell N='NoQuickDrag' V='0' F='No Formula'/><Row T='MoveTo' IX='1'><Cell N='X' V='0.1389282029478845' F='Width*1'/><Cell N='Y' V='0.09199999981168841' F='Height*0.41032917065688'/></Row><Row T='LineTo' IX='2'><Cell N='X' V='0.1149282029962163' F='Width*0.82724889948608'/><Cell N='Y' V='0.1058564062449658' F='Height*0.47213012469698'/></Row><Row T='LineTo' IX='3'><Cell N='X' V='0.1079999997800496' F='Width*0.77737995229495'/><Cell N='Y' V='0.1018564062531134' F='Height*0.45428972597259'/></Row><Row T='LineTo' IX='4'><Cell N='X' V='0.1319999997311719' F='Width*0.95013105280494'/><Cell N='Y' V='0.08799999982078217' F='Height*0.39248877193671'/></Row><Row T='LineTo' IX='5'><Cell N='X' V='0.1319999997311733' F='Width*0.95013105280495'/><Cell N='Y' V='0.05599999988595168' F='Height*0.24976558214154'/></Row><Row T='LineTo' IX='6'><Cell N='X' V='0.1389282029478845' F='Width*1'/><Cell N='Y' V='0.05999999987686016' F='Height*0.26760598086172'/></Row><Row T='LineTo' IX='7'><Cell N='X' V='0.1389282029473372' F='Width*0.99999999999606'/><Cell N='Y' V='0.09199999981263457' F='Height*0.4103291706611'/></Row></Section><Section N='Geometry' IX='2'><Cell N='NoFill' V='0'/><Cell N='NoLine' V='0'/><Cell N='NoShow' V='0'/><Cell N='NoSnap' V='0'/><Cell N='NoQuickDrag' V='0' F='No Formula'/><Row T='MoveTo' IX='1'><Cell N='X' V='0.1389282029478845' F='Width*1'/><Cell N='Y' V='0.1479999996976423' F='Height*0.66009475279843'/></Row><Row T='LineTo' IX='2'><Cell N='X' V='0.1149282029962163' F='Width*0.82724889948608'/><Cell N='Y' V='0.1618564061309175' F='Height*0.72189570683852'/></Row><Row T='LineTo' IX='3'><Cell N='X' V='0.1079999997800496' F='Width*0.77737995229495'/><Cell N='Y' V='0.157856406139065' F='Height*0.70405530811413'/></Row><Row T='LineTo' IX='4'><Cell N='X' V='0.1319999997311719' F='Width*0.95013105280494'/><Cell N='Y' V='0.1439999997067339' F='Height*0.64225435407825'/></Row><Row T='LineTo' IX='5'><Cell N='X' V='0.1319999997311733' F='Width*0.95013105280495'/><Cell N='Y' V='0.1119999997719034' F='Height*0.49953116428308'/></Row><Row T='LineTo' IX='6'><Cell N='X' V='0.1389282029478845' F='Width*1'/><Cell N='Y' V='0.1159999997628119' F='Height*0.51737156300326'/></Row><Row T='LineTo' IX='7'><Cell N='X' V='0.1389282029473372' F='Width*0.99999999999606'/><Cell N='Y' V='0.1479999996985885' F='Height*0.66009475280265'/></Row></Section><Section N='Geometry' IX='3'><Cell N='NoFill' V='0'/><Cell N='NoLine' V='0'/><Cell N='NoShow' V='0'/><Cell N='NoSnap' V='0'/><Cell N='NoQuickDrag' V='0' F='No Formula'/><Row T='MoveTo' IX='1'><Cell N='X' V='0.02399999995166689' F='Width*0.17275110051391'/><Cell N='Y' V='0.2063538286512781' F='Height*0.92035864723549'/></Row><Row T='LineTo' IX='2'><Cell N='X' V='0.0239999999511209' F='Width*0.17275110050998'/><Cell N='Y' V='0.1743538287173938' F='Height*0.77763545744454'/></Row><Row T='LineTo' IX='3'><Cell N='X' V='0.03092820316783353' F='Width*0.22262004770504'/><Cell N='Y' V='0.1783538287083001' F='Height*0.79547585616471'/></Row><Row T='LineTo' IX='4'><Cell N='X' V='0.03092820316783214' F='Width*0.22262004770503'/><Cell N='Y' V='0.2103538286431305' F='Height*0.93819904595988'/></Row><Row T='LineTo' IX='5'><Cell N='X' V='0.006928203216166227' F='Width*0.049868947191127'/><Cell N='Y' V='0.2242102350764124' F='Height*1'/></Row><Row T='LineTo' IX='6'><Cell N='X' V='0' F='Width*0'/><Cell N='Y' V='0.2202102350845555' F='Height*0.98215960127559'/></Row><Row T='LineTo' IX='7'><Cell N='X' V='0.02399999995166689' F='Width*0.17275110051391'/><Cell N='Y' V='0.2063538286512781' F='Height*0.92035864723549'/></Row></Section><Section N='Geometry' IX='4'><Cell N='NoFill' V='0'/><Cell N='NoLine' V='0'/><Cell N='NoShow' V='0'/><Cell N='NoSnap' V='0'/><Cell N='NoQuickDrag' V='0' F='No Formula'/><Row T='MoveTo' IX='1'><Cell N='X' V='0.1029282030212018' F='Width*0.74087334923502'/><Cell N='Y' V='0.0567846095742358' F='Height*0.25326501956917'/></Row><Row T='LineTo' IX='2'><Cell N='X' V='0.07892820306953212' F='Width*0.56812224872109'/><Cell N='Y' V='0.07064101600751319' F='Height*0.31506597360927'/></Row><Row T='LineTo' IX='3'><Cell N='X' V='0.07199999985336686' F='Width*0.51825330152997'/><Cell N='Y' V='0.06664101601565853' F='Height*0.29722557488487'/></Row><Row T='LineTo' IX='4'><Cell N='X' V='0.09599999980448916' F='Width*0.69100440203996'/><Cell N='Y' V='0.05278460958332731' F='Height*0.23542462084899'/></Row><Row T='LineTo' IX='5'><Cell N='X' V='0.09599999980448916' F='Width*0.69100440203996'/><Cell N='Y' V='0.02078460964849615' F='Height*0.092701431053817'/></Row><Row T='LineTo' IX='6'><Cell N='X' V='0.1029282030212004' F='Width*0.74087334923501'/><Cell N='Y' V='0.02478460963940306' F='Height*0.11054182977399'/></Row><Row T='LineTo' IX='7'><Cell N='X' V='0.1029282030212004' F='Width*0.74087334923501'/><Cell N='Y' V='0.0567846095742358' F='Height*0.25326501956917'/></Row></Section><Section N='Geometry' IX='5'><Cell N='NoFill' V='0'/><Cell N='NoLine' V='0'/><Cell N='NoShow' V='0'/><Cell N='NoSnap' V='0'/><Cell N='NoQuickDrag' V='0' F='No Formula'/><Row T='MoveTo' IX='1'><Cell N='X' V='0.1029282030212004' F='Width*0.74087334923501'/><Cell N='Y' V='0.1687846093461392' F='Height*0.75279618385225'/></Row><Row T='LineTo' IX='2'><Cell N='X' V='0.07892820306953212' F='Width*0.56812224872109'/><Cell N='Y' V='0.1826410157794165' F='Height*0.81459713789235'/></Row><Row T='LineTo' IX='3'><Cell N='X' V='0.07199999985336686' F='Width*0.51825330152997'/><Cell N='Y' V='0.1786410157875619' F='Height*0.79675673916795'/></Row><Row T='LineTo' IX='4'><Cell N='X' V='0.09599999980448776' F='Width*0.69100440203995'/><Cell N='Y' V='0.1647846093552307' F='Height*0.73495578513207'/></Row><Row T='LineTo' IX='5'><Cell N='X' V='0.09599999980448916' F='Width*0.69100440203996'/><Cell N='Y' V='0.1327846094204002' F='Height*0.5922325953369'/></Row><Row T='LineTo' IX='6'><Cell N='X' V='0.1029282030212004' F='Width*0.74087334923501'/><Cell N='Y' V='0.1367846094113087' F='Height*0.61007299405708'/></Row><Row T='LineTo' IX='7'><Cell N='X' V='0.1029282030212004' F='Width*0.74087334923501'/><Cell N='Y' V='0.1687846093461369' F='Height*0.75279618385224'/></Row></Section><Section N='Geometry' IX='6'><Cell N='NoFill' V='0'/><Cell N='NoLine' V='0'/><Cell N='NoShow' V='0'/><Cell N='NoSnap' V='0'/><Cell N='NoQuickDrag' V='0' F='No Formula'/><Row T='MoveTo' IX='1'><Cell N='X' V='0.09599999980503514' F='Width*0.69100440204389'/><Cell N='Y' V='0.1087846094683328' F='Height*0.48519020298631'/></Row><Row T='LineTo' IX='2'><Cell N='X' V='0.09599999980448916' F='Width*0.69100440203996'/><Cell N='Y' V='0.07678460953444849' F='Height*0.34246701319536'/></Row><Row T='LineTo' IX='3'><Cell N='X' V='0.1029282030212004' F='Width*0.74087334923501'/><Cell N='Y' V='0.08078460952535474' F='Height*0.36030741191553'/></Row><Row T='LineTo' IX='4'><Cell N='X' V='0.1029282030212004' F='Width*0.74087334923501'/><Cell N='Y' V='0.1127846094601875' F='Height*0.50303060171071'/></Row><Row T='LineTo' IX='5'><Cell N='X' V='0.07892820306953212' F='Width*0.56812224872109'/><Cell N='Y' V='0.1266410158934649' F='Height*0.56483155575081'/></Row><Row T='LineTo' IX='6'><Cell N='X' V='0.07199999985336686' F='Width*0.51825330152997'/><Cell N='Y' V='0.1226410159016102' F='Height*0.54699115702641'/></Row><Row T='LineTo' IX='7'><Cell N='X' V='0.09599999980394317' F='Width*0.69100440203603'/><Cell N='Y' V='0.1087846094702252' F='Height*0.48519020299475'/></Row></Section><Section N='Geometry' IX='7'><Cell N='NoFill' V='0'/><Cell N='NoLine' V='0'/><Cell N='NoShow' V='0'/><Cell N='NoSnap' V='0'/><Cell N='NoQuickDrag' V='0' F='No Formula'/><Row T='MoveTo' IX='1'><Cell N='X' V='0.05999999987780503' F='Width*0.43187775127497'/><Cell N='Y' V='0.1295692191177758' F='Height*0.57789163404435'/></Row><Row T='LineTo' IX='2'><Cell N='X' V='0.05999999987780642' F='Width*0.43187775127498'/><Cell N='Y' V='0.09756921918294531' F='Height*0.43516844424918'/></Row><Row T='LineTo' IX='3'><Cell N='X' V='0.06692820309451626' F='Width*0.48174669847002'/><Cell N='Y' V='0.1015692191738516' F='Height*0.45300884296935'/></Row><Row T='LineTo' IX='4'><Cell N='X' V='0.06692820309451765' F='Width*0.48174669847003'/><Cell N='Y' V='0.1335692191086843' F='Height*0.59573203276453'/></Row><Row T='LineTo' IX='5'><Cell N='X' V='0.04292820314284938' F='Width*0.30899559795611'/><Cell N='Y' V='0.1474256255419617' F='Height*0.65753298680463'/></Row><Row T='LineTo' IX='6'><Cell N='X' V='0.03599999992668412' F='Width*0.25912665076499'/><Cell N='Y' V='0.143425625550107' F='Height*0.63969258808023'/></Row><Row T='LineTo' IX='7'><Cell N='X' V='0.05999999987780503' F='Width*0.43187775127497'/><Cell N='Y' V='0.1295692191177758' F='Height*0.57789163404435'/></Row></Section><Section N='Geometry' IX='8'><Cell N='NoFill' V='0'/><Cell N='NoLine' V='0'/><Cell N='NoShow' V='0'/><Cell N='NoSnap' V='0'/><Cell N='NoQuickDrag' V='0' F='No Formula'/><Row T='MoveTo' IX='1'><Cell N='X' V='0.0309282031683823' F='Width*0.22262004770899'/><Cell N='Y' V='0.1543538287562327' F='Height*0.68843346381412'/></Row><Row T='LineTo' IX='2'><Cell N='X' V='0.00692820321616595' F='Width*0.049868947191125'/><Cell N='Y' V='0.1682102351904585' F='Height*0.75023441785845'/></Row><Row T='LineTo' IX='3'><Cell N='X' V='0' F='Width*0'/><Cell N='Y' V='0.1642102351986061' F='Height*0.73239401913406'/></Row><Row T='LineTo' IX='4'><Cell N='X' V='0.02399999995166966' F='Width*0.17275110051393'/><Cell N='Y' V='0.1503538287653265' F='Height*0.67059306509395'/></Row><Row T='LineTo' IX='5'><Cell N='X' V='0.0239999999511209' F='Width*0.17275110050998'/><Cell N='Y' V='0.1183538288314421' F='Height*0.527869875303'/></Row><Row T='LineTo' IX='6'><Cell N='X' V='0.03092820316783353' F='Width*0.22262004770504'/><Cell N='Y' V='0.1223538288223484' F='Height*0.54571027402317'/></Row><Row T='LineTo' IX='7'><Cell N='X' V='0.03092820316783492' F='Width*0.22262004770505'/><Cell N='Y' V='0.1543538287571811' F='Height*0.68843346381835'/></Row></Section><Section N='Geometry' IX='9'><Cell N='NoFill' V='0'/><Cell N='NoLine' V='0'/><Cell N='NoShow' V='0'/><Cell N='NoSnap' V='0'/><Cell N='NoQuickDrag' V='0' F='No Formula'/><Row T='MoveTo' IX='1'><Cell N='X' V='0.06692820309506642' F='Width*0.48174669847398'/><Cell N='Y' V='0.07756921922178421' F='Height*0.34596645061876'/></Row><Row T='LineTo' IX='2'><Cell N='X' V='0.04292820314284799' F='Width*0.3089955979561'/><Cell N='Y' V='0.09142562565601001' F='Height*0.40776740466309'/></Row><Row T='LineTo' IX='3'><Cell N='X' V='0.03599999992668274' F='Width*0.25912665076498'/><Cell N='Y' V='0.08742562566415535' F='Height*0.38992700593869'/></Row><Row T='LineTo' IX='4'><Cell N='X' V='0.05999999987835379' F='Width*0.43187775127892'/><Cell N='Y' V='0.07356921923087573' F='Height*0.32812605189858'/></Row><Row T='LineTo' IX='5'><Cell N='X' V='0.05999999987780503' F='Width*0.43187775127497'/><Cell N='Y' V='0.04156921929699364' F='Height*0.18540286210764'/></Row><Row T='LineTo' IX='6'><Cell N='X' V='0.06692820309451765' F='Width*0.48174669847003'/><Cell N='Y' V='0.04556921928789988' F='Height*0.20324326082781'/></Row><Row T='LineTo' IX='7'><Cell N='X' V='0.06692820309451905' F='Width*0.48174669847004'/><Cell N='Y' V='0.07756921922273261' F='Height*0.34596645062299'/></Row></Section><Section N='Geometry' IX='10'><Cell N='NoFill' V='0'/><Cell N='NoLine' V='0'/><Cell N='NoShow' V='0'/><Cell N='NoSnap' V='0'/><Cell N='NoQuickDrag' V='0' F='No Formula'/><Row T='MoveTo' IX='1'><Cell N='X' V='0.03092820316783492' F='Width*0.22262004770505'/><Cell N='Y' V='0.09835382887123169' F='Height*0.43866788167682'/></Row><Row T='LineTo' IX='2'><Cell N='X' V='0.006928203216164144' F='Width*0.049868947191112'/><Cell N='Y' V='0.1122102353045068' F='Height*0.50046883571691'/></Row><Row T='LineTo' IX='3'><Cell N='X' V='0' F='Width*0'/><Cell N='Y' V='0.1082102353126499' F='Height*0.4826284369925'/></Row><Row T='LineTo' IX='4'><Cell N='X' V='0.02399999995112229' F='Width*0.17275110050999'/><Cell N='Y' V='0.09435382888032544' F='Height*0.42082748295665'/></Row><Row T='LineTo' IX='5'><Cell N='X' V='0.02399999995112229' F='Width*0.17275110050999'/><Cell N='Y' V='0.06235382894548822' F='Height*0.27810429316145'/></Row><Row T='LineTo' IX='6'><Cell N='X' V='0.03092820316783353' F='Width*0.22262004770504'/><Cell N='Y' V='0.0663538289363967' F='Height*0.29594469188163'/></Row><Row T='LineTo' IX='7'><Cell N='X' V='0.03092820316783631' F='Width*0.22262004770506'/><Cell N='Y' V='0.09835382887122943' F='Height*0.43866788167681'/></Row></Section><Section N='Geometry' IX='11'><Cell N='NoFill' V='0'/><Cell N='NoLine' V='0'/><Cell N='NoShow' V='0'/><Cell N='NoSnap' V='0'/><Cell N='NoQuickDrag' V='0' F='No Formula'/><Row T='MoveTo' IX='1'><Cell N='X' V='0.06692820309451626' F='Width*0.48174669847002'/><Cell N='Y' V='0.1895692189946337' F='Height*0.84549761490606'/></Row><Row T='LineTo' IX='2'><Cell N='X' V='0.04292820314284938' F='Width*0.30899559795611'/><Cell N='Y' V='0.2034256254279133' F='Height*0.90729856894617'/></Row><Row T='LineTo' IX='3'><Cell N='X' V='0.03599999992668412' F='Width*0.25912665076499'/><Cell N='Y' V='0.1994256254360609' F='Height*0.88945817022178'/></Row><Row T='LineTo' IX='4'><Cell N='X' V='0.05999999987780503' F='Width*0.43187775127497'/><Cell N='Y' V='0.1855692190037275' F='Height*0.82765721618589'/></Row><Row T='LineTo' IX='5'><Cell N='X' V='0.05999999987780503' F='Width*0.43187775127497'/><Cell N='Y' V='0.153569219068897' F='Height*0.68493402639072'/></Row><Row T='LineTo' IX='6'><Cell N='X' V='0.06692820309451765' F='Width*0.48174669847003'/><Cell N='Y' V='0.1575692190598055' F='Height*0.7027744251109'/></Row><Row T='LineTo' IX='7'><Cell N='X' V='0.06692820309451626' F='Width*0.48174669847002'/><Cell N='Y' V='0.1895692189946337' F='Height*0.84549761490606'/></Row></Section><Text/></Shape></Shapes></Shape></Shapes></Shape></Shapes></MasterContents>