<?xml version='1.0' encoding='utf-8' ?>
<MasterContents xmlns='http://schemas.microsoft.com/office/visio/2012/main' xmlns:r='http://schemas.openxmlformats.org/officeDocument/2006/relationships' xml:space='preserve'><Shapes><Shape ID='5' Type='Group' LineStyle='3' FillStyle='3' TextStyle='3'><Cell N='PinX' V='2'/><Cell N='PinY' V='2.138888888888889'/><Cell N='Width' V='1'/><Cell N='Height' V='1'/><Cell N='LocPinX' V='0.5' F='Width*0.5'/><Cell N='LocPinY' V='0.5' F='Height*0.5'/><Cell N='Angle' V='0'/><Cell N='FlipX' V='0'/><Cell N='FlipY' V='0'/><Cell N='ResizeMode' V='0'/><Cell N='TxtPinX' V='0.5' F='Width*0.5'/><Cell N='TxtPinY' V='-0.1388888888888889' F='SETATREF(Controls.visSSTXT.Y)'/><Cell N='TxtWidth' V='0.1111111111111111' F='MIN(TEXTWIDTH(TheText),Width*2.5)'/><Cell N='TxtHeight' V='0.2777777777777778' F='TEXTHEIGHT(TheText,TxtWidth)'/><Cell N='TxtLocPinX' V='0.05555555555555555' F='TxtWidth*0.5'/><Cell N='TxtLocPinY' V='0.1388888888888889' F='TxtHeight*0.5'/><Cell N='TxtAngle' V='0' F='IF(BITXOR(FlipX,FlipY),1,-1)*Angle'/><Cell N='Rounding' V='0'/><Cell N='ShapeShdwShow' V='1'/><Cell N='ObjType' V='1'/><Cell N='LockGroup' V='1'/><Cell N='SelectMode' V='0'/><Cell N='IsSnapTarget' V='0'/><Cell N='EventDblClick' V='0' F='OPENTEXTWIN()'/><Cell N='HelpTopic' V='Vis_PRXY.chm!#60611'/><Cell N='Copyright' V='Copyright (c) 2012 Microsoft Corporation.  All rights reserved.'/><Section N='User'><Row N='visVersion'><Cell N='Value' V='15'/><Cell N='Prompt' V=''/></Row><Row N='ShapeClass'><Cell N='Value' V='5'/><Cell N='Prompt' V=''/></Row><Row N='SolSH'><Cell N='Value' V='{BF0433D9-CD73-4EB5-8390-8653BE590246}' U='GUID'/><Cell N='Prompt' V=''/></Row><Row N='visLegendShape'><Cell N='Value' V='2'/><Cell N='Prompt' V=''/></Row></Section><Section N='Control'><Row N='visSSTXT'><Cell N='X' V='0.5' F='Width*0.5'/><Cell N='Y' V='-0.1388888888888889' F='-(IF(MODULUS(Angle,180DEG)=0DEG,TxtHeight/2,IF(MODULUS(Angle,180DEG)=90DEG,TxtWidth/2,MIN(ABS(TxtHeight/2/COS(Angle))+ABS(TAN(Angle)*Width/2),ABS(TxtWidth/2/SIN(Angle))+ABS(Width/2/TAN(Angle)),0.5*(ABS(SIN(Angle))*TxtWidth+ABS(COS(Angle))*TxtHeight)))))'/><Cell N='XDyn' V='0.5' F='Controls.visSSTXT'/><Cell N='YDyn' V='-0.1388888888888889' F='Controls.visSSTXT.Y'/><Cell N='XCon' V='5' F='((Controls.visSSTXT&lt;0)*2)+((Controls.visSSTXT&gt;Width)*4)+IF(OR(HideText,STRSAME(SHAPETEXT(TheText),"")),5,0)'/><Cell N='YCon' V='2' F='((Controls.visSSTXT.Y&lt;0)*2)+((Controls.visSSTXT.Y&gt;Height)*4)'/><Cell N='CanGlue' V='0'/><Cell N='Prompt' V='Reposition Text'/></Row></Section><Section N='Connection'><Row T='Connection' IX='0'><Cell N='X' V='0.5' F='Width*0.5'/><Cell N='Y' V='0.5' F='Height*0.5'/><Cell N='DirX' V='0'/><Cell N='DirY' V='0'/><Cell N='Type' V='0'/><Cell N='AutoGen' V='0'/><Cell N='Prompt' V='' F='No Formula'/></Row></Section><Section N='Character'><Row IX='0'><Cell N='Color' V='#4d1e1a' F='IF(LUM(THEMEVAL("BackgroundColor"))&gt;120,SHADE(THEMEVAL(QuickStyleFillColor),75),THEMEVAL("Light"))'/><Cell N='Size' V='0.1388888888888889' U='PT'/></Row></Section><Shapes><Shape ID='6' Type='Shape' LineStyle='3' FillStyle='3' TextStyle='3'><Cell N='PinX' V='0.4840215761388275' F='(BeginX+EndX)/2'/><Cell N='PinY' V='0.1875' F='(BeginY+EndY)/2'/><Cell N='Width' V='0.3349550183537317' F='SQRT((EndX-BeginX)^2+(EndY-BeginY)^2)'/><Cell N='Height' V='0'/><Cell N='LocPinX' V='0.1674775091768658' F='Width*0.5'/><Cell N='LocPinY' V='0' F='Height*0.5'/><Cell N='Angle' V='0' F='ATAN2(EndY-BeginY,EndX-BeginX)'/><Cell N='FlipX' V='0'/><Cell N='FlipY' V='0'/><Cell N='ResizeMode' V='0'/><Cell N='BeginX' V='0.3165440669619617' F='Sheet.5!Width*0.31654406696196'/><Cell N='BeginY' V='0.1875' F='Sheet.5!Height*0.1875'/><Cell N='EndX' V='0.6514990853156933' F='Sheet.5!Width*0.65149908531569'/><Cell N='EndY' V='0.1875' F='Sheet.5!Height*0.1875'/><Cell N='QuickStyleType' V='2'/><Cell N='ShapeShdwShow' V='1'/><Cell N='ReflectionSize' V='0' F='GUARD(0)'/><Cell N='SoftEdgesSize' V='0' F='GUARD(0)'/><Cell N='LineColor' V='Themed' F='IF(OR(AND(LUM(THEMEVAL("BackGroundColor"))&gt;200,LUM(THEMEVAL())&gt;200),AND(LUM(THEMEVAL("BackGroundColor"))&lt;40,LUM(THEMEVAL())&lt;40)),THEMEVAL(QuickStyleFillColor),THEMEVAL())'/><Cell N='Rounding' V='0'/><Cell N='BevelTopType' V='0' F='GUARD(0)'/><Cell N='BevelBottomType' V='0' F='GUARD(0)'/><Cell N='Copyright' V='Copyright (c) 2012 Microsoft Corporation.  All rights reserved.'/><Section N='Geometry' IX='0'><Cell N='NoFill' V='1'/><Cell N='NoLine' V='0'/><Cell N='NoShow' V='0'/><Cell N='NoSnap' V='0'/><Cell N='NoQuickDrag' V='0'/><Row T='MoveTo' IX='1'><Cell N='X' V='0' F='Width*0'/><Cell N='Y' V='0'/></Row><Row T='LineTo' IX='2'><Cell N='X' V='0.3349550183537317' F='Width*1'/><Cell N='Y' V='0'/></Row></Section></Shape><Shape ID='7' Type='Shape' LineStyle='3' FillStyle='3' TextStyle='3'><Cell N='PinX' V='0.825749542657847' F='Sheet.5!Width*0.82574954265785'/><Cell N='PinY' V='0.1890002389503818' F='Sheet.5!Height*0.18900023895038'/><Cell N='Width' V='0.3485009146843073' F='Sheet.5!Width*0.34850091468431'/><Cell N='Height' V='0.09011659660535944' F='Sheet.5!Height*0.090116596605359'/><Cell N='LocPinX' V='0.1742504573421536' F='Width*0.5'/><Cell N='LocPinY' V='0.04505829830267971' F='Height*0.5'/><Cell N='Angle' V='0'/><Cell N='FlipX' V='0'/><Cell N='FlipY' V='0'/><Cell N='ResizeMode' V='0'/><Cell N='ShapeShdwShow' V='1'/><Cell N='QuickStyleFillColor' V='1' F='GUARD(IF(LUM(LineColor)&gt;205,Sheet.5!QuickStyleFillColor,1))'/><Cell N='ReflectionSize' V='0' F='GUARD(0)'/><Cell N='SoftEdgesSize' V='0' F='GUARD(0)'/><Cell N='Rounding' V='0'/><Cell N='BevelTopType' V='0' F='GUARD(0)'/><Cell N='BevelBottomType' V='0' F='GUARD(0)'/><Cell N='Copyright' V='Copyright (c) 2012 Microsoft Corporation.  All rights reserved.'/><Section N='Geometry' IX='0'><Cell N='NoFill' V='0'/><Cell N='NoLine' V='0'/><Cell N='NoShow' V='0'/><Cell N='NoSnap' V='0'/><Cell N='NoQuickDrag' V='0'/><Row T='RelMoveTo' IX='1'><Cell N='X' V='0.04399920363431936'/><Cell N='Y' V='-2.485808147097722E-8'/></Row><Row T='RelLineTo' IX='2'><Cell N='X' V='0.9562179934554319'/><Cell N='Y' V='-2.485808147097722E-8'/></Row><Row T='RelLineTo' IX='3'><Cell N='X' V='0.9562179934554319'/><Cell N='Y' V='1.000000052457019'/></Row><Row T='RelLineTo' IX='4'><Cell N='X' V='0.04399920363431936'/><Cell N='Y' V='1.000000052457019'/></Row><Row T='RelLineTo' IX='5'><Cell N='X' V='0.04399920363431936'/><Cell N='Y' V='-2.485808147097722E-8'/></Row></Section><Section N='Geometry' IX='1'><Cell N='NoFill' V='0'/><Cell N='NoLine' V='0'/><Cell N='NoShow' V='0'/><Cell N='NoSnap' V='0'/><Cell N='NoQuickDrag' V='0'/><Row T='RelMoveTo' IX='1'><Cell N='X' V='0.958498488715136'/><Cell N='Y' V='0.8124869311273961'/></Row><Row T='RelLineTo' IX='2'><Cell N='X' V='1'/><Cell N='Y' V='0.8124869311273961'/></Row><Row T='RelLineTo' IX='3'><Cell N='X' V='1'/><Cell N='Y' V='0.1875831110861852'/></Row><Row T='RelLineTo' IX='4'><Cell N='X' V='0.9600188231887203'/><Cell N='Y' V='0.1875831110861852'/></Row><Row T='MoveTo' IX='5'><Cell N='X' V='0.3340376000407511' F='Width*0.95849848871514'/><Cell N='Y' V='0.073218557019534' F='Height*0.8124869311274'/></Row></Section><Section N='Geometry' IX='2'><Cell N='NoFill' V='0'/><Cell N='NoLine' V='0'/><Cell N='NoShow' V='0'/><Cell N='NoSnap' V='0'/><Cell N='NoQuickDrag' V='0'/><Row T='RelMoveTo' IX='1'><Cell N='X' V='0.04448788257226104'/><Cell N='Y' V='0.1875831110861852'/></Row><Row T='RelLineTo' IX='2'><Cell N='X' V='0'/><Cell N='Y' V='0.1875831110861852'/></Row><Row T='RelLineTo' IX='3'><Cell N='X' V='0'/><Cell N='Y' V='0.8124869311273961'/></Row><Row T='RelLineTo' IX='4'><Cell N='X' V='0.04448788257226104'/><Cell N='Y' V='0.8124869311273961'/></Row><Row T='MoveTo' IX='5'><Cell N='X' V='0.01550406776880102' F='Width*0.044487882572261'/><Cell N='Y' V='0.01690435155173208' F='Height*0.18758311108619'/></Row></Section></Shape><Shape ID='8' Type='Shape' LineStyle='3' FillStyle='3' TextStyle='3'><Cell N='PinX' V='0.4826667308807373' F='Sheet.5!Width*0.48266673088074'/><Cell N='PinY' V='0.5176265717173616' F='Sheet.5!Height*0.51762657171736'/><Cell N='Width' V='0.9653334617614746' F='Sheet.5!Width*0.96533346176147'/><Cell N='Height' V='0.6768629752698728' F='Sheet.5!Height*0.67686297526987'/><Cell N='LocPinX' V='0.4826667308807373' F='Width*0.5'/><Cell N='LocPinY' V='0.3384314876349364' F='Height*0.5'/><Cell N='Angle' V='0'/><Cell N='FlipX' V='0'/><Cell N='FlipY' V='0'/><Cell N='ResizeMode' V='0'/><Cell N='ShapeShdwShow' V='1'/><Cell N='FillGradientEnabled' V='0'/><Cell N='ReflectionSize' V='0' F='GUARD(0)'/><Cell N='Rounding' V='0'/><Cell N='Copyright' V='Copyright (c) 2012 Microsoft Corporation.  All rights reserved.'/><Section N='Geometry' IX='0'><Cell N='NoFill' V='0'/><Cell N='NoLine' V='0'/><Cell N='NoShow' V='0'/><Cell N='NoSnap' V='0'/><Cell N='NoQuickDrag' V='0'/><Row T='RelMoveTo' IX='1'><Cell N='X' V='0.6199243205971867'/><Cell N='Y' V='0.3967258308696092'/></Row><Row T='RelLineTo' IX='2'><Cell N='X' V='0.6199243205971867'/><Cell N='Y' V='0.9126765333820088'/></Row><Row T='RelCubBezTo' IX='3'><Cell N='X' V='0.5586957153874596'/><Cell N='Y' V='1'/><Cell N='A' V='0.6199243205971867'/><Cell N='B' V='0.9609009178217945'/><Cell N='C' V='0.5925092126145314'/><Cell N='D' V='1'/></Row><Row T='RelLineTo' IX='4'><Cell N='X' V='0.06122860520973055'/><Cell N='Y' V='1'/></Row><Row T='RelCubBezTo' IX='5'><Cell N='X' V='0'/><Cell N='Y' V='0.9126765333820088'/><Cell N='A' V='0.02741510798265885'/><Cell N='B' V='1'/><Cell N='C' V='0'/><Cell N='D' V='0.9609009178217945'/></Row><Row T='RelLineTo' IX='6'><Cell N='X' V='0'/><Cell N='Y' V='0.3967258308696092'/></Row><Row T='RelCubBezTo' IX='7'><Cell N='X' V='0.06122860520973055'/><Cell N='Y' V='0.3094023642516187'/><Cell N='A' V='0'/><Cell N='B' V='0.3485014464298238'/><Cell N='C' V='0.02741510798265885'/><Cell N='D' V='0.3094023642516187'/></Row><Row T='RelLineTo' IX='8'><Cell N='X' V='0.2226501692695246'/><Cell N='Y' V='0.3094023642516187'/></Row><Row T='RelCubBezTo' IX='9'><Cell N='X' V='0.3106662892585069'/><Cell N='Y' V='0.1662464561647495'/><Cell N='A' V='0.2226501692695246'/><Cell N='B' V='0.3094023642516187'/><Cell N='C' V='0.2264769570951324'/><Cell N='D' V='0.2112726186396511'/></Row><Row T='RelCubBezTo' IX='10'><Cell N='X' V='0.2953591379560753'/><Cell N='Y' V='0.2644853561099892'/><Cell N='A' V='0.3106662892585069'/><Cell N='B' V='0.1662464561647495'/><Cell N='C' V='0.2953591379560753'/><Cell N='D' V='0.2290101977964305'/></Row><Row T='RelCubBezTo' IX='11'><Cell N='X' V='0.3001426227380851'/><Cell N='Y' V='0.3081470894189847'/><Cell N='A' V='0.2953591379560753'/><Cell N='B' V='0.3107558779841973'/><Cell N='C' V='0.3001426227380851'/><Cell N='D' V='0.3081470894189847'/></Row><Row T='RelLineTo' IX='12'><Cell N='X' V='0.5586957153874596'/><Cell N='Y' V='0.3094023642516183'/></Row><Row T='RelCubBezTo' IX='13'><Cell N='X' V='0.6199243205971867'/><Cell N='Y' V='0.3967258308696092'/><Cell N='A' V='0.5925092126145313'/><Cell N='B' V='0.3094023642516183'/><Cell N='C' V='0.6199243205971867'/><Cell N='D' V='0.3485014464298238'/></Row></Section><Section N='Geometry' IX='1'><Cell N='NoFill' V='0'/><Cell N='NoLine' V='0'/><Cell N='NoShow' V='0'/><Cell N='NoSnap' V='0'/><Cell N='NoQuickDrag' V='0'/><Row T='Ellipse' IX='1'><Cell N='X' V='0.6965479127846701' F='Width*0.72156196835201'/><Cell N='Y' V='0.009984923464556539' F='Height*0.014751764876156'/><Cell N='A' V='0.7065328232727988' U='DL' F='Width*0.73190545159759'/><Cell N='B' V='0.009984923464556539' U='DL' F='Height*0.014751764876156'/><Cell N='C' V='0.6965479127846701' U='DL' F='Width*0.72156196835201'/><Cell N='D' V='0.01996984605987867' U='DL' F='Height*0.029503528468102'/></Row></Section><Section N='Geometry' IX='2'><Cell N='NoFill' V='1'/><Cell N='NoLine' V='0'/><Cell N='NoShow' V='0'/><Cell N='NoSnap' V='0'/><Cell N='NoQuickDrag' V='0'/><Row T='RelMoveTo' IX='1'><Cell N='X' V='0.92479895087221'/><Cell N='Y' V='0.02862755578193647'/></Row><Row T='RelLineTo' IX='2'><Cell N='X' V='1.000000017729348'/><Cell N='Y' V='0.02862755578193647'/></Row></Section><Section N='Geometry' IX='3'><Cell N='NoFill' V='1'/><Cell N='NoLine' V='0'/><Cell N='NoShow' V='0'/><Cell N='NoSnap' V='0'/><Cell N='NoQuickDrag' V='0'/><Row T='RelMoveTo' IX='1'><Cell N='X' V='0.92479895087221'/><Cell N='Y' V='0.0008852938112915495'/></Row><Row T='RelLineTo' IX='2'><Cell N='X' V='1.000000017729348'/><Cell N='Y' V='0.0008852938112915495'/></Row></Section></Shape><Shape ID='9' Type='Shape' LineStyle='3' FillStyle='3' TextStyle='3'><Cell N='PinX' V='0.2914993695559859' F='Sheet.5!Width*0.29149936955599'/><Cell N='PinY' V='0.6324784509296884' F='Sheet.5!Height*0.63247845092969'/><Cell N='Width' V='0.5001191583931659' F='Sheet.5!Width*0.50011915839317'/><Cell N='Height' V='0.3669671222755829' F='Sheet.5!Height*0.36696712227558'/><Cell N='LocPinX' V='0.250059579196583' F='Width*0.5'/><Cell N='LocPinY' V='0.1834835611377915' F='Height*0.5'/><Cell N='Angle' V='0'/><Cell N='FlipX' V='0'/><Cell N='FlipY' V='0'/><Cell N='ResizeMode' V='0'/><Cell N='Rounding' V='0'/><Cell N='FillForegnd' V='Themed' F='IF(LUMDIFF(Sheet.5!FillForegnd,THEMEVAL("FillColor"))&lt;50,TINT(THEMEVAL(),50),THEMEVAL())'/><Cell N='ShapeShdwShow' V='1'/><Cell N='FillGradientEnabled' V='0'/><Cell N='QuickStyleLineColor' V='102'/><Cell N='QuickStyleFillColor' V='102'/><Cell N='QuickStyleShadowColor' V='102'/><Cell N='QuickStyleFontColor' V='102'/><Cell N='ReflectionSize' V='0' F='GUARD(0)'/><Cell N='Copyright' V='Copyright (c) 2012 Microsoft Corporation.  All rights reserved.'/><Section N='Geometry' IX='0'><Cell N='NoFill' V='0'/><Cell N='NoLine' V='0'/><Cell N='NoShow' V='0'/><Cell N='NoSnap' V='0'/><Cell N='NoQuickDrag' V='0'/><Row T='RelMoveTo' IX='1'><Cell N='X' V='0.4842307300890801'/><Cell N='Y' V='0.9425798787976383'/></Row><Row T='RelCubBezTo' IX='2'><Cell N='X' V='0.3224517745710082'/><Cell N='Y' V='0.7220600374479034'/><Cell N='A' V='0.3950314484327823'/><Cell N='B' V='0.9425798787976383'/><Cell N='C' V='0.3224517745710082'/><Cell N='D' V='0.8436449294328434'/></Row><Row T='RelCubBezTo' IX='3'><Cell N='X' V='0.4842307300890801'/><Cell N='Y' V='0.5015804626628281'/><Cell N='A' V='0.3224517745710082'/><Cell N='B' V='0.600475145462965'/><Cell N='C' V='0.3950314484327823'/><Cell N='D' V='0.5015804626628281'/></Row><Row T='RelCubBezTo' IX='4'><Cell N='X' V='0.6460392315765647'/><Cell N='Y' V='0.7220600374479034'/><Cell N='A' V='0.5734595577147905'/><Cell N='B' V='0.5015804626628281'/><Cell N='C' V='0.6460392315765647'/><Cell N='D' V='0.6004952787452939'/></Row><Row T='RelCubBezTo' IX='5'><Cell N='X' V='0.4842307300890801'/><Cell N='Y' V='0.9425798787976383'/><Cell N='A' V='0.6460392315765647'/><Cell N='B' V='0.8436650627151723'/><Cell N='C' V='0.5734595577147905'/><Cell N='D' V='0.9425798787976383'/></Row></Section><Section N='Geometry' IX='1'><Cell N='NoFill' V='0'/><Cell N='NoLine' V='0'/><Cell N='NoShow' V='0'/><Cell N='NoSnap' V='0'/><Cell N='NoQuickDrag' V='0'/><Row T='RelMoveTo' IX='1'><Cell N='X' V='0.4842455030737868'/><Cell N='Y' V='0.972779802291167'/></Row><Row T='RelCubBezTo' IX='2'><Cell N='X' V='0.5391419142421879'/><Cell N='Y' V='0.9614246310576007'/><Cell N='A' V='0.503361745283666'/><Cell N='B' V='0.972779802291167'/><Cell N='C' V='0.521798430197058'/><Cell N='D' V='0.9687934123900213'/></Row><Row T='RelCubBezTo' IX='3'><Cell N='X' V='0.4842307300890806'/><Cell N='Y' V='1'/><Cell N='A' V='0.5290076467337048'/><Cell N='B' V='0.982826310173347'/><Cell N='C' V='0.5083550141143763'/><Cell N='D' V='1'/></Row><Row T='RelCubBezTo' IX='4'><Cell N='X' V='0.4293195459359732'/><Cell N='Y' V='0.9614044977752718'/><Cell N='A' V='0.4601064460637849'/><Cell N='B' V='1'/><Cell N='C' V='0.4394538134444563'/><Cell N='D' V='0.982826310173347'/></Row><Row T='RelCubBezTo' IX='5'><Cell N='X' V='0.4842455030737868'/><Cell N='Y' V='0.972779802291167'/><Cell N='A' V='0.4466630299811032'/><Cell N='B' V='0.9687934123900213'/><Cell N='C' V='0.4651144878792015'/><Cell N='D' V='0.972779802291167'/></Row></Section><Section N='Geometry' IX='2'><Cell N='NoFill' V='0'/><Cell N='NoLine' V='0'/><Cell N='NoShow' V='0'/><Cell N='NoSnap' V='0'/><Cell N='NoQuickDrag' V='0'/><Row T='RelMoveTo' IX='1'><Cell N='X' V='0.1514544765962348'/><Cell N='Y' V='0.00295959250236669'/></Row><Row T='RelCubBezTo' IX='2'><Cell N='X' V='0.05275616577382276'/><Cell N='Y' V='0.08832470957740289'/><Cell N='A' V='0.08417830424400249'/><Cell N='B' V='0.01777768829652382'/><Cell N='C' V='0.0540118694738535'/><Cell N='D' V='0.08544565020435323'/></Row><Row T='RelCubBezTo' IX='3'><Cell N='X' V='0.03129101899565116'/><Cell N='Y' V='0.6109847188387093'/><Cell N='A' V='-0.04962061824044384'/><Cell N='B' V='0.3429301979101643'/><Cell N='C' V='0.0279375514673339'/><Cell N='D' V='0.6001530129456977'/></Row><Row T='RelCubBezTo' IX='4'><Cell N='X' V='0.1501544539420854'/><Cell N='Y' V='0.7569912822887475'/><Cell N='A' V='0.05579940062330893'/><Cell N='B' V='0.7103022005677553'/><Cell N='C' V='0.1162947729953756'/><Cell N='D' V='0.7451529122792849'/></Row><Row T='RelLineTo' IX='5'><Cell N='X' V='0.1636126430094732'/><Cell N='Y' V='0.761682337071409'/></Row><Row T='RelLineTo' IX='6'><Cell N='X' V='0.1636126430094732'/><Cell N='Y' V='0.5342769131651509'/></Row><Row T='RelLineTo' IX='7'><Cell N='X' V='0.1341996304593426'/><Cell N='Y' V='0.5342769131651509'/></Row><Row T='RelCubBezTo' IX='8'><Cell N='X' V='0.1305950221910192'/><Cell N='Y' V='0.5310757212748373'/><Cell N='A' V='0.1313484444110376'/><Cell N='B' V='0.5342769131651509'/><Cell N='C' V='0.1306984330839629'/><Cell N='D' V='0.5316193198977204'/></Row><Row T='RelCubBezTo' IX='9'><Cell N='X' V='0.1298120540015883'/><Cell N='Y' V='0.2352574040145761'/><Cell N='A' V='0.09788763405139632'/><Cell N='B' V='0.3507217781714941'/><Cell N='C' V='0.1294870483380509'/><Cell N='D' V='0.2364050011073302'/></Row><Row T='RelCubBezTo' IX='10'><Cell N='X' V='0.1367553568135226'/><Cell N='Y' V='0.2290362197749097'/><Cell N='A' V='0.1309643468086753'/><Cell N='B' V='0.2310696812901404'/><Cell N='C' V='0.1332837054075555'/><Cell N='D' V='0.2290362197749097'/></Row><Row T='RelLineTo' IX='11'><Cell N='X' V='0.1639524216577168'/><Cell N='Y' V='0.2290563530572385'/></Row><Row T='RelLineTo' IX='12'><Cell N='X' V='0.1639524216577168'/><Cell N='Y' V='0.0001811995409622419'/></Row><Row T='RelLineTo' IX='13'><Cell N='X' V='0.1514544765962348'/><Cell N='Y' V='0.00295959250236669'/></Row></Section><Section N='Geometry' IX='3'><Cell N='NoFill' V='0'/><Cell N='NoLine' V='0'/><Cell N='NoShow' V='0'/><Cell N='NoSnap' V='0'/><Cell N='NoQuickDrag' V='0'/><Row T='RelMoveTo' IX='1'><Cell N='X' V='0.1868948669065157'/><Cell N='Y' V='0.5342970464474807'/></Row><Row T='RelLineTo' IX='2'><Cell N='X' V='0.1868948669065157'/><Cell N='Y' V='0.763393666069377'/></Row><Row T='RelLineTo' IX='3'><Cell N='X' V='0.2239307395650683'/><Cell N='Y' V='0.763393666069377'/></Row><Row T='RelCubBezTo' IX='4'><Cell N='X' V='0.2498425547398195'/><Cell N='Y' V='0.7281201554289377'/><Cell N='A' V='0.2382162157760058'/><Cell N='B' V='0.763393666069377'/><Cell N='C' V='0.2498425547398195'/><Cell N='D' V='0.7475689061587688'/></Row><Row T='RelLineTo' IX='5'><Cell N='X' V='0.2498425547398195'/><Cell N='Y' V='0.5696309569349073'/></Row><Row T='RelCubBezTo' IX='6'><Cell N='X' V='0.2239307395650683'/><Cell N='Y' V='0.5342970464474807'/><Cell N='A' V='0.2498425547398195'/><Cell N='B' V='0.5501419396404181'/><Cell N='C' V='0.2382162157760058'/><Cell N='D' V='0.5342970464474807'/></Row><Row T='RelLineTo' IX='7'><Cell N='X' V='0.1868948669065157'/><Cell N='Y' V='0.5342970464474807'/></Row></Section><Section N='Geometry' IX='4'><Cell N='NoFill' V='0'/><Cell N='NoLine' V='0'/><Cell N='NoShow' V='0'/><Cell N='NoSnap' V='0'/><Cell N='NoQuickDrag' V='0'/><Row T='RelMoveTo' IX='1'><Cell N='X' V='0.1866732721359238'/><Cell N='Y' V='0'/></Row><Row T='RelLineTo' IX='2'><Cell N='X' V='0.1865550882582739'/><Cell N='Y' V='0.01467716281785404'/></Row><Row T='RelLineTo' IX='3'><Cell N='X' V='0.1865550882582739'/><Cell N='Y' V='0.2290764863395675'/></Row><Row T='RelLineTo' IX='4'><Cell N='X' V='0.2239159665803636'/><Cell N='Y' V='0.2290764863395675'/></Row><Row T='RelCubBezTo' IX='5'><Cell N='X' V='0.2498277817551146'/><Cell N='Y' V='0.1937828424167989'/><Cell N='A' V='0.238201442791301'/><Cell N='B' V='0.2290764863395675'/><Cell N='C' V='0.2498277817551146'/><Cell N='D' V='0.2132315931466303'/></Row><Row T='RelLineTo' IX='6'><Cell N='X' V='0.2498277817551146'/><Cell N='Y' V='0.0352533773581107'/></Row><Row T='RelCubBezTo' IX='7'><Cell N='X' V='0.2239159665803636'/><Cell N='Y' V='2.013328232882803E-5'/><Cell N='A' V='0.2498277817551146'/><Cell N='B' V='0.01582475991060797'/><Cell N='C' V='0.2382014427913011'/><Cell N='D' V='2.013328232882803E-5'/></Row><Row T='RelLineTo' IX='8'><Cell N='X' V='0.1866732721359238'/><Cell N='Y' V='2.013328232882803E-5'/></Row><Row T='RelLineTo' IX='9'><Cell N='X' V='0.1866732721359238'/><Cell N='Y' V='0'/></Row></Section><Section N='Geometry' IX='5'><Cell N='NoFill' V='0'/><Cell N='NoLine' V='0'/><Cell N='NoShow' V='0'/><Cell N='NoSnap' V='0'/><Cell N='NoQuickDrag' V='0'/><Row T='RelMoveTo' IX='1'><Cell N='X' V='0.6210433414535994'/><Cell N='Y' V='0.518452153254546'/></Row><Row T='RelLineTo' IX='2'><Cell N='X' V='0.6210433414535994'/><Cell N='Y' V='0.5549135275523975'/></Row><Row T='RelCubBezTo' IX='3'><Cell N='X' V='0.4842307300890794'/><Cell N='Y' V='0.4713805391693025'/><Cell N='A' V='0.5873609363233645'/><Cell N='B' V='0.5037548571543631'/><Cell N='C' V='0.5386396327621738'/><Cell N='D' V='0.4713805391693025'/></Row><Row T='RelCubBezTo' IX='4'><Cell N='X' V='0.3473590267857345'/><Cell N='Y' V='0.5549940606817133'/><Cell N='A' V='0.4297922814465726'/><Cell N='B' V='0.4713805391693025'/><Cell N='C' V='0.3810562049006757'/><Cell N='D' V='0.503795123719021'/></Row><Row T='RelLineTo' IX='5'><Cell N='X' V='0.3473590267857345'/><Cell N='Y' V='0.518452153254546'/></Row><Row T='RelCubBezTo' IX='6'><Cell N='X' V='0.3994633438446549'/><Cell N='Y' V='0.4729912017556238'/><Cell N='A' V='0.3473590267857345'/><Cell N='B' V='0.518452153254546'/><Cell N='C' V='0.3659138955767762'/><Cell N='D' V='0.4931043508023127'/></Row><Row T='RelLineTo' IX='7'><Cell N='X' V='0.3994633438446549'/><Cell N='Y' V='0.3787674404558208'/></Row><Row T='RelLineTo' IX='8'><Cell N='X' V='0.3602706154189913'/><Cell N='Y' V='0.3787674404558208'/></Row><Row T='RelLineTo' IX='9'><Cell N='X' V='0.3602706154189913'/><Cell N='Y' V='0.329400632185069'/></Row><Row T='RelLineTo' IX='10'><Cell N='X' V='0.6128000159875156'/><Cell N='Y' V='0.329400632185069'/></Row><Row T='RelLineTo' IX='11'><Cell N='X' V='0.6128000159875156'/><Cell N='Y' V='0.3787674404558208'/></Row><Row T='RelLineTo' IX='12'><Cell N='X' V='0.5652900971722369'/><Cell N='Y' V='0.3787674404558208'/></Row><Row T='RelLineTo' IX='13'><Cell N='X' V='0.5652900971722369'/><Cell N='Y' V='0.470736274134774'/></Row><Row T='RelCubBezTo' IX='14'><Cell N='X' V='0.6210433414535994'/><Cell N='Y' V='0.518452153254546'/><Cell N='A' V='0.6012475419472332'/><Cell N='B' V='0.491171555698727'/><Cell N='C' V='0.6210433414535994'/><Cell N='D' V='0.518452153254546'/></Row></Section><Section N='Geometry' IX='6'><Cell N='NoFill' V='0'/><Cell N='NoLine' V='0'/><Cell N='NoShow' V='0'/><Cell N='NoSnap' V='0'/><Cell N='NoQuickDrag' V='0'/><Row T='RelMoveTo' IX='1'><Cell N='X' V='0.9402875409555261'/><Cell N='Y' V='0.5844691860113939'/></Row><Row T='RelLineTo' IX='2'><Cell N='X' V='0.7700732111701891'/><Cell N='Y' V='0.5844691860113939'/></Row><Row T='RelCubBezTo' IX='3'><Cell N='X' V='0.7103164880334344'/><Cell N='Y' V='0.5030300589905161'/><Cell N='A' V='0.7371442282599725'/><Cell N='B' V='0.5844691860113939'/><Cell N='C' V='0.7103164880334344'/><Cell N='D' V='0.5479474118665548'/></Row><Row T='RelLineTo' IX='4'><Cell N='X' V='0.7103164880334344'/><Cell N='Y' V='0.2189293120457436'/></Row><Row T='RelLineTo' IX='5'><Cell N='X' V='0.7568957088122199'/><Cell N='Y' V='0.2189293120457436'/></Row><Row T='RelLineTo' IX='6'><Cell N='X' V='0.7568957088122199'/><Cell N='Y' V='0.3842436932493101'/></Row><Row T='RelLineTo' IX='7'><Cell N='X' V='0.7724516617078941'/><Cell N='Y' V='0.3842436932493101'/></Row><Row T='RelLineTo' IX='8'><Cell N='X' V='0.7724516617078941'/><Cell N='Y' V='0.006543316756933057'/></Row><Row T='RelLineTo' IX='9'><Cell N='X' V='0.8482813922050417'/><Cell N='Y' V='0.006543316756933057'/></Row><Row T='RelLineTo' IX='10'><Cell N='X' V='0.8482813922050417'/><Cell N='Y' V='0.1753608890857488'/></Row><Row T='RelCubBezTo' IX='11'><Cell N='X' V='0.8560667551452321'/><Cell N='Y' V='0.1859711288731411'/><Cell N='A' V='0.8482813922050417'/><Cell N='B' V='0.1812196742434929'/><Cell N='C' V='0.8517678165957152'/><Cell N='D' V='0.1859711288731411'/></Row><Row T='RelCubBezTo' IX='12'><Cell N='X' V='0.86382257211601'/><Cell N='Y' V='0.1753608890857488'/><Cell N='A' V='0.860365693694749'/><Cell N='B' V='0.1859711288731411'/><Cell N='C' V='0.86382257211601'/><Cell N='D' V='0.1812196742434931'/></Row><Row T='RelLineTo' IX='13'><Cell N='X' V='0.86382257211601'/><Cell N='Y' V='0.006543316756933057'/></Row><Row T='RelLineTo' IX='14'><Cell N='X' V='0.9440546520556181'/><Cell N='Y' V='0.006543316756933057'/></Row><Row T='RelLineTo' IX='15'><Cell N='X' V='0.9440546520556181'/><Cell N='Y' V='0.3848678250015098'/></Row><Row T='RelLineTo' IX='16'><Cell N='X' V='0.9596106049512925'/><Cell N='Y' V='0.3848678250015098'/></Row><Row T='RelLineTo' IX='17'><Cell N='X' V='0.9596106049512925'/><Cell N='Y' V='0.2189293120457436'/></Row><Row T='RelLineTo' IX='18'><Cell N='X' V='0.9999999451381619'/><Cell N='Y' V='0.2189293120457436'/></Row><Row T='RelLineTo' IX='19'><Cell N='X' V='0.9999999451381619'/><Cell N='Y' V='0.5030300589905161'/></Row><Row T='RelCubBezTo' IX='20'><Cell N='X' V='0.9402875409555261'/><Cell N='Y' V='0.5844691860113939'/><Cell N='A' V='1.000044264092281'/><Cell N='B' V='0.5479474118665548'/><Cell N='C' V='0.9732312968504491'/><Cell N='D' V='0.5844691860113939'/></Row></Section><Section N='Geometry' IX='7'><Cell N='NoFill' V='0'/><Cell N='NoLine' V='0'/><Cell N='NoShow' V='0'/><Cell N='NoSnap' V='0'/><Cell N='NoQuickDrag' V='0'/><Row T='Ellipse' IX='1'><Cell N='X' V='0.4281501625188444' F='Width*0.85609630291799'/><Cell N='Y' V='0.2611304035616592' F='Height*0.71159073309449'/><Cell N='A' V='0.4648845557369479' U='DL' F='Width*0.92954758468077'/><Cell N='B' V='0.2611304035616592' U='DL' F='Height*0.71159073309449'/><Cell N='C' V='0.4281501625188444' U='DL' F='Width*0.85609630291799'/><Cell N='D' V='0.2978647967797626' U='DL' F='Height*0.81169341529205'/></Row></Section></Shape><Shape ID='10' Type='Shape' LineStyle='3' FillStyle='3' TextStyle='3'><Cell N='PinX' V='0.283612855559662' F='Sheet.5!Width*0.28361285555966'/><Cell N='PinY' V='0.7118984730944463' F='Sheet.5!Height*0.71189847309445'/><Cell N='Width' V='0.138293313631326' F='Sheet.5!Width*0.13829331363133'/><Cell N='Height' V='0.06735131141485025' F='Sheet.5!Height*0.06735131141485'/><Cell N='LocPinX' V='0.06914665681566298' F='Width*0.5'/><Cell N='LocPinY' V='0.03367565570742512' F='Height*0.5'/><Cell N='Angle' V='0'/><Cell N='FlipX' V='0'/><Cell N='FlipY' V='0'/><Cell N='ResizeMode' V='0'/><Cell N='FillForegnd' V='#742d27' F='SHADE(THEMEVAL(QuickStyleFillColor),50)'/><Cell N='ShapeShdwShow' V='1'/><Cell N='Rounding' V='0'/><Cell N='FillGradientEnabled' V='0'/><Cell N='QuickStyleFillColor' V='100' F='GUARD(IF(THEMEPROP("MultiFormat"),101,Sheet.5!QuickStyleFillColor))'/><Cell N='ReflectionSize' V='0' F='GUARD(0)'/><Cell N='SoftEdgesSize' V='0' F='GUARD(0)'/><Cell N='BevelTopType' V='0' F='GUARD(0)'/><Cell N='BevelBottomType' V='0' F='GUARD(0)'/><Cell N='Copyright' V='Copyright (c) 2012 Microsoft Corporation.  All rights reserved.'/><Section N='Geometry' IX='0'><Cell N='NoFill' V='0'/><Cell N='NoLine' V='0'/><Cell N='NoShow' V='0'/><Cell N='NoSnap' V='0'/><Cell N='NoQuickDrag' V='0'/><Row T='RelMoveTo' IX='1'><Cell N='X' V='0.05390533176621448'/><Cell N='Y' V='0'/></Row><Row T='RelLineTo' IX='2'><Cell N='X' V='0.94604124372262'/><Cell N='Y' V='0'/></Row><Row T='RelCubBezTo' IX='3'><Cell N='X' V='1'/><Cell N='Y' V='0.4998903027643702'/><Cell N='A' V='0.94604124372262'/><Cell N='B' V='0'/><Cell N='C' V='1'/><Cell N='D' V='0.2787406757349721'/></Row><Row T='RelCubBezTo' IX='4'><Cell N='X' V='0.94604124372262'/><Cell N='Y' V='1'/><Cell N='A' V='1'/><Cell N='B' V='0.7212593242650278'/><Cell N='C' V='0.94604124372262'/><Cell N='D' V='1'/></Row><Row T='RelLineTo' IX='5'><Cell N='X' V='0.05390533176621448'/><Cell N='Y' V='1'/></Row><Row T='RelCubBezTo' IX='6'><Cell N='X' V='0'/><Cell N='Y' V='0.4998903027643702'/><Cell N='A' V='0.05390533176621448'/><Cell N='B' V='1'/><Cell N='C' V='0'/><Cell N='D' V='0.9127906976744183'/></Row><Row T='RelCubBezTo' IX='7'><Cell N='X' V='0.05390533176621448'/><Cell N='Y' V='0'/><Cell N='A' V='0'/><Cell N='B' V='0.286090390522158'/><Cell N='C' V='0.05390533176621448'/><Cell N='D' V='0'/></Row></Section></Shape><Shape ID='11' Type='Shape' LineStyle='3' FillStyle='3' TextStyle='3'><Cell N='PinX' V='0.2826967122275594' F='Sheet.5!Width*0.28269671222756'/><Cell N='PinY' V='0.711894778968108' F='Sheet.5!Height*0.71189477896811'/><Cell N='Width' V='0.04685629848540796' F='Sheet.5!Width*0.046856298485408'/><Cell N='Height' V='0.04684891023273038' F='Sheet.5!Height*0.04684891023273'/><Cell N='LocPinX' V='0.02342814924270398' F='Width*0.5'/><Cell N='LocPinY' V='0.02342445511636519' F='Height*0.5'/><Cell N='Angle' V='0'/><Cell N='FlipX' V='0'/><Cell N='FlipY' V='0'/><Cell N='ResizeMode' V='0'/><Cell N='Rounding' V='0'/><Cell N='ShapeShdwShow' V='1'/><Cell N='FillGradientEnabled' V='0'/><Cell N='QuickStyleLineColor' V='100' F='GUARD(IF(THEMEPROP("MultiFormat"),101,Sheet.5!QuickStyleLineColor))'/><Cell N='QuickStyleFillColor' V='100' F='GUARD(IF(THEMEPROP("MultiFormat"),101,Sheet.5!QuickStyleFillColor))'/><Cell N='QuickStyleShadowColor' V='101'/><Cell N='QuickStyleFontColor' V='101'/><Cell N='ReflectionSize' V='0' F='GUARD(0)'/><Cell N='Copyright' V='Copyright (c) 2012 Microsoft Corporation.  All rights reserved.'/><Section N='Geometry' IX='0'><Cell N='NoFill' V='0'/><Cell N='NoLine' V='0'/><Cell N='NoShow' V='0'/><Cell N='NoSnap' V='0'/><Cell N='NoQuickDrag' V='0'/><Row T='RelMoveTo' IX='1'><Cell N='X' V='0.4998423210343743'/><Cell N='Y' V='0'/></Row><Row T='RelCubBezTo' IX='2'><Cell N='X' V='0'/><Cell N='Y' V='0.5002365557483058'/><Cell N='A' V='0.2242194891201515'/><Cell N='B' V='0'/><Cell N='C' V='0'/><Cell N='D' V='0.2244125532250447'/></Row><Row T='RelCubBezTo' IX='3'><Cell N='X' V='0.4998423210343743'/><Cell N='Y' V='1'/><Cell N='A' V='0'/><Cell N='B' V='0.7759028544393652'/><Cell N='C' V='0.2242194891201506'/><Cell N='D' V='1'/></Row><Row T='RelCubBezTo' IX='4'><Cell N='X' V='1'/><Cell N='Y' V='0.5002365557483058'/><Cell N='A' V='0.7756228319142232'/><Cell N='B' V='1'/><Cell N='C' V='1'/><Cell N='D' V='0.7757451506071603'/></Row><Row T='RelCubBezTo' IX='5'><Cell N='X' V='0.4998423210343743'/><Cell N='Y' V='0'/><Cell N='A' V='1'/><Cell N='B' V='0.2242548493928397'/><Cell N='C' V='0.7756228319142232'/><Cell N='D' V='0'/></Row></Section><Section N='Geometry' IX='1'><Cell N='NoFill' V='0'/><Cell N='NoLine' V='0'/><Cell N='NoShow' V='0'/><Cell N='NoSnap' V='0'/><Cell N='NoQuickDrag' V='0'/><Row T='RelMoveTo' IX='1'><Cell N='X' V='0.4998423210343743'/><Cell N='Y' V='0.8918151711086579'/></Row><Row T='RelCubBezTo' IX='2'><Cell N='X' V='0.1084831283506783'/><Cell N='Y' V='0.5002365557483058'/><Cell N='A' V='0.2839798170924002'/><Cell N='B' V='0.8918151711086579'/><Cell N='C' V='0.1084831283506783'/><Cell N='D' V='0.7161331020343783'/></Row><Row T='RelCubBezTo' IX='3'><Cell N='X' V='0.4998423210343743'/><Cell N='Y' V='0.1081848288913387'/><Cell N='A' V='0.1084831283506783'/><Cell N='B' V='0.2840246017978233'/><Cell N='C' V='0.2839798170924002'/><Cell N='D' V='0.1081848288913387'/></Row><Row T='RelCubBezTo' IX='4'><Cell N='X' V='0.8915168716493226'/><Cell N='Y' V='0.5002365557483058'/><Cell N='A' V='0.7158625039419737'/><Cell N='B' V='0.1081848288913387'/><Cell N='C' V='0.8915168716493226'/><Cell N='D' V='0.2840246017978233'/></Row><Row T='RelCubBezTo' IX='5'><Cell N='X' V='0.4998423210343743'/><Cell N='Y' V='0.8918151711086579'/><Cell N='A' V='0.8915168716493226'/><Cell N='B' V='0.7161331020343783'/><Cell N='C' V='0.7158625039419737'/><Cell N='D' V='0.8918151711086579'/></Row></Section><Section N='Geometry' IX='2'><Cell N='NoFill' V='0'/><Cell N='NoLine' V='0'/><Cell N='NoShow' V='0'/><Cell N='NoSnap' V='0'/><Cell N='NoQuickDrag' V='0'/><Row T='Ellipse' IX='1'><Cell N='X' V='0.02725894869248075' F='Width*0.58175633956596'/><Cell N='Y' V='0.02698371557580463' F='Height*0.57597317508045'/><Cell N='A' V='0.02910707283112166' U='DL' F='Width*0.6211987240133'/><Cell N='B' V='0.02566884375060811' U='DL' F='Height*0.54790695499839'/><Cell N='C' V='0.02811125976275833' U='DL' F='Width*0.59994623287439'/><Cell N='D' V='0.02818168531888245' U='DL' F='Height*0.60154409523903'/></Row></Section></Shape></Shapes></Shape></Shapes></MasterContents>