<?xml version='1.0' encoding='utf-8' ?>
<MasterContents xmlns='http://schemas.microsoft.com/office/visio/2012/main' xmlns:r='http://schemas.openxmlformats.org/officeDocument/2006/relationships' xml:space='preserve'><Shapes><Shape ID='5' NameU='Dynamic connector.1260' IsCustomNameU='1' Name='Dynamic connector.1260' IsCustomName='1' Type='Shape' LineStyle='7' FillStyle='7' TextStyle='7' UniqueID='{CC263070-3958-4C7F-87BA-3F52081397D5}'><Cell N='PinX' V='17.62499995157123' F='GUARD((BeginX+EndX)/2)'/><Cell N='PinY' V='0.5' F='GUARD((BeginY+EndY)/2)'/><Cell N='Width' V='3.249999903142456' F='GUARD(EndX-BeginX)'/><Cell N='Height' V='0.25' F='GUARD(0.25DL)'/><Cell N='LocPinX' V='1.624999951571228' F='GUARD(Width*0.5)'/><Cell N='LocPinY' V='0.125' F='GUARD(Height*0.5)'/><Cell N='Angle' V='0' F='GUARD(0DA)'/><Cell N='FlipX' V='0' F='GUARD(FALSE)'/><Cell N='FlipY' V='0' F='GUARD(FALSE)'/><Cell N='ResizeMode' V='0'/><Cell N='BeginX' V='16'/><Cell N='BeginY' V='0.5'/><Cell N='EndX' V='19.24999990314246'/><Cell N='EndY' V='0.5'/><Cell N='LayerMember' V='0'/><Cell N='NoAlignBox' V='1'/><Cell N='DynFeedback' V='2'/><Cell N='GlueType' V='2'/><Cell N='BegTrigger' V='1' F='_XFTRIGGER(EventXFMod)'/><Cell N='EndTrigger' V='1' F='_XFTRIGGER(EventXFMod)'/><Cell N='ObjType' V='2'/><Cell N='NoLiveDynamics' V='1'/><Cell N='ShapeRouteStyle' V='16'/><Cell N='ConLineRouteExt' V='1'/><Cell N='ShapeSplittable' V='1'/><Cell N='TxtPinX' V='1.625' F='SETATREF(Controls.TextPosition)'/><Cell N='TxtPinY' V='0.09553721745056' F='SETATREF(Controls.TextPosition.Y)'/><Cell N='TxtWidth' V='1.578095316212674' F='MAX(TEXTWIDTH(TheText),5*Char.Size)'/><Cell N='TxtHeight' V='0.2778282864040799' F='TEXTHEIGHT(TheText,TxtWidth)'/><Cell N='TxtLocPinX' V='0.7890476581063369' F='TxtWidth*0.5'/><Cell N='TxtLocPinY' V='0.2778282864040799' F='TxtHeight'/><Cell N='TxtAngle' V='0' F='ANGLEALONGPATH(Geometry1.Path,1)'/><Cell N='LineWeight' V='0.04166666666666666'/><Cell N='LineColor' V='#000000' F='THEMEGUARD(RGB(0,0,0))'/><Cell N='Rounding' V='0.04166666666666666' U='PT'/><Cell N='EndArrowSize' V='1'/><Cell N='BeginArrow' V='10'/><Cell N='EndArrow' V='10'/><Cell N='BeginArrowSize' V='1'/><Cell N='LineColorTrans' V='0'/><Cell N='CompoundType' V='0'/><Cell N='ReflectionTrans' V='0'/><Cell N='ReflectionSize' V='0'/><Cell N='ReflectionDist' V='0'/><Cell N='ReflectionBlur' V='0'/><Cell N='GlowColor' V='#ffff00' F='THEMEGUARD(RGB(255,255,0))'/><Cell N='GlowColorTrans' V='0.8'/><Cell N='GlowSize' V='0.04166666666666666' U='PT'/><Cell N='SoftEdgesSize' V='0' U='PT'/><Cell N='ShdwForegnd' V='#000000' F='THEMEGUARD(RGB(0,0,0))'/><Cell N='ShdwPattern' V='0'/><Cell N='ShdwForegndTrans' V='0'/><Cell N='ShapeShdwType' V='1'/><Cell N='ShapeShdwOffsetX' V='0'/><Cell N='ShapeShdwOffsetY' V='0'/><Cell N='ShapeShdwObliqueAngle' V='-3.141592653589793' U='DEG'/><Cell N='ShapeShdwScaleFactor' V='0'/><Cell N='ShapeShdwBlur' V='0'/><Cell N='ShapeShdwShow' V='2'/><Cell N='ColorSchemeIndex' V='50'/><Cell N='EffectSchemeIndex' V='47'/><Cell N='ConnectorSchemeIndex' V='50'/><Cell N='FontSchemeIndex' V='47'/><Cell N='ThemeIndex' V='47'/><Cell N='LockHeight' V='1'/><Cell N='LockCalcWH' V='1'/><Cell N='HelpTopic' V='Vis_SE.chm!#20000'/><Cell N='Copyright' V='Copyright 2001 Microsoft Corporation.  All rights reserved.'/><Cell N='LineGradientEnabled' V='0'/><Section N='Control'><Row N='TextPosition'><Cell N='X' V='1.625'/><Cell N='Y' V='0.09553721745056'/><Cell N='XDyn' V='1.625' F='Controls.TextPosition'/><Cell N='YDyn' V='0.09553721745056' F='Controls.TextPosition.Y'/><Cell N='XCon' V='0' F='IF(OR(STRSAME(SHAPETEXT(TheText),""),HideText),5,0)'/><Cell N='YCon' V='0'/><Cell N='CanGlue' V='0'/><Cell N='Prompt' V='Reposition Text'/></Row></Section><Section N='Character'><Row IX='0'><Cell N='Color' V='#7030a0' F='THEMEGUARD(RGB(112,48,160))'/><Cell N='Size' V='0.1388888888888889' U='PT'/></Row><Row IX='1'><Cell N='Font' V='Calibri' F='THEMEVAL("LatinFont",4)'/><Cell N='Color' V='#000000' F='THEMEGUARD(RGB(0,0,0))'/><Cell N='Style' V='Themed' F='THEMEVAL()'/><Cell N='Case' V='0'/><Cell N='Pos' V='0'/><Cell N='FontScale' V='1'/><Cell N='Size' V='0.1388888888888889' U='PT'/><Cell N='DblUnderline' V='0'/><Cell N='Overline' V='0'/><Cell N='Strikethru' V='0'/><Cell N='DoubleStrikethrough' V='0'/><Cell N='Letterspace' V='0'/><Cell N='ColorTrans' V='0'/><Cell N='AsianFont' V='Themed' F='THEMEVAL()'/><Cell N='ComplexScriptFont' V='Themed' F='THEMEVAL()'/><Cell N='ComplexScriptSize' V='-1'/><Cell N='LangID' V='en-US'/></Row><Row IX='2'><Cell N='Font' V='Calibri' F='THEMEVAL("LatinFont",4)'/><Cell N='Color' V='#ff0000' F='THEMEGUARD(RGB(255,0,0))'/><Cell N='Style' V='Themed' F='THEMEVAL()'/><Cell N='Case' V='0'/><Cell N='Pos' V='0'/><Cell N='FontScale' V='1'/><Cell N='Size' V='0.1388888888888889' U='PT'/><Cell N='DblUnderline' V='0'/><Cell N='Overline' V='0'/><Cell N='Strikethru' V='0'/><Cell N='DoubleStrikethrough' V='0'/><Cell N='Letterspace' V='0'/><Cell N='ColorTrans' V='0'/><Cell N='AsianFont' V='Themed' F='THEMEVAL()'/><Cell N='ComplexScriptFont' V='Themed' F='THEMEVAL()'/><Cell N='ComplexScriptSize' V='-1'/><Cell N='LangID' V='en-US'/></Row></Section><Section N='Geometry' IX='0'><Cell N='NoFill' V='1'/><Cell N='NoLine' V='0'/><Cell N='NoShow' V='0'/><Cell N='NoSnap' V='0'/><Cell N='NoQuickDrag' V='0' F='No Formula'/><Row T='MoveTo' IX='1'><Cell N='X' V='0'/><Cell N='Y' V='0.125'/></Row><Row T='LineTo' IX='2'><Cell N='X' V='3.249999903142452'/><Cell N='Y' V='0.125'/></Row></Section><Text><cp IX='0'/>OUTSIDE: <cp IX='1'/>159.121.X.X<cp IX='2'/>/24
</Text></Shape></Shapes></MasterContents>