<?xml version='1.0' encoding='utf-8' ?>
<Windows ClientWidth='2560' ClientHeight='1162' xmlns='http://schemas.microsoft.com/office/visio/2012/main' xmlns:r='http://schemas.openxmlformats.org/officeDocument/2006/relationships' xml:space='preserve'><Window ID='0' WindowType='Drawing' WindowState='1073741824' WindowLeft='-9' WindowTop='-38' WindowWidth='2578' WindowHeight='1209' ContainerType='Page' Page='22' ViewScale='0.5' ViewCenterX='26.816666666667' ViewCenterY='22.658333333333'><ShowRulers>0</ShowRulers><ShowGrid>0</ShowGrid><ShowPageBreaks>0</ShowPageBreaks><ShowGuides>0</ShowGuides><ShowConnectionPoints>1</ShowConnectionPoints><GlueSettings>40</GlueSettings><SnapSettings>66611</SnapSettings><SnapExtensions>58</SnapExtensions><SnapAngles/><DynamicGridEnabled>0</DynamicGridEnabled><TabSplitterPos>0.5</TabSplitterPos></Window><Window ID='1' WindowType='Stencil' WindowState='1025' WindowLeft='0' WindowTop='-10' WindowWidth='370' WindowHeight='922' Document='C:\Program Files\Microsoft Office\Root\Office16\visio content\1033\WRKFLO_U.vssx' ParentWindow='0'><StencilGroup>10</StencilGroup><StencilGroupPos>1</StencilGroupPos></Window><Window ID='2' WindowType='Stencil' WindowState='1025' WindowLeft='0' WindowTop='-10' WindowWidth='370' WindowHeight='922' Document='C:\Program Files\Microsoft Office\Root\Office16\visio content\1033\BASFLO_U.vssx' ParentWindow='0'><StencilGroup>10</StencilGroup><StencilGroupPos>2</StencilGroupPos></Window><Window ID='3' WindowType='Stencil' WindowState='1025' WindowLeft='0' WindowTop='-10' WindowWidth='370' WindowHeight='922' Document='C:\Program Files\Microsoft Office\Root\Office16\visio content\1033\BASIC_U.vssx' ParentWindow='0'><StencilGroup>10</StencilGroup><StencilGroupPos>3</StencilGroupPos></Window><Window ID='4' WindowType='Stencil' WindowState='1025' WindowLeft='0' WindowTop='-10' WindowWidth='370' WindowHeight='922' Document='C:\Program Files\Microsoft Office\Root\Office16\visio content\1033\NETLOC_U.vssx' ParentWindow='0'><StencilGroup>10</StencilGroup><StencilGroupPos>4</StencilGroupPos></Window><Window ID='5' WindowType='Stencil' WindowState='1025' WindowLeft='0' WindowTop='-10' WindowWidth='370' WindowHeight='922' Document='C:\Program Files\Microsoft Office\Root\Office16\visio content\1033\PERIPH_U.vssx' ParentWindow='0'><StencilGroup>10</StencilGroup><StencilGroupPos>5</StencilGroupPos></Window><Window ID='6' WindowType='Stencil' WindowState='1025' WindowLeft='0' WindowTop='-10' WindowWidth='370' WindowHeight='922' Document='C:\Program Files\Microsoft Office\Root\Office16\visio content\1033\NETSYM_U.vssx' ParentWindow='0'><StencilGroup>10</StencilGroup><StencilGroupPos>6</StencilGroupPos></Window><Window ID='7' WindowType='Stencil' WindowState='1025' WindowLeft='0' WindowTop='-10' WindowWidth='370' WindowHeight='922' Document='C:\Program Files\Microsoft Office\Root\Office16\visio content\1033\DTLNET_U.vssx' ParentWindow='0'><StencilGroup>10</StencilGroup><StencilGroupPos>7</StencilGroupPos></Window><Window ID='8' WindowType='Stencil' WindowState='1025' WindowLeft='0' WindowTop='-10' WindowWidth='370' WindowHeight='922' Document='C:\Program Files\Microsoft Office\Root\Office16\visio content\1033\NETSME_U.vssx' ParentWindow='0'><StencilGroup>10</StencilGroup><StencilGroupPos>8</StencilGroupPos></Window><Window ID='9' WindowType='Stencil' WindowState='1025' WindowLeft='0' WindowTop='-10' WindowWidth='370' WindowHeight='922' ParentWindow='0'><StencilGroup>10</StencilGroup><StencilGroupPos>9</StencilGroupPos></Window><Window ID='10' WindowType='Stencil' WindowState='1025' WindowLeft='0' WindowTop='-10' WindowWidth='370' WindowHeight='922' Document='C:\Program Files\Microsoft Office\Root\Office16\visio content\1033\AZURENETWORKING_U.vssx' ParentWindow='0'><StencilGroup>10</StencilGroup><StencilGroupPos>10</StencilGroupPos></Window><Window ID='11' WindowType='Stencil' WindowState='1025' WindowLeft='0' WindowTop='-10' WindowWidth='370' WindowHeight='922' Document='C:\Program Files\Microsoft Office\Root\Office16\visio content\1033\AWSGEN_U.vssx' ParentWindow='0'><StencilGroup>10</StencilGroup><StencilGroupPos>11</StencilGroupPos></Window><Window ID='12' WindowType='Stencil' WindowState='1025' WindowLeft='0' WindowTop='-10' WindowWidth='370' WindowHeight='922' Document='C:\Program Files\Microsoft Office\Root\Office16\visio content\1033\AWSNETCONTENTDELIVERY_U.vssx' ParentWindow='0'><StencilGroup>10</StencilGroup><StencilGroupPos>12</StencilGroupPos></Window><Window ID='13' WindowType='Stencil' WindowState='67109889' WindowLeft='0' WindowTop='-10' WindowWidth='370' WindowHeight='922' Document='U:\Systems\Drawings - New Standard\_STENCILS\EIS_CSS_Network_Logical.vssx' ParentWindow='0'><StencilGroup>10</StencilGroup><StencilGroupPos>13</StencilGroupPos></Window></Windows>