<?xml version='1.0' encoding='utf-8' ?>
<Pages xmlns='http://schemas.microsoft.com/office/visio/2012/main' xmlns:r='http://schemas.openxmlformats.org/officeDocument/2006/relationships' xml:space='preserve'><Page ID='0' NameU='Page-1' Name='Page-1' ViewScale='-1' ViewCenterX='5.481132124785' ViewCenterY='4.2452830570624'><PageSheet LineStyle='0' FillStyle='0' TextStyle='0'><Cell N='PageWidth' V='21.5'/><Cell N='PageHeight' V='8.5'/><Cell N='ShdwOffsetX' V='0.125'/><Cell N='ShdwOffsetY' V='-0.125'/><Cell N='PageScale' V='1' U='IN_F'/><Cell N='DrawingScale' V='1' U='IN_F'/><Cell N='DrawingSizeType' V='0'/><Cell N='DrawingScaleType' V='0'/><Cell N='InhibitSnap' V='0'/><Cell N='PageLockReplace' V='0' U='BOOL'/><Cell N='PageLockDuplicate' V='0' U='BOOL'/><Cell N='UIVisibility' V='0'/><Cell N='ShdwType' V='0'/><Cell N='ShdwObliqueAngle' V='0'/><Cell N='ShdwScaleFactor' V='1'/><Cell N='DrawingResizeType' V='1'/><Cell N='PageShapeSplit' V='1'/><Cell N='ColorSchemeIndex' V='37'/><Cell N='EffectSchemeIndex' V='37'/><Cell N='ConnectorSchemeIndex' V='37'/><Cell N='FontSchemeIndex' V='37'/><Cell N='ThemeIndex' V='37'/><Cell N='PrintPageOrientation' V='2'/><Cell N='XRulerOrigin' V='10.5'/><Cell N='XGridOrigin' V='10.5'/><Section N='User'><Row N='msvThemeOrder'><Cell N='Value' V='0'/><Cell N='Prompt' V='' F='No Formula'/></Row></Section><Section N='Layer'><Row IX='0'><Cell N='Name' V='Connector'/><Cell N='Color' V='255'/><Cell N='Status' V='0'/><Cell N='Visible' V='1'/><Cell N='Print' V='1'/><Cell N='Active' V='0'/><Cell N='Lock' V='0'/><Cell N='Snap' V='1'/><Cell N='Glue' V='1'/><Cell N='NameUniv' V='Connector'/><Cell N='ColorTrans' V='0'/></Row></Section></PageSheet><Rel r:id='rId1'/></Page></Pages>