<?xml version='1.0' encoding='utf-8' ?>
<PageContents xmlns='http://schemas.microsoft.com/office/visio/2012/main' xmlns:r='http://schemas.openxmlformats.org/officeDocument/2006/relationships' xml:space='preserve'><Shapes><Shape ID='1' Type='Shape' Master='2'><Cell N='PinX' V='10.33325'/><Cell N='PinY' V='5.70965'/><Cell N='Width' V='0.8245'/><Cell N='Height' V='0.8245'/><Cell N='LocPinX' V='0.41225' F='Inh'/><Cell N='LocPinY' V='0.41225' F='Inh'/><Cell N='LineWeight' V='0.01041666666666667' U='PT' F='Inh'/><Cell N='TxtPinX' V='0.41225' F='Inh'/><Cell N='TxtPinY' V='0.41225' F='Inh'/><Cell N='TxtWidth' V='0.7214375' F='Inh'/><Cell N='TxtHeight' V='0.618375' F='Inh'/><Cell N='TxtLocPinX' V='0.36071875' F='Inh'/><Cell N='TxtLocPinY' V='0.3091875' F='Inh'/><Cell N='ObjType' V='1'/><Section N='Connection'><Row T='Connection' IX='0'><Cell N='X' V='0.41225' F='Inh'/><Cell N='Y' V='0.8245' F='Inh'/></Row><Row T='Connection' IX='1'><Cell N='X' V='0.41225' F='Inh'/><Cell N='Y' V='0.41225' F='Inh'/></Row><Row T='Connection' IX='2'><Cell N='X' V='0' F='Inh'/><Cell N='Y' V='0.41225' F='Inh'/></Row><Row T='Connection' IX='3'><Cell N='X' V='0.41225' F='Inh'/><Cell N='Y' V='0' F='Inh'/></Row><Row T='Connection' IX='4'><Cell N='X' V='0.8245' F='Inh'/><Cell N='Y' V='0.41225' F='Inh'/></Row><Row T='Connection' IX='5'><Cell N='X' V='0.1207068' F='Inh'/><Cell N='Y' V='0.1207068' F='Inh'/></Row><Row T='Connection' IX='6'><Cell N='X' V='0.7037932' F='Inh'/><Cell N='Y' V='0.1207068' F='Inh'/></Row><Row T='Connection' IX='7'><Cell N='X' V='0.7037932' F='Inh'/><Cell N='Y' V='0.7037932' F='Inh'/></Row><Row T='Connection' IX='8'><Cell N='X' V='0.1207068' F='Inh'/><Cell N='Y' V='0.7037932' F='Inh'/></Row></Section><Section N='Character'><Row IX='0'><Cell N='Font' V='Calibri'/><Cell N='Style' V='0'/></Row></Section><Section N='Geometry' IX='0'><Row T='MoveTo' IX='1'><Cell N='X' V='0' F='Inh'/><Cell N='Y' V='0.41225' F='Inh'/></Row><Row T='EllipticalArcTo' IX='2'><Cell N='X' V='0.8245' F='Inh'/><Cell N='Y' V='0.41225' F='Inh'/><Cell N='A' V='0.41225' U='DL' F='Inh'/><Cell N='B' V='0.8245' U='DL' F='Inh'/></Row><Row T='EllipticalArcTo' IX='3'><Cell N='X' V='0' F='Inh'/><Cell N='Y' V='0.41225' F='Inh'/><Cell N='A' V='0.41225' U='DL' F='Inh'/><Cell N='B' V='0' U='DL' F='Inh'/></Row></Section><Text><cp IX='0'/><pp IX='0'/>circle
</Text></Shape><Shape ID='2' Type='Shape' Master='5'><Cell N='PinX' V='13.2082'/><Cell N='PinY' V='5.7097'/><Cell N='LineWeight' V='0.01041666666666667' U='PT' F='Inh'/><Cell N='ObjType' V='1'/><Section N='Character'><Row IX='0'><Cell N='Font' V='Calibri'/><Cell N='Style' V='0'/></Row></Section><Text><cp IX='0'/><pp IX='0'/>Diamond
</Text></Shape><Shape ID='4' Type='Shape' Master='8'><Cell N='PinX' V='13.2082' F='Inh'/><Cell N='PinY' V='6.3972' F='Inh'/><Cell N='Width' V='0.25' F='GUARD(0.25DL)'/><Cell N='Height' V='0.3750000000000009' F='GUARD(EndY-BeginY)'/><Cell N='LocPinX' V='0.125' F='Inh'/><Cell N='LocPinY' V='0.1875' F='Inh'/><Cell N='BeginX' V='13.2082' F='_WALKGLUE(BegTrigger,EndTrigger,WalkPreference)'/><Cell N='BeginY' V='6.2097' F='_WALKGLUE(BegTrigger,EndTrigger,WalkPreference)'/><Cell N='EndX' V='13.2082' F='_WALKGLUE(EndTrigger,BegTrigger,WalkPreference)'/><Cell N='EndY' V='6.5847' F='_WALKGLUE(EndTrigger,BegTrigger,WalkPreference)'/><Cell N='LayerMember' V='0'/><Cell N='BegTrigger' V='2' F='_XFTRIGGER(Sheet.2!EventXFMod)'/><Cell N='EndTrigger' V='2' F='_XFTRIGGER(Sheet.3!EventXFMod)'/><Cell N='ConFixedCode' V='6'/><Cell N='TxtPinX' V='0.125' F='Inh'/><Cell N='TxtPinY' V='0.1875' F='Inh'/><Section N='Control'><Row N='TextPosition'><Cell N='X' V='0.125'/><Cell N='Y' V='0.1875'/><Cell N='XDyn' V='0.125' F='Inh'/><Cell N='YDyn' V='0.1875' F='Inh'/></Row></Section><Section N='Geometry' IX='0'><Row T='MoveTo' IX='1'><Cell N='X' V='0.125'/></Row><Row T='LineTo' IX='2'><Cell N='X' V='0.125'/><Cell N='Y' V='0.3750000000000009'/></Row><Row T='LineTo' IX='3' Del='1'/></Section></Shape><Shape ID='3' Type='Shape' Master='7'><Cell N='PinX' V='13.2082'/><Cell N='PinY' V='7.3347'/><Cell N='LineWeight' V='0.01041666666666667' U='PT' F='Inh'/><Cell N='ObjType' V='1'/><Section N='Character'><Row IX='0'><Cell N='Font' V='Calibri'/><Cell N='Style' V='0'/></Row></Section><Text><cp IX='0'/><pp IX='0'/>Square
</Text></Shape><Shape ID='6' Type='Shape' Master='8'><Cell N='PinX' V='13.2082' F='Inh'/><Cell N='PinY' V='5.0222' F='Inh'/><Cell N='Width' V='0.25' F='GUARD(0.25DL)'/><Cell N='Height' V='-0.375' F='GUARD(EndY-BeginY)'/><Cell N='LocPinX' V='0.125' F='Inh'/><Cell N='LocPinY' V='-0.1875' F='Inh'/><Cell N='BeginX' V='13.2082' F='_WALKGLUE(BegTrigger,EndTrigger,WalkPreference)'/><Cell N='BeginY' V='5.2097' F='_WALKGLUE(BegTrigger,EndTrigger,WalkPreference)'/><Cell N='EndX' V='13.2082' F='_WALKGLUE(EndTrigger,BegTrigger,WalkPreference)'/><Cell N='EndY' V='4.8347' F='_WALKGLUE(EndTrigger,BegTrigger,WalkPreference)'/><Cell N='LayerMember' V='0'/><Cell N='BegTrigger' V='2' F='_XFTRIGGER(Sheet.2!EventXFMod)'/><Cell N='EndTrigger' V='2' F='_XFTRIGGER(Sheet.5!EventXFMod)'/><Cell N='ConFixedCode' V='6'/><Cell N='TxtPinX' V='0.125' F='Inh'/><Cell N='TxtPinY' V='-0.1875' F='Inh'/><Section N='Control'><Row N='TextPosition'><Cell N='X' V='0.125'/><Cell N='Y' V='-0.1875'/><Cell N='XDyn' V='0.125' F='Inh'/><Cell N='YDyn' V='-0.1875' F='Inh'/></Row></Section><Section N='Geometry' IX='0'><Row T='MoveTo' IX='1'><Cell N='X' V='0.125'/></Row><Row T='LineTo' IX='2'><Cell N='X' V='0.125'/><Cell N='Y' V='-0.375'/></Row><Row T='LineTo' IX='3' Del='1'/></Section></Shape><Shape ID='5' Type='Shape' Master='11'><Cell N='PinX' V='13.2082'/><Cell N='PinY' V='4.3347'/><Cell N='LineWeight' V='0.01041666666666667' U='PT' F='Inh'/><Cell N='ObjType' V='1'/><Section N='Character'><Row IX='0'><Cell N='Font' V='Calibri'/><Cell N='Style' V='0'/></Row></Section><Text><cp IX='0'/><pp IX='0'/>Rectangle
</Text></Shape><Shape ID='7' Type='Shape' Master='13'><Cell N='PinX' V='16.7809'/><Cell N='PinY' V='5.8132'/><Cell N='LineWeight' V='0.01041666666666667' U='PT' F='Inh'/><Cell N='ObjType' V='1'/><Section N='Character'><Row IX='0'><Cell N='Font' V='Calibri'/><Cell N='Style' V='0'/></Row></Section><Text><cp IX='0'/><pp IX='0'/>Hexagon
</Text></Shape><Shape ID='8' Type='Shape' Master='8'><Cell N='PinX' V='14.9365373' U='IN' F='Inh'/><Cell N='PinY' V='5.76145' U='IN' F='Inh'/><Cell N='Width' V='1.956674599999992' U='IN' F='GUARD(EndX-BeginX)'/><Cell N='Height' V='0.25' F='GUARD(0.25DL)'/><Cell N='LocPinX' V='0.9783372999999962' U='IN' F='Inh'/><Cell N='LocPinY' V='0.125' F='Inh'/><Cell N='BeginX' V='13.9582' F='_WALKGLUE(BegTrigger,EndTrigger,WalkPreference)'/><Cell N='BeginY' V='5.7097' F='_WALKGLUE(BegTrigger,EndTrigger,WalkPreference)'/><Cell N='EndX' V='15.9148746' U='IN' F='PAR(PNT(Sheet.7!Connections.X5,Sheet.7!Connections.Y5))'/><Cell N='EndY' V='5.8132' U='IN' F='PAR(PNT(Sheet.7!Connections.X5,Sheet.7!Connections.Y5))'/><Cell N='LayerMember' V='0'/><Cell N='BegTrigger' V='2' F='_XFTRIGGER(Sheet.2!EventXFMod)'/><Cell N='EndTrigger' V='2' F='_XFTRIGGER(Sheet.7!EventXFMod)'/><Cell N='ShapeRouteStyle' V='1'/><Cell N='ConLineRouteExt' V='1'/><Cell N='TxtPinX' V='0.9265872999999959' F='Inh'/><Cell N='TxtPinY' V='0.17675' F='Inh'/><Section N='Control'><Row N='TextPosition'><Cell N='X' V='0.9265872999999959'/><Cell N='Y' V='0.17675'/><Cell N='XDyn' V='0.9265872999999959' F='Inh'/><Cell N='YDyn' V='0.17675' F='Inh'/></Row></Section><Section N='Geometry' IX='0'><Row T='MoveTo' IX='1'><Cell N='Y' V='0.07324999999999982'/></Row><Row T='LineTo' IX='2'><Cell N='X' V='0.1875'/><Cell N='Y' V='0.07324999999999982'/></Row><Row T='LineTo' IX='3'><Cell N='X' V='0.1875'/><Cell N='Y' V='0.17675'/></Row><Row T='LineTo' IX='4'><Cell N='X' V='1.956674599999992'/><Cell N='Y' V='0.17675'/></Row></Section></Shape><Shape ID='9' Type='Shape' Master='8'><Cell N='PinX' V='16.99905635' U='IN' F='Inh'/><Cell N='PinY' V='4.12155' U='IN' F='Inh'/><Cell N='Width' V='-0.4297126999999961' U='IN' F='GUARD(EndX-BeginX)'/><Cell N='Height' V='-1.8833' U='IN' F='GUARD(EndY-BeginY)'/><Cell N='LocPinX' V='-0.214856349999998' U='IN' F='Inh'/><Cell N='LocPinY' V='-0.94165' U='IN' F='Inh'/><Cell N='BeginX' V='17.2139127' U='IN' F='PAR(PNT(Sheet.7!Connections.X3,Sheet.7!Connections.Y3))'/><Cell N='BeginY' V='5.0632' U='IN' F='PAR(PNT(Sheet.7!Connections.X3,Sheet.7!Connections.Y3))'/><Cell N='EndX' V='16.7842' U='IN' F='PAR(PNT(Sheet.10!Connections.X5,Sheet.10!Connections.Y5))'/><Cell N='EndY' V='3.1799' U='IN' F='PAR(PNT(Sheet.10!Connections.X5,Sheet.10!Connections.Y5))'/><Cell N='LayerMember' V='0'/><Cell N='BegTrigger' V='2' F='_XFTRIGGER(Sheet.7!EventXFMod)'/><Cell N='EndTrigger' V='2' F='_XFTRIGGER(Sheet.10!EventXFMod)'/><Cell N='ShapeRouteStyle' V='1'/><Cell N='ConLineRouteExt' V='1'/><Cell N='TxtPinY' V='-1.15650635' F='Inh'/><Section N='Control'><Row N='TextPosition'><Cell N='Y' V='-1.15650635'/><Cell N='YDyn' V='-1.15650635' F='Inh'/></Row></Section><Section N='Geometry' IX='0'><Row T='LineTo' IX='2'><Cell N='Y' V='-1.8833'/></Row><Row T='LineTo' IX='3'><Cell N='X' V='-0.4297126999999961'/><Cell N='Y' V='-1.8833'/></Row></Section></Shape><Shape ID='10' Type='Shape' Master='2'><Cell N='PinX' V='16.0342'/><Cell N='PinY' V='3.1799'/><Cell N='LineWeight' V='0.01041666666666667' U='PT' F='Inh'/><Cell N='ObjType' V='1'/><Section N='Character'><Row IX='0'><Cell N='Font' V='Calibri'/><Cell N='Style' V='0'/></Row></Section><Text><cp IX='0'/><pp IX='0'/>Circle
</Text></Shape><Shape ID='13' Type='Shape' Master='8'><Cell N='PinX' V='11.60185' F='Inh'/><Cell N='PinY' V='5.709675' F='Inh'/><Cell N='Width' V='1.7127' F='GUARD(EndX-BeginX)'/><Cell N='Height' V='0.25' F='GUARD(0.25DL)'/><Cell N='LocPinX' V='0.85635' F='Inh'/><Cell N='LocPinY' V='0.125' F='Inh'/><Cell N='BeginX' V='10.7455' F='_WALKGLUE(BegTrigger,EndTrigger,WalkPreference)'/><Cell N='BeginY' V='5.70965' F='_WALKGLUE(BegTrigger,EndTrigger,WalkPreference)'/><Cell N='EndX' V='12.4582' F='PAR(PNT(Sheet.2!Connections.X4,Sheet.2!Connections.Y4))'/><Cell N='EndY' V='5.7097' F='PAR(PNT(Sheet.2!Connections.X4,Sheet.2!Connections.Y4))'/><Cell N='LayerMember' V='0'/><Cell N='BegTrigger' V='2' F='_XFTRIGGER(Sheet.1!EventXFMod)'/><Cell N='EndTrigger' V='2' F='_XFTRIGGER(Sheet.2!EventXFMod)'/><Cell N='ShapeRouteStyle' V='1'/><Cell N='ConLineRouteExt' V='1'/><Cell N='TxtPinX' V='0.856325' F='Inh'/><Cell N='TxtPinY' V='0.125025' F='Inh'/><Section N='Control'><Row N='TextPosition'><Cell N='X' V='0.856325'/><Cell N='Y' V='0.125025'/><Cell N='XDyn' V='0.856325' F='Inh'/><Cell N='YDyn' V='0.125025' F='Inh'/></Row></Section><Section N='Geometry' IX='0'><Row T='MoveTo' IX='1'><Cell N='Y' V='0.124975'/></Row><Row T='LineTo' IX='2'><Cell N='X' V='0.1875'/><Cell N='Y' V='0.124975'/></Row><Row T='LineTo' IX='3'><Cell N='X' V='0.1875'/><Cell N='Y' V='0.125025'/></Row><Row T='LineTo' IX='4'><Cell N='X' V='1.7127'/><Cell N='Y' V='0.125025'/></Row></Section></Shape><Shape ID='14' Type='Group' Master='17'><Cell N='PinX' V='10.6321'/><Cell N='PinY' V='2.9299'/><Cell N='Width' V='2'/><Cell N='Height' V='1'/><Cell N='LocPinX' V='1' F='Inh'/><Cell N='LocPinY' V='0.5' F='Inh'/><Cell N='ObjType' V='1'/><Cell N='Comment' V='Semi Circle' F='Inh'/><Section N='Character'><Row IX='0'><Cell N='Font' V='Calibri'/><Cell N='Style' V='0'/></Row></Section><Section N='Connection'><Row T='Connection' IX='0'><Cell N='X' V='1' F='Inh'/></Row><Row T='Connection' IX='1'><Cell N='X' V='1' F='Inh'/><Cell N='Y' V='1' F='Inh'/></Row><Row T='Connection' IX='2'><Cell N='X' V='0.14' F='Inh'/><Cell N='Y' V='0.5' F='Inh'/></Row><Row T='Connection' IX='3'><Cell N='X' V='1.86' F='Inh'/><Cell N='Y' V='0.5' F='Inh'/></Row></Section><Text><cp IX='0'/><pp IX='0'/>Semi-circle
</Text><Shapes><Shape ID='15' Type='Shape' MasterShape='6'><Cell N='PinX' V='1' F='Inh'/><Cell N='PinY' V='0.5' F='Inh'/><Cell N='Width' V='2' F='Inh'/><Cell N='Height' V='1' F='Inh'/><Cell N='LocPinX' V='1' F='Inh'/><Cell N='LocPinY' V='0.5' F='Inh'/></Shape></Shapes></Shape><Shape ID='17' Type='Shape' Master='8'><Cell N='PinX' V='13.38815' F='Inh'/><Cell N='PinY' V='3.0549' F='Inh'/><Cell N='Width' V='-3.7921' F='GUARD(EndX-BeginX)'/><Cell N='Height' V='-0.25' F='GUARD(EndY-BeginY)'/><Cell N='LocPinX' V='-1.89605' F='Inh'/><Cell N='LocPinY' V='-0.125' F='Inh'/><Cell N='BeginX' V='15.2842' F='_WALKGLUE(BegTrigger,EndTrigger,WalkPreference)'/><Cell N='BeginY' V='3.1799' F='_WALKGLUE(BegTrigger,EndTrigger,WalkPreference)'/><Cell N='EndX' V='11.4921' F='_WALKGLUE(EndTrigger,BegTrigger,WalkPreference)'/><Cell N='EndY' V='2.9299' F='_WALKGLUE(EndTrigger,BegTrigger,WalkPreference)'/><Cell N='LayerMember' V='0'/><Cell N='BegTrigger' V='2' F='_XFTRIGGER(Sheet.10!EventXFMod)'/><Cell N='EndTrigger' V='2' F='_XFTRIGGER(Sheet.14!EventXFMod)'/><Cell N='ShapeRouteStyle' V='1'/><Cell N='ConLineRouteExt' V='1'/><Cell N='TxtPinX' V='-1.77105' F='Inh'/><Cell N='TxtPinY' V='-0.25' F='Inh'/><Section N='Control'><Row N='TextPosition'><Cell N='X' V='-1.77105'/><Cell N='Y' V='-0.25'/><Cell N='XDyn' V='-1.77105' F='Inh'/><Cell N='YDyn' V='-0.25' F='Inh'/></Row></Section><Section N='Geometry' IX='0'><Row T='LineTo' IX='2'><Cell N='X' V='-0.1875'/><Cell N='Y' V='0'/></Row><Row T='LineTo' IX='3'><Cell N='X' V='-0.1875'/><Cell N='Y' V='-0.25'/></Row><Row T='LineTo' IX='4'><Cell N='X' V='-3.7921'/><Cell N='Y' V='-0.25'/></Row></Section></Shape></Shapes><Connects><Connect FromSheet='13' FromCell='BeginX' FromPart='9' ToSheet='1' ToCell='PinX' ToPart='3'/><Connect FromSheet='4' FromCell='BeginX' FromPart='9' ToSheet='2' ToCell='PinX' ToPart='3'/><Connect FromSheet='4' FromCell='EndX' FromPart='12' ToSheet='3' ToCell='PinX' ToPart='3'/><Connect FromSheet='6' FromCell='BeginX' FromPart='9' ToSheet='2' ToCell='PinX' ToPart='3'/><Connect FromSheet='6' FromCell='EndX' FromPart='12' ToSheet='5' ToCell='PinX' ToPart='3'/><Connect FromSheet='8' FromCell='BeginX' FromPart='9' ToSheet='2' ToCell='PinX' ToPart='3'/><Connect FromSheet='17' FromCell='EndX' FromPart='12' ToSheet='14' ToCell='PinX' ToPart='3'/><Connect FromSheet='17' FromCell='BeginX' FromPart='9' ToSheet='10' ToCell='PinX' ToPart='3'/><Connect FromSheet='13' FromCell='EndX' FromPart='12' ToSheet='2' ToCell='Connections.X4' ToPart='103'/><Connect FromSheet='8' FromCell='EndX' FromPart='12' ToSheet='7' ToCell='Connections.X5' ToPart='104'/><Connect FromSheet='9' FromCell='BeginX' FromPart='9' ToSheet='7' ToCell='Connections.X3' ToPart='102'/><Connect FromSheet='9' FromCell='EndX' FromPart='12' ToSheet='10' ToCell='Connections.X5' ToPart='104'/></Connects></PageContents>