<?xml version='1.0' encoding='utf-8' ?>
<Windows ClientWidth='3200' ClientHeight='1491' xmlns='http://schemas.microsoft.com/office/visio/2012/main' xmlns:r='http://schemas.openxmlformats.org/officeDocument/2006/relationships' xml:space='preserve'><Window ID='0' WindowType='Drawing' WindowState='1073741824' WindowLeft='-9' WindowTop='-38' WindowWidth='3218' WindowHeight='1538' ContainerType='Page' Page='22' ViewScale='1' ViewCenterX='25.683333333333' ViewCenterY='26.933333333333'><ShowRulers>0</ShowRulers><ShowGrid>0</ShowGrid><ShowPageBreaks>0</ShowPageBreaks><ShowGuides>0</ShowGuides><ShowConnectionPoints>1</ShowConnectionPoints><GlueSettings>40</GlueSettings><SnapSettings>66611</SnapSettings><SnapExtensions>58</SnapExtensions><SnapAngles/><DynamicGridEnabled>0</DynamicGridEnabled><TabSplitterPos>0.5</TabSplitterPos></Window><Window ID='1' WindowType='Stencil' WindowState='67109889' WindowLeft='-258' WindowTop='0' WindowWidth='254' WindowHeight='1191' Document='C:\Program Files\Microsoft Office\root\Office16\visio content\1033\BASIC_U.vssx' ParentWindow='0'><StencilGroup>10</StencilGroup><StencilGroupPos>1</StencilGroupPos></Window><Window ID='2' WindowType='Stencil' WindowState='1025' WindowLeft='-258' WindowTop='0' WindowWidth='254' WindowHeight='1191' Document='C:\Program Files\Microsoft Office\root\Office16\visio content\1033\PERIPH_U.vssx' ParentWindow='0'><StencilGroup>10</StencilGroup><StencilGroupPos>2</StencilGroupPos></Window><Window ID='3' WindowType='Stencil' WindowState='1025' WindowLeft='-258' WindowTop='0' WindowWidth='254' WindowHeight='1191' Document='C:\Program Files\Microsoft Office\root\Office16\visio content\1033\NETSYM_U.vssx' ParentWindow='0'><StencilGroup>10</StencilGroup><StencilGroupPos>3</StencilGroupPos></Window><Window ID='4' WindowType='Stencil' WindowState='1025' WindowLeft='-258' WindowTop='0' WindowWidth='254' WindowHeight='1191' ParentWindow='0'><StencilGroup>10</StencilGroup><StencilGroupPos>4</StencilGroupPos></Window><Window ID='5' WindowType='Stencil' WindowState='1025' WindowLeft='-258' WindowTop='0' WindowWidth='254' WindowHeight='1191' Document='C:\Program Files\Microsoft Office\root\Office16\visio content\1033\AZURENETWORKING_U.vssx' ParentWindow='0'><StencilGroup>10</StencilGroup><StencilGroupPos>5</StencilGroupPos></Window><Window ID='6' WindowType='Stencil' WindowState='1025' WindowLeft='-258' WindowTop='0' WindowWidth='254' WindowHeight='1191' Document='C:\Program Files\Microsoft Office\root\Office16\visio content\1033\AWSNETCONTENTDELIVERY_U.vssx' ParentWindow='0'><StencilGroup>10</StencilGroup><StencilGroupPos>6</StencilGroupPos></Window></Windows>