<?xml version='1.0' encoding='utf-8' ?>
<Pages xmlns='http://schemas.microsoft.com/office/visio/2012/main' xmlns:r='http://schemas.openxmlformats.org/officeDocument/2006/relationships' xml:space='preserve'><Page ID='32' NameU='Footer' IsCustomNameU='1' Name='Footer' IsCustomName='1' Background='1' ViewScale='1' ViewCenterX='-15.283333333333' ViewCenterY='4.1166666666667'><PageSheet LineStyle='0' FillStyle='0' TextStyle='0' UniqueID='{F249E4E9-7500-419A-B417-F039C64C44C0}'><Cell N='PageWidth' V='51'/><Cell N='PageHeight' V='33'/><Cell N='ShdwOffsetX' V='0.125' U='IN'/><Cell N='ShdwOffsetY' V='-0.125' U='IN'/><Cell N='PageScale' V='1' U='IN_F'/><Cell N='DrawingScale' V='1' U='IN_F'/><Cell N='DrawingSizeType' V='3'/><Cell N='DrawingScaleType' V='0'/><Trigger N='RecalcColor'><RefBy T='Page' ID='32'/></Trigger><Cell N='InhibitSnap' V='0'/><Cell N='PageLockReplace' V='0' U='BOOL'/><Cell N='PageLockDuplicate' V='0' U='BOOL'/><Cell N='UIVisibility' V='0'/><Cell N='ShdwType' V='0'/><Cell N='ShdwObliqueAngle' V='0'/><Cell N='ShdwScaleFactor' V='1'/><Cell N='DrawingResizeType' V='2'/><Cell N='ScaleX' V='0.25'/><Cell N='ScaleY' V='0.25'/><Cell N='OnPage' V='1'/><Cell N='PrintPageOrientation' V='2'/><Cell N='PaperKind' V='4'/><Cell N='RouteStyle' V='1'/><Cell N='PageShapeSplit' V='1'/><Cell N='ColorSchemeIndex' V='50'/><Cell N='EffectSchemeIndex' V='47'/><Cell N='ConnectorSchemeIndex' V='50'/><Cell N='FontSchemeIndex' V='47'/><Cell N='ThemeIndex' V='47'/><Cell N='XRulerOrigin' V='16'/><Cell N='XGridOrigin' V='16'/></PageSheet><Rel r:id='rId1'/></Page><Page ID='22' NameU='Standard Template' IsCustomNameU='1' Name='Network Diagram' IsCustomName='1' BackPage='32' ViewScale='1' ViewCenterX='25.683333333333' ViewCenterY='26.933333333333'><PageSheet LineStyle='0' FillStyle='0' TextStyle='0' UniqueID='{C02FFDF3-BCE5-4529-8DCE-CCC3B8078C38}'><Cell N='PageWidth' V='51'/><Cell N='PageHeight' V='33'/><Cell N='ShdwOffsetX' V='0.125' U='IN'/><Cell N='ShdwOffsetY' V='-0.125' U='IN'/><Cell N='PageScale' V='1' U='IN_F'/><Cell N='DrawingScale' V='1' U='IN_F'/><Cell N='DrawingSizeType' V='3'/><Cell N='DrawingScaleType' V='0'/><Trigger N='RecalcColor'><RefBy T='Page' ID='22'/></Trigger><Cell N='InhibitSnap' V='0'/><Cell N='PageLockReplace' V='0' U='BOOL'/><Cell N='PageLockDuplicate' V='0' U='BOOL'/><Cell N='UIVisibility' V='0'/><Cell N='ShdwType' V='0'/><Cell N='ShdwObliqueAngle' V='0'/><Cell N='ShdwScaleFactor' V='1'/><Cell N='DrawingResizeType' V='2'/><Cell N='ScaleX' V='0.25'/><Cell N='ScaleY' V='0.25'/><Cell N='OnPage' V='1'/><Cell N='PrintPageOrientation' V='2'/><Cell N='PaperKind' V='4'/><Cell N='RouteStyle' V='1'/><Cell N='PageShapeSplit' V='1'/><Cell N='XRulerOrigin' V='16'/><Cell N='XGridOrigin' V='16'/><Cell N='ColorSchemeIndex' V='50'/><Cell N='EffectSchemeIndex' V='47'/><Cell N='ConnectorSchemeIndex' V='50'/><Cell N='FontSchemeIndex' V='47'/><Cell N='ThemeIndex' V='47'/><Section N='User'><Row N='msvDGCalloutGap'><Cell N='Value' V='0.0625' F='DrawingScale/PageScale*0.0625'/><Cell N='Prompt' V='' F='No Formula'/></Row><Row N='msvThemeOrder'><Cell N='Value' V='0'/><Cell N='Prompt' V='' F='No Formula'/></Row></Section><Section N='Layer'><Row IX='0'><Cell N='Name' V='Connector'/><Cell N='Color' V='255'/><Cell N='Status' V='0'/><Cell N='Visible' V='1'/><Cell N='Print' V='1'/><Cell N='Active' V='0'/><Cell N='Lock' V='0'/><Cell N='Snap' V='1'/><Cell N='Glue' V='1'/><Cell N='NameUniv' V='Connector'/><Cell N='ColorTrans' V='0'/></Row><Row IX='1'><Cell N='Name' V='Network'/><Cell N='Color' V='255'/><Cell N='Status' V='0'/><Cell N='Visible' V='1'/><Cell N='Print' V='1'/><Cell N='Active' V='0'/><Cell N='Lock' V='0'/><Cell N='Snap' V='1'/><Cell N='Glue' V='1'/><Cell N='NameUniv' V=''/><Cell N='ColorTrans' V='0'/></Row><Row IX='2'><Cell N='Name' V='Data Graphic'/><Cell N='Color' V='255'/><Cell N='Status' V='0'/><Cell N='Visible' V='1'/><Cell N='Print' V='1'/><Cell N='Active' V='0'/><Cell N='Lock' V='0'/><Cell N='Snap' V='1'/><Cell N='Glue' V='1'/><Cell N='NameUniv' V='Data Graphic'/><Cell N='ColorTrans' V='0'/></Row><Row IX='3'><Cell N='Name' V='Flowchart'/><Cell N='Color' V='255'/><Cell N='Status' V='0'/><Cell N='Visible' V='1'/><Cell N='Print' V='1'/><Cell N='Active' V='0'/><Cell N='Lock' V='0'/><Cell N='Snap' V='1'/><Cell N='Glue' V='1'/><Cell N='NameUniv' V='Flowchart'/><Cell N='ColorTrans' V='0'/></Row></Section></PageSheet><Rel r:id='rId2'/></Page><Page ID='26' NameU='Standard Documentation' IsCustomNameU='1' Name='Standard Documentation' IsCustomName='1' BackPage='32' ViewScale='0.25' ViewCenterX='24.916666666667' ViewCenterY='16.45'><PageSheet LineStyle='0' FillStyle='0' TextStyle='0' UniqueID='{6EBA0106-04D4-4E15-A6A4-5C5175AD2099}'><Cell N='PageWidth' V='51'/><Cell N='PageHeight' V='33'/><Cell N='ShdwOffsetX' V='0.125' U='IN'/><Cell N='ShdwOffsetY' V='-0.125' U='IN'/><Cell N='PageScale' V='1' U='IN_F'/><Cell N='DrawingScale' V='1' U='IN_F'/><Cell N='DrawingSizeType' V='3'/><Cell N='DrawingScaleType' V='0'/><Cell N='InhibitSnap' V='0'/><Cell N='PageLockReplace' V='0' U='BOOL'/><Cell N='PageLockDuplicate' V='0' U='BOOL'/><Cell N='UIVisibility' V='0'/><Cell N='ShdwType' V='0'/><Cell N='ShdwObliqueAngle' V='0'/><Cell N='ShdwScaleFactor' V='1'/><Cell N='DrawingResizeType' V='2'/><Cell N='ScaleX' V='0.25'/><Cell N='ScaleY' V='0.25'/><Cell N='OnPage' V='1'/><Cell N='PrintPageOrientation' V='2'/><Cell N='PaperKind' V='4'/><Cell N='RouteStyle' V='1'/><Cell N='PageShapeSplit' V='1'/><Cell N='XRulerOrigin' V='16'/><Cell N='XGridOrigin' V='16'/><Cell N='ColorSchemeIndex' V='50'/><Cell N='EffectSchemeIndex' V='47'/><Cell N='ConnectorSchemeIndex' V='50'/><Cell N='FontSchemeIndex' V='47'/><Cell N='ThemeIndex' V='47'/><Section N='User'><Row N='msvThemeOrder'><Cell N='Value' V='0'/><Cell N='Prompt' V='' F='No Formula'/></Row></Section></PageSheet><Rel r:id='rId3'/></Page></Pages>