<?xml version='1.0' encoding='utf-8' ?>
<PageContents xmlns='http://schemas.microsoft.com/office/visio/2012/main' xmlns:r='http://schemas.openxmlformats.org/officeDocument/2006/relationships' xml:space='preserve'><Shapes><Shape ID='1002' Type='Shape' LineStyle='1' FillStyle='1' TextStyle='3'><Cell N='PinX' V='9'/><Cell N='PinY' V='17.4062500938307'/><Cell N='Width' V='15.86756562528095'/><Cell N='Height' V='25.18749981233859'/><Cell N='LocPinX' V='7.93378281264048' F='Width*0.5'/><Cell N='LocPinY' V='12.59374990616929' F='Height*0.5'/><Cell N='Angle' V='0'/><Cell N='FlipX' V='0'/><Cell N='FlipY' V='0'/><Cell N='ResizeMode' V='0'/><Cell N='EventDblClick' V='0' F='OPENTEXTWIN()'/><Cell N='LineColor' V='#16b0e3' F='THEMEGUARD(MSOTINT(THEMEVAL("AccentColor"),-25))'/><Cell N='LinePattern' V='1'/><Cell N='FillForegnd' V='#ffffff' F='THEMEGUARD(RGB(255,255,255))'/><Cell N='FillBkgnd' V='#ffffff' F='THEMEGUARD(SHADE(FillForegnd,LUMDIFF(THEMEVAL("FillColor"),THEMEVAL("FillColor2"))))'/><Cell N='FillPattern' V='1'/><Cell N='ShdwPattern' V='0' F='THEMEGUARD(0)'/><Cell N='LineGradientEnabled' V='0' F='THEMEGUARD(FALSE)'/><Cell N='FillGradientEnabled' V='0'/><Cell N='QuickStyleVariation' V='3'/><Cell N='VerticalAlign' V='0'/><Section N='Paragraph'><Row IX='0'><Cell N='HorzAlign' V='0'/></Row></Section><Section N='Character'><Row IX='0'><Cell N='Color' V='#000000' F='THEMEGUARD(THEMEVAL("Dark"))'/><Cell N='Style' V='17'/><Cell N='Size' V='0.25' U='PT'/></Row></Section><Section N='Geometry' IX='0'><Cell N='NoFill' V='0'/><Cell N='NoLine' V='0'/><Cell N='NoShow' V='0'/><Cell N='NoSnap' V='0'/><Cell N='NoQuickDrag' V='0'/><Row T='RelMoveTo' IX='1'><Cell N='X' V='0'/><Cell N='Y' V='0'/></Row><Row T='RelLineTo' IX='2'><Cell N='X' V='1'/><Cell N='Y' V='0'/></Row><Row T='RelLineTo' IX='3'><Cell N='X' V='1'/><Cell N='Y' V='1'/></Row><Row T='RelLineTo' IX='4'><Cell N='X' V='0'/><Cell N='Y' V='1'/></Row><Row T='RelLineTo' IX='5'><Cell N='X' V='0'/><Cell N='Y' V='0'/></Row></Section><Text><cp IX='0'/><pp IX='0'/>Network Documentation Narrative:
</Text></Shape><Shape ID='1003' Type='Shape' LineStyle='1' FillStyle='1' TextStyle='3'><Cell N='PinX' V='25.53124993294478'/><Cell N='PinY' V='17.4062500938307'/><Cell N='Width' V='15.86756562528095'/><Cell N='Height' V='25.18749981233859'/><Cell N='LocPinX' V='7.93378281264048' F='Width*0.5'/><Cell N='LocPinY' V='12.59374990616929' F='Height*0.5'/><Cell N='Angle' V='0'/><Cell N='FlipX' V='0'/><Cell N='FlipY' V='0'/><Cell N='ResizeMode' V='0'/><Cell N='EventDblClick' V='0' F='OPENTEXTWIN()'/><Cell N='LineColor' V='#16b0e3' F='THEMEGUARD(MSOTINT(THEMEVAL("AccentColor"),-25))'/><Cell N='LinePattern' V='1'/><Cell N='FillForegnd' V='#ffffff' F='THEMEGUARD(RGB(255,255,255))'/><Cell N='FillBkgnd' V='#ffffff' F='THEMEGUARD(SHADE(FillForegnd,LUMDIFF(THEMEVAL("FillColor"),THEMEVAL("FillColor2"))))'/><Cell N='FillPattern' V='1'/><Cell N='ShdwPattern' V='0' F='THEMEGUARD(0)'/><Cell N='LineGradientEnabled' V='0' F='THEMEGUARD(FALSE)'/><Cell N='FillGradientEnabled' V='0'/><Cell N='QuickStyleVariation' V='3'/><Cell N='VerticalAlign' V='0'/><Section N='Paragraph'><Row IX='0'><Cell N='HorzAlign' V='0'/></Row></Section><Section N='Character'><Row IX='0'><Cell N='Color' V='#000000' F='THEMEGUARD(THEMEVAL("Dark"))'/><Cell N='Style' V='17'/><Cell N='Size' V='0.25' U='PT'/></Row></Section><Section N='Geometry' IX='0'><Cell N='NoFill' V='0'/><Cell N='NoLine' V='0'/><Cell N='NoShow' V='0'/><Cell N='NoSnap' V='0'/><Cell N='NoQuickDrag' V='0'/><Row T='RelMoveTo' IX='1'><Cell N='X' V='0'/><Cell N='Y' V='0'/></Row><Row T='RelLineTo' IX='2'><Cell N='X' V='1'/><Cell N='Y' V='0'/></Row><Row T='RelLineTo' IX='3'><Cell N='X' V='1'/><Cell N='Y' V='1'/></Row><Row T='RelLineTo' IX='4'><Cell N='X' V='0'/><Cell N='Y' V='1'/></Row><Row T='RelLineTo' IX='5'><Cell N='X' V='0'/><Cell N='Y' V='0'/></Row></Section><Text><cp IX='0'/><pp IX='0'/>Network Documentation Narrative:
</Text></Shape><Shape ID='1004' Type='Shape' LineStyle='1' FillStyle='1' TextStyle='3'><Cell N='PinX' V='42.06621718735953'/><Cell N='PinY' V='17.4062500938307'/><Cell N='Width' V='15.86756562528095'/><Cell N='Height' V='25.18749981233859'/><Cell N='LocPinX' V='7.93378281264048' F='Width*0.5'/><Cell N='LocPinY' V='12.59374990616929' F='Height*0.5'/><Cell N='Angle' V='0'/><Cell N='FlipX' V='0'/><Cell N='FlipY' V='0'/><Cell N='ResizeMode' V='0'/><Cell N='EventDblClick' V='0' F='OPENTEXTWIN()'/><Cell N='LineColor' V='#16b0e3' F='THEMEGUARD(MSOTINT(THEMEVAL("AccentColor"),-25))'/><Cell N='LinePattern' V='1'/><Cell N='FillForegnd' V='#ffffff' F='THEMEGUARD(RGB(255,255,255))'/><Cell N='FillBkgnd' V='#ffffff' F='THEMEGUARD(SHADE(FillForegnd,LUMDIFF(THEMEVAL("FillColor"),THEMEVAL("FillColor2"))))'/><Cell N='FillPattern' V='1'/><Cell N='ShdwPattern' V='0' F='THEMEGUARD(0)'/><Cell N='LineGradientEnabled' V='0' F='THEMEGUARD(FALSE)'/><Cell N='FillGradientEnabled' V='0'/><Cell N='QuickStyleVariation' V='3'/><Cell N='VerticalAlign' V='0'/><Section N='Paragraph'><Row IX='0'><Cell N='HorzAlign' V='0'/></Row></Section><Section N='Character'><Row IX='0'><Cell N='Color' V='#000000' F='THEMEGUARD(THEMEVAL("Dark"))'/><Cell N='Style' V='17'/><Cell N='Size' V='0.25' U='PT'/></Row></Section><Section N='Geometry' IX='0'><Cell N='NoFill' V='0'/><Cell N='NoLine' V='0'/><Cell N='NoShow' V='0'/><Cell N='NoSnap' V='0'/><Cell N='NoQuickDrag' V='0'/><Row T='RelMoveTo' IX='1'><Cell N='X' V='0'/><Cell N='Y' V='0'/></Row><Row T='RelLineTo' IX='2'><Cell N='X' V='1'/><Cell N='Y' V='0'/></Row><Row T='RelLineTo' IX='3'><Cell N='X' V='1'/><Cell N='Y' V='1'/></Row><Row T='RelLineTo' IX='4'><Cell N='X' V='0'/><Cell N='Y' V='1'/></Row><Row T='RelLineTo' IX='5'><Cell N='X' V='0'/><Cell N='Y' V='0'/></Row></Section><Text><cp IX='0'/><pp IX='0'/>Detail Network Documentation Links:
</Text></Shape></Shapes></PageContents>