<?xml version='1.0' encoding='utf-8' ?>
<PageContents xmlns='http://schemas.microsoft.com/office/visio/2012/main' xmlns:r='http://schemas.openxmlformats.org/officeDocument/2006/relationships' xml:space='preserve'><Shapes><Shape ID='36' NameU='Rectangle.36' Name='Rectangle.36' Type='Shape' Master='51' UniqueID='{DEC63BA2-2821-410E-BEA9-10068E6C873F}'><Cell N='PinX' V='4.812499969732016'/><Cell N='PinY' V='1'/><Cell N='Width' V='9.624999939464033'/><Cell N='Height' V='2'/><Cell N='LocPinX' V='4.812499969732016' F='Inh'/><Cell N='LocPinY' V='1' F='Inh'/><Cell N='LineWeight' V='0.01388888888888889' U='PT' F='Inh'/><Cell N='LineColor' V='#0c0c0c' F='THEMEGUARD(MSOTINT(RGB(0,0,0),5))'/><Cell N='FillPattern' V='0'/><Cell N='FillGradientEnabled' V='0'/><Section N='Connection'><Row T='Connection' IX='0'><Cell N='X' V='4.812499969732016' F='Inh'/><Cell N='Y' V='0' F='Inh'/></Row><Row T='Connection' IX='1'><Cell N='X' V='9.624999939464033' F='Inh'/><Cell N='Y' V='1' F='Inh'/></Row><Row T='Connection' IX='2'><Cell N='X' V='4.812499969732016' F='Inh'/><Cell N='Y' V='2' F='Inh'/></Row><Row T='Connection' IX='3'><Cell N='X' V='0' F='Inh'/><Cell N='Y' V='1' F='Inh'/></Row><Row T='Connection' IX='4'><Cell N='X' V='4.812499969732016' F='Inh'/><Cell N='Y' V='1' F='Inh'/></Row></Section><Section N='Geometry' IX='0'><Row T='MoveTo' IX='1'><Cell N='X' V='0' F='Inh'/><Cell N='Y' V='0' F='Inh'/></Row><Row T='LineTo' IX='2'><Cell N='X' V='9.624999939464033' F='Inh'/><Cell N='Y' V='0' F='Inh'/></Row><Row T='LineTo' IX='3'><Cell N='X' V='9.624999939464033' F='Inh'/><Cell N='Y' V='2' F='Inh'/></Row><Row T='LineTo' IX='4'><Cell N='X' V='0' F='Inh'/><Cell N='Y' V='2' F='Inh'/></Row><Row T='LineTo' IX='5'><Cell N='X' V='0' F='Inh'/><Cell N='Y' V='0' F='Inh'/></Row></Section></Shape><Shape ID='37' Type='Foreign' LineStyle='2' FillStyle='2' TextStyle='2' UniqueID='{3C8659CB-4ED9-486D-A76A-96EAF8E1127C}'><Cell N='PinX' V='2.167968562990422'/><Cell N='PinY' V='0.9984780219969665'/><Cell N='Width' V='3.710937874019155'/><Cell N='Height' V='1.253043956006067'/><Cell N='LocPinX' V='1.855468937009578' F='Width*0.5'/><Cell N='LocPinY' V='0.6265219780030336' F='Height*0.5'/><Cell N='Angle' V='0'/><Cell N='FlipX' V='0'/><Cell N='FlipY' V='0'/><Cell N='ResizeMode' V='0'/><Cell N='ImgOffsetX' V='0' F='ImgWidth*0'/><Cell N='ImgOffsetY' V='0' F='ImgHeight*0'/><Cell N='ImgWidth' V='3.710937874019155' F='Width*1'/><Cell N='ImgHeight' V='1.253043956006067' F='Height*1'/><Cell N='ClippingPath' V='' E='#N/A'/><Cell N='TxtPinX' V='1.855468937009578' F='Width*0.5'/><Cell N='TxtPinY' V='0' F='Height*0'/><Cell N='TxtWidth' V='3.710937874019155' F='Width*1'/><Cell N='TxtHeight' V='0' F='Height*0'/><Cell N='TxtLocPinX' V='1.855468937009578' F='TxtWidth*0.5'/><Cell N='TxtLocPinY' V='0' F='TxtHeight*0.5'/><Cell N='TxtAngle' V='0'/><Cell N='VerticalAlign' V='0'/><Section N='Geometry' IX='0'><Cell N='NoFill' V='0'/><Cell N='NoLine' V='0'/><Cell N='NoShow' V='0'/><Cell N='NoSnap' V='0'/><Cell N='NoQuickDrag' V='0'/><Row T='RelMoveTo' IX='1'><Cell N='X' V='0'/><Cell N='Y' V='0'/></Row><Row T='RelLineTo' IX='2'><Cell N='X' V='1'/><Cell N='Y' V='0'/></Row><Row T='RelLineTo' IX='3'><Cell N='X' V='1'/><Cell N='Y' V='1'/></Row><Row T='RelLineTo' IX='4'><Cell N='X' V='0'/><Cell N='Y' V='1'/></Row><Row T='RelLineTo' IX='5'><Cell N='X' V='0'/><Cell N='Y' V='0'/></Row></Section><ForeignData ForeignType='EnhMetaFile' MappingMode='8' ExtentX='230' ExtentY='62'><Rel r:id='rId3'/></ForeignData></Shape><Shape ID='38' NameU='Label - Large.38' Name='Label - Large.38' Type='Shape' Master='56' UniqueID='{11F45E43-CD96-43E3-BD3F-67CA91F24A92}'><Cell N='PinX' V='19.43750007154251'/><Cell N='PinY' V='1.437499929642815'/><Cell N='Width' V='5.624999884177342'/><Cell N='LocPinX' V='2.812499942088671' F='Inh'/><Cell N='ColorSchemeIndex' V='50'/><Cell N='ConnectorSchemeIndex' V='50'/><Section N='Paragraph'><Row IX='0'><Cell N='IndLeft' V='0.25'/></Row></Section><Text><pp IX='0'/>Jason Appah
</Text></Shape><Shape ID='39' Type='Shape' LineStyle='1' FillStyle='1' TextStyle='3' UniqueID='{014B72DD-1D91-4A36-AE2C-18EC697CF122}'><Cell N='PinX' V='1.656250362453804'/><Cell N='PinY' V='1.874999972906981'/><Cell N='Width' V='3.312500031326301'/><Cell N='Height' V='0.2499999674883755'/><Cell N='LocPinX' V='1.656250015663151' F='Width*0.5'/><Cell N='LocPinY' V='0.1249999837441878' F='Height*0.5'/><Cell N='Angle' V='0'/><Cell N='FlipX' V='0'/><Cell N='FlipY' V='0'/><Cell N='ResizeMode' V='0'/><Cell N='EventDblClick' V='0' F='OPENTEXTWIN()'/><Cell N='LinePattern' V='0' F='THEMEGUARD(0)'/><Cell N='FillPattern' V='0' F='THEMEGUARD(0)'/><Cell N='ShdwPattern' V='0' F='THEMEGUARD(0)'/><Cell N='ShapeShdwShow' V='2'/><Cell N='LineGradientEnabled' V='0' F='THEMEGUARD(FALSE)'/><Cell N='FillGradientEnabled' V='0' F='THEMEGUARD(FALSE)'/><Cell N='QuickStyleVariation' V='3'/><Section N='Character'><Row IX='0'><Cell N='Style' V='4'/></Row></Section><Section N='Paragraph'><Row IX='0'><Cell N='IndLeft' V='0.25'/><Cell N='HorzAlign' V='0'/></Row></Section><Section N='Geometry' IX='0'><Cell N='NoFill' V='0'/><Cell N='NoLine' V='0'/><Cell N='NoShow' V='0'/><Cell N='NoSnap' V='0'/><Cell N='NoQuickDrag' V='0'/><Row T='RelMoveTo' IX='1'><Cell N='X' V='0'/><Cell N='Y' V='0'/></Row><Row T='RelLineTo' IX='2'><Cell N='X' V='1'/><Cell N='Y' V='0'/></Row><Row T='RelLineTo' IX='3'><Cell N='X' V='1'/><Cell N='Y' V='1'/></Row><Row T='RelLineTo' IX='4'><Cell N='X' V='0'/><Cell N='Y' V='1'/></Row><Row T='RelLineTo' IX='5'><Cell N='X' V='0'/><Cell N='Y' V='0'/></Row></Section><Text><cp IX='0'/><pp IX='0'/>DEPARTMENT/DIVISION
</Text></Shape><Shape ID='40' Type='Group' LineStyle='3' FillStyle='3' TextStyle='3' UniqueID='{D041B30B-DBFC-495A-9F6E-FC003773871F}'><Cell N='PinX' V='6.804793607993751'/><Cell N='PinY' V='1.006516492841502'/><Cell N='Width' V='4.515412453206709'/><Cell N='Height' V='1.236966917459452'/><Cell N='LocPinX' V='2.257706226603355' F='Width*0.5'/><Cell N='LocPinY' V='0.6184834587297259' F='Height*0.5'/><Cell N='Angle' V='0'/><Cell N='FlipX' V='0'/><Cell N='FlipY' V='0'/><Cell N='ResizeMode' V='0'/><Cell N='QuickStyleVariation' V='2'/><Shapes><Shape ID='41' NameU='CSS' Name='CSS' Type='Foreign' Master='54'><Cell N='PinX' V='0.9956075189307831' F='Sheet.40!Width*0.2204909361544'/><Cell N='PinY' V='0.6184834587297259' F='Sheet.40!Height*0.5'/><Cell N='Width' V='1.991215037861566' F='Sheet.40!Width*0.4409818723088'/><Cell N='Height' V='1.236966917459452' F='Sheet.40!Height*1'/><Cell N='LocPinX' V='0.9956075189307831' F='Inh'/><Cell N='LocPinY' V='0.6184834587297259' F='Inh'/><Cell N='ImgWidth' V='1.991215037861566' F='Inh'/><Cell N='ImgHeight' V='1.236966917459452' F='Inh'/><Cell N='ColorSchemeIndex' V='50'/><Cell N='ConnectorSchemeIndex' V='50'/><Cell N='ShapeShdwShow' V='2'/><Cell N='TxtPinX' V='0.9956075189307831' F='Inh'/><Cell N='TxtWidth' V='1.991215037861566' F='Inh'/><Cell N='TxtLocPinX' V='0.9956075189307831' F='Inh'/></Shape><Shape ID='42' NameU='NSO' Name='NSO' Type='Foreign' Master='55'><Cell N='PinX' V='3.366441149794167' F='Sheet.40!Width*0.74554455095313'/><Cell N='PinY' V='0.6134551379270409' F='Sheet.40!Height*0.49593495934959'/><Cell N='Width' V='2.297942606825084' F='Sheet.40!Width*0.50891089809374'/><Cell N='Height' V='1.226910275854094' F='Sheet.40!Height*0.99186991869919'/><Cell N='LocPinX' V='1.148971303412542' F='Inh'/><Cell N='LocPinY' V='0.613455137927047' F='Inh'/><Cell N='ImgWidth' V='2.297942606825084' F='Inh'/><Cell N='ImgHeight' V='1.226910275854094' F='Inh'/><Cell N='ColorSchemeIndex' V='50'/><Cell N='ConnectorSchemeIndex' V='50'/><Cell N='ShapeShdwShow' V='2'/><Cell N='TxtPinX' V='1.148971303412542' F='Inh'/><Cell N='TxtWidth' V='2.297942606825084' F='Inh'/><Cell N='TxtLocPinX' V='1.148971303412542' F='Inh'/></Shape></Shapes></Shape><Shape ID='43' NameU='Rectangle.62' IsCustomNameU='1' Name='Rectangle.62' IsCustomName='1' Type='Shape' Master='51' UniqueID='{44B5BA8C-69BA-41FE-994E-651AED097907}'><Cell N='PinX' V='19.43749999750236'/><Cell N='PinY' V='1.5'/><Cell N='Width' V='5.625000032257617'/><Cell N='Height' V='1'/><Cell N='LocPinX' V='2.812500016128809' F='Inh'/><Cell N='LocPinY' V='0.5' F='Inh'/><Cell N='LineWeight' V='0.01388888888888889' U='PT' F='Inh'/><Cell N='LineColor' V='#0c0c0c' F='THEMEGUARD(MSOTINT(RGB(0,0,0),5))'/><Cell N='FillPattern' V='0'/><Cell N='FillGradientEnabled' V='0'/><Section N='Connection'><Row T='Connection' IX='0'><Cell N='X' V='2.812500016128809' F='Inh'/><Cell N='Y' V='0' F='Inh'/></Row><Row T='Connection' IX='1'><Cell N='X' V='5.625000032257617' F='Inh'/><Cell N='Y' V='0.5' F='Inh'/></Row><Row T='Connection' IX='2'><Cell N='X' V='2.812500016128809' F='Inh'/><Cell N='Y' V='1' F='Inh'/></Row><Row T='Connection' IX='3'><Cell N='X' V='0' F='Inh'/><Cell N='Y' V='0.5' F='Inh'/></Row><Row T='Connection' IX='4'><Cell N='X' V='2.812500016128809' F='Inh'/><Cell N='Y' V='0.5' F='Inh'/></Row></Section><Section N='Geometry' IX='0'><Row T='MoveTo' IX='1'><Cell N='X' V='0' F='Inh'/><Cell N='Y' V='0' F='Inh'/></Row><Row T='LineTo' IX='2'><Cell N='X' V='5.625000032257617' F='Inh'/><Cell N='Y' V='0' F='Inh'/></Row><Row T='LineTo' IX='3'><Cell N='X' V='5.625000032257617' F='Inh'/><Cell N='Y' V='1' F='Inh'/></Row><Row T='LineTo' IX='4'><Cell N='X' V='0' F='Inh'/><Cell N='Y' V='1' F='Inh'/></Row><Row T='LineTo' IX='5'><Cell N='X' V='0' F='Inh'/><Cell N='Y' V='0' F='Inh'/></Row></Section></Shape><Shape ID='44' Type='Shape' LineStyle='1' FillStyle='1' TextStyle='3' UniqueID='{395FB201-D1CE-4CEA-9220-5DFF54EE2B92}'><Cell N='PinX' V='18.28125004199418'/><Cell N='PinY' V='1.874999972906981'/><Cell N='Width' V='3.312500031326301'/><Cell N='Height' V='0.2499999674883755'/><Cell N='LocPinX' V='1.656250015663151' F='Width*0.5'/><Cell N='LocPinY' V='0.1249999837441878' F='Height*0.5'/><Cell N='Angle' V='0'/><Cell N='FlipX' V='0'/><Cell N='FlipY' V='0'/><Cell N='ResizeMode' V='0'/><Cell N='EventDblClick' V='0' F='OPENTEXTWIN()'/><Cell N='LinePattern' V='0' F='THEMEGUARD(0)'/><Cell N='FillPattern' V='0' F='THEMEGUARD(0)'/><Cell N='ShdwPattern' V='0' F='THEMEGUARD(0)'/><Cell N='ShapeShdwShow' V='2'/><Cell N='LineGradientEnabled' V='0' F='THEMEGUARD(FALSE)'/><Cell N='FillGradientEnabled' V='0' F='THEMEGUARD(FALSE)'/><Cell N='QuickStyleVariation' V='3'/><Section N='Character'><Row IX='0'><Cell N='Style' V='4'/></Row></Section><Section N='Paragraph'><Row IX='0'><Cell N='IndLeft' V='0.25'/><Cell N='HorzAlign' V='0'/></Row></Section><Section N='Geometry' IX='0'><Cell N='NoFill' V='0'/><Cell N='NoLine' V='0'/><Cell N='NoShow' V='0'/><Cell N='NoSnap' V='0'/><Cell N='NoQuickDrag' V='0'/><Row T='RelMoveTo' IX='1'><Cell N='X' V='0'/><Cell N='Y' V='0'/></Row><Row T='RelLineTo' IX='2'><Cell N='X' V='1'/><Cell N='Y' V='0'/></Row><Row T='RelLineTo' IX='3'><Cell N='X' V='1'/><Cell N='Y' V='1'/></Row><Row T='RelLineTo' IX='4'><Cell N='X' V='0'/><Cell N='Y' V='1'/></Row><Row T='RelLineTo' IX='5'><Cell N='X' V='0'/><Cell N='Y' V='0'/></Row></Section><Text><cp IX='0'/><pp IX='0'/>AUTHOR/OWNER
</Text></Shape><Shape ID='45' NameU='Rectangle.64' IsCustomNameU='1' Name='Rectangle.64' IsCustomName='1' Type='Shape' Master='51' UniqueID='{056AD102-D1B5-42E9-B778-58D0B1369B96}'><Cell N='PinX' V='19.43749998632649'/><Cell N='PinY' V='0.5'/><Cell N='Width' V='5.625000009905882'/><Cell N='Height' V='1'/><Cell N='LocPinX' V='2.812500004952941' F='Inh'/><Cell N='LocPinY' V='0.5' F='Inh'/><Cell N='LineWeight' V='0.01388888888888889' U='PT' F='Inh'/><Cell N='LineColor' V='#0c0c0c' F='THEMEGUARD(MSOTINT(RGB(0,0,0),5))'/><Cell N='FillPattern' V='0'/><Cell N='FillGradientEnabled' V='0'/><Section N='Connection'><Row T='Connection' IX='0'><Cell N='X' V='2.812500004952941' F='Inh'/><Cell N='Y' V='0' F='Inh'/></Row><Row T='Connection' IX='1'><Cell N='X' V='5.625000009905882' F='Inh'/><Cell N='Y' V='0.5' F='Inh'/></Row><Row T='Connection' IX='2'><Cell N='X' V='2.812500004952941' F='Inh'/><Cell N='Y' V='1' F='Inh'/></Row><Row T='Connection' IX='3'><Cell N='X' V='0' F='Inh'/><Cell N='Y' V='0.5' F='Inh'/></Row><Row T='Connection' IX='4'><Cell N='X' V='2.812500004952941' F='Inh'/><Cell N='Y' V='0.5' F='Inh'/></Row></Section><Section N='Geometry' IX='0'><Row T='MoveTo' IX='1'><Cell N='X' V='0' F='Inh'/><Cell N='Y' V='0' F='Inh'/></Row><Row T='LineTo' IX='2'><Cell N='X' V='5.625000009905882' F='Inh'/><Cell N='Y' V='0' F='Inh'/></Row><Row T='LineTo' IX='3'><Cell N='X' V='5.625000009905882' F='Inh'/><Cell N='Y' V='1' F='Inh'/></Row><Row T='LineTo' IX='4'><Cell N='X' V='0' F='Inh'/><Cell N='Y' V='1' F='Inh'/></Row><Row T='LineTo' IX='5'><Cell N='X' V='0' F='Inh'/><Cell N='Y' V='0' F='Inh'/></Row></Section></Shape><Shape ID='46' NameU='Label - Large.65' IsCustomNameU='1' Name='Label - Large.65' IsCustomName='1' Type='Shape' Master='56' UniqueID='{73748046-1A68-4C89-94A4-4E03BEF263CE}'><Cell N='PinX' V='18.81250008204105'/><Cell N='PinY' V='0.4374999729916453'/><Cell N='ColorSchemeIndex' V='50'/><Cell N='ConnectorSchemeIndex' V='50'/><Section N='Paragraph'><Row IX='0'><Cell N='IndLeft' V='0.25'/></Row></Section><Text><pp IX='0'/>Kelly McDwell
</Text></Shape><Shape ID='47' Type='Shape' LineStyle='1' FillStyle='1' TextStyle='3' UniqueID='{7D7F1984-5C8D-4379-BE69-699D769874EF}'><Cell N='PinX' V='18.28125004199418'/><Cell N='PinY' V='0.8750000162558127'/><Cell N='Width' V='3.312500031326301'/><Cell N='Height' V='0.2499999674883755'/><Cell N='LocPinX' V='1.656250015663151' F='Width*0.5'/><Cell N='LocPinY' V='0.1249999837441878' F='Height*0.5'/><Cell N='Angle' V='0'/><Cell N='FlipX' V='0'/><Cell N='FlipY' V='0'/><Cell N='ResizeMode' V='0'/><Cell N='EventDblClick' V='0' F='OPENTEXTWIN()'/><Cell N='LinePattern' V='0' F='THEMEGUARD(0)'/><Cell N='FillPattern' V='0' F='THEMEGUARD(0)'/><Cell N='ShdwPattern' V='0' F='THEMEGUARD(0)'/><Cell N='ShapeShdwShow' V='2'/><Cell N='LineGradientEnabled' V='0' F='THEMEGUARD(FALSE)'/><Cell N='FillGradientEnabled' V='0' F='THEMEGUARD(FALSE)'/><Cell N='QuickStyleVariation' V='3'/><Section N='Character'><Row IX='0'><Cell N='Style' V='4'/></Row></Section><Section N='Paragraph'><Row IX='0'><Cell N='IndLeft' V='0.25'/><Cell N='HorzAlign' V='0'/></Row></Section><Section N='Geometry' IX='0'><Cell N='NoFill' V='0'/><Cell N='NoLine' V='0'/><Cell N='NoShow' V='0'/><Cell N='NoSnap' V='0'/><Cell N='NoQuickDrag' V='0'/><Row T='RelMoveTo' IX='1'><Cell N='X' V='0'/><Cell N='Y' V='0'/></Row><Row T='RelLineTo' IX='2'><Cell N='X' V='1'/><Cell N='Y' V='0'/></Row><Row T='RelLineTo' IX='3'><Cell N='X' V='1'/><Cell N='Y' V='1'/></Row><Row T='RelLineTo' IX='4'><Cell N='X' V='0'/><Cell N='Y' V='1'/></Row><Row T='RelLineTo' IX='5'><Cell N='X' V='0'/><Cell N='Y' V='0'/></Row></Section><Text><cp IX='0'/><pp IX='0'/>PEER REVIEWER
</Text></Shape><Shape ID='48' NameU='Rectangle.67' IsCustomNameU='1' Name='Rectangle.67' IsCustomName='1' Type='Shape' Master='51' UniqueID='{0546B9D4-1D9D-4A41-A8A8-224AFA445E3C}'><Cell N='PinX' V='23.28124999079684'/><Cell N='PinY' V='1.5'/><Cell N='Width' V='2.062500063550061'/><Cell N='Height' V='1'/><Cell N='LocPinX' V='1.031250031775031' F='Inh'/><Cell N='LocPinY' V='0.5' F='Inh'/><Cell N='LineWeight' V='0.01388888888888889' U='PT' F='Inh'/><Cell N='LineColor' V='#0c0c0c' F='THEMEGUARD(MSOTINT(RGB(0,0,0),5))'/><Cell N='FillPattern' V='0'/><Cell N='FillGradientEnabled' V='0'/><Section N='Connection'><Row T='Connection' IX='0'><Cell N='X' V='1.031250031775031' F='Inh'/><Cell N='Y' V='0' F='Inh'/></Row><Row T='Connection' IX='1'><Cell N='X' V='2.062500063550061' F='Inh'/><Cell N='Y' V='0.5' F='Inh'/></Row><Row T='Connection' IX='2'><Cell N='X' V='1.031250031775031' F='Inh'/><Cell N='Y' V='1' F='Inh'/></Row><Row T='Connection' IX='3'><Cell N='X' V='0' F='Inh'/><Cell N='Y' V='0.5' F='Inh'/></Row><Row T='Connection' IX='4'><Cell N='X' V='1.031250031775031' F='Inh'/><Cell N='Y' V='0.5' F='Inh'/></Row></Section><Section N='Geometry' IX='0'><Row T='MoveTo' IX='1'><Cell N='X' V='0' F='Inh'/><Cell N='Y' V='0' F='Inh'/></Row><Row T='LineTo' IX='2'><Cell N='X' V='2.062500063550061' F='Inh'/><Cell N='Y' V='0' F='Inh'/></Row><Row T='LineTo' IX='3'><Cell N='X' V='2.062500063550061' F='Inh'/><Cell N='Y' V='1' F='Inh'/></Row><Row T='LineTo' IX='4'><Cell N='X' V='0' F='Inh'/><Cell N='Y' V='1' F='Inh'/></Row><Row T='LineTo' IX='5'><Cell N='X' V='0' F='Inh'/><Cell N='Y' V='0' F='Inh'/></Row></Section></Shape><Shape ID='49' NameU='Rectangle.68' IsCustomNameU='1' Name='Rectangle.68' IsCustomName='1' Type='Shape' Master='51' UniqueID='{DF8222EC-85F5-47FA-8894-E9C718C9BF5C}'><Cell N='PinX' V='23.28124999079684'/><Cell N='PinY' V='0.5'/><Cell N='Width' V='2.062500063550059'/><Cell N='Height' V='1'/><Cell N='LocPinX' V='1.03125003177503' F='Inh'/><Cell N='LocPinY' V='0.5' F='Inh'/><Cell N='LineWeight' V='0.01388888888888889' U='PT' F='Inh'/><Cell N='LineColor' V='#0c0c0c' F='THEMEGUARD(MSOTINT(RGB(0,0,0),5))'/><Cell N='FillPattern' V='0'/><Cell N='FillGradientEnabled' V='0'/><Section N='Connection'><Row T='Connection' IX='0'><Cell N='X' V='1.03125003177503' F='Inh'/><Cell N='Y' V='0' F='Inh'/></Row><Row T='Connection' IX='1'><Cell N='X' V='2.062500063550059' F='Inh'/><Cell N='Y' V='0.5' F='Inh'/></Row><Row T='Connection' IX='2'><Cell N='X' V='1.03125003177503' F='Inh'/><Cell N='Y' V='1' F='Inh'/></Row><Row T='Connection' IX='3'><Cell N='X' V='0' F='Inh'/><Cell N='Y' V='0.5' F='Inh'/></Row><Row T='Connection' IX='4'><Cell N='X' V='1.03125003177503' F='Inh'/><Cell N='Y' V='0.5' F='Inh'/></Row></Section><Section N='Geometry' IX='0'><Row T='MoveTo' IX='1'><Cell N='X' V='0' F='Inh'/><Cell N='Y' V='0' F='Inh'/></Row><Row T='LineTo' IX='2'><Cell N='X' V='2.062500063550059' F='Inh'/><Cell N='Y' V='0' F='Inh'/></Row><Row T='LineTo' IX='3'><Cell N='X' V='2.062500063550059' F='Inh'/><Cell N='Y' V='1' F='Inh'/></Row><Row T='LineTo' IX='4'><Cell N='X' V='0' F='Inh'/><Cell N='Y' V='1' F='Inh'/></Row><Row T='LineTo' IX='5'><Cell N='X' V='0' F='Inh'/><Cell N='Y' V='0' F='Inh'/></Row></Section></Shape><Shape ID='50' NameU='Label - Large.69' IsCustomNameU='1' Name='Label - Large.69' IsCustomName='1' Type='Shape' Master='56' UniqueID='{3A84F6FC-1DC6-4D75-9B57-C96B7264C4D3}'><Cell N='PinX' V='23.28125005848705'/><Cell N='PinY' V='1.437499929642815'/><Cell N='Width' V='2.062499928169643'/><Cell N='LocPinX' V='1.031249964084822' F='Inh'/><Cell N='ColorSchemeIndex' V='50'/><Cell N='ConnectorSchemeIndex' V='50'/><Section N='Paragraph'><Row IX='0'><Cell N='HorzAlign' V='1'/></Row></Section><Text><pp IX='0'/>June 19, 2018
</Text></Shape><Shape ID='51' Type='Shape' LineStyle='1' FillStyle='1' TextStyle='3' UniqueID='{58BD1076-6C19-4FC5-89FA-CE90FB94EEFC}'><Cell N='PinX' V='23.28125000692565'/><Cell N='PinY' V='1.874999972906981'/><Cell N='Width' V='2.062500031292446'/><Cell N='Height' V='0.2499999674883755'/><Cell N='LocPinX' V='1.031250015646223' F='Width*0.5'/><Cell N='LocPinY' V='0.1249999837441878' F='Height*0.5'/><Cell N='Angle' V='0'/><Cell N='FlipX' V='0'/><Cell N='FlipY' V='0'/><Cell N='ResizeMode' V='0'/><Cell N='EventDblClick' V='0' F='OPENTEXTWIN()'/><Cell N='LinePattern' V='0' F='THEMEGUARD(0)'/><Cell N='FillPattern' V='0' F='THEMEGUARD(0)'/><Cell N='ShdwPattern' V='0' F='THEMEGUARD(0)'/><Cell N='ShapeShdwShow' V='2'/><Cell N='LineGradientEnabled' V='0' F='THEMEGUARD(FALSE)'/><Cell N='FillGradientEnabled' V='0' F='THEMEGUARD(FALSE)'/><Cell N='QuickStyleVariation' V='3'/><Section N='Character'><Row IX='0'><Cell N='Style' V='4'/></Row></Section><Section N='Geometry' IX='0'><Cell N='NoFill' V='0'/><Cell N='NoLine' V='0'/><Cell N='NoShow' V='0'/><Cell N='NoSnap' V='0'/><Cell N='NoQuickDrag' V='0'/><Row T='RelMoveTo' IX='1'><Cell N='X' V='0'/><Cell N='Y' V='0'/></Row><Row T='RelLineTo' IX='2'><Cell N='X' V='1'/><Cell N='Y' V='0'/></Row><Row T='RelLineTo' IX='3'><Cell N='X' V='1'/><Cell N='Y' V='1'/></Row><Row T='RelLineTo' IX='4'><Cell N='X' V='0'/><Cell N='Y' V='1'/></Row><Row T='RelLineTo' IX='5'><Cell N='X' V='0'/><Cell N='Y' V='0'/></Row></Section><Text><cp IX='0'/>DATE CREATED
</Text></Shape><Shape ID='52' NameU='Label - Large.52' Name='Label - Large.52' Type='Shape' Master='56' UniqueID='{C9CF4EFD-4A44-46E2-AE87-9D388CC42C91}'><Cell N='PinX' V='23.28125005848705'/><Cell N='PinY' V='0.4374999513172302'/><Cell N='Width' V='2.062499928169645'/><Cell N='LocPinX' V='1.031249964084823' F='Inh'/><Cell N='ColorSchemeIndex' V='50'/><Cell N='ConnectorSchemeIndex' V='50'/><Section N='Paragraph'><Row IX='0'><Cell N='HorzAlign' V='1'/></Row></Section><Text><pp IX='0'/>June 18, 2025
</Text></Shape><Shape ID='53' Type='Shape' LineStyle='1' FillStyle='1' TextStyle='3' UniqueID='{1EB6A6CE-C779-4C8F-878A-28CC43BD5B22}'><Cell N='PinX' V='23.28125000692565'/><Cell N='PinY' V='0.8749999945813958'/><Cell N='Width' V='2.062500031292444'/><Cell N='Height' V='0.2499999674883755'/><Cell N='LocPinX' V='1.031250015646222' F='Width*0.5'/><Cell N='LocPinY' V='0.1249999837441878' F='Height*0.5'/><Cell N='Angle' V='0'/><Cell N='FlipX' V='0'/><Cell N='FlipY' V='0'/><Cell N='ResizeMode' V='0'/><Cell N='EventDblClick' V='0' F='OPENTEXTWIN()'/><Cell N='LinePattern' V='0' F='THEMEGUARD(0)'/><Cell N='FillPattern' V='0' F='THEMEGUARD(0)'/><Cell N='ShdwPattern' V='0' F='THEMEGUARD(0)'/><Cell N='ShapeShdwShow' V='2'/><Cell N='LineGradientEnabled' V='0' F='THEMEGUARD(FALSE)'/><Cell N='FillGradientEnabled' V='0' F='THEMEGUARD(FALSE)'/><Cell N='QuickStyleVariation' V='3'/><Section N='Character'><Row IX='0'><Cell N='Style' V='4'/></Row></Section><Section N='Geometry' IX='0'><Cell N='NoFill' V='0'/><Cell N='NoLine' V='0'/><Cell N='NoShow' V='0'/><Cell N='NoSnap' V='0'/><Cell N='NoQuickDrag' V='0'/><Row T='RelMoveTo' IX='1'><Cell N='X' V='0'/><Cell N='Y' V='0'/></Row><Row T='RelLineTo' IX='2'><Cell N='X' V='1'/><Cell N='Y' V='0'/></Row><Row T='RelLineTo' IX='3'><Cell N='X' V='1'/><Cell N='Y' V='1'/></Row><Row T='RelLineTo' IX='4'><Cell N='X' V='0'/><Cell N='Y' V='1'/></Row><Row T='RelLineTo' IX='5'><Cell N='X' V='0'/><Cell N='Y' V='0'/></Row></Section><Text><cp IX='0'/>DATE REVIEWED
</Text></Shape><Shape ID='54' NameU='Rectangle.73' IsCustomNameU='1' Name='Rectangle.73' IsCustomName='1' Type='Shape' Master='51' UniqueID='{ACCA70DF-1D11-4A0D-BFA0-BD7CA7488810}'><Cell N='PinX' V='26.37499990921298'/><Cell N='PinY' V='1.5'/><Cell N='Width' V='4.125000164132906'/><Cell N='Height' V='1'/><Cell N='LocPinX' V='2.062500082066453' F='Inh'/><Cell N='LocPinY' V='0.5' F='Inh'/><Cell N='LineWeight' V='0.01388888888888889' U='PT' F='Inh'/><Cell N='LineColor' V='#0c0c0c' F='THEMEGUARD(MSOTINT(RGB(0,0,0),5))'/><Cell N='FillPattern' V='0'/><Cell N='FillGradientEnabled' V='0'/><Section N='Connection'><Row T='Connection' IX='0'><Cell N='X' V='2.062500082066453' F='Inh'/><Cell N='Y' V='0' F='Inh'/></Row><Row T='Connection' IX='1'><Cell N='X' V='4.125000164132906' F='Inh'/><Cell N='Y' V='0.5' F='Inh'/></Row><Row T='Connection' IX='2'><Cell N='X' V='2.062500082066453' F='Inh'/><Cell N='Y' V='1' F='Inh'/></Row><Row T='Connection' IX='3'><Cell N='X' V='0' F='Inh'/><Cell N='Y' V='0.5' F='Inh'/></Row><Row T='Connection' IX='4'><Cell N='X' V='2.062500082066453' F='Inh'/><Cell N='Y' V='0.5' F='Inh'/></Row></Section><Section N='Geometry' IX='0'><Row T='MoveTo' IX='1'><Cell N='X' V='0' F='Inh'/><Cell N='Y' V='0' F='Inh'/></Row><Row T='LineTo' IX='2'><Cell N='X' V='4.125000164132906' F='Inh'/><Cell N='Y' V='0' F='Inh'/></Row><Row T='LineTo' IX='3'><Cell N='X' V='4.125000164132906' F='Inh'/><Cell N='Y' V='1' F='Inh'/></Row><Row T='LineTo' IX='4'><Cell N='X' V='0' F='Inh'/><Cell N='Y' V='1' F='Inh'/></Row><Row T='LineTo' IX='5'><Cell N='X' V='0' F='Inh'/><Cell N='Y' V='0' F='Inh'/></Row></Section></Shape><Shape ID='55' NameU='Rectangle.74' IsCustomNameU='1' Name='Rectangle.74' IsCustomName='1' Type='Shape' Master='51' UniqueID='{10FE1327-ADBC-4E77-ADEA-B89095C5952B}'><Cell N='PinX' V='26.37499990921298'/><Cell N='PinY' V='0.5'/><Cell N='Width' V='4.125000164132892'/><Cell N='Height' V='1'/><Cell N='LocPinX' V='2.062500082066446' F='Inh'/><Cell N='LocPinY' V='0.5' F='Inh'/><Cell N='LineWeight' V='0.01388888888888889' U='PT' F='Inh'/><Cell N='LineColor' V='#0c0c0c' F='THEMEGUARD(MSOTINT(RGB(0,0,0),5))'/><Cell N='FillPattern' V='0'/><Cell N='FillGradientEnabled' V='0'/><Section N='Connection'><Row T='Connection' IX='0'><Cell N='X' V='2.062500082066446' F='Inh'/><Cell N='Y' V='0' F='Inh'/></Row><Row T='Connection' IX='1'><Cell N='X' V='4.125000164132892' F='Inh'/><Cell N='Y' V='0.5' F='Inh'/></Row><Row T='Connection' IX='2'><Cell N='X' V='2.062500082066446' F='Inh'/><Cell N='Y' V='1' F='Inh'/></Row><Row T='Connection' IX='3'><Cell N='X' V='0' F='Inh'/><Cell N='Y' V='0.5' F='Inh'/></Row><Row T='Connection' IX='4'><Cell N='X' V='2.062500082066446' F='Inh'/><Cell N='Y' V='0.5' F='Inh'/></Row></Section><Section N='Geometry' IX='0'><Row T='MoveTo' IX='1'><Cell N='X' V='0' F='Inh'/><Cell N='Y' V='0' F='Inh'/></Row><Row T='LineTo' IX='2'><Cell N='X' V='4.125000164132892' F='Inh'/><Cell N='Y' V='0' F='Inh'/></Row><Row T='LineTo' IX='3'><Cell N='X' V='4.125000164132892' F='Inh'/><Cell N='Y' V='1' F='Inh'/></Row><Row T='LineTo' IX='4'><Cell N='X' V='0' F='Inh'/><Cell N='Y' V='1' F='Inh'/></Row><Row T='LineTo' IX='5'><Cell N='X' V='0' F='Inh'/><Cell N='Y' V='0' F='Inh'/></Row></Section></Shape><Shape ID='56' NameU='Label - Large.75' IsCustomNameU='1' Name='Label - Large.75' IsCustomName='1' Type='Shape' Master='56' UniqueID='{9C95A61A-FA5A-4272-90BB-C2451BE356A5}'><Cell N='PinX' V='26.37499997690319'/><Cell N='PinY' V='1.437499929642815'/><Cell N='Width' V='4.125000028752481'/><Cell N='LocPinX' V='2.062500014376241' F='Inh'/><Cell N='ColorSchemeIndex' V='50'/><Cell N='ConnectorSchemeIndex' V='50'/><Section N='Paragraph'><Row IX='0'><Cell N='IndLeft' V='0.25'/></Row></Section><Text><pp IX='0'/>EIS Staff Only
</Text></Shape><Shape ID='57' Type='Shape' LineStyle='1' FillStyle='1' TextStyle='3' UniqueID='{5B7CA847-96D4-445A-8476-3273A85F733A}'><Cell N='PinX' V='25.34374987505037'/><Cell N='PinY' V='1.874999972906981'/><Cell N='Width' V='2.062500031292446'/><Cell N='Height' V='0.2499999674883755'/><Cell N='LocPinX' V='1.031250015646223' F='Width*0.5'/><Cell N='LocPinY' V='0.1249999837441878' F='Height*0.5'/><Cell N='Angle' V='0'/><Cell N='FlipX' V='0'/><Cell N='FlipY' V='0'/><Cell N='ResizeMode' V='0'/><Cell N='EventDblClick' V='0' F='OPENTEXTWIN()'/><Cell N='LinePattern' V='0' F='THEMEGUARD(0)'/><Cell N='FillPattern' V='0' F='THEMEGUARD(0)'/><Cell N='ShdwPattern' V='0' F='THEMEGUARD(0)'/><Cell N='ShapeShdwShow' V='2'/><Cell N='LineGradientEnabled' V='0' F='THEMEGUARD(FALSE)'/><Cell N='FillGradientEnabled' V='0' F='THEMEGUARD(FALSE)'/><Cell N='QuickStyleVariation' V='3'/><Section N='Character'><Row IX='0'><Cell N='Style' V='4'/></Row></Section><Section N='Paragraph'><Row IX='0'><Cell N='IndLeft' V='0.25'/><Cell N='HorzAlign' V='0'/></Row></Section><Section N='Geometry' IX='0'><Cell N='NoFill' V='0'/><Cell N='NoLine' V='0'/><Cell N='NoShow' V='0'/><Cell N='NoSnap' V='0'/><Cell N='NoQuickDrag' V='0'/><Row T='RelMoveTo' IX='1'><Cell N='X' V='0'/><Cell N='Y' V='0'/></Row><Row T='RelLineTo' IX='2'><Cell N='X' V='1'/><Cell N='Y' V='0'/></Row><Row T='RelLineTo' IX='3'><Cell N='X' V='1'/><Cell N='Y' V='1'/></Row><Row T='RelLineTo' IX='4'><Cell N='X' V='0'/><Cell N='Y' V='1'/></Row><Row T='RelLineTo' IX='5'><Cell N='X' V='0'/><Cell N='Y' V='0'/></Row></Section><Text><cp IX='0'/><pp IX='0'/>AUDIENCE
</Text></Shape><Shape ID='58' NameU='Label - Large.77' IsCustomNameU='1' Name='Label - Large.77' IsCustomName='1' Type='Shape' Master='56' UniqueID='{D96D9242-B062-4F6D-9D22-195B38DE35B8}'><Cell N='PinX' V='26.37499997690319'/><Cell N='PinY' V='0.4374999513172302'/><Cell N='Width' V='4.125000028752481'/><Cell N='LocPinX' V='2.062500014376241' F='Inh'/><Cell N='ColorSchemeIndex' V='50'/><Cell N='ConnectorSchemeIndex' V='50'/><Section N='Paragraph'><Row IX='0'><Cell N='IndLeft' V='0.25'/></Row></Section><Text><pp IX='0'/>???
</Text></Shape><Shape ID='59' Type='Shape' LineStyle='1' FillStyle='1' TextStyle='3' UniqueID='{B3442A87-C96B-4C3C-B486-66B63E9ADB25}'><Cell N='PinX' V='25.34374987505037'/><Cell N='PinY' V='0.8749999945813958'/><Cell N='Width' V='2.062500031292444'/><Cell N='Height' V='0.2499999674883755'/><Cell N='LocPinX' V='1.031250015646222' F='Width*0.5'/><Cell N='LocPinY' V='0.1249999837441878' F='Height*0.5'/><Cell N='Angle' V='0'/><Cell N='FlipX' V='0'/><Cell N='FlipY' V='0'/><Cell N='ResizeMode' V='0'/><Cell N='EventDblClick' V='0' F='OPENTEXTWIN()'/><Cell N='LinePattern' V='0' F='THEMEGUARD(0)'/><Cell N='FillPattern' V='0' F='THEMEGUARD(0)'/><Cell N='ShdwPattern' V='0' F='THEMEGUARD(0)'/><Cell N='ShapeShdwShow' V='2'/><Cell N='LineGradientEnabled' V='0' F='THEMEGUARD(FALSE)'/><Cell N='FillGradientEnabled' V='0' F='THEMEGUARD(FALSE)'/><Cell N='QuickStyleVariation' V='3'/><Section N='Character'><Row IX='0'><Cell N='Style' V='4'/></Row></Section><Section N='Paragraph'><Row IX='0'><Cell N='IndLeft' V='0.25'/><Cell N='HorzAlign' V='0'/></Row></Section><Section N='Geometry' IX='0'><Cell N='NoFill' V='0'/><Cell N='NoLine' V='0'/><Cell N='NoShow' V='0'/><Cell N='NoSnap' V='0'/><Cell N='NoQuickDrag' V='0'/><Row T='RelMoveTo' IX='1'><Cell N='X' V='0'/><Cell N='Y' V='0'/></Row><Row T='RelLineTo' IX='2'><Cell N='X' V='1'/><Cell N='Y' V='0'/></Row><Row T='RelLineTo' IX='3'><Cell N='X' V='1'/><Cell N='Y' V='1'/></Row><Row T='RelLineTo' IX='4'><Cell N='X' V='0'/><Cell N='Y' V='1'/></Row><Row T='RelLineTo' IX='5'><Cell N='X' V='0'/><Cell N='Y' V='0'/></Row></Section><Text><cp IX='0'/><pp IX='0'/>CATALOG
</Text></Shape><Shape ID='60' NameU='Label - Large.79' IsCustomNameU='1' Name='Label - Large.79' IsCustomName='1' Type='Shape' Master='56' UniqueID='{7F827FF1-41D8-42F6-A09E-0BFF197F04A4}'><Cell N='PinX' V='12.43750005791133'/><Cell N='PinY' V='1.437499929642815'/><Cell N='Width' V='5.624999884177342'/><Cell N='LocPinX' V='2.812499942088671' F='Inh'/><Cell N='ColorSchemeIndex' V='50'/><Cell N='ConnectorSchemeIndex' V='50'/><Section N='Paragraph'><Row IX='0'><Cell N='IndLeft' V='0.25'/></Row></Section><Text><pp IX='0'/>DMV at OSCI
</Text></Shape><Shape ID='61' NameU='Rectangle.80' IsCustomNameU='1' Name='Rectangle.80' IsCustomName='1' Type='Shape' Master='51' UniqueID='{187C9D4F-F535-45FA-A562-C4ED9CB9A44C}'><Cell N='PinX' V='13.12499999132177'/><Cell N='PinY' V='1.5'/><Cell N='Width' V='7.000000047158785'/><Cell N='Height' V='1'/><Cell N='LocPinX' V='3.500000023579393' F='Inh'/><Cell N='LocPinY' V='0.5' F='Inh'/><Cell N='LineWeight' V='0.01388888888888889' U='PT' F='Inh'/><Cell N='LineColor' V='#0c0c0c' F='THEMEGUARD(MSOTINT(RGB(0,0,0),5))'/><Cell N='FillPattern' V='0'/><Cell N='FillGradientEnabled' V='0'/><Section N='Connection'><Row T='Connection' IX='0'><Cell N='X' V='3.500000023579393' F='Inh'/><Cell N='Y' V='0' F='Inh'/></Row><Row T='Connection' IX='1'><Cell N='X' V='7.000000047158785' F='Inh'/><Cell N='Y' V='0.5' F='Inh'/></Row><Row T='Connection' IX='2'><Cell N='X' V='3.500000023579393' F='Inh'/><Cell N='Y' V='1' F='Inh'/></Row><Row T='Connection' IX='3'><Cell N='X' V='0' F='Inh'/><Cell N='Y' V='0.5' F='Inh'/></Row><Row T='Connection' IX='4'><Cell N='X' V='3.500000023579393' F='Inh'/><Cell N='Y' V='0.5' F='Inh'/></Row></Section><Section N='Geometry' IX='0'><Row T='MoveTo' IX='1'><Cell N='X' V='0' F='Inh'/><Cell N='Y' V='0' F='Inh'/></Row><Row T='LineTo' IX='2'><Cell N='X' V='7.000000047158785' F='Inh'/><Cell N='Y' V='0' F='Inh'/></Row><Row T='LineTo' IX='3'><Cell N='X' V='7.000000047158785' F='Inh'/><Cell N='Y' V='1' F='Inh'/></Row><Row T='LineTo' IX='4'><Cell N='X' V='0' F='Inh'/><Cell N='Y' V='1' F='Inh'/></Row><Row T='LineTo' IX='5'><Cell N='X' V='0' F='Inh'/><Cell N='Y' V='0' F='Inh'/></Row></Section></Shape><Shape ID='62' Type='Shape' LineStyle='1' FillStyle='1' TextStyle='3' UniqueID='{544C755C-79A6-4B6F-B1FB-739F1CB52DD1}'><Cell N='PinX' V='11.28125002836301'/><Cell N='PinY' V='1.874999972906981'/><Cell N='Width' V='3.312500031326301'/><Cell N='Height' V='0.2499999674883755'/><Cell N='LocPinX' V='1.656250015663151' F='Width*0.5'/><Cell N='LocPinY' V='0.1249999837441878' F='Height*0.5'/><Cell N='Angle' V='0'/><Cell N='FlipX' V='0'/><Cell N='FlipY' V='0'/><Cell N='ResizeMode' V='0'/><Cell N='EventDblClick' V='0' F='OPENTEXTWIN()'/><Cell N='LinePattern' V='0' F='THEMEGUARD(0)'/><Cell N='FillPattern' V='0' F='THEMEGUARD(0)'/><Cell N='ShdwPattern' V='0' F='THEMEGUARD(0)'/><Cell N='ShapeShdwShow' V='2'/><Cell N='LineGradientEnabled' V='0' F='THEMEGUARD(FALSE)'/><Cell N='FillGradientEnabled' V='0' F='THEMEGUARD(FALSE)'/><Cell N='QuickStyleVariation' V='3'/><Section N='Character'><Row IX='0'><Cell N='Style' V='4'/></Row></Section><Section N='Paragraph'><Row IX='0'><Cell N='IndLeft' V='0.25'/><Cell N='HorzAlign' V='0'/></Row></Section><Section N='Geometry' IX='0'><Cell N='NoFill' V='0'/><Cell N='NoLine' V='0'/><Cell N='NoShow' V='0'/><Cell N='NoSnap' V='0'/><Cell N='NoQuickDrag' V='0'/><Row T='RelMoveTo' IX='1'><Cell N='X' V='0'/><Cell N='Y' V='0'/></Row><Row T='RelLineTo' IX='2'><Cell N='X' V='1'/><Cell N='Y' V='0'/></Row><Row T='RelLineTo' IX='3'><Cell N='X' V='1'/><Cell N='Y' V='1'/></Row><Row T='RelLineTo' IX='4'><Cell N='X' V='0'/><Cell N='Y' V='1'/></Row><Row T='RelLineTo' IX='5'><Cell N='X' V='0'/><Cell N='Y' V='0'/></Row></Section><Text><cp IX='0'/><pp IX='0'/>PROJECT/NETWORK NAME
</Text></Shape><Shape ID='63' NameU='Rectangle.63' Name='Rectangle.63' Type='Shape' Master='51' UniqueID='{8F21C7BC-9221-4165-BA8E-A03B373D3D56}'><Cell N='PinX' V='14.87499997317791'/><Cell N='PinY' V='0.5'/><Cell N='Width' V='3.500000083446507'/><Cell N='Height' V='1'/><Cell N='LocPinX' V='1.750000041723253' F='Inh'/><Cell N='LocPinY' V='0.5' F='Inh'/><Cell N='LineWeight' V='0.01388888888888889' U='PT' F='Inh'/><Cell N='LineColor' V='#0c0c0c' F='THEMEGUARD(MSOTINT(RGB(0,0,0),5))'/><Cell N='FillPattern' V='0'/><Cell N='FillGradientEnabled' V='0'/><Section N='Connection'><Row T='Connection' IX='0'><Cell N='X' V='1.750000041723253' F='Inh'/><Cell N='Y' V='0' F='Inh'/></Row><Row T='Connection' IX='1'><Cell N='X' V='3.500000083446507' F='Inh'/><Cell N='Y' V='0.5' F='Inh'/></Row><Row T='Connection' IX='2'><Cell N='X' V='1.750000041723253' F='Inh'/><Cell N='Y' V='1' F='Inh'/></Row><Row T='Connection' IX='3'><Cell N='X' V='0' F='Inh'/><Cell N='Y' V='0.5' F='Inh'/></Row><Row T='Connection' IX='4'><Cell N='X' V='1.750000041723253' F='Inh'/><Cell N='Y' V='0.5' F='Inh'/></Row></Section><Section N='Geometry' IX='0'><Row T='MoveTo' IX='1'><Cell N='X' V='0' F='Inh'/><Cell N='Y' V='0' F='Inh'/></Row><Row T='LineTo' IX='2'><Cell N='X' V='3.500000083446507' F='Inh'/><Cell N='Y' V='0' F='Inh'/></Row><Row T='LineTo' IX='3'><Cell N='X' V='3.500000083446507' F='Inh'/><Cell N='Y' V='1' F='Inh'/></Row><Row T='LineTo' IX='4'><Cell N='X' V='0' F='Inh'/><Cell N='Y' V='1' F='Inh'/></Row><Row T='LineTo' IX='5'><Cell N='X' V='0' F='Inh'/><Cell N='Y' V='0' F='Inh'/></Row></Section></Shape><Shape ID='64' NameU='Label - Large.83' IsCustomNameU='1' Name='Label - Large.83' IsCustomName='1' Type='Shape' Master='56' UniqueID='{9A6BE64C-7751-44FC-B780-A9C157492E17}'><Cell N='PinX' V='11.37500005791133'/><Cell N='PinY' V='0.4374999729916453'/><Cell N='Width' V='3.499999884177342'/><Cell N='LocPinX' V='1.749999942088671' F='Inh'/><Cell N='ColorSchemeIndex' V='50'/><Cell N='ConnectorSchemeIndex' V='50'/><Section N='Paragraph'><Row IX='0'><Cell N='IndLeft' V='0.25'/></Row></Section><Text><pp IX='0'/>V3.1
</Text></Shape><Shape ID='65' Type='Shape' LineStyle='1' FillStyle='1' TextStyle='3' UniqueID='{24A93234-163D-4C3F-9C9D-F9C58A4F54C6}'><Cell N='PinX' V='11.28125002836301'/><Cell N='PinY' V='0.8750000162558127'/><Cell N='Width' V='3.312500031326301'/><Cell N='Height' V='0.2499999674883755'/><Cell N='LocPinX' V='1.656250015663151' F='Width*0.5'/><Cell N='LocPinY' V='0.1249999837441878' F='Height*0.5'/><Cell N='Angle' V='0'/><Cell N='FlipX' V='0'/><Cell N='FlipY' V='0'/><Cell N='ResizeMode' V='0'/><Cell N='EventDblClick' V='0' F='OPENTEXTWIN()'/><Cell N='LinePattern' V='0' F='THEMEGUARD(0)'/><Cell N='FillPattern' V='0' F='THEMEGUARD(0)'/><Cell N='ShdwPattern' V='0' F='THEMEGUARD(0)'/><Cell N='ShapeShdwShow' V='2'/><Cell N='LineGradientEnabled' V='0' F='THEMEGUARD(FALSE)'/><Cell N='FillGradientEnabled' V='0' F='THEMEGUARD(FALSE)'/><Cell N='QuickStyleVariation' V='3'/><Section N='Character'><Row IX='0'><Cell N='Style' V='4'/></Row></Section><Section N='Paragraph'><Row IX='0'><Cell N='IndLeft' V='0.25'/><Cell N='HorzAlign' V='0'/></Row></Section><Section N='Geometry' IX='0'><Cell N='NoFill' V='0'/><Cell N='NoLine' V='0'/><Cell N='NoShow' V='0'/><Cell N='NoSnap' V='0'/><Cell N='NoQuickDrag' V='0'/><Row T='RelMoveTo' IX='1'><Cell N='X' V='0'/><Cell N='Y' V='0'/></Row><Row T='RelLineTo' IX='2'><Cell N='X' V='1'/><Cell N='Y' V='0'/></Row><Row T='RelLineTo' IX='3'><Cell N='X' V='1'/><Cell N='Y' V='1'/></Row><Row T='RelLineTo' IX='4'><Cell N='X' V='0'/><Cell N='Y' V='1'/></Row><Row T='RelLineTo' IX='5'><Cell N='X' V='0'/><Cell N='Y' V='0'/></Row></Section><Text><cp IX='0'/><pp IX='0'/>VERSION
</Text></Shape><Shape ID='66' NameU='Rectangle.85' IsCustomNameU='1' Name='Rectangle.85' IsCustomName='1' Type='Shape' Master='51' UniqueID='{C980E104-33C6-4488-9828-F9A3B1B1BFEE}'><Cell N='PinX' V='11.37499988973141'/><Cell N='PinY' V='0.5'/><Cell N='Width' V='3.500000083446506'/><Cell N='Height' V='1'/><Cell N='LocPinX' V='1.750000041723253' F='Inh'/><Cell N='LocPinY' V='0.5' F='Inh'/><Cell N='LineWeight' V='0.01388888888888889' U='PT' F='Inh'/><Cell N='LineColor' V='#0c0c0c' F='THEMEGUARD(MSOTINT(RGB(0,0,0),5))'/><Cell N='FillPattern' V='0'/><Cell N='FillGradientEnabled' V='0'/><Section N='Connection'><Row T='Connection' IX='0'><Cell N='X' V='1.750000041723253' F='Inh'/><Cell N='Y' V='0' F='Inh'/></Row><Row T='Connection' IX='1'><Cell N='X' V='3.500000083446506' F='Inh'/><Cell N='Y' V='0.5' F='Inh'/></Row><Row T='Connection' IX='2'><Cell N='X' V='1.750000041723253' F='Inh'/><Cell N='Y' V='1' F='Inh'/></Row><Row T='Connection' IX='3'><Cell N='X' V='0' F='Inh'/><Cell N='Y' V='0.5' F='Inh'/></Row><Row T='Connection' IX='4'><Cell N='X' V='1.750000041723253' F='Inh'/><Cell N='Y' V='0.5' F='Inh'/></Row></Section><Section N='Geometry' IX='0'><Row T='MoveTo' IX='1'><Cell N='X' V='0' F='Inh'/><Cell N='Y' V='0' F='Inh'/></Row><Row T='LineTo' IX='2'><Cell N='X' V='3.500000083446506' F='Inh'/><Cell N='Y' V='0' F='Inh'/></Row><Row T='LineTo' IX='3'><Cell N='X' V='3.500000083446506' F='Inh'/><Cell N='Y' V='1' F='Inh'/></Row><Row T='LineTo' IX='4'><Cell N='X' V='0' F='Inh'/><Cell N='Y' V='1' F='Inh'/></Row><Row T='LineTo' IX='5'><Cell N='X' V='0' F='Inh'/><Cell N='Y' V='0' F='Inh'/></Row></Section></Shape><Shape ID='67' NameU='Label - Large.86' IsCustomNameU='1' Name='Label - Large.86' IsCustomName='1' Type='Shape' Master='56' UniqueID='{FBDB1514-EB92-442D-B8FE-81AFA0E33DB4}'><Cell N='PinX' V='14.87500004521148'/><Cell N='PinY' V='0.4374999729916453'/><Cell N='Width' V='3.499999884177342'/><Cell N='LocPinX' V='1.749999942088671' F='Inh'/><Cell N='ColorSchemeIndex' V='50'/><Cell N='ConnectorSchemeIndex' V='50'/><Cell N='SketchEnabled' V='0'/><Cell N='QuickStyleVariation' V='0'/><Section N='Paragraph'><Row IX='0'><Cell N='IndLeft' V='0.25'/></Row></Section><Section N='Field'><Row IX='0'><Cell N='Value' V='2025-06-18T17:02:12' U='DATE' F='DOCLASTEDIT()'/><Cell N='Format' V='{&lt;202&gt;}' U='STR' F='FIELDPICTURE(202)'/><Cell N='Type' V='5'/><Cell N='UICat' V='1'/><Cell N='UICod' V='4'/><Cell N='UIFmt' V='202'/><Cell N='Calendar' V='0'/><Cell N='ObjectKind' V='0'/></Row></Section><Section N='Character'><Row IX='1'><Cell N='Font' V='Themed' F='THEMEVAL()'/><Cell N='Color' V='#000000' F='THEMEGUARD(RGB(0,0,0))'/><Cell N='Style' V='17'/><Cell N='Case' V='0'/><Cell N='Pos' V='0'/><Cell N='FontScale' V='1'/><Cell N='Size' V='0.3333333333333333' U='PT'/><Cell N='DblUnderline' V='0'/><Cell N='Overline' V='0'/><Cell N='Strikethru' V='0'/><Cell N='DoubleStrikethrough' V='0'/><Cell N='Letterspace' V='0'/><Cell N='ColorTrans' V='0'/><Cell N='AsianFont' V='Themed' F='THEMEVAL()'/><Cell N='ComplexScriptFont' V='Themed' F='THEMEVAL()'/><Cell N='ComplexScriptSize' V='-1'/><Cell N='LangID' V='en-US'/></Row></Section><Text><cp IX='0'/><pp IX='0'/><tp IX='0'/><fld IX='0'>June 18, 2025</fld><cp IX='1'/>
</Text></Shape><Shape ID='68' Type='Shape' LineStyle='1' FillStyle='1' TextStyle='3' UniqueID='{34025470-D6B8-469F-ABC9-B19BD96A8989}'><Cell N='PinX' V='14.78125001566315'/><Cell N='PinY' V='0.8750000162558127'/><Cell N='Width' V='3.312500031326301'/><Cell N='Height' V='0.2499999674883755'/><Cell N='LocPinX' V='1.656250015663151' F='Width*0.5'/><Cell N='LocPinY' V='0.1249999837441878' F='Height*0.5'/><Cell N='Angle' V='0'/><Cell N='FlipX' V='0'/><Cell N='FlipY' V='0'/><Cell N='ResizeMode' V='0'/><Cell N='EventDblClick' V='0' F='OPENTEXTWIN()'/><Cell N='LinePattern' V='0' F='THEMEGUARD(0)'/><Cell N='FillPattern' V='0' F='THEMEGUARD(0)'/><Cell N='ShdwPattern' V='0' F='THEMEGUARD(0)'/><Cell N='ShapeShdwShow' V='2'/><Cell N='LineGradientEnabled' V='0' F='THEMEGUARD(FALSE)'/><Cell N='FillGradientEnabled' V='0' F='THEMEGUARD(FALSE)'/><Cell N='QuickStyleVariation' V='3'/><Section N='Character'><Row IX='0'><Cell N='Style' V='4'/></Row></Section><Section N='Paragraph'><Row IX='0'><Cell N='IndLeft' V='0.25'/><Cell N='HorzAlign' V='0'/></Row></Section><Section N='Geometry' IX='0'><Cell N='NoFill' V='0'/><Cell N='NoLine' V='0'/><Cell N='NoShow' V='0'/><Cell N='NoSnap' V='0'/><Cell N='NoQuickDrag' V='0'/><Row T='RelMoveTo' IX='1'><Cell N='X' V='0'/><Cell N='Y' V='0'/></Row><Row T='RelLineTo' IX='2'><Cell N='X' V='1'/><Cell N='Y' V='0'/></Row><Row T='RelLineTo' IX='3'><Cell N='X' V='1'/><Cell N='Y' V='1'/></Row><Row T='RelLineTo' IX='4'><Cell N='X' V='0'/><Cell N='Y' V='1'/></Row><Row T='RelLineTo' IX='5'><Cell N='X' V='0'/><Cell N='Y' V='0'/></Row></Section><Text><cp IX='0'/><pp IX='0'/>EFFECTIVE DATE
</Text></Shape><Shape ID='69' NameU='Rectangle.88' IsCustomNameU='1' Name='Rectangle.88' IsCustomName='1' Type='Shape' Master='51' UniqueID='{8669BABF-E170-4287-9FB7-69FCA5AA69A6}'><Cell N='PinX' V='30.5'/><Cell N='PinY' V='1.5'/><Cell N='Width' V='4.125000164132906'/><Cell N='Height' V='1'/><Cell N='LocPinX' V='2.062500082066453' F='Inh'/><Cell N='LocPinY' V='0.5' F='Inh'/><Cell N='LineWeight' V='0.01388888888888889' U='PT' F='Inh'/><Cell N='LineColor' V='#0c0c0c' F='THEMEGUARD(MSOTINT(RGB(0,0,0),5))'/><Cell N='FillPattern' V='0'/><Cell N='FillGradientEnabled' V='0'/><Section N='Connection'><Row T='Connection' IX='0'><Cell N='X' V='2.062500082066453' F='Inh'/><Cell N='Y' V='0' F='Inh'/></Row><Row T='Connection' IX='1'><Cell N='X' V='4.125000164132906' F='Inh'/><Cell N='Y' V='0.5' F='Inh'/></Row><Row T='Connection' IX='2'><Cell N='X' V='2.062500082066453' F='Inh'/><Cell N='Y' V='1' F='Inh'/></Row><Row T='Connection' IX='3'><Cell N='X' V='0' F='Inh'/><Cell N='Y' V='0.5' F='Inh'/></Row><Row T='Connection' IX='4'><Cell N='X' V='2.062500082066453' F='Inh'/><Cell N='Y' V='0.5' F='Inh'/></Row></Section><Section N='Geometry' IX='0'><Row T='MoveTo' IX='1'><Cell N='X' V='0' F='Inh'/><Cell N='Y' V='0' F='Inh'/></Row><Row T='LineTo' IX='2'><Cell N='X' V='4.125000164132906' F='Inh'/><Cell N='Y' V='0' F='Inh'/></Row><Row T='LineTo' IX='3'><Cell N='X' V='4.125000164132906' F='Inh'/><Cell N='Y' V='1' F='Inh'/></Row><Row T='LineTo' IX='4'><Cell N='X' V='0' F='Inh'/><Cell N='Y' V='1' F='Inh'/></Row><Row T='LineTo' IX='5'><Cell N='X' V='0' F='Inh'/><Cell N='Y' V='0' F='Inh'/></Row></Section></Shape><Shape ID='70' NameU='Rectangle.89' IsCustomNameU='1' Name='Rectangle.89' IsCustomName='1' Type='Shape' Master='51' UniqueID='{8D031D05-1AE0-4C29-ABA1-9C45C3234C42}'><Cell N='PinX' V='30.5'/><Cell N='PinY' V='0.5'/><Cell N='Width' V='4.125000164132892'/><Cell N='Height' V='1'/><Cell N='LocPinX' V='2.062500082066446' F='Inh'/><Cell N='LocPinY' V='0.5' F='Inh'/><Cell N='LineWeight' V='0.01388888888888889' U='PT' F='Inh'/><Cell N='LineColor' V='#0c0c0c' F='THEMEGUARD(MSOTINT(RGB(0,0,0),5))'/><Cell N='FillPattern' V='0'/><Cell N='FillGradientEnabled' V='0'/><Section N='Connection'><Row T='Connection' IX='0'><Cell N='X' V='2.062500082066446' F='Inh'/><Cell N='Y' V='0' F='Inh'/></Row><Row T='Connection' IX='1'><Cell N='X' V='4.125000164132892' F='Inh'/><Cell N='Y' V='0.5' F='Inh'/></Row><Row T='Connection' IX='2'><Cell N='X' V='2.062500082066446' F='Inh'/><Cell N='Y' V='1' F='Inh'/></Row><Row T='Connection' IX='3'><Cell N='X' V='0' F='Inh'/><Cell N='Y' V='0.5' F='Inh'/></Row><Row T='Connection' IX='4'><Cell N='X' V='2.062500082066446' F='Inh'/><Cell N='Y' V='0.5' F='Inh'/></Row></Section><Section N='Geometry' IX='0'><Row T='MoveTo' IX='1'><Cell N='X' V='0' F='Inh'/><Cell N='Y' V='0' F='Inh'/></Row><Row T='LineTo' IX='2'><Cell N='X' V='4.125000164132892' F='Inh'/><Cell N='Y' V='0' F='Inh'/></Row><Row T='LineTo' IX='3'><Cell N='X' V='4.125000164132892' F='Inh'/><Cell N='Y' V='1' F='Inh'/></Row><Row T='LineTo' IX='4'><Cell N='X' V='0' F='Inh'/><Cell N='Y' V='1' F='Inh'/></Row><Row T='LineTo' IX='5'><Cell N='X' V='0' F='Inh'/><Cell N='Y' V='0' F='Inh'/></Row></Section></Shape><Shape ID='71' NameU='Label - Large.90' IsCustomNameU='1' Name='Label - Large.90' IsCustomName='1' Type='Shape' Master='56' UniqueID='{F573B135-492C-407C-92EC-7447EA47D2B3}'><Cell N='PinX' V='30.50000006769022'/><Cell N='PinY' V='1.437499929642815'/><Cell N='Width' V='4.125000028752481'/><Cell N='LocPinX' V='2.062500014376241' F='Inh'/><Cell N='ColorSchemeIndex' V='50'/><Cell N='ConnectorSchemeIndex' V='50'/><Section N='Paragraph'><Row IX='0'><Cell N='IndLeft' V='0.25'/></Row></Section><Section N='Character'><Row IX='0'><Cell N='Color' V='#ff0000' F='THEMEGUARD(RGB(255,0,0))'/></Row></Section><Text><cp IX='0'/><pp IX='0'/>LEVEL 3 - RESTRICTED
</Text></Shape><Shape ID='72' Type='Shape' LineStyle='1' FillStyle='1' TextStyle='3' UniqueID='{BA742100-26FE-4B90-A291-561B29AF807D}'><Cell N='PinX' V='29.4687499658374'/><Cell N='PinY' V='1.874999972906981'/><Cell N='Width' V='2.062500031292446'/><Cell N='Height' V='0.2499999674883755'/><Cell N='LocPinX' V='1.031250015646223' F='Width*0.5'/><Cell N='LocPinY' V='0.1249999837441878' F='Height*0.5'/><Cell N='Angle' V='0'/><Cell N='FlipX' V='0'/><Cell N='FlipY' V='0'/><Cell N='ResizeMode' V='0'/><Cell N='EventDblClick' V='0' F='OPENTEXTWIN()'/><Cell N='LinePattern' V='0' F='THEMEGUARD(0)'/><Cell N='FillPattern' V='0' F='THEMEGUARD(0)'/><Cell N='ShdwPattern' V='0' F='THEMEGUARD(0)'/><Cell N='ShapeShdwShow' V='2'/><Cell N='LineGradientEnabled' V='0' F='THEMEGUARD(FALSE)'/><Cell N='FillGradientEnabled' V='0' F='THEMEGUARD(FALSE)'/><Cell N='QuickStyleVariation' V='3'/><Section N='Character'><Row IX='0'><Cell N='Style' V='4'/></Row></Section><Section N='Paragraph'><Row IX='0'><Cell N='IndLeft' V='0.25'/><Cell N='HorzAlign' V='0'/></Row></Section><Section N='Geometry' IX='0'><Cell N='NoFill' V='0'/><Cell N='NoLine' V='0'/><Cell N='NoShow' V='0'/><Cell N='NoSnap' V='0'/><Cell N='NoQuickDrag' V='0'/><Row T='RelMoveTo' IX='1'><Cell N='X' V='0'/><Cell N='Y' V='0'/></Row><Row T='RelLineTo' IX='2'><Cell N='X' V='1'/><Cell N='Y' V='0'/></Row><Row T='RelLineTo' IX='3'><Cell N='X' V='1'/><Cell N='Y' V='1'/></Row><Row T='RelLineTo' IX='4'><Cell N='X' V='0'/><Cell N='Y' V='1'/></Row><Row T='RelLineTo' IX='5'><Cell N='X' V='0'/><Cell N='Y' V='0'/></Row></Section><Text><cp IX='0'/><pp IX='0'/>CLASSIFICATION
</Text></Shape><Shape ID='73' NameU='Label - Large.92' IsCustomNameU='1' Name='Label - Large.92' IsCustomName='1' Type='Shape' Master='56' UniqueID='{D96096AB-A8C6-4FD1-8095-69FB231D62A6}'><Cell N='PinX' V='30.50000006769022'/><Cell N='PinY' V='0.4374999513172302'/><Cell N='Width' V='4.125000028752481'/><Cell N='LocPinX' V='2.062500014376241' F='Inh'/><Cell N='ColorSchemeIndex' V='50'/><Cell N='ConnectorSchemeIndex' V='50'/><Section N='Paragraph'><Row IX='0'><Cell N='IndLeft' V='0.25'/></Row></Section><Section N='Character'><Row IX='0'><Cell N='Color' V='#ff0000' F='THEMEGUARD(RGB(255,0,0))'/></Row></Section><Text><cp IX='0'/><pp IX='0'/>RED+STRICT
</Text></Shape><Shape ID='74' Type='Shape' LineStyle='1' FillStyle='1' TextStyle='3' UniqueID='{2E7F8E73-5EA9-4278-B375-5639AB717D3E}'><Cell N='PinX' V='29.4687499658374'/><Cell N='PinY' V='0.8749999945813958'/><Cell N='Width' V='2.062500031292444'/><Cell N='Height' V='0.2499999674883755'/><Cell N='LocPinX' V='1.031250015646222' F='Width*0.5'/><Cell N='LocPinY' V='0.1249999837441878' F='Height*0.5'/><Cell N='Angle' V='0'/><Cell N='FlipX' V='0'/><Cell N='FlipY' V='0'/><Cell N='ResizeMode' V='0'/><Cell N='EventDblClick' V='0' F='OPENTEXTWIN()'/><Cell N='LinePattern' V='0' F='THEMEGUARD(0)'/><Cell N='FillPattern' V='0' F='THEMEGUARD(0)'/><Cell N='ShdwPattern' V='0' F='THEMEGUARD(0)'/><Cell N='ShapeShdwShow' V='2'/><Cell N='LineGradientEnabled' V='0' F='THEMEGUARD(FALSE)'/><Cell N='FillGradientEnabled' V='0' F='THEMEGUARD(FALSE)'/><Cell N='QuickStyleVariation' V='3'/><Section N='Character'><Row IX='0'><Cell N='Style' V='4'/></Row></Section><Section N='Paragraph'><Row IX='0'><Cell N='IndLeft' V='0.25'/><Cell N='HorzAlign' V='0'/></Row></Section><Section N='Geometry' IX='0'><Cell N='NoFill' V='0'/><Cell N='NoLine' V='0'/><Cell N='NoShow' V='0'/><Cell N='NoSnap' V='0'/><Cell N='NoQuickDrag' V='0'/><Row T='RelMoveTo' IX='1'><Cell N='X' V='0'/><Cell N='Y' V='0'/></Row><Row T='RelLineTo' IX='2'><Cell N='X' V='1'/><Cell N='Y' V='0'/></Row><Row T='RelLineTo' IX='3'><Cell N='X' V='1'/><Cell N='Y' V='1'/></Row><Row T='RelLineTo' IX='4'><Cell N='X' V='0'/><Cell N='Y' V='1'/></Row><Row T='RelLineTo' IX='5'><Cell N='X' V='0'/><Cell N='Y' V='0'/></Row></Section><Text><cp IX='0'/><pp IX='0'/>TLP
</Text></Shape><Shape ID='75' NameU='Rectangle.94' IsCustomNameU='1' Name='Rectangle.94' IsCustomName='1' Type='Shape' Master='51' UniqueID='{BFB3EC94-1F2A-4B36-AC20-B58A77055F80}'><Cell N='PinX' V='41.78124950849028'/><Cell N='PinY' V='1'/><Cell N='Width' V='18.43749889685694'/><Cell N='Height' V='2'/><Cell N='LocPinX' V='9.218749448428468' F='Inh'/><Cell N='LocPinY' V='1' F='Inh'/><Cell N='LineWeight' V='0.01388888888888889' U='PT' F='Inh'/><Cell N='LineColor' V='#0c0c0c' F='THEMEGUARD(MSOTINT(RGB(0,0,0),5))'/><Cell N='FillPattern' V='0'/><Cell N='FillGradientEnabled' V='0'/><Section N='Connection'><Row T='Connection' IX='0'><Cell N='X' V='9.218749448428468' F='Inh'/><Cell N='Y' V='0' F='Inh'/></Row><Row T='Connection' IX='1'><Cell N='X' V='18.43749889685694' F='Inh'/><Cell N='Y' V='1' F='Inh'/></Row><Row T='Connection' IX='2'><Cell N='X' V='9.218749448428468' F='Inh'/><Cell N='Y' V='2' F='Inh'/></Row><Row T='Connection' IX='3'><Cell N='X' V='0' F='Inh'/><Cell N='Y' V='1' F='Inh'/></Row><Row T='Connection' IX='4'><Cell N='X' V='9.218749448428468' F='Inh'/><Cell N='Y' V='1' F='Inh'/></Row></Section><Section N='Geometry' IX='0'><Row T='MoveTo' IX='1'><Cell N='X' V='0' F='Inh'/><Cell N='Y' V='0' F='Inh'/></Row><Row T='LineTo' IX='2'><Cell N='X' V='18.43749889685694' F='Inh'/><Cell N='Y' V='0' F='Inh'/></Row><Row T='LineTo' IX='3'><Cell N='X' V='18.43749889685694' F='Inh'/><Cell N='Y' V='2' F='Inh'/></Row><Row T='LineTo' IX='4'><Cell N='X' V='0' F='Inh'/><Cell N='Y' V='2' F='Inh'/></Row><Row T='LineTo' IX='5'><Cell N='X' V='0' F='Inh'/><Cell N='Y' V='0' F='Inh'/></Row></Section></Shape><Shape ID='76' NameU='Label - Large.95' IsCustomNameU='1' Name='Label - Large.95' IsCustomName='1' Type='Shape' Master='56' UniqueID='{EFDF8366-934B-493F-9498-9FC8FD7B416A}'><Cell N='PinX' V='41.78125009772113'/><Cell N='PinY' V='0.9389205234826594'/><Cell N='Width' V='18.43749980455775'/><Cell N='Height' V='1.559658740523803'/><Cell N='LocPinX' V='9.218749902278873' F='Inh'/><Cell N='LocPinY' V='0.7798293702619016' F='Inh'/><Cell N='ColorSchemeIndex' V='50'/><Cell N='ConnectorSchemeIndex' V='50'/><Cell N='VerticalAlign' V='0'/><Section N='Paragraph'><Row IX='0'><Cell N='IndLeft' V='0.25'/></Row></Section><Section N='Character'><Row IX='0'><Cell N='Color' V='#ff0000' F='THEMEGUARD(RGB(255,0,0))'/><Cell N='Style' V='Themed' F='THEMEVAL()'/><Cell N='Size' V='0.25'/></Row><Row IX='1'><Cell N='Font' V='Themed' F='THEMEVAL()'/><Cell N='Color' V='#ff0000' F='THEMEGUARD(RGB(255,0,0))'/><Cell N='Style' V='Themed' F='THEMEVAL()'/><Cell N='Case' V='0'/><Cell N='Pos' V='0'/><Cell N='FontScale' V='1'/><Cell N='Size' V='0.25'/><Cell N='DblUnderline' V='0'/><Cell N='Overline' V='0'/><Cell N='Strikethru' V='0'/><Cell N='DoubleStrikethrough' V='0'/><Cell N='Letterspace' V='0'/><Cell N='ColorTrans' V='0'/><Cell N='AsianFont' V='Themed' F='THEMEVAL()'/><Cell N='ComplexScriptFont' V='Themed' F='THEMEVAL()'/><Cell N='ComplexScriptSize' V='-1'/><Cell N='LangID' V='en-US'/></Row><Row IX='2'><Cell N='Font' V='Themed' F='THEMEVAL()'/><Cell N='Color' V='#ff0000' F='THEMEGUARD(RGB(255,0,0))'/><Cell N='Style' V='Themed' F='THEMEVAL()'/><Cell N='Case' V='0'/><Cell N='Pos' V='0'/><Cell N='FontScale' V='1'/><Cell N='Size' V='0.25'/><Cell N='DblUnderline' V='0'/><Cell N='Overline' V='0'/><Cell N='Strikethru' V='0'/><Cell N='DoubleStrikethrough' V='0'/><Cell N='Letterspace' V='0'/><Cell N='ColorTrans' V='0'/><Cell N='AsianFont' V='Themed' F='THEMEVAL()'/><Cell N='ComplexScriptFont' V='Themed' F='THEMEVAL()'/><Cell N='ComplexScriptSize' V='-1'/><Cell N='LangID' V='en-US'/></Row><Row IX='3'><Cell N='Font' V='Themed' F='THEMEVAL()'/><Cell N='Color' V='#ff0000' F='THEMEGUARD(RGB(255,0,0))'/><Cell N='Style' V='0'/><Cell N='Case' V='0'/><Cell N='Pos' V='0'/><Cell N='FontScale' V='1'/><Cell N='Size' V='0.25' U='PT'/><Cell N='DblUnderline' V='0'/><Cell N='Overline' V='0'/><Cell N='Strikethru' V='0'/><Cell N='DoubleStrikethrough' V='0'/><Cell N='Letterspace' V='0'/><Cell N='ColorTrans' V='0'/><Cell N='AsianFont' V='Themed' F='THEMEVAL()'/><Cell N='ComplexScriptFont' V='Themed' F='THEMEVAL()'/><Cell N='ComplexScriptSize' V='-1'/><Cell N='LangID' V='en-US'/></Row></Section><Text><cp IX='0'/><pp IX='0'/>ALL NETWORK ARCHITECTURE DIAGRAMS FOR ENTERPRISE SYSTEMS ARE CLASSIFIED AS TLP RED+STRICT AS DIRECTED BY STATE CISO.

<cp IX='1'/>WORK IN PROGRESS!!! NOT A FINAL VERSION.<cp IX='2'/>
<cp IX='3'/>

</Text></Shape><Shape ID='77' Type='Shape' LineStyle='1' FillStyle='1' TextStyle='3' UniqueID='{5F3C057F-0F18-4C92-890B-E925956CC2B0}'><Cell N='PinX' V='33.59375010796569'/><Cell N='PinY' V='1.874999972906981'/><Cell N='Width' V='2.062500031292446'/><Cell N='Height' V='0.2499999674883755'/><Cell N='LocPinX' V='1.031250015646223' F='Width*0.5'/><Cell N='LocPinY' V='0.1249999837441878' F='Height*0.5'/><Cell N='Angle' V='0'/><Cell N='FlipX' V='0'/><Cell N='FlipY' V='0'/><Cell N='ResizeMode' V='0'/><Cell N='EventDblClick' V='0' F='OPENTEXTWIN()'/><Cell N='LinePattern' V='0' F='THEMEGUARD(0)'/><Cell N='FillPattern' V='0' F='THEMEGUARD(0)'/><Cell N='ShdwPattern' V='0' F='THEMEGUARD(0)'/><Cell N='ShapeShdwShow' V='2'/><Cell N='LineGradientEnabled' V='0' F='THEMEGUARD(FALSE)'/><Cell N='FillGradientEnabled' V='0' F='THEMEGUARD(FALSE)'/><Cell N='QuickStyleVariation' V='3'/><Section N='Character'><Row IX='0'><Cell N='Style' V='4'/></Row></Section><Section N='Paragraph'><Row IX='0'><Cell N='IndLeft' V='0.25'/><Cell N='HorzAlign' V='0'/></Row></Section><Section N='Geometry' IX='0'><Cell N='NoFill' V='0'/><Cell N='NoLine' V='0'/><Cell N='NoShow' V='0'/><Cell N='NoSnap' V='0'/><Cell N='NoQuickDrag' V='0'/><Row T='RelMoveTo' IX='1'><Cell N='X' V='0'/><Cell N='Y' V='0'/></Row><Row T='RelLineTo' IX='2'><Cell N='X' V='1'/><Cell N='Y' V='0'/></Row><Row T='RelLineTo' IX='3'><Cell N='X' V='1'/><Cell N='Y' V='1'/></Row><Row T='RelLineTo' IX='4'><Cell N='X' V='0'/><Cell N='Y' V='1'/></Row><Row T='RelLineTo' IX='5'><Cell N='X' V='0'/><Cell N='Y' V='0'/></Row></Section><Text><cp IX='0'/><pp IX='0'/>NOTES
</Text></Shape></Shapes></PageContents>