<?xml version='1.0' encoding='utf-8' ?>
<PageContents xmlns='http://schemas.microsoft.com/office/visio/2012/main' xmlns:r='http://schemas.openxmlformats.org/officeDocument/2006/relationships' xml:space='preserve'><Shapes><Shape ID='2' NameU='Rectangle' Name='Rectangle' Type='Shape' Master='51'><Cell N='PinX' V='4.812500316522669'/><Cell N='PinY' V='1.624999987892807'/><Cell N='Width' V='9.624999939464033'/><Cell N='Height' V='3.249999975785613'/><Cell N='LocPinX' V='4.812499969732016' F='Inh'/><Cell N='LocPinY' V='1.624999987892807' F='Inh'/><Cell N='LineWeight' V='0.01388888888888889' U='PT' F='Inh'/><Cell N='LineColor' V='#3f3f3f' F='THEMEGUARD(MSOTINT(THEMEVAL("Light"),-75))'/><Cell N='FillPattern' V='0'/><Cell N='FillGradientEnabled' V='0'/><Section N='Connection'><Row T='Connection' IX='0'><Cell N='X' V='4.812499969732016' F='Inh'/><Cell N='Y' V='0' F='Inh'/></Row><Row T='Connection' IX='1'><Cell N='X' V='9.624999939464033' F='Inh'/><Cell N='Y' V='1.624999987892807' F='Inh'/></Row><Row T='Connection' IX='2'><Cell N='X' V='4.812499969732016' F='Inh'/><Cell N='Y' V='3.249999975785613' F='Inh'/></Row><Row T='Connection' IX='3'><Cell N='X' V='0' F='Inh'/><Cell N='Y' V='1.624999987892807' F='Inh'/></Row><Row T='Connection' IX='4'><Cell N='X' V='4.812499969732016' F='Inh'/><Cell N='Y' V='1.624999987892807' F='Inh'/></Row></Section><Section N='Geometry' IX='0'><Row T='MoveTo' IX='1'><Cell N='X' V='0' F='Inh'/><Cell N='Y' V='0' F='Inh'/></Row><Row T='LineTo' IX='2'><Cell N='X' V='9.624999939464033' F='Inh'/><Cell N='Y' V='0' F='Inh'/></Row><Row T='LineTo' IX='3'><Cell N='X' V='9.624999939464033' F='Inh'/><Cell N='Y' V='3.249999975785613' F='Inh'/></Row><Row T='LineTo' IX='4'><Cell N='X' V='0' F='Inh'/><Cell N='Y' V='3.249999975785613' F='Inh'/></Row><Row T='LineTo' IX='5'><Cell N='X' V='0' F='Inh'/><Cell N='Y' V='0' F='Inh'/></Row></Section></Shape><Shape ID='3' Type='Foreign' LineStyle='2' FillStyle='2' TextStyle='2'><Cell N='PinX' V='4.812500316522669'/><Cell N='PinY' V='1.624999987892807'/><Cell N='Width' V='7.625000181523232'/><Cell N='Height' V='2.574675382979352'/><Cell N='LocPinX' V='3.812500090761616' F='Width*0.5'/><Cell N='LocPinY' V='1.287337691489676' F='Height*0.5'/><Cell N='Angle' V='0'/><Cell N='FlipX' V='0'/><Cell N='FlipY' V='0'/><Cell N='ResizeMode' V='0'/><Cell N='ImgOffsetX' V='0' F='ImgWidth*0'/><Cell N='ImgOffsetY' V='0' F='ImgHeight*0'/><Cell N='ImgWidth' V='7.625000181523232' F='Width*1'/><Cell N='ImgHeight' V='2.574675382979352' F='Height*1'/><Cell N='ClippingPath' V='' E='#N/A'/><Cell N='TxtPinX' V='3.812500090761616' F='Width*0.5'/><Cell N='TxtPinY' V='0' F='Height*0'/><Cell N='TxtWidth' V='7.625000181523232' F='Width*1'/><Cell N='TxtHeight' V='0' F='Height*0'/><Cell N='TxtLocPinX' V='3.812500090761616' F='TxtWidth*0.5'/><Cell N='TxtLocPinY' V='0' F='TxtHeight*0.5'/><Cell N='TxtAngle' V='0'/><Cell N='VerticalAlign' V='0'/><Section N='Geometry' IX='0'><Cell N='NoFill' V='0'/><Cell N='NoLine' V='0'/><Cell N='NoShow' V='0'/><Cell N='NoSnap' V='0'/><Cell N='NoQuickDrag' V='0'/><Row T='RelMoveTo' IX='1'><Cell N='X' V='0'/><Cell N='Y' V='0'/></Row><Row T='RelLineTo' IX='2'><Cell N='X' V='1'/><Cell N='Y' V='0'/></Row><Row T='RelLineTo' IX='3'><Cell N='X' V='1'/><Cell N='Y' V='1'/></Row><Row T='RelLineTo' IX='4'><Cell N='X' V='0'/><Cell N='Y' V='1'/></Row><Row T='RelLineTo' IX='5'><Cell N='X' V='0'/><Cell N='Y' V='0'/></Row></Section><ForeignData ForeignType='EnhMetaFile' MappingMode='8' ExtentX='230' ExtentY='62'><Rel r:id='rId6'/></ForeignData></Shape><Shape ID='7' NameU='Rectangle.82' IsCustomNameU='1' Name='Rectangle.82' IsCustomName='1' Type='Shape' Master='51'><Cell N='PinX' V='44.24218688786709'/><Cell N='PinY' V='0.531249986897985'/><Cell N='Width' V='13.51562470705672'/><Cell N='Height' V='1.062499973795968'/><Cell N='LocPinX' V='6.757812353528362' F='Inh'/><Cell N='LocPinY' V='0.5312499868979841' F='Inh'/><Cell N='LineWeight' V='0.01388888888888889' U='PT' F='Inh'/><Cell N='LineColor' V='#3f3f3f' F='THEMEGUARD(MSOTINT(THEMEVAL("Light"),-75))'/><Cell N='FillPattern' V='0'/><Cell N='FillGradientEnabled' V='0'/><Section N='Connection'><Row T='Connection' IX='0'><Cell N='X' V='6.757812353528362' F='Inh'/><Cell N='Y' V='0' F='Inh'/></Row><Row T='Connection' IX='1'><Cell N='X' V='13.51562470705672' F='Inh'/><Cell N='Y' V='0.5312499868979841' F='Inh'/></Row><Row T='Connection' IX='2'><Cell N='X' V='6.757812353528362' F='Inh'/><Cell N='Y' V='1.062499973795968' F='Inh'/></Row><Row T='Connection' IX='3'><Cell N='X' V='0' F='Inh'/><Cell N='Y' V='0.5312499868979841' F='Inh'/></Row><Row T='Connection' IX='4'><Cell N='X' V='6.757812353528362' F='Inh'/><Cell N='Y' V='0.5312499868979841' F='Inh'/></Row></Section><Section N='Geometry' IX='0'><Row T='MoveTo' IX='1'><Cell N='X' V='0' F='Inh'/><Cell N='Y' V='0' F='Inh'/></Row><Row T='LineTo' IX='2'><Cell N='X' V='13.51562470705672' F='Inh'/><Cell N='Y' V='0' F='Inh'/></Row><Row T='LineTo' IX='3'><Cell N='X' V='13.51562470705672' F='Inh'/><Cell N='Y' V='1.062499973795968' F='Inh'/></Row><Row T='LineTo' IX='4'><Cell N='X' V='0' F='Inh'/><Cell N='Y' V='1.062499973795968' F='Inh'/></Row><Row T='LineTo' IX='5'><Cell N='X' V='0' F='Inh'/><Cell N='Y' V='0' F='Inh'/></Row></Section></Shape><Shape ID='8' NameU='Rectangle.83' IsCustomNameU='1' Name='Rectangle.83' IsCustomName='1' Type='Shape' Master='51'><Cell N='PinX' V='44.24218688786709'/><Cell N='PinY' V='1.593749960693955'/><Cell N='Width' V='13.51562470705672'/><Cell N='Height' V='1.062499973795968'/><Cell N='LocPinX' V='6.757812353528362' F='Inh'/><Cell N='LocPinY' V='0.5312499868979842' F='Inh'/><Cell N='LineWeight' V='0.01388888888888889' U='PT' F='Inh'/><Cell N='LineColor' V='#3f3f3f' F='THEMEGUARD(MSOTINT(THEMEVAL("Light"),-75))'/><Cell N='FillPattern' V='0'/><Cell N='FillGradientEnabled' V='0'/><Section N='Connection'><Row T='Connection' IX='0'><Cell N='X' V='6.757812353528362' F='Inh'/><Cell N='Y' V='0' F='Inh'/></Row><Row T='Connection' IX='1'><Cell N='X' V='13.51562470705672' F='Inh'/><Cell N='Y' V='0.5312499868979842' F='Inh'/></Row><Row T='Connection' IX='2'><Cell N='X' V='6.757812353528362' F='Inh'/><Cell N='Y' V='1.062499973795968' F='Inh'/></Row><Row T='Connection' IX='3'><Cell N='X' V='0' F='Inh'/><Cell N='Y' V='0.5312499868979842' F='Inh'/></Row><Row T='Connection' IX='4'><Cell N='X' V='6.757812353528362' F='Inh'/><Cell N='Y' V='0.5312499868979842' F='Inh'/></Row></Section><Section N='Geometry' IX='0'><Row T='MoveTo' IX='1'><Cell N='X' V='0' F='Inh'/><Cell N='Y' V='0' F='Inh'/></Row><Row T='LineTo' IX='2'><Cell N='X' V='13.51562470705672' F='Inh'/><Cell N='Y' V='0' F='Inh'/></Row><Row T='LineTo' IX='3'><Cell N='X' V='13.51562470705672' F='Inh'/><Cell N='Y' V='1.062499973795968' F='Inh'/></Row><Row T='LineTo' IX='4'><Cell N='X' V='0' F='Inh'/><Cell N='Y' V='1.062499973795968' F='Inh'/></Row><Row T='LineTo' IX='5'><Cell N='X' V='0' F='Inh'/><Cell N='Y' V='0' F='Inh'/></Row></Section></Shape><Shape ID='9' NameU='Rectangle.84' IsCustomNameU='1' Name='Rectangle.84' IsCustomName='1' Type='Shape' Master='51'><Cell N='PinX' V='44.24218688786709'/><Cell N='PinY' V='2.687499961688777'/><Cell N='Width' V='13.51562470705672'/><Cell N='Height' V='1.125000028193675'/><Cell N='LocPinX' V='6.757812353528362' F='Inh'/><Cell N='LocPinY' V='0.5625000140968375' F='Inh'/><Cell N='LineWeight' V='0.01388888888888889' U='PT' F='Inh'/><Cell N='LineColor' V='#3f3f3f' F='THEMEGUARD(MSOTINT(THEMEVAL("Light"),-75))'/><Cell N='FillPattern' V='0'/><Cell N='FillGradientEnabled' V='0'/><Section N='Connection'><Row T='Connection' IX='0'><Cell N='X' V='6.757812353528362' F='Inh'/><Cell N='Y' V='0' F='Inh'/></Row><Row T='Connection' IX='1'><Cell N='X' V='13.51562470705672' F='Inh'/><Cell N='Y' V='0.5625000140968375' F='Inh'/></Row><Row T='Connection' IX='2'><Cell N='X' V='6.757812353528362' F='Inh'/><Cell N='Y' V='1.125000028193675' F='Inh'/></Row><Row T='Connection' IX='3'><Cell N='X' V='0' F='Inh'/><Cell N='Y' V='0.5625000140968375' F='Inh'/></Row><Row T='Connection' IX='4'><Cell N='X' V='6.757812353528362' F='Inh'/><Cell N='Y' V='0.5625000140968375' F='Inh'/></Row></Section><Section N='Geometry' IX='0'><Row T='MoveTo' IX='1'><Cell N='X' V='0' F='Inh'/><Cell N='Y' V='0' F='Inh'/></Row><Row T='LineTo' IX='2'><Cell N='X' V='13.51562470705672' F='Inh'/><Cell N='Y' V='0' F='Inh'/></Row><Row T='LineTo' IX='3'><Cell N='X' V='13.51562470705672' F='Inh'/><Cell N='Y' V='1.125000028193675' F='Inh'/></Row><Row T='LineTo' IX='4'><Cell N='X' V='0' F='Inh'/><Cell N='Y' V='1.125000028193675' F='Inh'/></Row><Row T='LineTo' IX='5'><Cell N='X' V='0' F='Inh'/><Cell N='Y' V='0' F='Inh'/></Row></Section></Shape><Shape ID='15' Type='Shape' LineStyle='1' FillStyle='1' TextStyle='3'><Cell N='PinX' V='40.00390627713536'/><Cell N='PinY' V='3.124999992041426'/><Cell N='Width' V='5.007812554270707'/><Cell N='Height' V='0.2499999674883755'/><Cell N='LocPinX' V='2.503906277135354' F='Width*0.5'/><Cell N='LocPinY' V='0.1249999837441878' F='Height*0.5'/><Cell N='Angle' V='0'/><Cell N='FlipX' V='0'/><Cell N='FlipY' V='0'/><Cell N='ResizeMode' V='0'/><Cell N='EventDblClick' V='0' F='OPENTEXTWIN()'/><Cell N='LinePattern' V='0' F='THEMEGUARD(0)'/><Cell N='FillPattern' V='0' F='THEMEGUARD(0)'/><Cell N='ShdwPattern' V='0' F='THEMEGUARD(0)'/><Cell N='LineGradientEnabled' V='0' F='THEMEGUARD(FALSE)'/><Cell N='FillGradientEnabled' V='0' F='THEMEGUARD(FALSE)'/><Cell N='QuickStyleVariation' V='3'/><Section N='Paragraph'><Row IX='0'><Cell N='HorzAlign' V='0'/></Row></Section><Section N='Character'><Row IX='0'><Cell N='Style' V='4'/></Row></Section><Section N='Geometry' IX='0'><Cell N='NoFill' V='0'/><Cell N='NoLine' V='0'/><Cell N='NoShow' V='0'/><Cell N='NoSnap' V='0'/><Cell N='NoQuickDrag' V='0'/><Row T='RelMoveTo' IX='1'><Cell N='X' V='0'/><Cell N='Y' V='0'/></Row><Row T='RelLineTo' IX='2'><Cell N='X' V='1'/><Cell N='Y' V='0'/></Row><Row T='RelLineTo' IX='3'><Cell N='X' V='1'/><Cell N='Y' V='1'/></Row><Row T='RelLineTo' IX='4'><Cell N='X' V='0'/><Cell N='Y' V='1'/></Row><Row T='RelLineTo' IX='5'><Cell N='X' V='0'/><Cell N='Y' V='0'/></Row></Section><Text><cp IX='0'/><pp IX='0'/>PROJECT NAME:
</Text></Shape><Shape ID='16' Type='Shape' LineStyle='1' FillStyle='1' TextStyle='3'><Cell N='PinX' V='40.0114820347932'/><Cell N='PinY' V='1.999999963847751'/><Cell N='Width' V='5.007812554270707'/><Cell N='Height' V='0.2499999674883755'/><Cell N='LocPinX' V='2.503906277135354' F='Width*0.5'/><Cell N='LocPinY' V='0.1249999837441878' F='Height*0.5'/><Cell N='Angle' V='0'/><Cell N='FlipX' V='0'/><Cell N='FlipY' V='0'/><Cell N='ResizeMode' V='0'/><Cell N='EventDblClick' V='0' F='OPENTEXTWIN()'/><Cell N='LinePattern' V='0' F='THEMEGUARD(0)'/><Cell N='FillPattern' V='0' F='THEMEGUARD(0)'/><Cell N='ShdwPattern' V='0' F='THEMEGUARD(0)'/><Cell N='LineGradientEnabled' V='0' F='THEMEGUARD(FALSE)'/><Cell N='FillGradientEnabled' V='0' F='THEMEGUARD(FALSE)'/><Cell N='QuickStyleVariation' V='3'/><Section N='Paragraph'><Row IX='0'><Cell N='HorzAlign' V='0'/></Row></Section><Section N='Character'><Row IX='0'><Cell N='Style' V='4'/></Row></Section><Section N='Geometry' IX='0'><Cell N='NoFill' V='0'/><Cell N='NoLine' V='0'/><Cell N='NoShow' V='0'/><Cell N='NoSnap' V='0'/><Cell N='NoQuickDrag' V='0'/><Row T='RelMoveTo' IX='1'><Cell N='X' V='0'/><Cell N='Y' V='0'/></Row><Row T='RelLineTo' IX='2'><Cell N='X' V='1'/><Cell N='Y' V='0'/></Row><Row T='RelLineTo' IX='3'><Cell N='X' V='1'/><Cell N='Y' V='1'/></Row><Row T='RelLineTo' IX='4'><Cell N='X' V='0'/><Cell N='Y' V='1'/></Row><Row T='RelLineTo' IX='5'><Cell N='X' V='0'/><Cell N='Y' V='0'/></Row></Section><Text><cp IX='0'/><pp IX='0'/>FILE NAME/EFFECTIVE DATE
</Text></Shape><Shape ID='17' Type='Shape' LineStyle='1' FillStyle='1' TextStyle='3'><Cell N='PinX' V='40.0114820347932'/><Cell N='PinY' V='0.9374999900517809'/><Cell N='Width' V='5.007812554270707'/><Cell N='Height' V='0.2499999674883755'/><Cell N='LocPinX' V='2.503906277135354' F='Width*0.5'/><Cell N='LocPinY' V='0.1249999837441878' F='Height*0.5'/><Cell N='Angle' V='0'/><Cell N='FlipX' V='0'/><Cell N='FlipY' V='0'/><Cell N='ResizeMode' V='0'/><Cell N='EventDblClick' V='0' F='OPENTEXTWIN()'/><Cell N='LinePattern' V='0' F='THEMEGUARD(0)'/><Cell N='FillPattern' V='0' F='THEMEGUARD(0)'/><Cell N='ShdwPattern' V='0' F='THEMEGUARD(0)'/><Cell N='LineGradientEnabled' V='0' F='THEMEGUARD(FALSE)'/><Cell N='FillGradientEnabled' V='0' F='THEMEGUARD(FALSE)'/><Cell N='QuickStyleVariation' V='3'/><Section N='Paragraph'><Row IX='0'><Cell N='HorzAlign' V='0'/></Row></Section><Section N='Character'><Row IX='0'><Cell N='Style' V='4'/></Row></Section><Section N='Geometry' IX='0'><Cell N='NoFill' V='0'/><Cell N='NoLine' V='0'/><Cell N='NoShow' V='0'/><Cell N='NoSnap' V='0'/><Cell N='NoQuickDrag' V='0'/><Row T='RelMoveTo' IX='1'><Cell N='X' V='0'/><Cell N='Y' V='0'/></Row><Row T='RelLineTo' IX='2'><Cell N='X' V='1'/><Cell N='Y' V='0'/></Row><Row T='RelLineTo' IX='3'><Cell N='X' V='1'/><Cell N='Y' V='1'/></Row><Row T='RelLineTo' IX='4'><Cell N='X' V='0'/><Cell N='Y' V='1'/></Row><Row T='RelLineTo' IX='5'><Cell N='X' V='0'/><Cell N='Y' V='0'/></Row></Section><Text><cp IX='0'/><pp IX='0'/>VERSION NUMBER
</Text></Shape><Shape ID='18' Type='Shape' LineStyle='1' FillStyle='1' TextStyle='3'><Cell N='PinX' V='43.85227270941599'/><Cell N='PinY' V='0.9374999900517809'/><Cell N='Width' V='3.204545315878427'/><Cell N='Height' V='0.2499999674883755'/><Cell N='LocPinX' V='1.602272657939214' F='Width*0.5'/><Cell N='LocPinY' V='0.1249999837441878' F='Height*0.5'/><Cell N='Angle' V='0'/><Cell N='FlipX' V='0'/><Cell N='FlipY' V='0'/><Cell N='ResizeMode' V='0'/><Cell N='EventDblClick' V='0' F='OPENTEXTWIN()'/><Cell N='LinePattern' V='0' F='THEMEGUARD(0)'/><Cell N='FillPattern' V='0' F='THEMEGUARD(0)'/><Cell N='ShdwPattern' V='0' F='THEMEGUARD(0)'/><Cell N='LineGradientEnabled' V='0' F='THEMEGUARD(FALSE)'/><Cell N='FillGradientEnabled' V='0' F='THEMEGUARD(FALSE)'/><Cell N='QuickStyleVariation' V='3'/><Section N='Paragraph'><Row IX='0'><Cell N='HorzAlign' V='0'/></Row></Section><Section N='Character'><Row IX='0'><Cell N='Style' V='4'/></Row></Section><Section N='Geometry' IX='0'><Cell N='NoFill' V='0'/><Cell N='NoLine' V='0'/><Cell N='NoShow' V='0'/><Cell N='NoSnap' V='0'/><Cell N='NoQuickDrag' V='0'/><Row T='RelMoveTo' IX='1'><Cell N='X' V='0'/><Cell N='Y' V='0'/></Row><Row T='RelLineTo' IX='2'><Cell N='X' V='1'/><Cell N='Y' V='0'/></Row><Row T='RelLineTo' IX='3'><Cell N='X' V='1'/><Cell N='Y' V='1'/></Row><Row T='RelLineTo' IX='4'><Cell N='X' V='0'/><Cell N='Y' V='1'/></Row><Row T='RelLineTo' IX='5'><Cell N='X' V='0'/><Cell N='Y' V='0'/></Row></Section><Text><cp IX='0'/><pp IX='0'/>CATALOG NUMBER
</Text></Shape><Shape ID='19' Type='Shape' LineStyle='1' FillStyle='1' TextStyle='3'><Cell N='PinX' V='48.2045453971575'/><Cell N='PinY' V='0.9280302954770976'/><Cell N='Width' V='3.204545315878441'/><Cell N='Height' V='0.2499999674883755'/><Cell N='LocPinX' V='1.602272657939221' F='Width*0.5'/><Cell N='LocPinY' V='0.1249999837441878' F='Height*0.5'/><Cell N='Angle' V='0'/><Cell N='FlipX' V='0'/><Cell N='FlipY' V='0'/><Cell N='ResizeMode' V='0'/><Cell N='EventDblClick' V='0' F='OPENTEXTWIN()'/><Cell N='LinePattern' V='0' F='THEMEGUARD(0)'/><Cell N='FillPattern' V='0' F='THEMEGUARD(0)'/><Cell N='ShdwPattern' V='0' F='THEMEGUARD(0)'/><Cell N='LineGradientEnabled' V='0' F='THEMEGUARD(FALSE)'/><Cell N='FillGradientEnabled' V='0' F='THEMEGUARD(FALSE)'/><Cell N='QuickStyleVariation' V='3'/><Section N='Paragraph'><Row IX='0'><Cell N='HorzAlign' V='0'/></Row></Section><Section N='Character'><Row IX='0'><Cell N='Style' V='4'/></Row></Section><Section N='Geometry' IX='0'><Cell N='NoFill' V='0'/><Cell N='NoLine' V='0'/><Cell N='NoShow' V='0'/><Cell N='NoSnap' V='0'/><Cell N='NoQuickDrag' V='0'/><Row T='RelMoveTo' IX='1'><Cell N='X' V='0'/><Cell N='Y' V='0'/></Row><Row T='RelLineTo' IX='2'><Cell N='X' V='1'/><Cell N='Y' V='0'/></Row><Row T='RelLineTo' IX='3'><Cell N='X' V='1'/><Cell N='Y' V='1'/></Row><Row T='RelLineTo' IX='4'><Cell N='X' V='0'/><Cell N='Y' V='1'/></Row><Row T='RelLineTo' IX='5'><Cell N='X' V='0'/><Cell N='Y' V='0'/></Row></Section><Text><cp IX='0'/><pp IX='0'/>Date:
</Text></Shape><Shape ID='20' Type='Shape' LineStyle='1' FillStyle='1' TextStyle='3' UniqueID='{95D4D2E7-B18B-4A69-AEBF-349550065572}'><Cell N='PinX' V='33.18134408849537'/><Cell N='PinY' V='2.374999929219487'/><Cell N='Width' V='5.687499830499291'/><Cell N='Height' V='0.624999981373549'/><Cell N='LocPinX' V='2.843749915249646' F='Width*0.5'/><Cell N='LocPinY' V='0.3124999906867745' F='Height*0.5'/><Cell N='Angle' V='0'/><Cell N='FlipX' V='0'/><Cell N='FlipY' V='0'/><Cell N='ResizeMode' V='0'/><Cell N='EventDblClick' V='0' F='OPENTEXTWIN()'/><Cell N='LinePattern' V='0' F='THEMEGUARD(0)'/><Cell N='FillPattern' V='0' F='THEMEGUARD(0)'/><Cell N='ShdwPattern' V='0' F='THEMEGUARD(0)'/><Cell N='LineGradientEnabled' V='0' F='THEMEGUARD(FALSE)'/><Cell N='FillGradientEnabled' V='0' F='THEMEGUARD(FALSE)'/><Cell N='QuickStyleVariation' V='3'/><Section N='Character'><Row IX='0'><Cell N='Color' V='#ff0000' F='THEMEGUARD(RGB(255,0,0))'/><Cell N='Size' V='0.25'/></Row></Section><Section N='Geometry' IX='0'><Cell N='NoFill' V='0'/><Cell N='NoLine' V='0'/><Cell N='NoShow' V='0'/><Cell N='NoSnap' V='0'/><Cell N='NoQuickDrag' V='0'/><Row T='RelMoveTo' IX='1'><Cell N='X' V='0'/><Cell N='Y' V='0'/></Row><Row T='RelLineTo' IX='2'><Cell N='X' V='1'/><Cell N='Y' V='0'/></Row><Row T='RelLineTo' IX='3'><Cell N='X' V='1'/><Cell N='Y' V='1'/></Row><Row T='RelLineTo' IX='4'><Cell N='X' V='0'/><Cell N='Y' V='1'/></Row><Row T='RelLineTo' IX='5'><Cell N='X' V='0'/><Cell N='Y' V='0'/></Row></Section><Text><cp IX='0'/>ALL NETWORK ARCHITECTURE DIAGRAMS FOR ENTERPRISE SYSTEMS ARE CLASSIFIED AS TLP RED+STRICT AS DIRECTED BY STATE CISO
</Text></Shape><Shape ID='23' NameU='Label - Large' Name='Label - Large' Type='Shape' Master='56'><Cell N='PinX' V='21.93749972161922'/><Cell N='PinY' V='2.352170808165925'/><Cell N='ColorSchemeIndex' V='50'/><Cell N='ConnectorSchemeIndex' V='50'/><Text>EIS CSS NetSec
</Text></Shape><Shape ID='24' NameU='Label - Large.1116' IsCustomNameU='1' Name='Label - Large.1116' IsCustomName='1' Type='Shape' Master='56'><Cell N='PinX' V='21.93749972161922'/><Cell N='PinY' V='0.7187500077892444'/><Cell N='ColorSchemeIndex' V='50'/><Cell N='ConnectorSchemeIndex' V='50'/><Text>Jesse Dickens
</Text></Shape><Shape ID='25' NameU='Label - Large.1117' IsCustomNameU='1' Name='Label - Large.1117' IsCustomName='1' Type='Shape' Master='56'><Cell N='PinX' V='40.01704455862853'/><Cell N='PinY' V='2.62499994310466'/><Cell N='ColorSchemeIndex' V='50'/><Cell N='ConnectorSchemeIndex' V='50'/><Text>SDC NetSec Architecture
</Text></Shape><Shape ID='26' NameU='Label - Small' Name='Label - Small' Type='Shape' Master='57'><Cell N='PinX' V='40.01704501108196'/><Cell N='PinY' V='1.472917822436275'/><Cell N='ColorSchemeIndex' V='50'/><Cell N='ConnectorSchemeIndex' V='50'/><Text>SDC NetSec Architecture – 6/28/24
</Text></Shape><Shape ID='27' NameU='Label - Small.1119' IsCustomNameU='1' Name='Label - Small.1119' IsCustomName='1' Type='Shape' Master='57'><Cell N='PinX' V='40.0170443533989'/><Cell N='PinY' V='0.468750013546511'/><Cell N='ColorSchemeIndex' V='50'/><Cell N='ConnectorSchemeIndex' V='50'/><Text>V1.0
</Text></Shape><Shape ID='28' NameU='Label - Small.1121' IsCustomNameU='1' Name='Label - Small.1121' IsCustomName='1' Type='Shape' Master='57'><Cell N='PinX' V='44.51704421928847'/><Cell N='PinY' V='0.468750013546511'/><Cell N='ColorSchemeIndex' V='50'/><Cell N='ConnectorSchemeIndex' V='50'/><Text>V1.0
</Text></Shape><Shape ID='29' NameU='Label - Small.1122' IsCustomNameU='1' Name='Label - Small.1122' IsCustomName='1' Type='Shape' Master='57'><Cell N='PinX' V='48.86079436694541'/><Cell N='PinY' V='0.4687499600377967'/><Cell N='ColorSchemeIndex' V='50'/><Cell N='ConnectorSchemeIndex' V='50'/><Text>6/28/24
</Text></Shape><Shape ID='31' Type='Group' LineStyle='3' FillStyle='3' TextStyle='3'><Cell N='PinX' V='14.43750005188977'/><Cell N='PinY' V='1.624999929558149'/><Cell N='Width' V='9.624999939464033'/><Cell N='Height' V='3.25'/><Cell N='LocPinX' V='4.812499969732016' F='Width*0.5'/><Cell N='LocPinY' V='1.625' F='Height*0.5'/><Cell N='Angle' V='0'/><Cell N='FlipX' V='0'/><Cell N='FlipY' V='0'/><Cell N='ResizeMode' V='0'/><Cell N='QuickStyleVariation' V='2'/><Shapes><Shape ID='4' NameU='Rectangle.78' IsCustomNameU='1' Name='Rectangle.78' IsCustomName='1' Type='Shape' Master='51'><Cell N='PinX' V='4.812499969732016' F='Sheet.31!Width*0.5'/><Cell N='PinY' V='1.624999987892807' F='Sheet.31!Height*0.49999999627471'/><Cell N='Width' V='9.624999939464033' F='Sheet.31!Width*1'/><Cell N='Height' V='3.249999975785613' F='Sheet.31!Height*0.99999999254942'/><Cell N='LocPinX' V='4.812499969732016' F='Inh'/><Cell N='LocPinY' V='1.624999987892807' F='Inh'/><Cell N='LineWeight' V='0.01388888888888889' U='PT' F='Inh'/><Cell N='LineColor' V='#3f3f3f' F='THEMEGUARD(MSOTINT(THEMEVAL("Light"),-75))'/><Cell N='FillPattern' V='0'/><Cell N='FillGradientEnabled' V='0'/><Section N='Connection'><Row T='Connection' IX='0'><Cell N='X' V='4.812499969732016' F='Inh'/><Cell N='Y' V='0' F='Inh'/></Row><Row T='Connection' IX='1'><Cell N='X' V='9.624999939464033' F='Inh'/><Cell N='Y' V='1.624999987892807' F='Inh'/></Row><Row T='Connection' IX='2'><Cell N='X' V='4.812499969732016' F='Inh'/><Cell N='Y' V='3.249999975785613' F='Inh'/></Row><Row T='Connection' IX='3'><Cell N='X' V='0' F='Inh'/><Cell N='Y' V='1.624999987892807' F='Inh'/></Row><Row T='Connection' IX='4'><Cell N='X' V='4.812499969732016' F='Inh'/><Cell N='Y' V='1.624999987892807' F='Inh'/></Row></Section><Section N='Geometry' IX='0'><Row T='MoveTo' IX='1'><Cell N='X' V='0' F='Inh'/><Cell N='Y' V='0' F='Inh'/></Row><Row T='LineTo' IX='2'><Cell N='X' V='9.624999939464033' F='Inh'/><Cell N='Y' V='0' F='Inh'/></Row><Row T='LineTo' IX='3'><Cell N='X' V='9.624999939464033' F='Inh'/><Cell N='Y' V='3.249999975785613' F='Inh'/></Row><Row T='LineTo' IX='4'><Cell N='X' V='0' F='Inh'/><Cell N='Y' V='3.249999975785613' F='Inh'/></Row><Row T='LineTo' IX='5'><Cell N='X' V='0' F='Inh'/><Cell N='Y' V='0' F='Inh'/></Row></Section></Shape><Shape ID='10' Type='Shape' LineStyle='1' FillStyle='1' TextStyle='3'><Cell N='PinX' V='4.812499969732018' F='Sheet.31!Width*0.5'/><Cell N='PinY' V='3.125000016255812' F='Sheet.31!Height*0.96153846654025'/><Cell N='Width' V='5.007812554270706' F='Sheet.31!Width*0.52029221670308'/><Cell N='Height' V='0.2499999674883755' F='Sheet.31!Height*0.0769230669195'/><Cell N='LocPinX' V='2.503906277135354' F='Width*0.5'/><Cell N='LocPinY' V='0.1249999837441878' F='Height*0.5'/><Cell N='Angle' V='0'/><Cell N='FlipX' V='0'/><Cell N='FlipY' V='0'/><Cell N='ResizeMode' V='0'/><Cell N='EventDblClick' V='0' F='OPENTEXTWIN()'/><Cell N='LinePattern' V='0' F='THEMEGUARD(0)'/><Cell N='FillPattern' V='0' F='THEMEGUARD(0)'/><Cell N='ShdwPattern' V='0' F='THEMEGUARD(0)'/><Cell N='LineGradientEnabled' V='0' F='THEMEGUARD(FALSE)'/><Cell N='FillGradientEnabled' V='0' F='THEMEGUARD(FALSE)'/><Cell N='QuickStyleVariation' V='3'/><Section N='Character'><Row IX='0'><Cell N='Style' V='4'/></Row></Section><Section N='Geometry' IX='0'><Cell N='NoFill' V='0'/><Cell N='NoLine' V='0'/><Cell N='NoShow' V='0'/><Cell N='NoSnap' V='0'/><Cell N='NoQuickDrag' V='0'/><Row T='RelMoveTo' IX='1'><Cell N='X' V='0'/><Cell N='Y' V='0'/></Row><Row T='RelLineTo' IX='2'><Cell N='X' V='1'/><Cell N='Y' V='0'/></Row><Row T='RelLineTo' IX='3'><Cell N='X' V='1'/><Cell N='Y' V='1'/></Row><Row T='RelLineTo' IX='4'><Cell N='X' V='0'/><Cell N='Y' V='1'/></Row><Row T='RelLineTo' IX='5'><Cell N='X' V='0'/><Cell N='Y' V='0'/></Row></Section><Text><cp IX='0'/>DEPARTMENT/DIVISION
</Text></Shape></Shapes></Shape><Shape ID='32' Type='Group' LineStyle='3' FillStyle='3' TextStyle='3'><Cell N='PinX' V='33.18134408849537'/><Cell N='PinY' V='1.624999987892807'/><Cell N='Width' V='8.612688735106929'/><Cell N='Height' V='3.249999975785613'/><Cell N='LocPinX' V='4.306344367553464' F='Width*0.5'/><Cell N='LocPinY' V='1.624999987892807' F='Height*0.5'/><Cell N='Angle' V='0'/><Cell N='FlipX' V='0'/><Cell N='FlipY' V='0'/><Cell N='ResizeMode' V='0'/><Cell N='QuickStyleVariation' V='2'/><Shapes><Shape ID='6' NameU='Rectangle.81' IsCustomNameU='1' Name='Rectangle.81' IsCustomName='1' Type='Shape' Master='51'><Cell N='PinX' V='4.306344367553464' F='Sheet.32!Width*0.5'/><Cell N='PinY' V='1.624999987892807' F='Sheet.32!Height*0.5'/><Cell N='Width' V='8.612688735106929' F='Sheet.32!Width*1'/><Cell N='Height' V='3.249999975785613' F='Sheet.32!Height*1'/><Cell N='LocPinX' V='4.306344367553464' F='Inh'/><Cell N='LocPinY' V='1.624999987892807' F='Inh'/><Cell N='LineWeight' V='0.01388888888888889' U='PT' F='Inh'/><Cell N='LineColor' V='#3f3f3f' F='THEMEGUARD(MSOTINT(THEMEVAL("Light"),-75))'/><Cell N='FillPattern' V='0'/><Cell N='FillGradientEnabled' V='0'/><Section N='Connection'><Row T='Connection' IX='0'><Cell N='X' V='4.306344367553464' F='Inh'/><Cell N='Y' V='0' F='Inh'/></Row><Row T='Connection' IX='1'><Cell N='X' V='8.612688735106929' F='Inh'/><Cell N='Y' V='1.624999987892807' F='Inh'/></Row><Row T='Connection' IX='2'><Cell N='X' V='4.306344367553464' F='Inh'/><Cell N='Y' V='3.249999975785613' F='Inh'/></Row><Row T='Connection' IX='3'><Cell N='X' V='0' F='Inh'/><Cell N='Y' V='1.624999987892807' F='Inh'/></Row><Row T='Connection' IX='4'><Cell N='X' V='4.306344367553464' F='Inh'/><Cell N='Y' V='1.624999987892807' F='Inh'/></Row></Section><Section N='Geometry' IX='0'><Row T='MoveTo' IX='1'><Cell N='X' V='0' F='Inh'/><Cell N='Y' V='0' F='Inh'/></Row><Row T='LineTo' IX='2'><Cell N='X' V='8.612688735106929' F='Inh'/><Cell N='Y' V='0' F='Inh'/></Row><Row T='LineTo' IX='3'><Cell N='X' V='8.612688735106929' F='Inh'/><Cell N='Y' V='3.249999975785613' F='Inh'/></Row><Row T='LineTo' IX='4'><Cell N='X' V='0' F='Inh'/><Cell N='Y' V='3.249999975785613' F='Inh'/></Row><Row T='LineTo' IX='5'><Cell N='X' V='0' F='Inh'/><Cell N='Y' V='0' F='Inh'/></Row></Section></Shape><Shape ID='14' Type='Shape' LineStyle='1' FillStyle='1' TextStyle='3'><Cell N='PinX' V='4.306344367553464' F='Sheet.32!Width*0.5'/><Cell N='PinY' V='3.124999992041425' F='Sheet.32!Height*0.96153846625369'/><Cell N='Width' V='5.007812554270707' F='Sheet.32!Width*0.58144590014706'/><Cell N='Height' V='0.2499999674883755' F='Sheet.32!Height*0.076923067492622'/><Cell N='LocPinX' V='2.503906277135354' F='Width*0.5'/><Cell N='LocPinY' V='0.1249999837441878' F='Height*0.5'/><Cell N='Angle' V='0'/><Cell N='FlipX' V='0'/><Cell N='FlipY' V='0'/><Cell N='ResizeMode' V='0'/><Cell N='EventDblClick' V='0' F='OPENTEXTWIN()'/><Cell N='LinePattern' V='0' F='THEMEGUARD(0)'/><Cell N='FillPattern' V='0' F='THEMEGUARD(0)'/><Cell N='ShdwPattern' V='0' F='THEMEGUARD(0)'/><Cell N='LineGradientEnabled' V='0' F='THEMEGUARD(FALSE)'/><Cell N='FillGradientEnabled' V='0' F='THEMEGUARD(FALSE)'/><Cell N='QuickStyleVariation' V='3'/><Section N='Character'><Row IX='0'><Cell N='Style' V='4'/></Row></Section><Section N='Geometry' IX='0'><Cell N='NoFill' V='0'/><Cell N='NoLine' V='0'/><Cell N='NoShow' V='0'/><Cell N='NoSnap' V='0'/><Cell N='NoQuickDrag' V='0'/><Row T='RelMoveTo' IX='1'><Cell N='X' V='0'/><Cell N='Y' V='0'/></Row><Row T='RelLineTo' IX='2'><Cell N='X' V='1'/><Cell N='Y' V='0'/></Row><Row T='RelLineTo' IX='3'><Cell N='X' V='1'/><Cell N='Y' V='1'/></Row><Row T='RelLineTo' IX='4'><Cell N='X' V='0'/><Cell N='Y' V='1'/></Row><Row T='RelLineTo' IX='5'><Cell N='X' V='0'/><Cell N='Y' V='0'/></Row></Section><Text><cp IX='0'/>SECURITY CLASSIFICATION/NOTES
</Text></Shape></Shapes></Shape><Shape ID='33' Type='Group' LineStyle='3' FillStyle='3' TextStyle='3'><Cell N='PinX' V='24.06250004721806'/><Cell N='PinY' V='1.624999987892807'/><Cell N='Width' V='9.624999939464033'/><Cell N='Height' V='3.249999975785613'/><Cell N='LocPinX' V='4.812499969732016' F='Width*0.5'/><Cell N='LocPinY' V='1.624999987892807' F='Height*0.5'/><Cell N='Angle' V='0'/><Cell N='FlipX' V='0'/><Cell N='FlipY' V='0'/><Cell N='ResizeMode' V='0'/><Cell N='QuickStyleVariation' V='2'/><Shapes><Shape ID='5' NameU='Rectangle.79' IsCustomNameU='1' Name='Rectangle.79' IsCustomName='1' Type='Shape' Master='51'><Cell N='PinX' V='4.812499969732016' F='Sheet.33!Width*0.5'/><Cell N='PinY' V='1.624999987892807' F='Sheet.33!Height*0.5'/><Cell N='Width' V='9.624999939464033' F='Sheet.33!Width*1'/><Cell N='Height' V='3.249999975785613' F='Sheet.33!Height*1'/><Cell N='LocPinX' V='4.812499969732016' F='Inh'/><Cell N='LocPinY' V='1.624999987892807' F='Inh'/><Cell N='LineWeight' V='0.01388888888888889' U='PT' F='Inh'/><Cell N='LineColor' V='#3f3f3f' F='THEMEGUARD(MSOTINT(THEMEVAL("Light"),-75))'/><Cell N='FillPattern' V='0'/><Cell N='FillGradientEnabled' V='0'/><Section N='Connection'><Row T='Connection' IX='0'><Cell N='X' V='4.812499969732016' F='Inh'/><Cell N='Y' V='0' F='Inh'/></Row><Row T='Connection' IX='1'><Cell N='X' V='9.624999939464033' F='Inh'/><Cell N='Y' V='1.624999987892807' F='Inh'/></Row><Row T='Connection' IX='2'><Cell N='X' V='4.812499969732016' F='Inh'/><Cell N='Y' V='3.249999975785613' F='Inh'/></Row><Row T='Connection' IX='3'><Cell N='X' V='0' F='Inh'/><Cell N='Y' V='1.624999987892807' F='Inh'/></Row><Row T='Connection' IX='4'><Cell N='X' V='4.812499969732016' F='Inh'/><Cell N='Y' V='1.624999987892807' F='Inh'/></Row></Section><Section N='Geometry' IX='0'><Row T='MoveTo' IX='1'><Cell N='X' V='0' F='Inh'/><Cell N='Y' V='0' F='Inh'/></Row><Row T='LineTo' IX='2'><Cell N='X' V='9.624999939464033' F='Inh'/><Cell N='Y' V='0' F='Inh'/></Row><Row T='LineTo' IX='3'><Cell N='X' V='9.624999939464033' F='Inh'/><Cell N='Y' V='3.249999975785613' F='Inh'/></Row><Row T='LineTo' IX='4'><Cell N='X' V='0' F='Inh'/><Cell N='Y' V='3.249999975785613' F='Inh'/></Row><Row T='LineTo' IX='5'><Cell N='X' V='0' F='Inh'/><Cell N='Y' V='0' F='Inh'/></Row></Section></Shape><Shape ID='11' Type='Shape' LineStyle='1' FillStyle='1' TextStyle='3'><Cell N='PinX' V='4.812499969732016' F='Sheet.33!Width*0.5'/><Cell N='PinY' V='3.124999992041425' F='Sheet.33!Height*0.96153846625369'/><Cell N='Width' V='5.007812554270706' F='Sheet.33!Width*0.52029221670308'/><Cell N='Height' V='0.2499999674883755' F='Sheet.33!Height*0.076923067492622'/><Cell N='LocPinX' V='2.503906277135354' F='Width*0.5'/><Cell N='LocPinY' V='0.1249999837441878' F='Height*0.5'/><Cell N='Angle' V='0'/><Cell N='FlipX' V='0'/><Cell N='FlipY' V='0'/><Cell N='ResizeMode' V='0'/><Cell N='EventDblClick' V='0' F='OPENTEXTWIN()'/><Cell N='LinePattern' V='0' F='THEMEGUARD(0)'/><Cell N='FillPattern' V='0' F='THEMEGUARD(0)'/><Cell N='ShdwPattern' V='0' F='THEMEGUARD(0)'/><Cell N='LineGradientEnabled' V='0' F='THEMEGUARD(FALSE)'/><Cell N='FillGradientEnabled' V='0' F='THEMEGUARD(FALSE)'/><Cell N='QuickStyleVariation' V='3'/><Section N='Character'><Row IX='0'><Cell N='Style' V='4'/></Row></Section><Section N='Geometry' IX='0'><Cell N='NoFill' V='0'/><Cell N='NoLine' V='0'/><Cell N='NoShow' V='0'/><Cell N='NoSnap' V='0'/><Cell N='NoQuickDrag' V='0'/><Row T='RelMoveTo' IX='1'><Cell N='X' V='0'/><Cell N='Y' V='0'/></Row><Row T='RelLineTo' IX='2'><Cell N='X' V='1'/><Cell N='Y' V='0'/></Row><Row T='RelLineTo' IX='3'><Cell N='X' V='1'/><Cell N='Y' V='1'/></Row><Row T='RelLineTo' IX='4'><Cell N='X' V='0'/><Cell N='Y' V='1'/></Row><Row T='RelLineTo' IX='5'><Cell N='X' V='0'/><Cell N='Y' V='0'/></Row></Section><Text><cp IX='0'/>SERVICE VERTICAL
</Text></Shape><Shape ID='12' Type='Shape' LineStyle='1' FillStyle='1' TextStyle='3'><Cell N='PinX' V='4.812499969732016' F='Sheet.33!Width*0.5'/><Cell N='PinY' V='1.312500031834299' F='Sheet.33!Height*0.40384616665021'/><Cell N='Width' V='5.007812554270706' F='Sheet.33!Width*0.52029221670308'/><Cell N='Height' V='0.2499999674883755' F='Sheet.33!Height*0.076923067492622'/><Cell N='LocPinX' V='2.503906277135354' F='Width*0.5'/><Cell N='LocPinY' V='0.1249999837441878' F='Height*0.5'/><Cell N='Angle' V='0'/><Cell N='FlipX' V='0'/><Cell N='FlipY' V='0'/><Cell N='ResizeMode' V='0'/><Cell N='EventDblClick' V='0' F='OPENTEXTWIN()'/><Cell N='LinePattern' V='0' F='THEMEGUARD(0)'/><Cell N='FillPattern' V='0' F='THEMEGUARD(0)'/><Cell N='ShdwPattern' V='0' F='THEMEGUARD(0)'/><Cell N='LineGradientEnabled' V='0' F='THEMEGUARD(FALSE)'/><Cell N='FillGradientEnabled' V='0' F='THEMEGUARD(FALSE)'/><Cell N='QuickStyleVariation' V='3'/><Section N='Character'><Row IX='0'><Cell N='Style' V='4'/></Row></Section><Section N='Geometry' IX='0'><Cell N='NoFill' V='0'/><Cell N='NoLine' V='0'/><Cell N='NoShow' V='0'/><Cell N='NoSnap' V='0'/><Cell N='NoQuickDrag' V='0'/><Row T='RelMoveTo' IX='1'><Cell N='X' V='0'/><Cell N='Y' V='0'/></Row><Row T='RelLineTo' IX='2'><Cell N='X' V='1'/><Cell N='Y' V='0'/></Row><Row T='RelLineTo' IX='3'><Cell N='X' V='1'/><Cell N='Y' V='1'/></Row><Row T='RelLineTo' IX='4'><Cell N='X' V='0'/><Cell N='Y' V='1'/></Row><Row T='RelLineTo' IX='5'><Cell N='X' V='0'/><Cell N='Y' V='0'/></Row></Section><Text><cp IX='0'/>AUTHOR/RESPONSIBLE PARTY
</Text></Shape><Shape ID='13' NameU='Rectangle.89' IsCustomNameU='1' Name='Rectangle.89' IsCustomName='1' Type='Shape' Master='51'><Cell N='PinX' V='4.812499969732016' F='Sheet.33!Width*0.5'/><Cell N='PinY' V='0.7187500077892439' F='Sheet.33!Height*0.22115385019826'/><Cell N='Width' V='9.624999939464033' F='Sheet.33!Width*1'/><Cell N='Height' V='1.437500015578487' F='Sheet.33!Height*0.44230770039652'/><Cell N='LocPinX' V='4.812499969732016' F='Inh'/><Cell N='LocPinY' V='0.7187500077892435' F='Inh'/><Cell N='LineWeight' V='0.01388888888888889' U='PT' F='Inh'/><Cell N='LineColor' V='#3f3f3f' F='THEMEGUARD(MSOTINT(THEMEVAL("Light"),-75))'/><Cell N='FillPattern' V='0'/><Cell N='FillGradientEnabled' V='0'/><Section N='Connection'><Row T='Connection' IX='0'><Cell N='X' V='4.812499969732016' F='Inh'/><Cell N='Y' V='0' F='Inh'/></Row><Row T='Connection' IX='1'><Cell N='X' V='9.624999939464033' F='Inh'/><Cell N='Y' V='0.7187500077892435' F='Inh'/></Row><Row T='Connection' IX='2'><Cell N='X' V='4.812499969732016' F='Inh'/><Cell N='Y' V='1.437500015578487' F='Inh'/></Row><Row T='Connection' IX='3'><Cell N='X' V='0' F='Inh'/><Cell N='Y' V='0.7187500077892435' F='Inh'/></Row><Row T='Connection' IX='4'><Cell N='X' V='4.812499969732016' F='Inh'/><Cell N='Y' V='0.7187500077892435' F='Inh'/></Row></Section><Section N='Geometry' IX='0'><Row T='MoveTo' IX='1'><Cell N='X' V='0' F='Inh'/><Cell N='Y' V='0' F='Inh'/></Row><Row T='LineTo' IX='2'><Cell N='X' V='9.624999939464033' F='Inh'/><Cell N='Y' V='0' F='Inh'/></Row><Row T='LineTo' IX='3'><Cell N='X' V='9.624999939464033' F='Inh'/><Cell N='Y' V='1.437500015578487' F='Inh'/></Row><Row T='LineTo' IX='4'><Cell N='X' V='0' F='Inh'/><Cell N='Y' V='1.437500015578487' F='Inh'/></Row><Row T='LineTo' IX='5'><Cell N='X' V='0' F='Inh'/><Cell N='Y' V='0' F='Inh'/></Row></Section></Shape></Shapes></Shape><Shape ID='35' Type='Group' LineStyle='3' FillStyle='3' TextStyle='3'><Cell N='PinX' V='14.4416887493959'/><Cell N='PinY' V='1.624999987892807'/><Cell N='Width' V='7.483949818911434'/><Cell N='Height' V='2.050177793026587'/><Cell N='LocPinX' V='3.741974909455717' F='Width*0.5'/><Cell N='LocPinY' V='1.025088896513294' F='Height*0.5'/><Cell N='Angle' V='0'/><Cell N='FlipX' V='0'/><Cell N='FlipY' V='0'/><Cell N='ResizeMode' V='0'/><Cell N='QuickStyleVariation' V='2'/><Shapes><Shape ID='21' NameU='CSS' Name='CSS' Type='Foreign' Master='54'><Cell N='PinX' V='1.650143101704327' F='Sheet.35!Width*0.2204909361544'/><Cell N='PinY' V='1.025088896513294' F='Sheet.35!Height*0.5'/><Cell N='Width' V='3.300286203408652' F='Sheet.35!Width*0.4409818723088'/><Cell N='Height' V='2.050177793026586' F='Sheet.35!Height*1'/><Cell N='ColorSchemeIndex' V='50'/><Cell N='ConnectorSchemeIndex' V='50'/><Cell N='ShapeShdwShow' V='2'/></Shape><Shape ID='22' NameU='NSO' Name='NSO' Type='Foreign' Master='55'><Cell N='PinX' V='5.579618007096091' F='Sheet.35!Width*0.74554455095313'/><Cell N='PinY' V='1.01675484044408' F='Sheet.35!Height*0.49593495934959'/><Cell N='Width' V='3.808663623630692' F='Sheet.35!Width*0.50891089809374'/><Cell N='Height' V='2.033509680888159' F='Sheet.35!Height*0.99186991869919'/><Cell N='ColorSchemeIndex' V='50'/><Cell N='ConnectorSchemeIndex' V='50'/><Cell N='ShapeShdwShow' V='2'/></Shape></Shapes></Shape><Shape ID='36' Type='Shape' LineStyle='1' FillStyle='1' TextStyle='3' UniqueID='{D85FC3CD-F6AA-4AF2-AE6F-A3FDE7C46FD7}'><Cell N='PinX' V='33.18134408849537'/><Cell N='PinY' V='1.062499974430962'/><Cell N='Width' V='5.687499830499291'/><Cell N='Height' V='0.624999981373549'/><Cell N='LocPinX' V='2.843749915249646' F='Width*0.5'/><Cell N='LocPinY' V='0.3124999906867745' F='Height*0.5'/><Cell N='Angle' V='0'/><Cell N='FlipX' V='0'/><Cell N='FlipY' V='0'/><Cell N='ResizeMode' V='0'/><Cell N='EventDblClick' V='0' F='OPENTEXTWIN()'/><Cell N='LinePattern' V='0' F='THEMEGUARD(0)'/><Cell N='FillPattern' V='0' F='THEMEGUARD(0)'/><Cell N='ShdwPattern' V='0' F='THEMEGUARD(0)'/><Cell N='LineGradientEnabled' V='0' F='THEMEGUARD(FALSE)'/><Cell N='FillGradientEnabled' V='0' F='THEMEGUARD(FALSE)'/><Cell N='QuickStyleVariation' V='3'/><Section N='Character'><Row IX='0'><Cell N='Color' V='#ff0000' F='THEMEGUARD(RGB(255,0,0))'/><Cell N='Size' V='0.25'/></Row></Section><Section N='Geometry' IX='0'><Cell N='NoFill' V='0'/><Cell N='NoLine' V='0'/><Cell N='NoShow' V='0'/><Cell N='NoSnap' V='0'/><Cell N='NoQuickDrag' V='0'/><Row T='RelMoveTo' IX='1'><Cell N='X' V='0'/><Cell N='Y' V='0'/></Row><Row T='RelLineTo' IX='2'><Cell N='X' V='1'/><Cell N='Y' V='0'/></Row><Row T='RelLineTo' IX='3'><Cell N='X' V='1'/><Cell N='Y' V='1'/></Row><Row T='RelLineTo' IX='4'><Cell N='X' V='0'/><Cell N='Y' V='1'/></Row><Row T='RelLineTo' IX='5'><Cell N='X' V='0'/><Cell N='Y' V='0'/></Row></Section><Text><cp IX='0'/>WORK IN PROGRESS!!! NOT A FINAL VERSION.
</Text></Shape></Shapes></PageContents>