<?xml version='1.0' encoding='utf-8' ?>
<PageContents xmlns='http://schemas.microsoft.com/office/visio/2012/main' xmlns:r='http://schemas.openxmlformats.org/officeDocument/2006/relationships' xml:space='preserve'><Shapes><Shape ID='1002' Type='Shape' LineStyle='1' FillStyle='1' TextStyle='3' UniqueID='{FFD34DCC-6F48-4FD8-8690-6DA14FA627C7}'><Cell N='PinX' V='9'/><Cell N='PinY' V='17.4062500938307'/><Cell N='Width' V='15.86756562528095'/><Cell N='Height' V='25.18749981233859'/><Cell N='LocPinX' V='7.93378281264048' F='Width*0.5'/><Cell N='LocPinY' V='12.59374990616929' F='Height*0.5'/><Cell N='Angle' V='0'/><Cell N='FlipX' V='0'/><Cell N='FlipY' V='0'/><Cell N='ResizeMode' V='0'/><Cell N='EventDblClick' V='0' F='OPENTEXTWIN()'/><Cell N='LineColor' V='#16b0e3' F='THEMEGUARD(MSOTINT(THEMEVAL("AccentColor"),-25))'/><Cell N='LinePattern' V='1'/><Cell N='FillForegnd' V='#ffffff' F='THEMEGUARD(RGB(255,255,255))'/><Cell N='FillBkgnd' V='#ffffff' F='THEMEGUARD(SHADE(FillForegnd,LUMDIFF(THEMEVAL("FillColor"),THEMEVAL("FillColor2"))))'/><Cell N='FillPattern' V='1'/><Cell N='ShdwPattern' V='0' F='THEMEGUARD(0)'/><Cell N='LineGradientEnabled' V='0' F='THEMEGUARD(FALSE)'/><Cell N='FillGradientEnabled' V='0'/><Cell N='QuickStyleVariation' V='3'/><Cell N='VerticalAlign' V='0'/><Section N='Paragraph'><Row IX='0'><Cell N='HorzAlign' V='0'/></Row></Section><Section N='Character'><Row IX='0'><Cell N='Color' V='#000000' F='THEMEGUARD(THEMEVAL("Dark"))'/><Cell N='Style' V='17'/><Cell N='Size' V='0.25' U='PT'/></Row><Row IX='1'><Cell N='Font' V='Themed' F='THEMEVAL()'/><Cell N='Color' V='#000000' F='THEMEGUARD(THEMEVAL("Dark"))'/><Cell N='Style' V='0'/><Cell N='Case' V='0'/><Cell N='Pos' V='0'/><Cell N='FontScale' V='1'/><Cell N='Size' V='0.25' U='PT'/><Cell N='DblUnderline' V='0'/><Cell N='Overline' V='0'/><Cell N='Strikethru' V='0'/><Cell N='DoubleStrikethrough' V='0'/><Cell N='Letterspace' V='0'/><Cell N='ColorTrans' V='0'/><Cell N='AsianFont' V='Themed' F='THEMEVAL()'/><Cell N='ComplexScriptFont' V='Themed' F='THEMEVAL()'/><Cell N='ComplexScriptSize' V='-1'/><Cell N='LangID' V='en-US'/></Row><Row IX='2'><Cell N='Font' V='Themed' F='THEMEVAL()'/><Cell N='Color' V='#000000' F='THEMEGUARD(THEMEVAL("Dark"))'/><Cell N='Style' V='17'/><Cell N='Case' V='0'/><Cell N='Pos' V='0'/><Cell N='FontScale' V='1'/><Cell N='Size' V='0.25' U='PT'/><Cell N='DblUnderline' V='0'/><Cell N='Overline' V='0'/><Cell N='Strikethru' V='0'/><Cell N='DoubleStrikethrough' V='0'/><Cell N='Letterspace' V='0'/><Cell N='ColorTrans' V='0'/><Cell N='AsianFont' V='Themed' F='THEMEVAL()'/><Cell N='ComplexScriptFont' V='Themed' F='THEMEVAL()'/><Cell N='ComplexScriptSize' V='-1'/><Cell N='LangID' V='en-US'/></Row><Row IX='3'><Cell N='Font' V='Themed' F='THEMEVAL()'/><Cell N='Color' V='#000000' F='THEMEGUARD(THEMEVAL("Dark"))'/><Cell N='Style' V='4'/><Cell N='Case' V='0'/><Cell N='Pos' V='0'/><Cell N='FontScale' V='1'/><Cell N='Size' V='0.25' U='PT'/><Cell N='DblUnderline' V='0'/><Cell N='Overline' V='0'/><Cell N='Strikethru' V='0'/><Cell N='DoubleStrikethrough' V='0'/><Cell N='Letterspace' V='0'/><Cell N='ColorTrans' V='0'/><Cell N='AsianFont' V='Themed' F='THEMEVAL()'/><Cell N='ComplexScriptFont' V='Themed' F='THEMEVAL()'/><Cell N='ComplexScriptSize' V='-1'/><Cell N='LangID' V='en-US'/></Row><Row IX='4'><Cell N='Font' V='Themed' F='THEMEVAL()'/><Cell N='Color' V='#000000' F='THEMEGUARD(THEMEVAL("Dark"))'/><Cell N='Style' V='17'/><Cell N='Case' V='0'/><Cell N='Pos' V='0'/><Cell N='FontScale' V='1'/><Cell N='Size' V='0.25' U='PT'/><Cell N='DblUnderline' V='0'/><Cell N='Overline' V='0'/><Cell N='Strikethru' V='0'/><Cell N='DoubleStrikethrough' V='0'/><Cell N='Letterspace' V='0'/><Cell N='ColorTrans' V='0'/><Cell N='AsianFont' V='Themed' F='THEMEVAL()'/><Cell N='ComplexScriptFont' V='Themed' F='THEMEVAL()'/><Cell N='ComplexScriptSize' V='-1'/><Cell N='LangID' V='en-US'/></Row></Section><Section N='Geometry' IX='0'><Cell N='NoFill' V='0'/><Cell N='NoLine' V='0'/><Cell N='NoShow' V='0'/><Cell N='NoSnap' V='0'/><Cell N='NoQuickDrag' V='0'/><Row T='RelMoveTo' IX='1'><Cell N='X' V='0'/><Cell N='Y' V='0'/></Row><Row T='RelLineTo' IX='2'><Cell N='X' V='1'/><Cell N='Y' V='0'/></Row><Row T='RelLineTo' IX='3'><Cell N='X' V='1'/><Cell N='Y' V='1'/></Row><Row T='RelLineTo' IX='4'><Cell N='X' V='0'/><Cell N='Y' V='1'/></Row><Row T='RelLineTo' IX='5'><Cell N='X' V='0'/><Cell N='Y' V='0'/></Row></Section><Text><cp IX='0'/><pp IX='0'/>Network Documentation Narrative:

<cp IX='1'/>This NetSec Architecture diagram serves as the central hub for all devices managed by the CSS NetSec team. This should be the first drawing you open when searching for a network flow or device information. The cloud icons on the drawing all serve as click-through links (holding CTRL+Click to navigate) which is a recursive theme on all other NetSec drawings. If you see a cloud icon, it will most likely be clickable into the next layer of drawings. 

Most shapes will contain Shape Data which contains all high-level information about the device. If the Shape Data window is not already open for you, right-click any shape and click “Data &gt; Shape Data” to view the data. Keep in mind this information is entered manually, so the details may be out-of-date if the drawing hasn’t been updated in awhile.

For this drawing, everything branches from the SDC DMZ which serves as the hub of all SDC connectivity for NetSec equipment. The NetSec architecture consists of the following:

 - A perimeter firewall that controls SDC DMZ traffic out to the internet
 - A collection of border firewalls that control agency traffic into and out of the SDC DMZ
 - Azure Express Route out to our Azure tenants
 - AWS Direct Connect out to our AWS tenant
 - The Bend RSI site cloud (linked drawing) which contains a similar architecture for the NetSec resiliency plan
 - The DNS firewall which protects public DNS traffic for served Oregon domains
 - A pair of EVPN devices that control site-to-site VPN connections from the SDC DMZ to agencies outside the realm of border firewalls
 - Several agencies that connect directly to the SDC DMZ via an agency-specific, NetSec-managed firewall
 - Management devices for several of the aforementioned firewalls
 - Load balancers attached to the border firewalls
 - Gigamon devices that span and mirror traffic for several other CSS teams (e.g. network inspection by SOC team via mirror port)<cp IX='2'/>

<cp IX='3'/>This drawing is meant to serve as the current NetSec architecture. Any drawings depicting future upgrade paths should be kept separate.<cp IX='4'/>

</Text></Shape><Shape ID='1003' Type='Shape' LineStyle='1' FillStyle='1' TextStyle='3'><Cell N='PinX' V='25.53124993294478'/><Cell N='PinY' V='17.4062500938307'/><Cell N='Width' V='15.86756562528095'/><Cell N='Height' V='25.18749981233859'/><Cell N='LocPinX' V='7.93378281264048' F='Width*0.5'/><Cell N='LocPinY' V='12.59374990616929' F='Height*0.5'/><Cell N='Angle' V='0'/><Cell N='FlipX' V='0'/><Cell N='FlipY' V='0'/><Cell N='ResizeMode' V='0'/><Cell N='EventDblClick' V='0' F='OPENTEXTWIN()'/><Cell N='LineColor' V='#16b0e3' F='THEMEGUARD(MSOTINT(THEMEVAL("AccentColor"),-25))'/><Cell N='LinePattern' V='1'/><Cell N='FillForegnd' V='#ffffff' F='THEMEGUARD(RGB(255,255,255))'/><Cell N='FillBkgnd' V='#ffffff' F='THEMEGUARD(SHADE(FillForegnd,LUMDIFF(THEMEVAL("FillColor"),THEMEVAL("FillColor2"))))'/><Cell N='FillPattern' V='1'/><Cell N='ShdwPattern' V='0' F='THEMEGUARD(0)'/><Cell N='LineGradientEnabled' V='0' F='THEMEGUARD(FALSE)'/><Cell N='FillGradientEnabled' V='0'/><Cell N='QuickStyleVariation' V='3'/><Cell N='VerticalAlign' V='0'/><Section N='Paragraph'><Row IX='0'><Cell N='HorzAlign' V='0'/></Row></Section><Section N='Character'><Row IX='0'><Cell N='Color' V='#000000' F='THEMEGUARD(THEMEVAL("Dark"))'/><Cell N='Style' V='17'/><Cell N='Size' V='0.25' U='PT'/></Row></Section><Section N='Geometry' IX='0'><Cell N='NoFill' V='0'/><Cell N='NoLine' V='0'/><Cell N='NoShow' V='0'/><Cell N='NoSnap' V='0'/><Cell N='NoQuickDrag' V='0'/><Row T='RelMoveTo' IX='1'><Cell N='X' V='0'/><Cell N='Y' V='0'/></Row><Row T='RelLineTo' IX='2'><Cell N='X' V='1'/><Cell N='Y' V='0'/></Row><Row T='RelLineTo' IX='3'><Cell N='X' V='1'/><Cell N='Y' V='1'/></Row><Row T='RelLineTo' IX='4'><Cell N='X' V='0'/><Cell N='Y' V='1'/></Row><Row T='RelLineTo' IX='5'><Cell N='X' V='0'/><Cell N='Y' V='0'/></Row></Section><Text><cp IX='0'/><pp IX='0'/>Network Documentation Narrative:
</Text></Shape><Shape ID='1004' Type='Shape' LineStyle='1' FillStyle='1' TextStyle='3' UniqueID='{5AB39B76-ADAF-464E-AF55-7DB0F20E89DD}'><Cell N='PinX' V='42.06621718735953'/><Cell N='PinY' V='17.4062500938307'/><Cell N='Width' V='15.86756562528095'/><Cell N='Height' V='25.18749981233859'/><Cell N='LocPinX' V='7.93378281264048' F='Width*0.5'/><Cell N='LocPinY' V='12.59374990616929' F='Height*0.5'/><Cell N='Angle' V='0'/><Cell N='FlipX' V='0'/><Cell N='FlipY' V='0'/><Cell N='ResizeMode' V='0'/><Cell N='EventDblClick' V='0' F='OPENTEXTWIN()'/><Cell N='LineColor' V='#16b0e3' F='THEMEGUARD(MSOTINT(THEMEVAL("AccentColor"),-25))'/><Cell N='LinePattern' V='1'/><Cell N='FillForegnd' V='#ffffff' F='THEMEGUARD(RGB(255,255,255))'/><Cell N='FillBkgnd' V='#ffffff' F='THEMEGUARD(SHADE(FillForegnd,LUMDIFF(THEMEVAL("FillColor"),THEMEVAL("FillColor2"))))'/><Cell N='FillPattern' V='1'/><Cell N='ShdwPattern' V='0' F='THEMEGUARD(0)'/><Cell N='LineGradientEnabled' V='0' F='THEMEGUARD(FALSE)'/><Cell N='FillGradientEnabled' V='0'/><Cell N='QuickStyleVariation' V='3'/><Cell N='VerticalAlign' V='0'/><Section N='Paragraph'><Row IX='0'><Cell N='HorzAlign' V='0'/></Row></Section><Section N='Character'><Row IX='0'><Cell N='Color' V='#000000' F='THEMEGUARD(THEMEVAL("Dark"))'/><Cell N='Style' V='17'/><Cell N='Size' V='0.25' U='PT'/></Row><Row IX='1'><Cell N='Font' V='Themed' F='THEMEVAL()'/><Cell N='Color' V='#000000' F='THEMEGUARD(THEMEVAL("Dark"))'/><Cell N='Style' V='0'/><Cell N='Case' V='0'/><Cell N='Pos' V='0'/><Cell N='FontScale' V='1'/><Cell N='Size' V='0.25' U='PT'/><Cell N='DblUnderline' V='0'/><Cell N='Overline' V='0'/><Cell N='Strikethru' V='0'/><Cell N='DoubleStrikethrough' V='0'/><Cell N='Letterspace' V='0'/><Cell N='ColorTrans' V='0'/><Cell N='AsianFont' V='Themed' F='THEMEVAL()'/><Cell N='ComplexScriptFont' V='Themed' F='THEMEVAL()'/><Cell N='ComplexScriptSize' V='-1'/><Cell N='LangID' V='en-US'/></Row><Row IX='2'><Cell N='Font' V='Themed' F='THEMEVAL()'/><Cell N='Color' V='#000000' F='THEMEGUARD(THEMEVAL("Dark"))'/><Cell N='Style' V='17'/><Cell N='Case' V='0'/><Cell N='Pos' V='0'/><Cell N='FontScale' V='1'/><Cell N='Size' V='0.25' U='PT'/><Cell N='DblUnderline' V='0'/><Cell N='Overline' V='0'/><Cell N='Strikethru' V='0'/><Cell N='DoubleStrikethrough' V='0'/><Cell N='Letterspace' V='0'/><Cell N='ColorTrans' V='0'/><Cell N='AsianFont' V='Themed' F='THEMEVAL()'/><Cell N='ComplexScriptFont' V='Themed' F='THEMEVAL()'/><Cell N='ComplexScriptSize' V='-1'/><Cell N='LangID' V='en-US'/></Row></Section><Section N='Geometry' IX='0'><Cell N='NoFill' V='0'/><Cell N='NoLine' V='0'/><Cell N='NoShow' V='0'/><Cell N='NoSnap' V='0'/><Cell N='NoQuickDrag' V='0'/><Row T='RelMoveTo' IX='1'><Cell N='X' V='0'/><Cell N='Y' V='0'/></Row><Row T='RelLineTo' IX='2'><Cell N='X' V='1'/><Cell N='Y' V='0'/></Row><Row T='RelLineTo' IX='3'><Cell N='X' V='1'/><Cell N='Y' V='1'/></Row><Row T='RelLineTo' IX='4'><Cell N='X' V='0'/><Cell N='Y' V='1'/></Row><Row T='RelLineTo' IX='5'><Cell N='X' V='0'/><Cell N='Y' V='0'/></Row></Section><Text><cp IX='0'/><pp IX='0'/>Detail Network Documentation Links:

<cp IX='1'/>All drawings conforming to the new documentation standard for NetSec are kept here: \\Wpdasclr05a\oscio\ESO\Systems\Drawings - New Standard\<cp IX='2'/>
</Text></Shape></Shapes></PageContents>